Product Name,Product Link,Shop Name,Shop Link,Price,Est. Sales,Est. Revenue,Growth Rate,Est. Total Sales,Total Reviews,Listing Age,Total Favorites,Avg. Reviews,Total Views,Category,Shop Age,Visibility Score,Conversion Rate,Total Shop Sales,Tags,Tag 1,Tag 2,Tag 3,Tag 4,Tag 5,Tag 6,Tag 7,Tag 8,Tag 9,Tag 10,Tag 11,Tag 12,Tag 13
"Plaid Patchwork Faux Fur Throw Blanket, Cozy Farmhouse Plush Couch Throw (60&quot; x 70&quot;), Rustic Home Decor Gift",https://www.etsy.com/listing/1399122524/handmade-plaid-patchwork-faux-fur-throw,EtiwandaSoftDesigns,https://www.etsy.com/shop/EtiwandaSoftDesigns,59.99,17,1020,0,810,195,39 Mo.,2976,5,70739,Home & Living,44,100,1.15,5494,"gifts for her,patchwork blanket,farmhouse blanket,plaid throw blanket,plush throw blanket,cozy couch blanket,rustic farmhouse,living room decor,housewarming gift,cozy home decor,cabin blanket,soft throw blanket,faux fur blanket",gifts for her,patchwork blanket,farmhouse blanket,plaid throw blanket,plush throw blanket,cozy couch blanket,rustic farmhouse,living room decor,housewarming gift,cozy home decor,cabin blanket,soft throw blanket,faux fur blanket
"Cherry Blossom Branch Woven Throw Blanket | Floral Throw, Boho Home Decor | Rustic Farmhouse",https://www.etsy.com/listing/4469146286/cherry-blossom-branch-woven-throw,WillowandWeaveGoods,https://www.etsy.com/shop/WillowandWeaveGoods,58.43,9,526,0,4,1,3 Mo.,110,0,1213,Home & Living,5,96,0.33,9,"woven blanket,floral blanket,vintage throw,boho blanket,bedroom throw,living room,gift for her,soft blanket,spring decor,bridal shower,rustic farmhouse,rustic decor,gift for women",woven blanket,floral blanket,vintage throw,boho blanket,bedroom throw,living room,gift for her,soft blanket,spring decor,bridal shower,rustic farmhouse,rustic decor,gift for women
Highland Cow Blanket Woven Cotton Rustic Throw Cozy Bed Blanket Living Room Soft Farmhouse Decor Housewarming Gift,https://www.etsy.com/listing/4428864500/highland-cow-blanket-woven-cotton-rustic,WildflowerMaggie,https://www.etsy.com/shop/WildflowerMaggie,52.00,5,260,100,6,1,5 Mo.,1,0,38,Home & Living,9,0,15.79,25,"cow woven blanket,woven throw,farmhouse decor,housewarming gift,bedroom blanket,living room throw,rustic blanket,cow decor,soft woven throw,gift for her,highland cow blanket,highland cow throw,rustic throw blanket",cow woven blanket,woven throw,farmhouse decor,housewarming gift,bedroom blanket,living room throw,rustic blanket,cow decor,soft woven throw,gift for her,highland cow blanket,highland cow throw,rustic throw blanket
Southwestern Woven Throw Blanket Rustic Geometric Cotton Sofa Textile for Western Boho Living Room Decor,https://www.etsy.com/listing/4366227024/boho-cotton-throw-blanket-southwestern,TimelessBohoChic,https://www.etsy.com/shop/TimelessBohoChic,39.00,3,117,0,9,3,8 Mo.,61,0,1293,Home & Living,37,48,0.7,2146,"southwestern throw,rustic blanket,geometric cotton,western textile,sofa layer,boho living room,diamond pattern,woven cotton throw,cabin accent,couch styling,warm home decor,desert color throw,desert woven look",southwestern throw,rustic blanket,geometric cotton,western textile,sofa layer,boho living room,diamond pattern,woven cotton throw,cabin accent,couch styling,warm home decor,desert color throw,desert woven look
Kentucky Derby Horse Racing Jockeys Woven Blanket | Equestrian Track Scene Throw,https://www.etsy.com/listing/4440328364/kentucky-derby-horse-racing-jockeys,SapperDesignGroup,https://www.etsy.com/shop/SapperDesignGroup,72.78,1,97,0,1,0,4 Mo.,2,0,64,Home & Living,6,0,1.56,53,"woven blanket,horse blanket,race day decor,equestrian decor,barn house cozy,rustic throw,sports fan gift,living room throw,gift for him,gift for her,stadium vibes,country home,derby party",woven blanket,horse blanket,race day decor,equestrian decor,barn house cozy,rustic throw,sports fan gift,living room throw,gift for him,gift for her,stadium vibes,country home,derby party
"Sunflower Woven Blanket – Rustic Boho Floral Throw Blanket, Vintage Botanical Tapestry, Yellow Sunflowers Home Decor, blues, yellows, greens",https://www.etsy.com/listing/4389034096/sunflower-woven-blanket-rustic-boho,MulberryCircle,https://www.etsy.com/shop/MulberryCircle,78.80,0,0,0,0,0,2 Mo.,0,0,0,Home & Living,65,0,0.0,91,"cozy home decor,gift for her,wall art blanket,living room decor,gift for mom,birthday gift idea,artistic woven throw,cozy relaxing space,luxury comfy throw,rustic sunflowers,vintage tapestry,botanical throw,autumn vibes",cozy home decor,gift for her,wall art blanket,living room decor,gift for mom,birthday gift idea,artistic woven throw,cozy relaxing space,luxury comfy throw,rustic sunflowers,vintage tapestry,botanical throw,autumn vibes
Vintage Dog Tapestry Woven Blanket | Rustic Boho Pet Pattern,https://www.etsy.com/listing/4405321120/vintage-dog-tapestry-woven-blanket,MiraVault,https://www.etsy.com/shop/MiraVault,40.14,0,0,0,0,0,1 Mo.,0,0,4,Home & Living,9,0,0.0,0,"woven blanket,dog blanket,boho throw,pet lover gift,vintage rug look,cozy home decor,living room throw,bohemian blanket,throw for couch,rustic blanket,housewarming gift,gift for dog mom,earth tone decor",woven blanket,dog blanket,boho throw,pet lover gift,vintage rug look,cozy home decor,living room throw,bohemian blanket,throw for couch,rustic blanket,housewarming gift,gift for dog mom,earth tone decor
Running Appaloosa Horse Woven Blanket | Southwestern Horse Tapestry Throw,https://www.etsy.com/listing/4492630438/running-appaloosa-horse-woven-blanket,DovetailContent,https://www.etsy.com/shop/DovetailContent,68.95,0,0,0,0,0,1 Mo.,0,0,0,Home & Living,11,0,0.0,34,"woven blanket,horse blanket,western decor,rustic throw,equestrian gift,cowboy decor,farmhouse throw,animal tapestry,gift for her,gift for him,living room art,boho blanket,country home",woven blanket,horse blanket,western decor,rustic throw,equestrian gift,cowboy decor,farmhouse throw,animal tapestry,gift for her,gift for him,living room art,boho blanket,country home
blanket Vintage Label Collage Woven Blanket | Retro Patchwork Travel Decal Throw,https://www.etsy.com/listing/4454451198/blanket-vintage-label-collage-woven,HADELLO,https://www.etsy.com/shop/HADELLO,199.98,0,0,0,0,0,3 Mo.,0,0,0,Home & Living,4,0,0.0,0,"woven blanket,vintage patchwork,cozy throw,home decor,library blanket,reading nook,gift for him,gift for her,housewarming,rustic decor,cottagecore vibe,living room,bedroom throw",woven blanket,vintage patchwork,cozy throw,home decor,library blanket,reading nook,gift for him,gift for her,housewarming,rustic decor,cottagecore vibe,living room,bedroom throw
"Vintage Floral Woven Blanket | Tapestry Throw, Cottagecore Floral Pattern",https://www.etsy.com/listing/4441228072/vintage-floral-woven-blanket-tapestry,PixelThreadByAmmad,https://www.etsy.com/shop/PixelThreadByAmmad,99.00,0,0,0,0,0,4 Mo.,6,0,85,Home & Living,5,0,0.0,4,"woven blanket,floral throw,vintage throw,boho blanket,cozy living,cottagecore decor,bedroom throw,living room rug,soft home gift,rustic blanket,neutral decor,accent blanket,throw for couch",woven blanket,floral throw,vintage throw,boho blanket,cozy living,cottagecore decor,bedroom throw,living room rug,soft home gift,rustic blanket,neutral decor,accent blanket,throw for couch
Floral Bouquet Blanket Farmhouse Style Decor Home Decor Cozy Blanket Floral Throw Blanket Gift for Her Housewarming Gift for Everyone,https://www.etsy.com/listing/1812791130/floral-bouquet-blanket-farmhouse-style,MissHazelPrintCo,https://www.etsy.com/shop/MissHazelPrintCo,25.24,0,0,0,0,0,4 Mo.,0,0,0,Home & Living,7,0,0.0,6,"floral bouquet,farmhouse decor,velveteen blanket,plush throw blanket,cozy home,gift for her,housewarming gift,living room decor,velveteen throw,spring home decor,rustic blanket,warm and cozy,country chic",floral bouquet,farmhouse decor,velveteen blanket,plush throw blanket,cozy home,gift for her,housewarming gift,living room decor,velveteen throw,spring home decor,rustic blanket,warm and cozy,country chic
Abstract Striped Landscape Woven Blanket | Multicolor Fringe Throw,https://www.etsy.com/listing/4478240358/abstract-striped-landscape-woven-blanket,DesignsByMoC,https://www.etsy.com/shop/DesignsByMoC,58.99,0,0,0,0,0,2 Mo.,1,0,4,Home & Living,4,0,0.0,0,"woven blanket,boho throw,cozy blanket,living room,colorful throw,textile art,bedroom decor,bohemian decor,rustic blanket,gift for mom,housewarming,earthy tones,striped blanket",woven blanket,boho throw,cozy blanket,living room,colorful throw,textile art,bedroom decor,bohemian decor,rustic blanket,gift for mom,housewarming,earthy tones,striped blanket
Vintage Cowboy Western Wild Horses Desert Scene Woven Blanket | Southwestern Nevada Landscape Throw,https://www.etsy.com/listing/4426815201/vintage-cowboy-western-wild-horses,CountryHerbalist,https://www.etsy.com/shop/CountryHerbalist,101.82,0,0,0,0,0,5 Mo.,8,0,131,Home & Living,28,0,0.0,76,"woven blanket,desert blanket,horse blanket,southwest decor,western throw,boho woven,rustic throw,gift for her,cozy home,living room,bedroom decor,housewarming,farmhouse",woven blanket,desert blanket,horse blanket,southwest decor,western throw,boho woven,rustic throw,gift for her,cozy home,living room,bedroom decor,housewarming,farmhouse
"Personalized Family Name Woven Blanket | Gingham Monogram Throw Woven Blanket, Family gift for birthday mothers day fathers day",https://www.etsy.com/listing/4424023062/personalized-family-name-woven-blanket,BloomingBeesCo,https://www.etsy.com/shop/BloomingBeesCo,63.99,0,0,0,6,1,5 Mo.,0,0,97,Home & Living,36,0,6.19,2132,"woven blanket,cozy throw,rustic decor,farmhouse throw,plaid blanket,neutral blanket,fringe throw,living room,bedroom throw,gift for her,housewarming,fall decor,winter blanket",woven blanket,cozy throw,rustic decor,farmhouse throw,plaid blanket,neutral blanket,fringe throw,living room,bedroom throw,gift for her,housewarming,fall decor,winter blanket
Crooked Road Clay Target Team Velveteen Plush Blanket,https://www.etsy.com/listing/1810133056/crooked-road-clay-target-team-velveteen,ByGraceCreates,https://www.etsy.com/shop/ByGraceCreates,50.00,0,0,0,0,0,2 Mo.,0,0,3,Home & Living,9,0,0.0,0,"velveteen blanket,plush throw,country decor,shotgun theme,clay target design,hunting gift,outdoor enthusiast,cozy home decor,rustic living room,cabin blanket,gift for hunter,farmhouse bedroom,shooting sports",velveteen blanket,plush throw,country decor,shotgun theme,clay target design,hunting gift,outdoor enthusiast,cozy home decor,rustic living room,cabin blanket,gift for hunter,farmhouse bedroom,shooting sports
"Scotland Forever Plaid Throw, Scottish Tartan Fleece Blanket, Cozy Home Decor",https://www.etsy.com/listing/1477456444/scotland-forever-plaid-throw-scottish,ScottishCottageShop,https://www.etsy.com/shop/ScottishCottageShop,49.00,0,0,0,0,0,36 Mo.,3,0,79,Home & Living,60,0,0.0,914,"tartan plaid,scotland forever,plaid blanket,minky fleece blanket,fleece throw,cozy home decor,lake house decor,scotland gift,rustic farmhouse,gift for girl,living room decor,bedroom decor,cottagecore",tartan plaid,scotland forever,plaid blanket,minky fleece blanket,fleece throw,cozy home decor,lake house decor,scotland gift,rustic farmhouse,gift for girl,living room decor,bedroom decor,cottagecore
"Scotland Forever Fleece Throw, Plaid Minky Blanket, Tartan Cozy Home Decor",https://www.etsy.com/listing/1509552995/scotland-forever-fleece-throw-plaid,ScottishCottageShop,https://www.etsy.com/shop/ScottishCottageShop,49.00,0,0,0,8,2,35 Mo.,8,0,243,Home & Living,60,0,3.29,914,"scotland forever,cottagecore decor,rustic plaid decor,aesthetic decor,living room decor,bedroom decor,gift for girl,girls room decor,minky blanket,fleece blanket,tartan blanket,cozy throw blanket,kids room decor",scotland forever,cottagecore decor,rustic plaid decor,aesthetic decor,living room decor,bedroom decor,gift for girl,girls room decor,minky blanket,fleece blanket,tartan blanket,cozy throw blanket,kids room decor
"Black Lab in Garden Woven Blanket, Tapestry Throw, Fathers Day Gift, Pet Family Traditions, Labrador Retriever Lover Present",https://www.etsy.com/listing/4453623936/black-lab-in-garden-woven-blanket,YourHearthAndHome,https://www.etsy.com/shop/YourHearthAndHome,69.95,0,0,0,3,1,3 Mo.,1,0,14,Home & Living,7,0,21.43,50,"woven blanket,throw blanket,cozy throw,farmhouse decor,dog blanket,rustic throw,vintage blanket,country home,living room decor,black lab family,gift for dad,present for lab love,fathers day gift",woven blanket,throw blanket,cozy throw,farmhouse decor,dog blanket,rustic throw,vintage blanket,country home,living room decor,black lab family,gift for dad,present for lab love,fathers day gift
"Vintage Damask Woven Blanket | Boho Floral Throw, Neutral Blue Ivory",https://www.etsy.com/listing/4487782785/vintage-damask-woven-blanket-boho-floral,TheAccessoryCanvas,https://www.etsy.com/shop/TheAccessoryCanvas,41.74,0,0,0,0,0,1 Mo.,0,0,6,Home & Living,4,0,0.0,6,"woven blanket,boho throw,neutral decor,rustic throw,living room,cozy blanket,farmhouse decor,textured throw,vintage style,bedroom throw,gift for her,housewarming,patio blanket",woven blanket,boho throw,neutral decor,rustic throw,living room,cozy blanket,farmhouse decor,textured throw,vintage style,bedroom throw,gift for her,housewarming,patio blanket
"Yeehaw Plush Blanket, Cozy Western Throw, Great for Home Decor, Camping, Gift for Cowgirls, Rustic Style Blanket",https://www.etsy.com/listing/4356785153/yeehaw-plush-blanket-cozy-western-throw,PNWVibesDesignsByAmy,https://www.etsy.com/shop/PNWVibesDesignsByAmy,25.99,0,0,0,0,0,7 Mo.,0,0,1,Home & Living,8,0,0.0,7,"cozy blanket,plush throw,home decor,western style,gift for her,cowboy decor,warm and soft,snuggle blanket,bedroom accessories,living room,rustic charm,fall decor,holiday gift",cozy blanket,plush throw,home decor,western style,gift for her,cowboy decor,warm and soft,snuggle blanket,bedroom accessories,living room,rustic charm,fall decor,holiday gift
100% Pure Wool Tartan Throw Blanket Brown & Beige,https://www.etsy.com/listing/4420245871/100-pure-wool-tartan-throw-blanket-brown,NativaFiber,https://www.etsy.com/shop/NativaFiber,94.52,0,0,0,0,0,4 Mo.,4,0,120,Home & Living,12,0,0.0,76,"couch throw blanket,housewarming gift,living room decor,brown tartan blanket,tartan throw,brown beige plaid,plaid wool throw,sofa blanket,couch throw,rustic decor,gift for him,gift for her,cozy home",couch throw blanket,housewarming gift,living room decor,brown tartan blanket,tartan throw,brown beige plaid,plaid wool throw,sofa blanket,couch throw,rustic decor,gift for him,gift for her,cozy home
"Sheep Animals Lovers Woven Blanket - Cozy Home Decor, Farmhouse Throw, Animal Print Bedding, Unique Gift for Her, Rustic Living Room Accent",https://www.etsy.com/listing/1847724801/sheep-animals-lovers-woven-blanket-cozy,VMiaDesigns,https://www.etsy.com/shop/VMiaDesigns,71.99,0,0,0,1,2,9 Mo.,54,0,589,Home & Living,22,30,0.17,43,"sheep animals,woven throws,animal lovers gift,farmhouse decor,unique gift idea,warm and soft,rustic home decor,farm animal print,cuddle up blanket,christmas gift,sheep lovers gift,sheep woven,cute woven blanket",sheep animals,woven throws,animal lovers gift,farmhouse decor,unique gift idea,warm and soft,rustic home decor,farm animal print,cuddle up blanket,christmas gift,sheep lovers gift,sheep woven,cute woven blanket
"Nature&#39;s Child Woven Blanket | Mountain Graphic, Earthy Outdoors Throw",https://www.etsy.com/listing/4499225333/natures-child-woven-blanket-mountain,EssentialExspression,https://www.etsy.com/shop/EssentialExspression,56.99,0,0,0,0,0,1 Mo.,0,0,0,Home & Living,29,0,0.0,63,"woven blanket,nature blanket,outdoor throw,camping blanket,boho decor,mountain blanket,eco home,cozy throw,gift for hikers,nature lover,camp blanket,living room throw,rustic decor",woven blanket,nature blanket,outdoor throw,camping blanket,boho decor,mountain blanket,eco home,cozy throw,gift for hikers,nature lover,camp blanket,living room throw,rustic decor
Desert Village Cotton Woven Blanket | Southwestern Pueblo Landscape Throw | New Mexico Heirloom Quality Keepsake Tapestry,https://www.etsy.com/listing/4499258213/desert-village-cotton-woven-blanket,KeepsakeCoordinates,https://www.etsy.com/shop/KeepsakeCoordinates,53.99,0,0,0,0,0,1 Mo.,0,0,0,Home & Living,8,0,0.0,100,"boho woven,southwest decor,cozy throw,sunset blanket,art tapestry,housewarming gift,living room throw,rustic home,travel blanket,gift for her,desert village,cotton woven blanket,boho bedroom",boho woven,southwest decor,cozy throw,sunset blanket,art tapestry,housewarming gift,living room throw,rustic home,travel blanket,gift for her,desert village,cotton woven blanket,boho bedroom
Personalized Woven Blanket Custom Initial animal print Throw Neutral Home Decor Monogram Gift for Her Housewarming Gift,https://www.etsy.com/listing/4460556636/personalized-woven-blanket-custom,Cozyloomblanket,https://www.etsy.com/shop/Cozyloomblanket,79.95,0,0,0,0,0,3 Mo.,0,0,0,Home & Living,8,0,0.0,8,"woven blanket,custom blanket,personalized throw,tapestry blanket,plaid blanket,rustic decor,custom woven gift,heirloom blanket,gift for parents,housewarming gift,throw blanket couch,monogram gift,living room decor",woven blanket,custom blanket,personalized throw,tapestry blanket,plaid blanket,rustic decor,custom woven gift,heirloom blanket,gift for parents,housewarming gift,throw blanket couch,monogram gift,living room decor
Dreamy Deer Illustration Woven Blanket | Woodland Antler Tapestry Throw,https://www.etsy.com/listing/4452952131/dreamy-deer-illustration-woven-blanket,LACprints,https://www.etsy.com/shop/LACprints,79.47,0,0,0,0,0,3 Mo.,0,0,0,Home & Living,53,0,0.0,546,"woven blanket,boho throw,art blanket,cozy home decor,animal blanket,deer throw,woodland decor,living room throw,bohemian blanket,nature tapestry,gift for her,rustic decor,autumn blanket",woven blanket,boho throw,art blanket,cozy home decor,animal blanket,deer throw,woodland decor,living room throw,bohemian blanket,nature tapestry,gift for her,rustic decor,autumn blanket
"Modern Southwest Woven Blanket, Mesa Color Tapestry Throw & Wall Art, Rustic Cowboy Decor for bedding and living room, Arizona Style Gift",https://www.etsy.com/listing/4322676593/modern-southwest-woven-blanket-mesa,MinimalistMakery,https://www.etsy.com/shop/MinimalistMakery,129.98,0,0,0,0,0,11 Mo.,1,0,28,Home & Living,24,0,0.0,162,"bohemian blanket,southwest bedspread,arizona decor,adobe style,woven tapestry,tapestry blanket,earth tone desert,southwest gift,cactus decor,desert cactus decor,western home decor,earthy desert style,southwestern decor",bohemian blanket,southwest bedspread,arizona decor,adobe style,woven tapestry,tapestry blanket,earth tone desert,southwest gift,cactus decor,desert cactus decor,western home decor,earthy desert style,southwestern decor
Striped Woven Cotton Blanket | Vintage Rainbow Throw | Boho Tapestry Decor,https://www.etsy.com/listing/4411648097/striped-woven-cotton-blanket-vintage,TheDesignPioneer,https://www.etsy.com/shop/TheDesignPioneer,68.50,0,0,0,0,0,6 Mo.,1,0,21,Home & Living,30,0,0.0,13,"textured throw,vintage style,earth tone throw,bedroom throw,gift for mom,housewarming,fall decor,boho blanket,rustic decor,cozy throw,living room,woven blanket,striped throw",textured throw,vintage style,earth tone throw,bedroom throw,gift for mom,housewarming,fall decor,boho blanket,rustic decor,cozy throw,living room,woven blanket,striped throw
"American Flag Woven Cotton Blanket - 100% Cotton Patriotic Meadow Throw, Cozy Farmhouse Decor",https://www.etsy.com/listing/4413539787/american-flag-woven-cotton-blanket-100,WovelyArt,https://www.etsy.com/shop/WovelyArt,58.01,0,0,0,0,0,6 Mo.,0,0,0,Home & Living,6,0,0.0,12,"woven blanket,cotton throw,100 percent cotton,american flag,patriotic throw,meadow tapestry,wildflower art,farmhouse decor,living room decor,housewarming gift,gift for dad,cozy cottage,rustic aesthetic",woven blanket,cotton throw,100 percent cotton,american flag,patriotic throw,meadow tapestry,wildflower art,farmhouse decor,living room decor,housewarming gift,gift for dad,cozy cottage,rustic aesthetic
"Cow Woven Wall Tapestry Blanket - 100% Cotton Throw, Cozy Boho Sofa & Decor",https://www.etsy.com/listing/4409291444/cow-woven-wall-tapestry-blanket-100,WovelyArt,https://www.etsy.com/shop/WovelyArt,47.65,0,0,0,0,0,6 Mo.,0,0,3,Home & Living,6,0,0.0,12,"woven blanket,cotton throw,tapestry blanket,cow and calf,farmhouse decor,cabin decor,living room throw,wall tapestry,housewarming gift,gift for mom,cozy farmhouse,rustic decor,cottagecore",woven blanket,cotton throw,tapestry blanket,cow and calf,farmhouse decor,cabin decor,living room throw,wall tapestry,housewarming gift,gift for mom,cozy farmhouse,rustic decor,cottagecore
Cow Woven Cotton Tapestry Blanket - 100% Cotton Cozy Tapestry Throw for Boho Living Room & Beach House Decor,https://www.etsy.com/listing/4409297132/cow-woven-cotton-tapestry-blanket-100,WovelyArt,https://www.etsy.com/shop/WovelyArt,47.65,0,0,0,0,0,6 Mo.,0,0,7,Home & Living,6,0,0.0,12,"woven blanket,cotton throw,tapestry blanket,cow and calf,farmhouse decor,cabin decor,living room throw,wall tapestry,housewarming gift,gift for mom,cozy farmhouse,rustic decor,cottagecore",woven blanket,cotton throw,tapestry blanket,cow and calf,farmhouse decor,cabin decor,living room throw,wall tapestry,housewarming gift,gift for mom,cozy farmhouse,rustic decor,cottagecore
"Cow & Calf Woven Cotton Blanket - 100% Cotton Rustic Farmhouse Tapestry Throw, Cozy Cabin Decor",https://www.etsy.com/listing/4409301473/cow-calf-woven-cotton-blanket-100-cotton,WovelyArt,https://www.etsy.com/shop/WovelyArt,47.65,0,0,0,0,0,6 Mo.,0,0,5,Home & Living,6,0,0.0,12,"woven blanket,cotton throw,tapestry blanket,farmhouse decor,rustic cabin,barnyard decor,living room throw,gift for mom,housewarming gift,cozy cottage,nature inspired,cotton blanket,jacquard weave",woven blanket,cotton throw,tapestry blanket,farmhouse decor,rustic cabin,barnyard decor,living room throw,gift for mom,housewarming gift,cozy cottage,nature inspired,cotton blanket,jacquard weave
"Watercolor Pig Woven Blanket - 100% Cotton Throw, Cozy Farmhouse Rustic Tapestry Decor",https://www.etsy.com/listing/4405967128/watercolor-pig-woven-blanket-100-cotton,WovelyArt,https://www.etsy.com/shop/WovelyArt,47.65,0,0,0,0,0,6 Mo.,1,0,6,Home & Living,6,0,0.0,12,"woven blanket,cotton throw,tapestry blanket,watercolor pig,farmhouse decor,rustic tapestry,living room throw,wall tapestry,housewarming gift,gift for mom,cozy home decor,cottagecore style,farm animal art",woven blanket,cotton throw,tapestry blanket,watercolor pig,farmhouse decor,rustic tapestry,living room throw,wall tapestry,housewarming gift,gift for mom,cozy home decor,cottagecore style,farm animal art
"Hippo Blanket - 100% Cotton Tapestry Throw, Cozy Animal Decor for Cabin & Living Room",https://www.etsy.com/listing/4409290196/hippo-blanket-100-cotton-tapestry-throw,WovelyArt,https://www.etsy.com/shop/WovelyArt,47.65,0,0,0,0,0,6 Mo.,0,0,4,Home & Living,6,0,0.0,12,"woven blanket,cotton throw,tapestry throw,living room throw,cabin decor,wildlife decor,animal tapestry,woodland art,housewarming gift,gift for dad,cozy decor,rustic lodge,hippo blanket",woven blanket,cotton throw,tapestry throw,living room throw,cabin decor,wildlife decor,animal tapestry,woodland art,housewarming gift,gift for dad,cozy decor,rustic lodge,hippo blanket
"Nordic knitted throw blanket, farmhouse style cozy sofa cover with tassels",https://www.etsy.com/listing/4487289717/nordic-knitted-throw-blanket-farmhouse,CuddleLoopCrochet,https://www.etsy.com/shop/CuddleLoopCrochet,90.75,0,0,0,0,0,1 Mo.,1,0,9,Home & Living,8,0,0.0,42,"farmhouse decor,rustic bedspread,sofa throw,scandinavian blanket,gift for her,hygge style blanket,boho living room,textured bed cover,year-round blanket,knitted blanket,cozy accessories,gift housewarming,handmade throw",farmhouse decor,rustic bedspread,sofa throw,scandinavian blanket,gift for her,hygge style blanket,boho living room,textured bed cover,year-round blanket,knitted blanket,cozy accessories,gift housewarming,handmade throw
"Cozy Woven Blanket: Just Living My Best Life, Ride Free, Motorcycle Decor, Gift for Bikers, Home Warmth, Adventure Theme",https://www.etsy.com/listing/4344788932/cozy-woven-blanket-just-living-my-best,Adventuresum,https://www.etsy.com/shop/Adventuresum,54.78,0,0,0,0,0,9 Mo.,0,0,7,Home & Living,13,0,0.0,4,"woven blanket,cozy home decor,gift for biker,relaxing throw,warm bedspread,home picnic blanket,rustic living room,comfortable home,personalized gift,road trip blanket,gift for him,motorcycle,biker",woven blanket,cozy home decor,gift for biker,relaxing throw,warm bedspread,home picnic blanket,rustic living room,comfortable home,personalized gift,road trip blanket,gift for him,motorcycle,biker
Rearing Black Horse Woven Blanket | Celtic Stallion Tapestry Throw,https://www.etsy.com/listing/4461413063/rearing-black-horse-woven-blanket-celtic,lunessa1,https://www.etsy.com/shop/lunessa1,56.99,0,0,0,0,0,3 Mo.,0,0,10,Home & Living,3,0,0.0,0,"woven blanket,horse blanket,equestrian throw,boho woven,rustic home,farmhouse decor,gift for her,gift for him,living room throw,cozy decor,western blanket,animal decor,stallion decor",woven blanket,horse blanket,equestrian throw,boho woven,rustic home,farmhouse decor,gift for her,gift for him,living room throw,cozy decor,western blanket,animal decor,stallion decor
"Sheep Silhouette Need Sheep? Woven Blanket, Settlers of Catan Throw",https://www.etsy.com/listing/4463573392/sheep-silhouette-need-sheep-woven,WovenWhimsys,https://www.etsy.com/shop/WovenWhimsys,91.61,0,0,0,0,0,3 Mo.,0,0,3,Home & Living,70,0,0.0,7,"woven blanket,sheep blanket,cozy throw,farmhouse decor,animal throw,rustic home,living room throw,gift for her,housewarming gift,cottagecore,catan,meme,settlers of catan",woven blanket,sheep blanket,cozy throw,farmhouse decor,animal throw,rustic home,living room throw,gift for her,housewarming gift,cottagecore,catan,meme,settlers of catan
Persian Woven Blanket Wall Hanging Tapestry Persian Geometric Islamic Design Traditional Beige Neutral Home Decor Modern Living Room Bedroom,https://www.etsy.com/listing/4308358806/persian-woven-blanket-wall-hanging,NuancedComfort,https://www.etsy.com/shop/NuancedComfort,99.00,0,0,0,0,0,12 Mo.,0,0,18,Home & Living,20,0,0.0,276,"cozy home decor,bohemian blanket,modern woven blanket,gift for her,home warmth gift,living room decor,minimalist design,rustic woven throw,eco friendly blanket,geometric blanket,neutral blanket,persian blanket",cozy home decor,bohemian blanket,modern woven blanket,gift for her,home warmth gift,living room decor,minimalist design,rustic woven throw,eco friendly blanket,geometric blanket,neutral blanket,persian blanket,--
Rustic Wool Throw Blanket Queen Warm Bed Sofa Coverlet Decorative Plaid For Living Room Scandinavian Mid century blanket weighted bed scarf,https://www.etsy.com/listing/1742757120/rustic-wool-throw-blanket-queen-warm-bed,WoolLoveCrafts,https://www.etsy.com/shop/WoolLoveCrafts,72.99,0,0,0,3,1,22 Mo.,185,0,2310,Home & Living,78,36,0.13,3324,"swedish wool blanket,hand woven blanket,moroccan throws,contemporary blanket,modern blanket full,accent blanket twin,large heavy blanket,outdoor blanket king,rustic woolen quilt,fluffy blanket wool,ikea blanket boho,luxury wool blanket,wool bed cover",swedish wool blanket,hand woven blanket,moroccan throws,contemporary blanket,modern blanket full,accent blanket twin,large heavy blanket,outdoor blanket king,rustic woolen quilt,fluffy blanket wool,ikea blanket boho,luxury wool blanket,wool bed cover
"Farmhouse Throw Quilt, Home Decor, Throw Blanket, Minky Blanket Adult, Gifts for Her, Pastel Beige, Rustic Home Decor, Living Room Decor",https://www.etsy.com/listing/574752622/farmhouse-throw-quilt-home-decor-throw,KBlandfordDesigns,https://www.etsy.com/shop/KBlandfordDesigns,399.00,0,0,0,7,3,100 Mo.,147,0,4383,Home & Living,188,0,0.16,7439,"farmhouse throw,throw quilt,home decor,throw blanket,minky blanket adult,gifts for her,pastel beige,rustic home decor,living room decor,tan beige floral,pink pastel flowers,soft throw for couch,unique modern quilt",farmhouse throw,throw quilt,home decor,throw blanket,minky blanket adult,gifts for her,pastel beige,rustic home decor,living room decor,tan beige floral,pink pastel flowers,soft throw for couch,unique modern quilt
Southwest Geometric Horse Woven Blanket | Native Pattern Throw,https://www.etsy.com/listing/4471157398/southwest-geometric-horse-woven-blanket,Shamomento,https://www.etsy.com/shop/Shamomento,48.85,0,0,0,0,0,2 Mo.,0,0,6,Home & Living,3,0,0.0,0,"woven blanket,horse blanket,southwest decor,boho blanket,bohemian throw,western throw,rustic decor,equine gift,farmhouse throw,living room rug,cozy throw,gift for her,gift for him",woven blanket,horse blanket,southwest decor,boho blanket,bohemian throw,western throw,rustic decor,equine gift,farmhouse throw,living room rug,cozy throw,gift for her,gift for him
Spring Countryside Castle Tapestry Woven Blanket | Scenic River Valley Throw,https://www.etsy.com/listing/4475936995/spring-countryside-castle-tapestry-woven,WhisperloomCrafts,https://www.etsy.com/shop/WhisperloomCrafts,69.95,0,0,0,0,0,2 Mo.,0,0,10,Home & Living,2,0,0.0,2,"woven blanket,decorative throw,vintage tapestry,cozy home,cottagecore decor,living room art,rustic blanket,bedroom throw,scenic blanket,country cottage,gift for her,housewarming gift,spring decor",woven blanket,decorative throw,vintage tapestry,cozy home,cottagecore decor,living room art,rustic blanket,bedroom throw,scenic blanket,country cottage,gift for her,housewarming gift,spring decor
"Red Navy Plaid Woven Blanket | Rustic Tartan Throw, Cozy Cabin Decor",https://www.etsy.com/listing/4436714523/red-navy-plaid-woven-blanket-rustic,RadiantNestBoutique,https://www.etsy.com/shop/RadiantNestBoutique,48.12,0,0,0,0,0,4 Mo.,1,0,52,Home & Living,28,0,0.0,183,"woven blanket,plaid throw,cozy blanket,tartan decor,rustic throw,living room,cabin blanket,fall decor,winter cozy,gift for him,housewarming,snuggle blanket,bedroom decor",woven blanket,plaid throw,cozy blanket,tartan decor,rustic throw,living room,cabin blanket,fall decor,winter cozy,gift for him,housewarming,snuggle blanket,bedroom decor
"Highland Cow Woven Tapestry Throw Blanket, Cow Steer Lovers Gift for Mom Dad, Textile Wall Art, Rustic Farm Decor, Country Cottage Quilt",https://www.etsy.com/listing/1876665774/highland-cow-woven-tapestry-throw,artfromjulie,https://www.etsy.com/shop/artfromjulie,62.29,0,0,0,0,0,14 Mo.,1,0,36,Home & Living,41,0,0.0,305,"highland cow blanket,gift for cow lovers,living room decor,cozy living room,housewarming gift,woven tapestry throw,highland cow quilt,textile wall art,farmhouse farm,rustic cabin design,cottagecore boho,mom dad him her",highland cow blanket,gift for cow lovers,living room decor,cozy living room,housewarming gift,woven tapestry throw,highland cow quilt,textile wall art,farmhouse farm,rustic cabin design,cottagecore boho,mom dad him her,--
Cottage Garden Tapestry Woven Blanket | Floral House Scenic Throw,https://www.etsy.com/listing/4508733738/cottage-garden-tapestry-woven-blanket,BreezyBabiesPlushies,https://www.etsy.com/shop/BreezyBabiesPlushies,72.00,0,0,0,0,0,1 Mo.,0,0,1,Home & Living,2,0,0.0,3,"woven blanket,throw blanket,tapestry throw,cottage decor,vintage blanket,cozy throw,living room,bedroom decor,statement throw,rustic home,country cottage,floral tapestry,gift for her",woven blanket,throw blanket,tapestry throw,cottage decor,vintage blanket,cozy throw,living room,bedroom decor,statement throw,rustic home,country cottage,floral tapestry,gift for her
Cozy Woven Blanket with Birch Tree Forest Rustic Throw Home Décor Gift for Her Living Room Accessory Warm Blanket for Bedroom Cabin,https://www.etsy.com/listing/4352813440/cozy-woven-blanket-with-birch-tree,KarrionCreations,https://www.etsy.com/shop/KarrionCreations,42.12,0,0,0,0,0,9 Mo.,0,0,8,Home & Living,28,0,0.0,1790,"woven blanket,cozy home decor,warm throw blanket,artistic blanket,modern wall tapestry,birthday gift idea,comfortable blanket,blanket for picnics,outdoor blanket,seasonal blanket,christmas gift,gift for friend,cabin blanket",woven blanket,cozy home decor,warm throw blanket,artistic blanket,modern wall tapestry,birthday gift idea,comfortable blanket,blanket for picnics,outdoor blanket,seasonal blanket,christmas gift,gift for friend,cabin blanket
German Shorthaired Pointer in Beanie Woven Blanket | Cabin Lodge Throw,https://www.etsy.com/listing/4413921376/german-shorthaired-pointer-in-beanie,GeekGlowShop,https://www.etsy.com/shop/GeekGlowShop,74.99,0,0,0,0,0,7 Mo.,1,0,0,Home & Living,10,0,0.0,12,"woven blanket,cozy throw,boho blanket,cabin blanket,gift for him,dog lover gift,rustic home,outdoor blanket,camping throw,holiday gift,winter decor,living room,german shorthaired",woven blanket,cozy throw,boho blanket,cabin blanket,gift for him,dog lover gift,rustic home,outdoor blanket,camping throw,holiday gift,winter decor,living room,german shorthaired
Rustic Patriotic Couch Throw Blanket Americana Woven Textile for Lake House Sofa Western Cabin Living Room Decor,https://www.etsy.com/listing/4504313539/rustic-patriotic-couch-throw-blanket,TimelessBohoChic,https://www.etsy.com/shop/TimelessBohoChic,39.00,0,0,0,0,0,1 Mo.,1,0,14,Home & Living,37,0,0.0,2146,"patriotic couch,americana textile,rustic throw,navy rust decor,lake house sofa,western cabin,woven cotton look,living room layer,farmhouse accent,cozy seating,vintage flag tone,country lodge,summer home gift",patriotic couch,americana textile,rustic throw,navy rust decor,lake house sofa,western cabin,woven cotton look,living room layer,farmhouse accent,cozy seating,vintage flag tone,country lodge,summer home gift
"Tribal Woven Throw Blanket: Boho Diamond Design (Cotton, Multiple Sizes)",https://www.etsy.com/listing/4405179520/tribal-woven-throw-blanket-boho-diamond,FusionHeritage,https://www.etsy.com/shop/FusionHeritage,59.56,0,0,0,0,0,6 Mo.,2,0,16,Home & Living,15,0,0.0,89,"tribal woven throw,boho diamond design,illyrian tribal art,woven cotton blanket,boho aesthetic decor,black gold cream,geometric patterned,soft durable fabric,rustic modern home,premium cotton weave,gift for her home,living room throw,bed sofa blanket",tribal woven throw,boho diamond design,illyrian tribal art,woven cotton blanket,boho aesthetic decor,black gold cream,geometric patterned,soft durable fabric,rustic modern home,premium cotton weave,gift for her home,living room throw,bed sofa blanket
Acorns Cotton Blanket: Rustic Tree Throw | Cabin Decor,https://www.etsy.com/listing/1872759961/acorns-cotton-blanket-rustic-tree-throw,OakacresOriginals,https://www.etsy.com/shop/OakacresOriginals,56.99,0,0,0,0,0,16 Mo.,0,0,7,Home & Living,20,0,0.0,542,"woven blanket,acorns decor,oak tree blanket,country home decor,rustic cabin,cozy throw,nature lover gift,farmhouse style,rustic living room,gift for her,christmas gift,fall throws,thanksgiving throw",woven blanket,acorns decor,oak tree blanket,country home decor,rustic cabin,cozy throw,nature lover gift,farmhouse style,rustic living room,gift for her,christmas gift,fall throws,thanksgiving throw
Mallard duck blanket Rustic cabin decor Vintage Farmhouse Decor ducks Hunting cabin blanket Cottagecore decor Woven tapestry blanket for mom,https://www.etsy.com/listing/4464365125/mallard-duck-blanket-rustic-cabin-decor,ArtaloveLYlab,https://www.etsy.com/shop/ArtaloveLYlab,132.98,0,0,0,0,0,4 Mo.,2,0,12,Home & Living,15,0,0.0,1676,"woven blanket,mallard duck blanket,woven throw gift,living room throw,cottagecore blanket,hunting blanket,hunting cabin decor,cotton blanket,mothers day gift,cottagecore tapestry,rustic cabin decor,blanket for mom,tapestry blanket",woven blanket,mallard duck blanket,woven throw gift,living room throw,cottagecore blanket,hunting blanket,hunting cabin decor,cotton blanket,mothers day gift,cottagecore tapestry,rustic cabin decor,blanket for mom,tapestry blanket
Highland Cow Woven Blanket: Bohemian Farmhouse Decor,https://www.etsy.com/listing/4304536963/highland-cow-woven-blanket-bohemian,RootingForYou024,https://www.etsy.com/shop/RootingForYou024,38.25,0,0,0,0,0,12 Mo.,1,0,9,Home & Living,12,0,0.0,17,"woven blanket,cozy home decor,animal print throw,rustic living room,gift for cow lovers,unique wall hanging,warm cozy gift,farmhouse chic decor,handmade woven throw,cow art blanket,comfort for pets,vintage cow design,eco friendly blanket",woven blanket,cozy home decor,animal print throw,rustic living room,gift for cow lovers,unique wall hanging,warm cozy gift,farmhouse chic decor,handmade woven throw,cow art blanket,comfort for pets,vintage cow design,eco friendly blanket
"Vintage Floral Wolf Blanket | Rose Bouquet Woven Throw | Cottagecore Boho Home Decor, Nature Lover Gift, Cozy Sofa Accent",https://www.etsy.com/listing/4499351758/vintage-floral-wolf-blanket-rose-bouquet,YelArtStudio,https://www.etsy.com/shop/YelArtStudio,112.28,0,0,0,0,0,1 Mo.,0,0,0,Home & Living,28,0,0.0,0,"woven blanket,floral throw,rose blanket,boho blanket,cottagecore decor,vintage throw,animal floral,cozy home,bedroom throw,living room,rustic decor,gift for her,housewarming",woven blanket,floral throw,rose blanket,boho blanket,cottagecore decor,vintage throw,animal floral,cozy home,bedroom throw,living room,rustic decor,gift for her,housewarming
"Bee Happy Sherpa Fleece Blanket, Vintage Dictionary Art Throw",https://www.etsy.com/listing/4326586516/bee-happy-sherpa-fleece-blanket-vintage,InkandLantern,https://www.etsy.com/shop/InkandLantern,62.95,0,0,0,0,0,11 Mo.,0,0,6,Home & Living,21,0,0.0,23,"sherpa blanket,vintage bee design,cozy home decor,unique throw blanket,farmhouse style,bee lover gift,dictionary page art,rustic decor,inspirational quote,honeycomb pattern,warm winter blanket,gift for her,cozy living room",sherpa blanket,vintage bee design,cozy home decor,unique throw blanket,farmhouse style,bee lover gift,dictionary page art,rustic decor,inspirational quote,honeycomb pattern,warm winter blanket,gift for her,cozy living room
Ivory Rose Tapestry Woven Blanket | Navy Floral Jacquard Throw Woven Cotton Throw Blanket,https://www.etsy.com/listing/4450284245/ivory-rose-tapestry-woven-blanket-navy,VELORAPARIS,https://www.etsy.com/shop/VELORAPARIS,91.99,0,0,0,0,0,4 Mo.,1,0,27,Home & Living,6,0,0.0,2,"woven blanket,navy floral throw,tapestry blanket,floral woven thrown,vintagefloralblanket,rustic home decore,cottagecore throw,boho living room,earth tone blanket,bedroom throwblanket,gift for her,cozy throw blanket,timeless floral art",woven blanket,navy floral throw,tapestry blanket,floral woven thrown,vintagefloralblanket,rustic home decore,cottagecore throw,boho living room,earth tone blanket,bedroom throwblanket,gift for her,cozy throw blanket,timeless floral art
Snow Leopard Woven Blanket | Mountain Wildlife Tapestry Throw,https://www.etsy.com/listing/4505145870/snow-leopard-woven-blanket-mountain,RoyceXstore,https://www.etsy.com/shop/RoyceXstore,85.16,0,0,0,0,0,1 Mo.,0,0,6,Home & Living,5,0,0.0,9,"woven blanket,wildlife blanket,snow leopard,mountain decor,cozy throw,animal tapestry,rustic home,nature decor,living room,bedroom throw,gift for her,holiday gift,anniversary gift",woven blanket,wildlife blanket,snow leopard,mountain decor,cozy throw,animal tapestry,rustic home,nature decor,living room,bedroom throw,gift for her,holiday gift,anniversary gift
"Real Fox Fur Blanket: Luxury Bedspread, Handmade in Greece",https://www.etsy.com/listing/1866324185/real-fox-fur-blanket-luxury-bedspread,NGfurs,https://www.etsy.com/shop/NGfurs,754.79,0,0,0,0,0,16 Mo.,7,0,89,Home & Living,78,0,0.0,1740,"fur blanket,real fur blanket,fox fur blanket,real fur throw,bedspread fur throw,soft fur blanket,luxury home decor,rustic home decor,modern fur blanket,decorative fur throw,living room blanket,brown fur throw,fur for home",fur blanket,real fur blanket,fox fur blanket,real fur throw,bedspread fur throw,soft fur blanket,luxury home decor,rustic home decor,modern fur blanket,decorative fur throw,living room blanket,brown fur throw,fur for home
"Chevron Aztec Pattern Woven Blanket | Southwestern Throw, Fringe Edge",https://www.etsy.com/listing/4519353724/chevron-aztec-pattern-woven-blanket,ABlanketInTime,https://www.etsy.com/shop/ABlanketInTime,79.47,0,0,0,0,0,1 Mo.,0,0,0,Home & Living,1,0,0.0,2,"woven blanket,zig zag throw,boho throw,chevron blanket,cozy woven,living room decor,gift for mom,housewarming gift,rustic throw,textured blanket,autumn blanket,bedroom throw,throw for couch",woven blanket,zig zag throw,boho throw,chevron blanket,cozy woven,living room decor,gift for mom,housewarming gift,rustic throw,textured blanket,autumn blanket,bedroom throw,throw for couch
"Mushling Woven Blanket - Mushroom Fungi Tapestry Throw, Cozy Home Decor, Gift for Nature Lovers, Bedroom Accent, Warm Throw Blanket",https://www.etsy.com/listing/1847385061/mushling-woven-blanket-mushroom-fungi,DebbyBloomsStudio,https://www.etsy.com/shop/DebbyBloomsStudio,110.00,0,0,0,0,0,3 Mo.,1,0,3,Home & Living,3,0,0.0,2,"mushroom fungi,tapestry blanket,cozy home decor,woven textile,nature lover gift,unique throw blanket,gift for plant lover,botanical tapestry,boho living room,rustic bedroom decor,forest theme blanket,cottagecore style,housewarming gift",mushroom fungi,tapestry blanket,cozy home decor,woven textile,nature lover gift,unique throw blanket,gift for plant lover,botanical tapestry,boho living room,rustic bedroom decor,forest theme blanket,cottagecore style,housewarming gift
Vintage Paisley Floral Woven Blanket | Green Brown Tapestry Throw,https://www.etsy.com/listing/4418174992/vintage-paisley-floral-woven-blanket,Zevoart,https://www.etsy.com/shop/Zevoart,82.99,0,0,0,0,0,1 Mo.,11,0,260,Home & Living,4,69,0.0,18,"woven blanket,boho throw,paisley blanket,vintage throw,cozy home,earthy decor,living room,fall blanket,rustic throw,bohemian vibe,gift for her,housewarming,autumn decor",woven blanket,boho throw,paisley blanket,vintage throw,cozy home,earthy decor,living room,fall blanket,rustic throw,bohemian vibe,gift for her,housewarming,autumn decor
NYC Skyline Sherpa Fleece Blanket: Evening Cityscape Throw,https://www.etsy.com/listing/4384983560/nyc-skyline-sherpa-fleece-blanket,ResonanceIndustries,https://www.etsy.com/shop/ResonanceIndustries,72.00,0,0,0,0,0,2 Mo.,0,0,0,Home & Living,4,0,0.0,5,"cozy home decor,soft fleece blanket,gift for her,decorative fleece,urban night scene,warm winter blanket,plush throw blanket,unique gift idea,living room blanket,rustic home style,home warmth gift,night sky blanket,couch accessory",cozy home decor,soft fleece blanket,gift for her,decorative fleece,urban night scene,warm winter blanket,plush throw blanket,unique gift idea,living room blanket,rustic home style,home warmth gift,night sky blanket,couch accessory
Cow Print Woven Blanket | Black Cream Animal Pattern Throw,https://www.etsy.com/listing/4458011278/cow-print-woven-blanket-neutral-black,GameDayDepot,https://www.etsy.com/shop/GameDayDepot,49.99,0,0,0,0,0,3 Mo.,0,0,3,Home & Living,43,0,0.0,106,"cow print,cowhide throw,farmhouse decor,animal print,boho blanket,neutral decor,rustic throw,living room,cozy home,country cottage,modern farmhouse,cottagecore,gift for her",cow print,cowhide throw,farmhouse decor,animal print,boho blanket,neutral decor,rustic throw,living room,cozy home,country cottage,modern farmhouse,cottagecore,gift for her
Neutral Geometric Pattern Woven Blanket | Southwestern Stripe Throw,https://www.etsy.com/listing/4493497313/neutral-geometric-pattern-woven-blanket,EssentialExspression,https://www.etsy.com/shop/EssentialExspression,56.99,0,0,0,0,0,1 Mo.,0,0,0,Home & Living,29,0,0.0,63,"woven blanket,cozy throw,boho decor,neutral throw,textured throw,living room,bedroom decor,earth tone throw,rustic blanket,modern boho,farmhouse decor,gift for her,housewarming gift",woven blanket,cozy throw,boho decor,neutral throw,textured throw,living room,bedroom decor,earth tone throw,rustic blanket,modern boho,farmhouse decor,gift for her,housewarming gift
Southwestern Sherpa Blanket: Tribal Aztec Fleece Throw,https://www.etsy.com/listing/1865926031/southwestern-sherpa-blanket-tribal-aztec,MPCollectives,https://www.etsy.com/shop/MPCollectives,54.50,0,0,0,0,0,12 Mo.,0,0,13,Home & Living,28,0,0.0,198,"sherpa blanket,southwestern design,cozy home decor,fleece throw,warm winter blanket,gift for her,bohemian home,housewarming gift,tribal pattern,living room decor,gift for mom,christmas present,rustic style",sherpa blanket,southwestern design,cozy home decor,fleece throw,warm winter blanket,gift for her,bohemian home,housewarming gift,tribal pattern,living room decor,gift for mom,christmas present,rustic style
"Running Horses Plush Blanket, Modern Rustic Earthy Tones Throw Blanket for Bedroom or Living Room Decor, Animal Lovers New Home Gift",https://www.etsy.com/listing/1566240417/running-horses-plush-blanket-modern,ArtGiftery,https://www.etsy.com/shop/ArtGiftery,33.00,0,0,0,0,0,20 Mo.,1,0,28,Home & Living,41,0,0.0,579,"running horses,plush blanket,horses blanket,throw blanket,earthy tones,living room decor,animal lovers,new home gift,modern rustic throw,bedroom accent,horse enthusiast,horse motif blanket,home decor upgrade",running horses,plush blanket,horses blanket,throw blanket,earthy tones,living room decor,animal lovers,new home gift,modern rustic throw,bedroom accent,horse enthusiast,horse motif blanket,home decor upgrade
"Southwestern Aztec Pattern Woven Blanket | Geometric Throw, Tribal Design",https://www.etsy.com/listing/4442338403/southwestern-aztec-pattern-woven-blanket,YeetstorePE,https://www.etsy.com/shop/YeetstorePE,81.80,0,0,0,0,0,1 Mo.,0,0,0,Home & Living,19,0,0.0,134,"woven blanket,southwest blanket,boho throw,aztec throw,tribal blanket,cozy home decor,bohemian decor,camping blanket,living room throw,rustic decor,gift for her,housewarming gift,boho bedroom",woven blanket,southwest blanket,boho throw,aztec throw,tribal blanket,cozy home decor,bohemian decor,camping blanket,living room throw,rustic decor,gift for her,housewarming gift,boho bedroom
"Woven Blanket, Southwest Style Blanket, Boho Throw, Native American Design, Western Decor, Home Accent",https://www.etsy.com/listing/1885305739/woven-blanket-southwest-style-blanket,TheCNRCollection,https://www.etsy.com/shop/TheCNRCollection,53.40,0,0,0,0,0,8 Mo.,1,0,16,Home & Living,16,0,0.0,38,"boho decor,southwest decor,woven blanket,western style,home accent,cozy throw,rustic textile,living room,bedroom decor,gift for her,housewarming gift,unique home decor,country charm",boho decor,southwest decor,woven blanket,western style,home accent,cozy throw,rustic textile,living room,bedroom decor,gift for her,housewarming gift,unique home decor,country charm
"Bookish Gift - 100% Cotton Woven Blanket - Rustic Farmhouse Cozy Throw, Nature-Inspired Home Decor",https://www.etsy.com/listing/4400713290/bookish-gift-100-cotton-woven-blanket,WovelyArt,https://www.etsy.com/shop/WovelyArt,56.00,0,0,0,0,0,6 Mo.,0,0,0,Home & Living,6,0,0.0,12,"woven blanket,cotton throw,tapestry blanket,living room throw,wall tapestry,nature inspired,natural fiber,still life,housewarming gift,gift for mom,rustic farmhouse,cozy decor,bookish gift",woven blanket,cotton throw,tapestry blanket,living room throw,wall tapestry,nature inspired,natural fiber,still life,housewarming gift,gift for mom,rustic farmhouse,cozy decor,bookish gift
"Plaid Stripe Patchwork Woven Blanket | Cozy Throw, Rustic Cabin Decor",https://www.etsy.com/listing/4493115942/plaid-stripe-patchwork-woven-blanket,SHELTAL,https://www.etsy.com/shop/SHELTAL,63.00,0,0,0,0,0,1 Mo.,0,0,7,Home & Living,7,0,0.0,13,"woven blanket,cozy throw,plaid blanket,rustic decor,cabin blanket,country home,neutral throw,living room,bedroom decor,gift for mom,housewarming,fall blanket,holiday gift",woven blanket,cozy throw,plaid blanket,rustic decor,cabin blanket,country home,neutral throw,living room,bedroom decor,gift for mom,housewarming,fall blanket,holiday gift
French Provincial Dark Floral Damask Woven Blanket | Vintage Jacquard Throw,https://www.etsy.com/listing/4487781587/french-provincial-dark-floral-damask,TheAccessoryCanvas,https://www.etsy.com/shop/TheAccessoryCanvas,41.74,0,0,0,0,0,1 Mo.,3,0,76,Home & Living,4,30,0.0,6,"woven blanket,cozy throw,boho decor,dark floral,living room,textured throw,neutral blanket,gift for her,housewarming,bedroom decor,autumn cozy,rustic home,vintage vibe",woven blanket,cozy throw,boho decor,dark floral,living room,textured throw,neutral blanket,gift for her,housewarming,bedroom decor,autumn cozy,rustic home,vintage vibe
"Stained Glass Blue Jay Woven Throw Blanket, Woodland Decor, Botanical Bird Lover Gift, Naturecore Wall Art Tapestry, Cozy Maximalist Accent",https://www.etsy.com/listing/1871222086/stained-glass-blue-jay-woven-throw,Knotjustblankets28,https://www.etsy.com/shop/Knotjustblankets28,91.24,0,0,0,0,0,14 Mo.,0,0,11,Home & Living,24,0,0.0,341,"hanging wall art,couch sofa cover,mom birthday gift,dark moody tapestry,living room accent,jacquard woven throw,whimsical maximalist,rustic cabin decor,nature nursery decor,bird watcher gift,forest bird print,bluejay blanket,gift for hiker",hanging wall art,couch sofa cover,mom birthday gift,dark moody tapestry,living room accent,jacquard woven throw,whimsical maximalist,rustic cabin decor,nature nursery decor,bird watcher gift,forest bird print,bluejay blanket,gift for hiker
"Nyckelharpa Woven Blanket, Medieval Nordic Decor, Swedish Folk Music Gift, Nature Elements Throw, Scandi Home Decor, Historical Tapestry",https://www.etsy.com/listing/4308186110/nyckelharpa-woven-blanket-medieval,AleksinaVerse,https://www.etsy.com/shop/AleksinaVerse,71.17,0,0,0,0,0,12 Mo.,2,0,39,Home & Living,39,0,0.0,144,"medieval blanket,nature illustration,beige throw,rustic home decor,folk music lover,unique gift idea,cozy living room,scandinavian style,homemade blanket,medieval instrument,nature lover gift,gift for musician,farmhouse decor",medieval blanket,nature illustration,beige throw,rustic home decor,folk music lover,unique gift idea,cozy living room,scandinavian style,homemade blanket,medieval instrument,nature lover gift,gift for musician,farmhouse decor
Vintage Toile Landscape Minky Blanket | Neutral Scenic Throw,https://www.etsy.com/listing/4454387349/vintage-toile-landscape-minky-blanket,HeavenlyLifeCo,https://www.etsy.com/shop/HeavenlyLifeCo,46.61,0,0,0,0,0,3 Mo.,3,0,30,Home & Living,37,0,0.0,15,"minky blanket,soft baby,neutral nursery,cozy throw,woodland decor,cottagcore,rustic blanket,gender neutral,baby shower,living room,soothing blanket,farmhouse rug,gift for mom",minky blanket,soft baby,neutral nursery,cozy throw,woodland decor,cottagcore,rustic blanket,gender neutral,baby shower,living room,soothing blanket,farmhouse rug,gift for mom
Vintage City Map Woven Blanket | Detailed Urban Landscape Throw,https://www.etsy.com/listing/4453900306/vintage-city-map-woven-blanket-detailed,HeavenlyLifeCo,https://www.etsy.com/shop/HeavenlyLifeCo,73.63,0,0,0,0,0,3 Mo.,1,0,14,Home & Living,37,0,0.0,15,"woven blanket,cityscape throw,cozy home,decor blanket,living room,travel decor,urban tapestry,gift for him,anniversary gift,rustic decor,boho blanket,sofa throw,medieval",woven blanket,cityscape throw,cozy home,decor blanket,living room,travel decor,urban tapestry,gift for him,anniversary gift,rustic decor,boho blanket,sofa throw,medieval
"Vintage Floral Tapestry Woven Blanket | Boho Throw, Ornamental Pattern",https://www.etsy.com/listing/4471872800/vintage-floral-tapestry-woven-blanket,ArtBeyondBoundaries,https://www.etsy.com/shop/ArtBeyondBoundaries,58.28,0,0,0,0,0,2 Mo.,0,0,20,Home & Living,39,0,0.0,96,"woven blanket,boho throw,vintage blanket,tapestry throw,rustic decor,living room throw,cozy home,textile art,gift for mom,holiday gift,autumn decor,bohemian rug,sofa blanket",woven blanket,boho throw,vintage blanket,tapestry throw,rustic decor,living room throw,cozy home,textile art,gift for mom,holiday gift,autumn decor,bohemian rug,sofa blanket
North Carolina 12th State America 250 Woven Blanket | &#39;The Twelfth State&#39; Tapestry Throw,https://www.etsy.com/listing/4454167594/north-carolina-12th-state-america-250,SpearWolfKnight,https://www.etsy.com/shop/SpearWolfKnight,56.99,0,0,0,0,0,3 Mo.,1,0,3,Home & Living,5,0,0.0,0,"woven blanket,state blanket,patriotic throw,vintage woven,retro decor,living room throw,cozy home gift,anniversary gift,holiday decor,gift for him,gift for her,wall tapestry,rustic home",woven blanket,state blanket,patriotic throw,vintage woven,retro decor,living room throw,cozy home gift,anniversary gift,holiday decor,gift for him,gift for her,wall tapestry,rustic home
Vintage Mountain Sun Scenic Blanket | Rustic Abstract Cozy Throw,https://www.etsy.com/listing/4482036283/vintage-mountain-sun-scenic-blanket,WildwaresCanada,https://www.etsy.com/shop/WildwaresCanada,39.97,0,0,0,0,0,1 Mo.,0,0,0,Home & Living,28,0,0.0,1,"vintage blanket,rustic blanket,cozy throw,abstract blanket,cabin decor,camping blanket,boho throw,outdoor blanket,gift for hikers,housewarming gift,autumn blanket,living room throw,bedroom decor",vintage blanket,rustic blanket,cozy throw,abstract blanket,cabin decor,camping blanket,boho throw,outdoor blanket,gift for hikers,housewarming gift,autumn blanket,living room throw,bedroom decor
"White Horse Illustration Woven Blanket | Floral Pattern, Decorative Throw",https://www.etsy.com/listing/4456451300/white-horse-illustration-woven-blanket,PlightPublishing,https://www.etsy.com/shop/PlightPublishing,58.43,0,0,0,0,0,3 Mo.,1,0,8,Home & Living,13,0,0.0,15,"woven blanket,horse blanket,equestrian decor,horse throw,boho blanket,cozy throw,farmhouse decor,rustic throw,gift for rider,living room throw,western decor,bedroom blanket,stall decor",woven blanket,horse blanket,equestrian decor,horse throw,boho blanket,cozy throw,farmhouse decor,rustic throw,gift for rider,living room throw,western decor,bedroom blanket,stall decor
Alpaca Portrait Woven Blanket | Cozy Animal Throw,https://www.etsy.com/listing/4473452049/alpaca-portrait-woven-blanket-cozy,BloomandBlessCo,https://www.etsy.com/shop/BloomandBlessCo,71.58,0,0,0,0,0,2 Mo.,0,0,2,Home & Living,3,0,0.0,2,"woven blanket,alpaca blanket,animal throw,cozy throw,rustic decor,boho blanket,neutral throw,bedroom throw,living room rug,soft woven,gift for her,housewarming gift,farmhouse decor",woven blanket,alpaca blanket,animal throw,cozy throw,rustic decor,boho blanket,neutral throw,bedroom throw,living room rug,soft woven,gift for her,housewarming gift,farmhouse decor
Vintage Mountain Landscape Woven Blanket | Scenic Lake Tapestry Throw,https://www.etsy.com/listing/4457437833/vintage-mountain-landscape-woven-blanket,BloomandBlessCo,https://www.etsy.com/shop/BloomandBlessCo,71.83,0,0,0,0,0,3 Mo.,1,0,10,Home & Living,3,0,0.0,2,"woven blanket,mountain throw,tapestry blanket,scenic throw,cozy blanket,rustic decor,cottagecore decor,living room throw,bedroom throw,gift for her,housewarming gift,outdoor blanket,travel throw",woven blanket,mountain throw,tapestry blanket,scenic throw,cozy blanket,rustic decor,cottagecore decor,living room throw,bedroom throw,gift for her,housewarming gift,outdoor blanket,travel throw
"Snowy Mountain Landscape Woven Blanket | Scenic Cabin Throw, Winter Tapestry",https://www.etsy.com/listing/4495183900/snowy-mountain-landscape-woven-blanket,AdvantureBornArt,https://www.etsy.com/shop/AdvantureBornArt,59.00,0,0,0,0,0,1 Mo.,0,0,1,Home & Living,2,0,0.0,0,"woven blanket,mountain blanket,cozy throw,winter decor,cabin decor,nature throw,fringe blanket,rustic home,ski lodge,gift for her,holiday gift,housewarming,living room",woven blanket,mountain blanket,cozy throw,winter decor,cabin decor,nature throw,fringe blanket,rustic home,ski lodge,gift for her,holiday gift,housewarming,living room
"Caledonian Maple Minky Blanket, Rustic Plaid Home Decor, Tartan Fall Throw Blanket",https://www.etsy.com/listing/1506313760/caledonian-maple-minky-blanket-rustic,ScottishCottageShop,https://www.etsy.com/shop/ScottishCottageShop,49.00,0,0,0,0,0,34 Mo.,2,0,92,Home & Living,60,0,0.0,910,"caledonian maple,burgundy plaid throw,tartan throw blanket,rustic minky blanket,cozy fleece blanket,fall living room,autumn home decor,lake house decor,warm and cozy,gift for him,dorm room decor,new home gift,housewarming gift",caledonian maple,burgundy plaid throw,tartan throw blanket,rustic minky blanket,cozy fleece blanket,fall living room,autumn home decor,lake house decor,warm and cozy,gift for him,dorm room decor,new home gift,housewarming gift
"Safari Animals, Wild Life Animal Pattern  Zebras, giraffes, Tigers Zebra and Lion Velveteen Blanket Animal Cozy Throw",https://www.etsy.com/listing/4449644770/safari-animals-wild-life-animal-pattern,ThereforeEssential,https://www.etsy.com/shop/ThereforeEssential,48.23,0,0,0,0,0,4 Mo.,0,0,2,Home & Living,168,0,0.0,149,"plush blanket,velveteen throw,cozy animal,rustic decor,woodland blanket,warm throw,gift for him,gift for her,camping blanket,cabin blanket,soft throw,kids bedroom,living room",plush blanket,velveteen throw,cozy animal,rustic decor,woodland blanket,warm throw,gift for him,gift for her,camping blanket,cabin blanket,soft throw,kids bedroom,living room
"Ornate Gate Design Woven Blanket | Decorative Throw, Tapestry Style",https://www.etsy.com/listing/4499287909/ornate-gate-design-woven-blanket,TPiNTERVAL,https://www.etsy.com/shop/TPiNTERVAL,72.92,0,0,0,0,0,1 Mo.,0,0,5,Home & Living,8,0,0.0,7,"woven blanket,boho throw,decor blanket,rustic throw,vintage throw,home throw,bohemian decor,rustic decor,earthy blanket,living room,accent throw,gift for her,housewarming",woven blanket,boho throw,decor blanket,rustic throw,vintage throw,home throw,bohemian decor,rustic decor,earthy blanket,living room,accent throw,gift for her,housewarming
"Leopard Spot Woven Blanket, Animal Print Throw for Living Room Cabin Bedroom Den",https://www.etsy.com/listing/4460744574/leopard-spot-woven-blanket-animal-print,AnniSafarini,https://www.etsy.com/shop/AnniSafarini,60.00,0,0,0,0,0,3 Mo.,2,0,21,Home & Living,5,0,0.0,13,"animal print decor,cozy cabin blanket,bedroom throw,living room decor,neutral animal print,rustic home decor,warm woven throw,gift for her,wildlife inspired,textured woven throw,soft leopard blanket,lodge style decor,safari inspired",animal print decor,cozy cabin blanket,bedroom throw,living room decor,neutral animal print,rustic home decor,warm woven throw,gift for her,wildlife inspired,textured woven throw,soft leopard blanket,lodge style decor,safari inspired
"Flying Raven Illustration Woven Blanket | Gothic Bird Throw, Monochrome Crow Tapestry",https://www.etsy.com/listing/4409684558/flying-raven-illustration-woven-blanket,BaldEagleDesignn,https://www.etsy.com/shop/BaldEagleDesignn,78.65,0,0,0,0,0,3 Mo.,1,0,3,Home & Living,3,0,0.0,1,"woven blanket,eagle blanket,vintage blanket,bird throw,rustic home,cabin decor,outdoor throw,nature decor,masculine gift,gifts for him,fall blanket,living room,patio blanket",woven blanket,eagle blanket,vintage blanket,bird throw,rustic home,cabin decor,outdoor throw,nature decor,masculine gift,gifts for him,fall blanket,living room,patio blanket
"Cat Mom Cozy Blanket, Mother’s Day Gift for Cat Lover, Personalized Pet Keepsake",https://www.etsy.com/listing/4476365404/cat-mom-cozy-blanket-mothers-day-gift,FrenchieCompanions,https://www.etsy.com/shop/FrenchieCompanions,56.99,0,0,0,0,0,1 Mo.,1,0,5,Home & Living,35,0,0.0,0,"woven blanket,dog blanket,frenchie blanket,pet lover gift,mom gift blanket,cozy throw,living room decor,animal wall throw,gift for mom,housewarming gift,pet memorial,rustic home decor,bedroom throw",woven blanket,dog blanket,frenchie blanket,pet lover gift,mom gift blanket,cozy throw,living room decor,animal wall throw,gift for mom,housewarming gift,pet memorial,rustic home decor,bedroom throw
"Patchwork Checkerboard Woven Blanket | Rustic Geometric Throw, Autumn or Coastal Colorways",https://www.etsy.com/listing/4453243846/patchwork-checkerboard-woven-blanket,GRECIACanada,https://www.etsy.com/shop/GRECIACanada,42.50,0,0,0,0,0,3 Mo.,0,0,0,Home & Living,16,0,0.0,1,"woven blanket,cozy throw,patchwork throw,autumn blanket,earth tone decor,rustic home,boho blanket,living room throw,gift for her,housewarming gift,fall home decor,textured blanket,sofa throw blanket",woven blanket,cozy throw,patchwork throw,autumn blanket,earth tone decor,rustic home,boho blanket,living room throw,gift for her,housewarming gift,fall home decor,textured blanket,sofa throw blanket
"Johnston Modern Minky Blanket, Rustic Tartan Fleece Blanket, Cozy Plaid Lodge Home Decor",https://www.etsy.com/listing/1542356245/johnston-modern-minky-blanket-rustic,ScottishCottageShop,https://www.etsy.com/shop/ScottishCottageShop,49.00,0,0,0,4,1,33 Mo.,3,0,101,Home & Living,60,0,3.96,914,"johnston modern,tartan home decor,plaid fleece blanket,decorative accents,lodge home decor,cozy minky blanket,rustic cottagecore,living room decor,gift for him,boyfriend gift,cozy aesthetic,throw blanket,man cave decor",johnston modern,tartan home decor,plaid fleece blanket,decorative accents,lodge home decor,cozy minky blanket,rustic cottagecore,living room decor,gift for him,boyfriend gift,cozy aesthetic,throw blanket,man cave decor
Vintage Damask Pattern Woven Blanket | Rustic Brown or Teal Jacquard Throw,https://www.etsy.com/listing/4507731767/vintage-damask-pattern-woven-blanket,BilgeOzanArtworks,https://www.etsy.com/shop/BilgeOzanArtworks,98.10,0,0,0,0,0,1 Mo.,0,0,0,Home & Living,7,0,0.0,8,"woven blanket,boho blanket,vintage throw,rustic home,earth tone decor,textured throw,cozy living,bohemian rug,autumn blanket,cottagecore decor,living room rug,gift for her,housewarming gift",woven blanket,boho blanket,vintage throw,rustic home,earth tone decor,textured throw,cozy living,bohemian rug,autumn blanket,cottagecore decor,living room rug,gift for her,housewarming gift
Dripping Texas Flag Woven Blanket | Southwestern State Flag Throw,https://www.etsy.com/listing/4500080450/dripping-texas-flag-woven-blanket,Matsproducts,https://www.etsy.com/shop/Matsproducts,58.43,0,0,0,0,0,1 Mo.,0,0,0,Home & Living,,0,0.0,0,"woven blanket,texas blanket,state flag,drip art,boho decor,living room,patriotic gift,cozy throw,farmhouse decor,modern rustic,housewarming,man cave,gift for him",woven blanket,texas blanket,state flag,drip art,boho decor,living room,patriotic gift,cozy throw,farmhouse decor,modern rustic,housewarming,man cave,gift for him
William Morris Style Fruit Botanical Woven Throw Blanket | Floral Pattern | Vintage Textile Tapestry | Cottagecore Botanical Blanket,https://www.etsy.com/listing/4468376891/william-morris-style-fruit-botanical,ShipleyCoStudios,https://www.etsy.com/shop/ShipleyCoStudios,58.43,0,0,0,0,0,2 Mo.,2,0,23,Home & Living,54,0,0.0,147,"woven blanket,floral throw,decorative throw,boho blanket,cottagecore decor,living room throw,bedroom blanket,fruit pattern,cozy home,gift for her,housewarming gift,rustic throw,spring decor",woven blanket,floral throw,decorative throw,boho blanket,cottagecore decor,living room throw,bedroom blanket,fruit pattern,cozy home,gift for her,housewarming gift,rustic throw,spring decor
"Enchanted Forest Deer Woven Blanket – 100% Cotton Woodland Nature Tapestry, Cottagecore Home Decor",https://www.etsy.com/listing/4434432711/enchanted-forest-deer-woven-blanket-100,NovaBlanket,https://www.etsy.com/shop/NovaBlanket,92.20,0,0,0,0,0,4 Mo.,5,0,44,Home & Living,7,0,0.0,10,"rustic home decor,gift for him,gift for her,gift for friend,forest wall decor,cozy cotton throw,deer woven blanket,housewarming gift,living room decor,deer wall tapestry,naturecore tapestry,nature decor throw,wall hanging art",rustic home decor,gift for him,gift for her,gift for friend,forest wall decor,cozy cotton throw,deer woven blanket,housewarming gift,living room decor,deer wall tapestry,naturecore tapestry,nature decor throw,wall hanging art
"Yellow Floral Blanket, Shabby Chic Cozy Throw, Home Decor",https://www.etsy.com/listing/1845351528/yellow-floral-blanket-shabby-chic-cozy,SophDHomeScents,https://www.etsy.com/shop/SophDHomeScents,64.99,0,0,0,0,0,16 Mo.,3,0,23,Home & Living,17,0,0.0,75,"shabby chic,cozy home decor,gift for her,living room decor,winter blanket,farmhouse style,warm and cozy,rustic home decor,housewarming gift,couch throw blanket,unique gift idea,vintage style,cottagecore",shabby chic,cozy home decor,gift for her,living room decor,winter blanket,farmhouse style,warm and cozy,rustic home decor,housewarming gift,couch throw blanket,unique gift idea,vintage style,cottagecore
Rustic Cow Portrait Woven Blanket | Farmhouse Cattle Throw,https://www.etsy.com/listing/4452997452/rustic-cow-portrait-woven-blanket,LACprints,https://www.etsy.com/shop/LACprints,79.47,0,0,0,0,0,3 Mo.,0,0,0,Home & Living,53,0,0.0,546,"woven blanket,cow throw,farmhouse decor,rustic blanket,animal tapestry,cozy living,boho throw,country home,gift for mom,housewarming gift,western decor,autumn blanket,living room rug",woven blanket,cow throw,farmhouse decor,rustic blanket,animal tapestry,cozy living,boho throw,country home,gift for mom,housewarming gift,western decor,autumn blanket,living room rug
Swan Lake landscape Woven Blanket | Literary tapestry throw,https://www.etsy.com/listing/4446806806/swan-lake-landscape-woven-blanket,MadeleineByDesigns,https://www.etsy.com/shop/MadeleineByDesigns,41.82,0,0,0,0,0,4 Mo.,4,0,11,Home & Living,10,0,0.0,16,"woven blanket,cozy throw,vintage decor,lake tapestry,rustic throw,cottagecore gift,swans blanket,home accent,throw blanket,living room,gift for her,housewarming,bedroom decor",woven blanket,cozy throw,vintage decor,lake tapestry,rustic throw,cottagecore gift,swans blanket,home accent,throw blanket,living room,gift for her,housewarming,bedroom decor
Bluebird Scenic Woven Blanket | Vintage Botanical Bird Tapestry Throw,https://www.etsy.com/listing/4446276141/bluebird-scenic-woven-blanket-vintage,MadeleineByDesigns,https://www.etsy.com/shop/MadeleineByDesigns,40.72,0,0,0,0,0,4 Mo.,2,0,26,Home & Living,10,0,0.0,16,"woven blanket,bird blanket,vintage decor,nature throw,cozy home,cottagecore,rustic throw,living room,bedroom decor,gift for her,housewarming,soft throw,textured throw",woven blanket,bird blanket,vintage decor,nature throw,cozy home,cottagecore,rustic throw,living room,bedroom decor,gift for her,housewarming,soft throw,textured throw
Braided Rattan Plush Blanket | Cozy Boho Throw for Sofa Decor Gift,https://www.etsy.com/listing/4499593164/braided-rattan-plush-blanket-cozy-boho,DoodleHavenStore,https://www.etsy.com/shop/DoodleHavenStore,61.60,0,0,0,0,0,1 Mo.,0,0,3,Home & Living,8,0,0.0,3,"braided rattan throw,wicker plush blanket,rattan pattern throw,boho home vibe,rustic cozy decor,gift for her,housewarming gift,cozy gift idea,sofa throw blanket,living room decor,fall cozy blanket,hygge home throw,natural texture",braided rattan throw,wicker plush blanket,rattan pattern throw,boho home vibe,rustic cozy decor,gift for her,housewarming gift,cozy gift idea,sofa throw blanket,living room decor,fall cozy blanket,hygge home throw,natural texture
Ear of Wheat Woven Throw Blanket Heritage Kilim Sofa Textile Rustic Boho Couch Layer for Warm Living Room Decor,https://www.etsy.com/listing/4499119961/ear-of-wheat-woven-throw-blanket,TimelessBohoChic,https://www.etsy.com/shop/TimelessBohoChic,39.00,0,0,0,0,0,1 Mo.,0,0,37,Home & Living,37,0,0.0,2146,"wheat motif throw,sofa textile,heritage kilim,woven couch layer,living room throw,rug style blanket,warm sofa accent,patterned blanket,cozy seating,rustic lounge,boho couch layer,neutral motif,artisan pattern",wheat motif throw,sofa textile,heritage kilim,woven couch layer,living room throw,rug style blanket,warm sofa accent,patterned blanket,cozy seating,rustic lounge,boho couch layer,neutral motif,artisan pattern
Texas Longhorn Tapestry Wall Hanging Western Ranch Wall Art Rustic Southwestern Decor Desert Sunset Woven Throw Blanket Country Home Accent,https://www.etsy.com/listing/4499495343/texas-longhorn-tapestry-wall-hanging,StudioFernFrame,https://www.etsy.com/shop/StudioFernFrame,90.00,0,0,0,0,0,1 Mo.,1,0,8,Home & Living,7,0,0.0,117,"large wall tapestry,moody tapestry,western wall art,country wall decor,rustic wall hanging,ranch decor,cabin bedding,rustic home decor,texas longhorn art,cozy throw blanket,gift for dad,gift for grandpa,living room decor",large wall tapestry,moody tapestry,western wall art,country wall decor,rustic wall hanging,ranch decor,cabin bedding,rustic home decor,texas longhorn art,cozy throw blanket,gift for dad,gift for grandpa,living room decor
"Handmade Wool Rug, Cream Gray Geometric Area Rug, Cozy Wool Blanket for Sofa, Rustic Living Room Decor, Large Wool Throw, 180cm×160cm",https://www.etsy.com/listing/4462348392/handmade-wool-rug-cream-gray-geometric,MAPICOshop,https://www.etsy.com/shop/MAPICOshop,568.00,0,0,0,0,0,3 Mo.,0,0,12,Home & Living,62,0,0.0,308,"handmade wool rug,geometric wool rug,cream gray rug,cozy wool blanket,rustic home decor,living room rug,soft area rug,large wool throw,sofa blanket,minimalist rug,textured wool rug,neutral color rug,handwoven rug",handmade wool rug,geometric wool rug,cream gray rug,cozy wool blanket,rustic home decor,living room rug,soft area rug,large wool throw,sofa blanket,minimalist rug,textured wool rug,neutral color rug,handwoven rug
"Southwestern Buffalo Woven Throw Blanket, Rustic Quilt, Native American Wall Art Tapestry, Desert Mountain Lodge Cabin House Decor",https://www.etsy.com/listing/1877388111/southwestern-buffalo-woven-throw-blanket,artfromjulie,https://www.etsy.com/shop/artfromjulie,52.51,0,0,0,0,0,15 Mo.,3,0,43,Home & Living,41,0,0.0,305,"southwest buffalo,soft couch throw,wall art tapestry,mountain house decor,cabin decor,gift for dad,cozy home decor,gift for him,living room decor,desert rustic quilt,native american art,aztec wall hanging,bison woven blanket",southwest buffalo,soft couch throw,wall art tapestry,mountain house decor,cabin decor,gift for dad,cozy home decor,gift for him,living room decor,desert rustic quilt,native american art,aztec wall hanging,bison woven blanket
Patchwork Floral Quilt Blanket | Velveteen Plush Blanket,https://www.etsy.com/listing/4509756078/patchwork-floral-quilt-blanket-velveteen,WldflwrdsgnsFinds,https://www.etsy.com/shop/WldflwrdsgnsFinds,48.23,0,0,0,0,0,1 Mo.,0,0,3,Home & Living,1,0,0.0,0,"velveteen blanket,plush throw,patchwork throw,cozy blanket,soft velveteen,rustic home,cottage decor,farmhouse cozy,boho blanket,gift for her,autumn blanket,living room throw,bedroom decor",velveteen blanket,plush throw,patchwork throw,cozy blanket,soft velveteen,rustic home,cottage decor,farmhouse cozy,boho blanket,gift for her,autumn blanket,living room throw,bedroom decor
Southwestern Diamond Pattern Woven Blanket | Aztec Navajo Throw,https://www.etsy.com/listing/4509296504/southwestern-diamond-pattern-woven,ElegantSilverDesigns,https://www.etsy.com/shop/ElegantSilverDesigns,80.00,0,0,0,0,0,1 Mo.,0,0,14,Home & Living,5,0,0.0,1,"woven blanket,southwestern decor,boho throw,aztec blanket,fringe throw,cozy home,rustic blanket,mountain cabin,camping blanket,living room decor,gift for her,bohemian throw,tribal pattern",woven blanket,southwestern decor,boho throw,aztec blanket,fringe throw,cozy home,rustic blanket,mountain cabin,camping blanket,living room decor,gift for her,bohemian throw,tribal pattern
Cottage core blanket Mallard duck Blanket Woven throw blanket Farmhouse Decor ducks Hunting cabin decor Cotton blanket Living room throws,https://www.etsy.com/listing/4464376104/cottage-core-blanket-mallard-duck,ArtaloveLYlab,https://www.etsy.com/shop/ArtaloveLYlab,132.98,0,0,0,0,0,4 Mo.,10,0,56,Home & Living,15,0,0.0,1676,"woven blanket,mallard duck blanket,woven throw gift,living room throw,cottagecore blanket,hunting blanket,hunting cabin decor,mothers day gift,cottagecore tapestry,rustic cabin decor,blanket for mom,tapestry blanket,grandma blanket",woven blanket,mallard duck blanket,woven throw gift,living room throw,cottagecore blanket,hunting blanket,hunting cabin decor,mothers day gift,cottagecore tapestry,rustic cabin decor,blanket for mom,tapestry blanket,grandma blanket
"Plaid Tartan Woven Blanket | Cozy Fringe Throw, Rustic Cabin Decor",https://www.etsy.com/listing/4401594905/plaid-tartan-woven-blanket-cozy-fringe,DRIPByArianna,https://www.etsy.com/shop/DRIPByArianna,0.65,0,0,0,0,0,1 Mo.,0,0,0,Home & Living,0,0,0.0,0,"woven blanket,plaid throw,cozy home,rustic decor,fringe blanket,cottagecore,autumn throw,living room,farmhouse decor,gift for mom,warm blanket,neutral plaid,housewarming",woven blanket,plaid throw,cozy home,rustic decor,fringe blanket,cottagecore,autumn throw,living room,farmhouse decor,gift for mom,warm blanket,neutral plaid,housewarming
Southwestern Aztec Diamond Woven Blanket | Native Pattern Throw,https://www.etsy.com/listing/4442351954/southwestern-aztec-diamond-woven-blanket,YeetstorePE,https://www.etsy.com/shop/YeetstorePE,81.80,0,0,0,0,0,1 Mo.,1,0,11,Home & Living,19,0,0.0,134,"woven blanket,southwest throw,boho blanket,tribal throw,aztec blanket,rustic home,cozy decor,living room,bed throw,gift for mom,camping blanket,neutral decor,bohemian rug",woven blanket,southwest throw,boho blanket,tribal throw,aztec blanket,rustic home,cozy decor,living room,bed throw,gift for mom,camping blanket,neutral decor,bohemian rug
Texas Rodeo Sherpa Fleece Blanket: Rustic Western Decor Throw &quot;Everything Is Bigger in Texas&quot;,https://www.etsy.com/listing/4366471071/texas-rodeo-sherpa-fleece-blanket-rustic,howdyrowkade,https://www.etsy.com/shop/howdyrowkade,65.00,0,0,0,0,0,4 Mo.,0,0,23,Home & Living,14,0,0.0,21,"cozy home decor,rodeo theme throw,warm comfort blanket,camping gear blanket,soft plush throw,unique wall decor,gift for her,gifts for him,rustic living room,seasonal home decor,bohemian blanket,picnic blanket,home accessories",cozy home decor,rodeo theme throw,warm comfort blanket,camping gear blanket,soft plush throw,unique wall decor,gift for her,gifts for him,rustic living room,seasonal home decor,bohemian blanket,picnic blanket,home accessories
Moonlit Forest Woven Blanket | Night Woods Tapestry Throw,https://www.etsy.com/listing/4414634247/moonlit-forest-woven-blanket-night-woods,MessyMindMarket,https://www.etsy.com/shop/MessyMindMarket,77.94,0,0,0,0,0,1 Mo.,0,0,2,Home & Living,1,0,0.0,0,"woven blanket,cozy throw,nature blanket,forest blanket,moonlit throw,dark decor,cottagecore decor,rustic throw,bedroom throw,living room decor,gift for her,housewarming gift,winter blanket",woven blanket,cozy throw,nature blanket,forest blanket,moonlit throw,dark decor,cottagecore decor,rustic throw,bedroom throw,living room decor,gift for her,housewarming gift,winter blanket
"Raven and roses Woven Blanket | Floral Bird Throw wall art Gothic Crow Throw, Bird Lover Gift",https://www.etsy.com/listing/4427060889/raven-and-roses-woven-blanket-floral,DREAMSdesignbyVale,https://www.etsy.com/shop/DREAMSdesignbyVale,49.52,0,0,0,0,0,1 Mo.,0,0,1,Home & Living,1,0,0.0,47,"woven blanket,bird throw,crow blanket,rose throw,floral blanket,gothic decor,boho blanket,living room decor,bedroom throw,rustic blanket,cotton blanket,gift,gift for her",woven blanket,bird throw,crow blanket,rose throw,floral blanket,gothic decor,boho blanket,living room decor,bedroom throw,rustic blanket,cotton blanket,gift,gift for her
"Morgan Wallen Fan Throw Blanket, Country Music Gift, Plush Bedding, Soft Couch Cover, Cozy Home Decor, Super Warm Blankie",https://www.etsy.com/listing/1802920858/morgan-wallen-fan-throw-blanket-country,taylormadeitsc,https://www.etsy.com/shop/taylormadeitsc,26.45,0,0,0,26,6,7 Mo.,19,1,1258,Home & Living,19,51,2.07,92,"velveteen plush,morgan wallen,fan gift,throw blanket,cozy home decor,country music,soft bedding,living room accent,warm winter gift,snuggle blanket,rustic charm,personalized throw,gift for her",velveteen plush,morgan wallen,fan gift,throw blanket,cozy home decor,country music,soft bedding,living room accent,warm winter gift,snuggle blanket,rustic charm,personalized throw,gift for her
"Floral Velveteen Blanket - Cozy Microfiber Throw, Perfect for Home Décor, Gift for Her, Living Room, Rustic Style, Spring Decor",https://www.etsy.com/listing/4327916259/floral-velveteen-blanket-cozy-microfiber,TheCNRCollection,https://www.etsy.com/shop/TheCNRCollection,57.14,0,0,0,0,0,4 Mo.,0,0,3,Home & Living,15,0,0.0,37,"floral blanket,cozy home decor,soft microfiber,gift for her,bedroom accessory,living room style,spring vibes decor,thoughtful gift,summer home,alternative bedding,home relaxation,boho style blanket,seasonal decor",floral blanket,cozy home decor,soft microfiber,gift for her,bedroom accessory,living room style,spring vibes decor,thoughtful gift,summer home,alternative bedding,home relaxation,boho style blanket,seasonal decor
Vintage Burgundy Toile Floral Woven Blanket,https://www.etsy.com/listing/4451498609/vintage-burgundy-toile-floral-woven,JagiBoutique,https://www.etsy.com/shop/JagiBoutique,48.64,0,0,0,0,0,2 Mo.,4,0,63,Home & Living,35,0,0.0,301,"woven blanket,floral throw,boho blanket,vintage throw,cozy bedroom,couch blanket,rustic decor,bohemian home,gift for her,housewarming gift,autumn decor,living room rug,fringe blanket",woven blanket,floral throw,boho blanket,vintage throw,cozy bedroom,couch blanket,rustic decor,bohemian home,gift for her,housewarming gift,autumn decor,living room rug,fringe blanket
"Forrester Hunting Muted Fleece Throw Blanket, Farmhouse Aesthetic Plaid Decorative Accent",https://www.etsy.com/listing/1774742370/forrester-hunting-muted-fleece-throw,ScottishCottageShop,https://www.etsy.com/shop/ScottishCottageShop,49.00,0,0,0,0,0,20 Mo.,0,0,10,Home & Living,60,0,0.0,910,"forrester tartan,rustic farmhouse,lake house decor,lodge home decor,plaid cottagecore,fleece throw blanket,minky blanket,bedroom decor,living room decor,decorative accent,new home gift,housewarming gift,gift for him",forrester tartan,rustic farmhouse,lake house decor,lodge home decor,plaid cottagecore,fleece throw blanket,minky blanket,bedroom decor,living room decor,decorative accent,new home gift,housewarming gift,gift for him
"Pumpkin Woven Blanket | 100% Cotton Fall Throw, Cozy Harvest Farmhouse Decor",https://www.etsy.com/listing/4397068059/pumpkin-woven-blanket-100-cotton-fall,WovelyArt,https://www.etsy.com/shop/WovelyArt,56.00,0,0,0,0,0,6 Mo.,0,0,0,Home & Living,6,0,0.0,12,"woven blanket,cotton throw,pumpkin throw,fall throw,farmhouse decor,harvest decor,living room throw,cozy farmhouse,gift for mom,housewarming gift,cottagecore,rustic aesthetic,autumn decor",woven blanket,cotton throw,pumpkin throw,fall throw,farmhouse decor,harvest decor,living room throw,cozy farmhouse,gift for mom,housewarming gift,cottagecore,rustic aesthetic,autumn decor
Blue Toile de Jouy Birds Woven Blanket | Reversible Botanical Tapestry Cottagecore Decor,https://www.etsy.com/listing/4460674672/vintage-blue-toile-de-jouy-birds-woven,SaraBloom10,https://www.etsy.com/shop/SaraBloom10,66.62,0,0,0,0,0,3 Mo.,0,0,4,Home & Living,3,0,0.0,0,"woven blanket,cozy throw,boho blanket,textured throw,living room,bedroom decor,neutral decor,farmhouse decor,gift for mom,housewarming,winter blanket,sofa throw,rustic throw",woven blanket,cozy throw,boho blanket,textured throw,living room,bedroom decor,neutral decor,farmhouse decor,gift for mom,housewarming,winter blanket,sofa throw,rustic throw
Blossoming Cherry Branch Woven Blanket | Floral Tapestry Throw,https://www.etsy.com/listing/4495286494/blossoming-cherry-branch-woven-blanket,ShizukaPrintStudio,https://www.etsy.com/shop/ShizukaPrintStudio,80.41,0,0,0,0,0,1 Mo.,0,0,23,Home & Living,5,0,0.0,33,"woven blanket,throw blanket,boho throw,cozy decor,tree blanket,nature throw,living room,cottagecore,gift for her,housewarming,autumn decor,rustic throw,bohemian rug",woven blanket,throw blanket,boho throw,cozy decor,tree blanket,nature throw,living room,cottagecore,gift for her,housewarming,autumn decor,rustic throw,bohemian rug
Vintage Pitbull Duo Woven Blanket Retro Dog Tapestry Throw Pit Bulls ice skating Christmas Housewarming Gift for Her Mothers Day,https://www.etsy.com/listing/4402066120/vintage-pitbull-duo-woven-blanket-retro,YourHearthAndHome,https://www.etsy.com/shop/YourHearthAndHome,69.95,0,0,0,0,0,6 Mo.,1,0,28,Home & Living,7,0,0.0,50,"woven blanket,throw blanket,cozy throw,farmhouse decor,dog blanket,rustic throw,vintage blanket,pet lover gift,country home,holiday gift,living room decor,gift for pit lover,customize with name",woven blanket,throw blanket,cozy throw,farmhouse decor,dog blanket,rustic throw,vintage blanket,pet lover gift,country home,holiday gift,living room decor,gift for pit lover,customize with name
"Cozy Martini Velveteen Blanket | Soft Decorative Throw, Ideal Gift for Home, Holidays, Snuggle Essentials, Cozy Living Decor, Cocktails",https://www.etsy.com/listing/4396062574/cozy-martini-velveteen-blanket-soft,GlimmersandGleams,https://www.etsy.com/shop/GlimmersandGleams,20.92,0,0,0,0,0,4 Mo.,0,0,9,Home & Living,7,0,0.0,97,"cozy plush blanket,soft velveteen throw,home decor blanket,gift for her,warm winter throw,living room cozy,snuggle blanket gift,holiday gift blanket,bohemian decor throw,kids plush blanket,rustic style blanket,martini blanket,cocktail blanket",cozy plush blanket,soft velveteen throw,home decor blanket,gift for her,warm winter throw,living room cozy,snuggle blanket gift,holiday gift blanket,bohemian decor throw,kids plush blanket,rustic style blanket,martini blanket,cocktail blanket
"Woodland Animal Fleece Throw Blanket, Fall Decor",https://www.etsy.com/listing/4395107149/woodland-animal-fleece-throw-blanket,DigitalBugie,https://www.etsy.com/shop/DigitalBugie,43.72,0,0,0,0,0,1 Mo.,0,0,0,Home & Living,30,0,0.0,159,"cozy fleece blanket,warm throw blanket,forest animal decor,nature inspired gift,home cozy decor,gift for her,rustic living room,camping blanket,autumn vibes throw,family movie night,animal lovers gift,bohemian home decor,holiday gift idea",cozy fleece blanket,warm throw blanket,forest animal decor,nature inspired gift,home cozy decor,gift for her,rustic living room,camping blanket,autumn vibes throw,family movie night,animal lovers gift,bohemian home decor,holiday gift idea
Dark Floral Damask Woven Throw Blanket | Vintage Gothmas Holiday Scroll Pattern,https://www.etsy.com/listing/4415178906/dark-floral-damask-woven-throw-blanket,CottonCutCo,https://www.etsy.com/shop/CottonCutCo,106.68,0,0,0,0,0,1 Mo.,0,0,10,Home & Living,28,0,0.0,1329,"woven blanket,cozy throw,dark floral,vintage home,living room,bedroom decor,gift for her,housewarming,holiday gift,rustic throw,textured throw,gothmas,dark christmas",woven blanket,cozy throw,dark floral,vintage home,living room,bedroom decor,gift for her,housewarming,holiday gift,rustic throw,textured throw,gothmas,dark christmas
Patchwork Farmhouse Throw Blanket Velveteen Plush Blanket,https://www.etsy.com/listing/4414853708/patchwork-farmhouse-throw-blanket,SLTMDesigns,https://www.etsy.com/shop/SLTMDesigns,45.00,0,0,0,0,0,6 Mo.,0,0,20,Home & Living,56,0,0.0,351,"plush throw,velveteen blanket,patchwork blanket,farmhouse throw,cozy farmhouse,soft throw blanket,neutral home decor,rustic living room,cottage blanket,bedroom throw decor,throw for couch,country style decor,warm snuggle blanket",plush throw,velveteen blanket,patchwork blanket,farmhouse throw,cozy farmhouse,soft throw blanket,neutral home decor,rustic living room,cottage blanket,bedroom throw decor,throw for couch,country style decor,warm snuggle blanket
Vintage Floral Kilim Pattern Velveteen Plush Blanket | Boho Southwestern Throw,https://www.etsy.com/listing/4462732958/vintage-floral-kilim-pattern-velveteen,GlobalPatternTotes,https://www.etsy.com/shop/GlobalPatternTotes,41.99,0,0,0,0,0,3 Mo.,0,0,0,Home & Living,3,0,0.0,1,"plush blanket,velveteen throw,boho blanket,cozy home,rustic decor,fall blanket,floral throw,soft throw,living room,gift for her,cottagecore,bedroom decor,housewarming",plush blanket,velveteen throw,boho blanket,cozy home,rustic decor,fall blanket,floral throw,soft throw,living room,gift for her,cottagecore,bedroom decor,housewarming
Vintage Mushroom Pattern Woven Blanket | Cottagecore Tapestry Throw. Personalized Grandma blanket. Present,https://www.etsy.com/listing/4452090407/vintage-mushroom-pattern-woven-blanket,Chacache,https://www.etsy.com/shop/Chacache,68.44,0,0,0,0,0,3 Mo.,0,0,4,Home & Living,4,0,0.0,2,"woven blanket,cozy throw,boho blanket,cottagecore decor,vintage throw,rustic home,camping blanket,neutral decor,textured throw,gift for her,housewarming gift,bedroom blanket,living room rug",woven blanket,cozy throw,boho blanket,cottagecore decor,vintage throw,rustic home,camping blanket,neutral decor,textured throw,gift for her,housewarming gift,bedroom blanket,living room rug
Cowboy Hats and Lariats Velveteen Plush Blanket | Western Rodeo Stars,https://www.etsy.com/listing/4513972925/cowboy-hats-and-lariats-velveteen-plush,BusyBeazCreations,https://www.etsy.com/shop/BusyBeazCreations,25.99,0,0,0,0,0,1 Mo.,0,0,0,Home & Living,203,0,0.0,1228,"plush blanket,cowboy blanket,western throw,velveteen throw,soft throw,cozy blanket,country decor,rustic blanket,gift for her,gift for him,living room throw,bedroom blanket,farmhouse gift",plush blanket,cowboy blanket,western throw,velveteen throw,soft throw,cozy blanket,country decor,rustic blanket,gift for her,gift for him,living room throw,bedroom blanket,farmhouse gift
"Cozy Farmhouse Sherpa Fleece Blanket - Bird & Floral Throw, Nature-Inspired Decor, 3 Sizes",https://www.etsy.com/listing/4372068633/cozy-farmhouse-sherpa-fleece-blanket,SuegumSuegum,https://www.etsy.com/shop/SuegumSuegum,49.73,0,0,0,0,0,5 Mo.,1,0,23,Home & Living,36,0,0.0,140,"farmhouse sherpa,bird floral throw,cozy fleece blanket,nature decor gift,rustic home accent,sherpa throw soft,brown beige print,cottagecore decor,polyester blanket,warm cozy throw,living room throw,gift for home,elegant bird art",farmhouse sherpa,bird floral throw,cozy fleece blanket,nature decor gift,rustic home accent,sherpa throw soft,brown beige print,cottagecore decor,polyester blanket,warm cozy throw,living room throw,gift for home,elegant bird art
"Woven Southwestern Throw Blanket, Rust Black Aztec, Boho Fringe",https://www.etsy.com/listing/4432131783/southwestern-woven-throw-blanket-rust,KansoLiving,https://www.etsy.com/shop/KansoLiving,119.94,0,0,0,0,0,5 Mo.,7,0,198,Home & Living,5,0,0.0,4,"southwestern throw,aztec blanket,tribal home decor,rust and black,boho bedspread,woven tapestry,kilim rug style,geometric pattern,ethnic couch cover,fall home decor,cozy living room,gift for her,rustic farmhouse",southwestern throw,aztec blanket,tribal home decor,rust and black,boho bedspread,woven tapestry,kilim rug style,geometric pattern,ethnic couch cover,fall home decor,cozy living room,gift for her,rustic farmhouse
"Rustic Colorado Fleece Sherpa Blanket - Cozy Western Pattern Throw Blanket, Gift for New Homeowner, Cabin, Winter Night, Bedroom Accent",https://www.etsy.com/listing/4389413980/rustic-colorado-fleece-sherpa-blanket,HomeDecorTraditions,https://www.etsy.com/shop/HomeDecorTraditions,50.00,0,0,0,0,0,7 Mo.,0,0,2,Home & Living,40,0,0.0,1576,"southwestern blanket,cozy fleece throw,rustic home decor,mountain cabin throw,living room accent,gift for homeowner,housewarming present,christmas gift idea,cozy winter nights,rustic cabin chic,western home decor,hygge inspired gift,colorado arizona dec",southwestern blanket,cozy fleece throw,rustic home decor,mountain cabin throw,living room accent,gift for homeowner,housewarming present,christmas gift idea,cozy winter nights,rustic cabin chic,western home decor,hygge inspired gift,colorado arizona dec
"Floral Velveteen Plush Blanket: Cozy Throw, Decorative Home Gift",https://www.etsy.com/listing/4351033659/floral-velveteen-plush-blanket-cozy,TheRoyalGlamourShop,https://www.etsy.com/shop/TheRoyalGlamourShop,34.99,0,0,0,0,0,9 Mo.,0,0,15,Home & Living,17,0,0.0,87,"plush blanket,cozy home decor,gift for her,floral blanket,soft throw blanket,wedding gift idea,home accessories,living room decor,bedtime comfort,rustic chic style,holiday cozy,floral design,cozy bed blanket",plush blanket,cozy home decor,gift for her,floral blanket,soft throw blanket,wedding gift idea,home accessories,living room decor,bedtime comfort,rustic chic style,holiday cozy,floral design,cozy bed blanket
"Vintage Floral Woven Blanket: Cottagecore Sofa Throw, Home Decor Accent",https://www.etsy.com/listing/4342950674/vintage-floral-woven-blanket-cottagecore,HirsuteHome,https://www.etsy.com/shop/HirsuteHome,65.72,0,0,0,0,0,10 Mo.,0,0,9,Home & Living,11,0,0.0,60,"vintage floral,antique flower,woven throw,cottagecore blanket,sofa accent,bohemian home decor,cozy living room,rustic interior,gift for mom,mother's day present,birthday gift,christmas present,housewarming gift",vintage floral,antique flower,woven throw,cottagecore blanket,sofa accent,bohemian home decor,cozy living room,rustic interior,gift for mom,mother's day present,birthday gift,christmas present,housewarming gift
Christmas Tree Woven Blanket For Home Decor Cozy Holiday Throw For Bedroom Living Room And Cabin Rustic Green Pine Pattern Christmas Gift,https://www.etsy.com/listing/4403328431/christmas-tree-woven-blanket-for-home,TheCozyyCabinett,https://www.etsy.com/shop/TheCozyyCabinett,117.54,0,0,0,0,0,6 Mo.,0,0,1,Home & Living,23,0,0.0,375,"woven fringe blanket,cotton throw,cozy throw blanket,christmas,christmas gift,christmas blanket,christmas trees,cozy white blanket,white christmas,christmas tree decor,christmas tapestry,winter decor,winter tapestry",woven fringe blanket,cotton throw,cozy throw blanket,christmas,christmas gift,christmas blanket,christmas trees,cozy white blanket,white christmas,christmas tree decor,christmas tapestry,winter decor,winter tapestry
"Custom Pet Photo Woven Blanket, Personalized Dog Cat Memorial Gift",https://www.etsy.com/listing/4476811933/custom-pet-photo-woven-blanket,FrenchieCompanions,https://www.etsy.com/shop/FrenchieCompanions,56.99,0,0,0,0,0,1 Mo.,0,0,0,Home & Living,35,0,0.0,0,"woven blanket,animal throw,cozy throw,rustic blanket,farmhouse decor,woodland decor,gift for mom,living room rug,cottagecore gift,autumn blanket,holiday gift,snuggle blanket,boho throw",woven blanket,animal throw,cozy throw,rustic blanket,farmhouse decor,woodland decor,gift for mom,living room rug,cottagecore gift,autumn blanket,holiday gift,snuggle blanket,boho throw
"Woodland Pets blanket | Dog, Bunny, Cat tapestry woven throw",https://www.etsy.com/listing/4489176639/woodland-pets-blanket-dog-bunny-cat,LunaGoldStudioDesign,https://www.etsy.com/shop/LunaGoldStudioDesign,58.43,0,0,0,0,0,1 Mo.,0,0,0,Home & Living,0,0,0.0,0,"woven blanket,animal throw,pet blanket,boho blanket,cozy throw,living room throw,woodland decor,gift for pet,housewarming gift,boho home,rustic throw,spring decor,easter gift",woven blanket,animal throw,pet blanket,boho blanket,cozy throw,living room throw,woodland decor,gift for pet,housewarming gift,boho home,rustic throw,spring decor,easter gift
Mountain Bear Landscape Woven Blanket | Wildlife Nature Tapestry Throw,https://www.etsy.com/listing/4461112348/mountain-bear-landscape-woven-blanket,MintPoppyMarket,https://www.etsy.com/shop/MintPoppyMarket,56.99,0,0,0,0,0,3 Mo.,0,0,0,Home & Living,5,0,0.0,2,"woven blanket,bear blanket,wildlife throw,nature throw,rustic decor,cabin decor,outdoor gift,mountain blanket,camping blanket,animal tapestry,cozy throw,living room throw,gift for him",woven blanket,bear blanket,wildlife throw,nature throw,rustic decor,cabin decor,outdoor gift,mountain blanket,camping blanket,animal tapestry,cozy throw,living room throw,gift for him
Floral Fireflies Mason Jar Woven Blanket | Floral Nightlight Throw,https://www.etsy.com/listing/4494675200/floral-fireflies-mason-jar-woven-blanket,ValleyGirlDezign,https://www.etsy.com/shop/ValleyGirlDezign,55.00,0,0,0,0,0,1 Mo.,0,0,1,Home & Living,5,0,0.0,201,"woven blanket,mason jar decor,rustic throw,farmhouse blanket,cozy home decor,floral throw,boho blanket,picnic blanket,neutral throw,gift for her,country living,living room throw,country cottage",woven blanket,mason jar decor,rustic throw,farmhouse blanket,cozy home decor,floral throw,boho blanket,picnic blanket,neutral throw,gift for her,country living,living room throw,country cottage
Abstract Topographic Swirl Woven Blanket | Earth Tone Contour Throw,https://www.etsy.com/listing/4445691615/abstract-topographic-swirl-woven-blanket,NovaLaneVibe,https://www.etsy.com/shop/NovaLaneVibe,58.43,0,0,0,0,0,4 Mo.,0,0,9,Home & Living,4,0,0.0,2,"woven blanket,boho blanket,earth tone throw,cozy living room,bohemian decor,modern tapestry,gift for her,housewarming gift,bedroom decor,marble pattern,rustic throw,throw blanket,blanket",woven blanket,boho blanket,earth tone throw,cozy living room,bohemian decor,modern tapestry,gift for her,housewarming gift,bedroom decor,marble pattern,rustic throw,throw blanket,blanket
Folk Art Horse Sherpa Fleece Blanket: Bohemian Rustic Decor,https://www.etsy.com/listing/4446116316/sherpa-fleece-blanket-folk-art-horse,AtakanBerkAY,https://www.etsy.com/shop/AtakanBerkAY,143.41,0,0,0,0,0,4 Mo.,0,0,1,Home & Living,5,0,0.0,12,"folk art horse,bohemian horse decor,rustic horse throw,equestrian blanket,pixel art horse,unique home decor,gift for horse lover,cozy living room,navy blue orange,intricate pattern,folk,art,equestrian",folk art horse,bohemian horse decor,rustic horse throw,equestrian blanket,pixel art horse,unique home decor,gift for horse lover,cozy living room,navy blue orange,intricate pattern,folk,art,equestrian
Vintage Floral Bouquet Woven Blanket %100 Cotton,https://www.etsy.com/listing/4472406358/vintage-floral-bouquet-woven-blanket-100,LuneroHome,https://www.etsy.com/shop/LuneroHome,58.43,0,0,0,0,0,2 Mo.,0,0,2,Home & Living,3,0,0.0,3,"woven blanket,boho blanket,cozy throw,bedroom decor,living room,plant motif,rustic home,gift for her,housewarming gift,autumn decor,teal and rust,textured throw,blanket",woven blanket,boho blanket,cozy throw,bedroom decor,living room,plant motif,rustic home,gift for her,housewarming gift,autumn decor,teal and rust,textured throw,blanket
Life is Better in the Country Velveteen Plush Blanket | Cottage Farmhouse Throw,https://www.etsy.com/listing/4477753907/life-is-better-in-the-country-velveteen,WhipsCreations,https://www.etsy.com/shop/WhipsCreations,35.60,0,0,0,0,0,2 Mo.,0,0,0,Home & Living,63,0,0.0,4,"plush blanket,country blanket,farmhouse decor,cozy throw,cottagecore gift,velveteen throw,rustic home,country cottage,soft blanket,living room decor,housewarming gift,bedroom throw,gift for her",plush blanket,country blanket,farmhouse decor,cozy throw,cottagecore gift,velveteen throw,rustic home,country cottage,soft blanket,living room decor,housewarming gift,bedroom throw,gift for her
"Cow Horse Floral Sherpa Blanket, Farmhouse Throw",https://www.etsy.com/listing/1903285625/cow-horse-floral-sherpa-blanket,USGritDesigns,https://www.etsy.com/shop/USGritDesigns,53.71,0,0,0,0,0,13 Mo.,1,0,25,Home & Living,15,0,0.0,33,"farmhouse decor,western home,cozy gift,country living,rustic blanket,horse lover,barn chic,floral design,sherpa throw,soft and warm,bedroom accent,living room decor,gift for her",farmhouse decor,western home,cozy gift,country living,rustic blanket,horse lover,barn chic,floral design,sherpa throw,soft and warm,bedroom accent,living room decor,gift for her
"Vintage Patchwork Floral Woven Blanket | Plaid, Houndstooth, Floral Throw",https://www.etsy.com/listing/4442400245/vintage-patchwork-floral-woven-blanket,AmericanaHomeCo,https://www.etsy.com/shop/AmericanaHomeCo,65.70,0,0,0,0,0,4 Mo.,1,0,4,Home & Living,26,0,0.0,5,"woven blanket,cozy throw,boho blanket,country decor,farmhouse throw,plaid woven,rustic blanket,living room throw,gift for mom,housewarming gift,cottagecore rug,neutral throw,bedroom decor",woven blanket,cozy throw,boho blanket,country decor,farmhouse throw,plaid woven,rustic blanket,living room throw,gift for mom,housewarming gift,cottagecore rug,neutral throw,bedroom decor
"Shabby Chic Floral Throw Blanket, French Cottage Style",https://www.etsy.com/listing/1845348922/shabby-chic-floral-throw-blanket-french,SophDHomeScents,https://www.etsy.com/shop/SophDHomeScents,64.99,0,0,0,0,0,16 Mo.,31,0,928,Home & Living,17,25,0.0,75,"shabby chic,cozy home decor,gift for her,living room decor,winter blanket,farmhouse style,warm and cozy,rustic home decor,housewarming gift,couch throw blanket,unique gift idea,vintage style,textile art",shabby chic,cozy home decor,gift for her,living room decor,winter blanket,farmhouse style,warm and cozy,rustic home decor,housewarming gift,couch throw blanket,unique gift idea,vintage style,textile art
"Vintage Floral Rose Woven Blanket | Tapestry Throw, Cottagecore Decor",https://www.etsy.com/listing/4499639629/vintage-floral-rose-woven-blanket,AmorieDesign,https://www.etsy.com/shop/AmorieDesign,91.99,0,0,0,0,0,1 Mo.,1,0,3,Home & Living,7,0,0.0,0,"woven blanket,floral throw,vintage decor,cottagecore,shabby chic,cozy home,bedroom throw,living room,gift for her,bride gift,spring decor,mother's day,rustic throw",woven blanket,floral throw,vintage decor,cottagecore,shabby chic,cozy home,bedroom throw,living room,gift for her,bride gift,spring decor,mother's day,rustic throw
"Deer Woven Blanket Throw, Rustic Cabin Decor, Woodland Animal Tapestry, Cozy Cottagecore Sofa Blanket, Nature Lover Gift",https://www.etsy.com/listing/4476113718/deer-woven-blanket-throw-rustic-cabin,PoplarOriginalDesign,https://www.etsy.com/shop/PoplarOriginalDesign,91.98,0,0,0,0,0,2 Mo.,0,0,1,Home & Living,30,0,0.0,23,"deer hunter,outdoor enthusiast,big buck,woven blanket,cabin decor,wildlife lover,rustic home,hunting season,cozy throw,nature inspired,camping trip,gift for him,living room decor",deer hunter,outdoor enthusiast,big buck,woven blanket,cabin decor,wildlife lover,rustic home,hunting season,cozy throw,nature inspired,camping trip,gift for him,living room decor
"Highland Cow Blanket, Cozy Farmhouse Throw, Rustic Cow Lover Gift, Boho Highland Cattle Blanket for Bedroom or Living Room Décor",https://www.etsy.com/listing/4434375495/highland-cow-blanket-cozy-farmhouse,GSFabricArts,https://www.etsy.com/shop/GSFabricArts,35.28,0,0,0,0,0,4 Mo.,1,0,11,Home & Living,63,0,0.0,8249,"plush blanket,cozy home,soft throw,animal print,highland cow,farmhouse decor,gift for her,living room,winter warmth,couch accessory,snuggle blanket,highland cow blanket,highland cattle",plush blanket,cozy home,soft throw,animal print,highland cow,farmhouse decor,gift for her,living room,winter warmth,couch accessory,snuggle blanket,highland cow blanket,highland cattle
Floral Woven Blanket: Whimsical Cottagecore Cotton Bedspread,https://www.etsy.com/listing/1867948909/floral-woven-blanket-whimsical,ArtStudio905,https://www.etsy.com/shop/ArtStudio905,89.99,0,0,0,0,0,15 Mo.,12,0,89,Home & Living,41,0,0.0,1610,"floral blanket,cottagecore decor,gift for her,living room accent,botanical design,nature inspired,hygge style,country chic,rustic home decor,housewarming gift,butterfly blanket,folk art blanket,cottagecore throw",floral blanket,cottagecore decor,gift for her,living room accent,botanical design,nature inspired,hygge style,country chic,rustic home decor,housewarming gift,butterfly blanket,folk art blanket,cottagecore throw
Cowboy Boots and Horseshoe Woven Blanket | Western Rodeo Throw,https://www.etsy.com/listing/4506979842/cowboy-boots-and-horseshoe-woven-blanket,HorseAndHoodie,https://www.etsy.com/shop/HorseAndHoodie,46.54,0,0,0,0,0,1 Mo.,0,0,1,Home & Living,6,0,0.0,1,"woven blanket,cowboy blanket,farmhouse decor,rustic throw,western blanket,cozy throw,country home,gift for dad,living room throw,cow print decor,horse lover gift,neutral blanket,outdoor blanket",woven blanket,cowboy blanket,farmhouse decor,rustic throw,western blanket,cozy throw,country home,gift for dad,living room throw,cow print decor,horse lover gift,neutral blanket,outdoor blanket
Anchor Blanket Nautical Themed Woven Blanket Cozy Maritime Decor Perfect for Nautical Lovers Coastal Home Gift for Sailors Beach House Throw,https://www.etsy.com/listing/1890006504/anchor-blanket-nautical-themed-woven,fableandfernthreads,https://www.etsy.com/shop/fableandfernthreads,67.39,0,0,0,0,0,14 Mo.,2,0,72,Home & Living,59,0,0.0,894,"nautical blanket,cozy decor,home textile,gift for sailors,beach vibes throw,warm living room,ocean themed,camping blanket,indoor comfort,throw for sofa,rustic home,anchor design,anchor decor",nautical blanket,cozy decor,home textile,gift for sailors,beach vibes throw,warm living room,ocean themed,camping blanket,indoor comfort,throw for sofa,rustic home,anchor design,anchor decor
Cowboy Cat Woven Blanket | Southwestern Desert Cactus Tapestry Throw,https://www.etsy.com/listing/4520771231/cowboy-cat-woven-blanket-southwestern,RANOVISDesign,https://www.etsy.com/shop/RANOVISDesign,67.50,0,0,0,0,0,1 Mo.,0,0,0,Home & Living,0,0,0.0,0,"woven blanket,cowboy blanket,desert throw,cat blanket,western decor,boho throw,southwest style,bohemian blanket,cozy living room,gift for cat lover,western farmhouse,rustic home decor,warm throw blanket",woven blanket,cowboy blanket,desert throw,cat blanket,western decor,boho throw,southwest style,bohemian blanket,cozy living room,gift for cat lover,western farmhouse,rustic home decor,warm throw blanket
Running Horse Tapestry Woven Blanket | Southwestern Mosaic Desert Rider,https://www.etsy.com/listing/4520843004/running-horse-tapestry-woven-blanket,RANOVISDesign,https://www.etsy.com/shop/RANOVISDesign,65.84,0,0,0,0,0,1 Mo.,0,0,0,Home & Living,0,0,0.0,0,"woven blanket,horse blanket,western decor,boho throw,rustic home,equestrian gift,living room,cozy throw,bedroom decor,farmhouse art,gifts for her,gifts for him,holiday gift",woven blanket,horse blanket,western decor,boho throw,rustic home,equestrian gift,living room,cozy throw,bedroom decor,farmhouse art,gifts for her,gifts for him,holiday gift
"Nordic Star Pattern Woven Blanket | Geometric Throw, Rustic Cabin Decor",https://www.etsy.com/listing/4408308104/nordic-star-pattern-woven-blanket,GraphiteStudioStore,https://www.etsy.com/shop/GraphiteStudioStore,49.75,0,0,0,0,0,4 Mo.,0,0,1,Home & Living,4,0,0.0,0,"woven blanket,boho throw,cozy blanket,fringe throw,geometric throw,rustic decor,cottage blanket,neutral throw,vintage blanket,earthy home,living room throw,bedroom blanket,gift for mom",woven blanket,boho throw,cozy blanket,fringe throw,geometric throw,rustic decor,cottage blanket,neutral throw,vintage blanket,earthy home,living room throw,bedroom blanket,gift for mom
"Rustic Heart Woven Blanket – Cozy Cottageccore Throw, Soft Earth-Tone Patchwork Design, Valentine & Home Decor Gift",https://www.etsy.com/listing/4435901716/rustic-heart-woven-blanket-cozy,SwanbyDesigns,https://www.etsy.com/shop/SwanbyDesigns,76.18,0,0,0,0,0,1 Mo.,1,0,7,Home & Living,4,0,0.0,0,"woven blanket,cozy throw,heart pattern,vintage blanket,boho decor,throw blanket,cottagecore,bedroom decor,living room throw,gift for her,housewarming,valentine gift,rustic blanket",woven blanket,cozy throw,heart pattern,vintage blanket,boho decor,throw blanket,cottagecore,bedroom decor,living room throw,gift for her,housewarming,valentine gift,rustic blanket
"Southwestern Diamond Pattern Woven Blanket | Aztec Throw, Boho Navajo Style",https://www.etsy.com/listing/4442348099/southwestern-diamond-pattern-woven,YeetstorePE,https://www.etsy.com/shop/YeetstorePE,81.80,0,0,0,0,0,1 Mo.,0,0,8,Home & Living,19,0,0.0,134,"woven blanket,southwest throw,boho blanket,tribal throw,fringe blanket,cozy home,bohemian decor,living room rug,cottagecore gift,camping blanket,gift for her,neutral throw,rustic decor",woven blanket,southwest throw,boho blanket,tribal throw,fringe blanket,cozy home,bohemian decor,living room rug,cottagecore gift,camping blanket,gift for her,neutral throw,rustic decor
"Vintage Persian Floral Woven Blanket | Tapestry Throw, Boho Decor",https://www.etsy.com/listing/4455050532/vintage-persian-floral-woven-blanket,StarrgirllCo,https://www.etsy.com/shop/StarrgirllCo,56.99,0,0,0,0,0,3 Mo.,0,0,9,Home & Living,4,0,0.0,1,"woven blanket,vintage throw,boho throw,mediterranean rug,home decor,cozy blanket,fringe blanket,bohemian decor,living room,throw blanket,gift for mom,housewarming gift,rustic decor",woven blanket,vintage throw,boho throw,mediterranean rug,home decor,cozy blanket,fringe blanket,bohemian decor,living room,throw blanket,gift for mom,housewarming gift,rustic decor
"Green Scottish Plaid Fleece Sherpa Blanket - Cozy Plaid Pattern Throw Blanket, Gift for New Homeowner, Cabin, Winter Nights, Bedroom Accents",https://www.etsy.com/listing/4378395254/green-scottish-plaid-fleece-sherpa,HomeDecorTraditions,https://www.etsy.com/shop/HomeDecorTraditions,50.00,0,0,0,0,0,8 Mo.,0,0,18,Home & Living,40,0,0.0,1576,"green plaid blanket,cozy fleece throw,sherpa blanket,scottish plaid decor,home cozy gift,warm plaid bedding,living room throw,bedroom decor,christmas gift idea,tartan plaid design,soft cozy blanket,rustic home decor,gift for her",green plaid blanket,cozy fleece throw,sherpa blanket,scottish plaid decor,home cozy gift,warm plaid bedding,living room throw,bedroom decor,christmas gift idea,tartan plaid design,soft cozy blanket,rustic home decor,gift for her
"Rustic Tribal Fleece Sherpa Blanket - Cozy Southwestern Pattern Throw Blanket, Gift for New Homeowner, Cabin, Winter Night, Bedroom Accent",https://www.etsy.com/listing/4391065106/rustic-tribal-fleece-sherpa-blanket-cozy,HomeDecorTraditions,https://www.etsy.com/shop/HomeDecorTraditions,50.00,0,0,0,0,0,7 Mo.,0,0,3,Home & Living,40,0,0.0,1576,"southwestern blanket,tribal throw,cozy home decor,rustic bedding,soft sherpa blanket,boho living room,winter warmth,patterned bed cover,gift for her,housewarming present,unique accent piece,cabin cozy vibes,christmas gift idea",southwestern blanket,tribal throw,cozy home decor,rustic bedding,soft sherpa blanket,boho living room,winter warmth,patterned bed cover,gift for her,housewarming present,unique accent piece,cabin cozy vibes,christmas gift idea
Sunrise Waves Woven Blanket | Coastal Boho Throw,https://www.etsy.com/listing/4501889261/sunrise-waves-woven-blanket-coastal-boho,ALLYAhYah,https://www.etsy.com/shop/ALLYAhYah,63.71,0,0,0,0,0,1 Mo.,0,0,0,Home & Living,6,0,0.0,4,"woven blanket,sun wave blanket,boho woven,cozy throw,beach blanket,sunrise throw,boho decor,coastal throw,rustic blanket,living room throw,gift for surfer,summer blanket,modern boho",woven blanket,sun wave blanket,boho woven,cozy throw,beach blanket,sunrise throw,boho decor,coastal throw,rustic blanket,living room throw,gift for surfer,summer blanket,modern boho
Watercolor Floral Fleece Blanket – Cozy Boho Throw for Bedroom or Living Room – Romantic Gift for Her or Mom,https://www.etsy.com/listing/4368276686/watercolor-floral-fleece-blanket-cozy,Magiadosnomes,https://www.etsy.com/shop/Magiadosnomes,69.55,0,0,0,0,0,8 Mo.,0,0,3,Home & Living,10,0,0.0,10,"floral blanket,boho throw,cozy fleece blanket,soft throw blanket,watercolor flowers,pastel home decor,cottagecore blanket,rustic chic decor,elegant floral design,gift for her,gift for mom,romantic blanket,living room throw",floral blanket,boho throw,cozy fleece blanket,soft throw blanket,watercolor flowers,pastel home decor,cottagecore blanket,rustic chic decor,elegant floral design,gift for her,gift for mom,romantic blanket,living room throw
Vintage Mountain Landscape Woven Blanket | Scenic Fantasy Tapestry Throw,https://www.etsy.com/listing/4456514273/vintage-mountain-landscape-woven-blanket,QuietLightBoutique,https://www.etsy.com/shop/QuietLightBoutique,63.97,0,0,0,0,0,3 Mo.,0,0,0,Home & Living,10,0,0.0,1,"woven blanket,landscape throw,mountain throw,cozy home,cabin decor,rustic blanket,throw blanket,scenic decor,gift for hikers,camping blanket,outdoor throw,living room,fantasy landscape",woven blanket,landscape throw,mountain throw,cozy home,cabin decor,rustic blanket,throw blanket,scenic decor,gift for hikers,camping blanket,outdoor throw,living room,fantasy landscape
Vintage Mustang Car Lover Mens Enthusiast Gift Woven Blanket | Farm Animal Throw,https://www.etsy.com/listing/4475346454/vintage-mustang-car-lover-mens,OTMStudios,https://www.etsy.com/shop/OTMStudios,62.80,0,0,0,0,0,2 Mo.,0,0,7,Home & Living,3,0,0.0,1,"woven blanket,cozy throw,rustic blanket,living room throw,boho blanket,gift for her,housewarming gift,winter blanket,soft woven,car enthusiast,mustang,car lover,car blanket",woven blanket,cozy throw,rustic blanket,living room throw,boho blanket,gift for her,housewarming gift,winter blanket,soft woven,car enthusiast,mustang,car lover,car blanket
"Cozy Nature Print Plush Fleece Blanket, Soft Throw Blanket, Floral Home Decor, Gift for Her, Comfortable Sofa Accent",https://www.etsy.com/listing/1859975684/cozy-nature-print-plush-fleece-blanket,ExclusiveDesignHub,https://www.etsy.com/shop/ExclusiveDesignHub,24.04,0,0,0,0,0,1 Mo.,0,0,0,Home & Living,13,0,0.0,0,"cozy home decor,boho fleece blanket,floral throw blanket,nature inspired,soft plush blanket,gift for her,living room comfort,warm winter blanket,housewarming gift,modern rustic decor,bedtime comforts,floral home textiles,eco friendly blanket",cozy home decor,boho fleece blanket,floral throw blanket,nature inspired,soft plush blanket,gift for her,living room comfort,warm winter blanket,housewarming gift,modern rustic decor,bedtime comforts,floral home textiles,eco friendly blanket
"Abstract Animal Print Blanket, Cozy Throw for Home, Soothing Nights, Classy Decor",https://www.etsy.com/listing/1873625498/abstract-animal-print-blanket-cozy-throw,RMSELLZ,https://www.etsy.com/shop/RMSELLZ,36.14,0,0,0,0,0,1 Mo.,0,0,0,Home & Living,10,0,0.0,39,"cozy home blanket,warm soft blanket,living room decor,nature inspired,giraffe print throw,rustic home decor,modern throw blanket,gift for baby,lounge comfort,comfort blanket,classy vibe",cozy home blanket,warm soft blanket,living room decor,nature inspired,giraffe print throw,rustic home decor,modern throw blanket,gift for baby,lounge comfort,comfort blanket,classy vibe,--,--
"Cozy Critterberry Plush Blanket, Farmhouse Decor, Pet Lovers Gift, Farmhouse Coziness, Animal Print, Holiday Gift",https://www.etsy.com/listing/1896098447/cozy-critterberry-plush-blanket,Critterberryacres,https://www.etsy.com/shop/Critterberryacres,40.00,0,0,0,0,0,4 Mo.,0,0,4,Home & Living,4,0,0.0,1,"velveteen blanket,plush throw,cozy home decor,farmhouse blanket,animal print throw,soft plushie blanket,rustic decor blanket,gift for home,comfortable blanket,nature lover gift,rodent print cozy,country chic throw,living room decor",velveteen blanket,plush throw,cozy home decor,farmhouse blanket,animal print throw,soft plushie blanket,rustic decor blanket,gift for home,comfortable blanket,nature lover gift,rodent print cozy,country chic throw,living room decor
Horse Head Landscape Woven Blanket | Mountain River Forest Tapestry Throw,https://www.etsy.com/listing/4421907156/horse-head-landscape-woven-blanket,DHCrafted,https://www.etsy.com/shop/DHCrafted,32.00,0,0,0,0,0,4 Mo.,0,0,4,Home & Living,5,0,0.0,0,"woven blanket,horse blanket,nature blanket,rustic home,cozy throw,gift for her,country decor,mountain art,equine decor,cabine decor,outdoor lover,living room,farmhouse rug",woven blanket,horse blanket,nature blanket,rustic home,cozy throw,gift for her,country decor,mountain art,equine decor,cabine decor,outdoor lover,living room,farmhouse rug
Chinese New Year Navy Folk Horse Woven Blanket | Scandinavian Nordic Pattern Throw,https://www.etsy.com/listing/4488635592/chinese-new-year-navy-folk-horse-woven,AlyDigiVerse,https://www.etsy.com/shop/AlyDigiVerse,169.80,0,0,0,0,0,1 Mo.,3,0,16,Home & Living,6,0,0.0,58,"woven blanket,horse blanket,boho throw,neutral decor,rustic throw,farmhouse gift,equestrian art,living room,cozy blanket,fringe throw,country cottage,vintage style,gift for her",woven blanket,horse blanket,boho throw,neutral decor,rustic throw,farmhouse gift,equestrian art,living room,cozy blanket,fringe throw,country cottage,vintage style,gift for her
Sleeping Tiger Woven Blanket | Rustic Woodland Tapestry Throw,https://www.etsy.com/listing/4470049831/sleeping-tiger-woven-blanket-rustic,ChamomileHoneyDesign,https://www.etsy.com/shop/ChamomileHoneyDesign,50.00,0,0,0,0,0,2 Mo.,0,0,4,Home & Living,2,0,0.0,3,"woven blanket,cozy throw,cabin decor,mountain blanket,nature throw,retro tapestry,rustic home,bedroom throw,living room throw,boho blanket,gift for her,gift for him,anniversary gift",woven blanket,cozy throw,cabin decor,mountain blanket,nature throw,retro tapestry,rustic home,bedroom throw,living room throw,boho blanket,gift for her,gift for him,anniversary gift
"Western Butterfly Blanket, Soft Comfy Southwestern Throw Blanket, Cute Rustic Couch Accent, Cozy Southern Living Room Decor Gift for Cowgirl",https://www.etsy.com/listing/1566581814/western-butterfly-blanket-soft-comfy,AbloomDecor,https://www.etsy.com/shop/AbloomDecor,29.80,0,0,0,0,0,24 Mo.,1,0,15,Home & Living,30,0,0.0,622,"cute western blanket,butterfly lover gift,southwestern decor,blue orange brown,aesthetic blanekt,southern bedding,cowgirl bedroom,rustic couch throw,cowboy accent decor,fireplace blanket,cute butterflies,for mom grandma,unique living room",cute western blanket,butterfly lover gift,southwestern decor,blue orange brown,aesthetic blanekt,southern bedding,cowgirl bedroom,rustic couch throw,cowboy accent decor,fireplace blanket,cute butterflies,for mom grandma,unique living room
"Highland Cow Woven Blanket | Scottish Cattle Throw, Rustic Farmhouse Decor",https://www.etsy.com/listing/4411218663/highland-cow-woven-blanket-scottish,OldLabs76,https://www.etsy.com/shop/OldLabs76,63.80,0,0,0,0,0,2 Mo.,1,0,38,Home & Living,2,0,0.0,49,"woven blanket,highland cow,cozy throw,boho decor,farmhouse decor,rustic blanket,animal throw,country home,living room,cottagecore,gift for her,housewarming gift,autumn decor",woven blanket,highland cow,cozy throw,boho decor,farmhouse decor,rustic blanket,animal throw,country home,living room,cottagecore,gift for her,housewarming gift,autumn decor
"Moose Woven Blanket, Rustic Woodland Tapestry Throw blanckets, 3 sizes",https://www.etsy.com/listing/4503965641/moose-woven-blanket-rustic-woodland,NathBDeco,https://www.etsy.com/shop/NathBDeco,59.99,0,0,0,0,0,1 Mo.,0,0,0,Home & Living,0,0,0.0,0,"woven blanket,moose blanket,boho throw,cottagecore decor,rustic home,cozy throw,living room decor,nature blanket,gift for him,outdoor blanket,fall decor,housewarming gift,moose woven blanket",woven blanket,moose blanket,boho throw,cottagecore decor,rustic home,cozy throw,living room decor,nature blanket,gift for him,outdoor blanket,fall decor,housewarming gift,moose woven blanket
"Aztec Woven Blanket | Boho Tapestry Throw, gift for her",https://www.etsy.com/listing/4423116805/aztec-woven-blanket-boho-tapestry-throw,CreatingDesignSL,https://www.etsy.com/shop/CreatingDesignSL,99.74,0,0,0,0,0,5 Mo.,1,0,10,Home & Living,6,0,0.0,5,"woven blanket,boho throw,medallion decor,bohemian blanket,cozy throw,living room,vintage throw,earth tone decor,textured throw,gift for her,bedroom decor,rustic throw,housewarming gift",woven blanket,boho throw,medallion decor,bohemian blanket,cozy throw,living room,vintage throw,earth tone decor,textured throw,gift for her,bedroom decor,rustic throw,housewarming gift
"Christmas Woven Blanket - 100% Cotton Throw with Woodland Squirrel & Pine Trees, Cozy Holiday Tapestry",https://www.etsy.com/listing/4413532060/christmas-woven-blanket-100-cotton-throw,WovelyArt,https://www.etsy.com/shop/WovelyArt,58.01,0,0,0,0,0,6 Mo.,0,0,1,Home & Living,6,0,0.0,12,"woven blanket,cotton throw,living room throw,wall tapestry,woodland squirrel,pine tree art,christmas decor,holiday gift,gift for mom,cottagecore style,rustic cabin,nature inspired,handmade blanket",woven blanket,cotton throw,living room throw,wall tapestry,woodland squirrel,pine tree art,christmas decor,holiday gift,gift for mom,cottagecore style,rustic cabin,nature inspired,handmade blanket
"Sunset Mountain Woven Blanket - 100% Cotton Throw, Cozy Orange Sunrise Tapestry for Living Room & Wall Decor",https://www.etsy.com/listing/4414664692/sunset-mountain-woven-blanket-100-cotton,WovelyArt,https://www.etsy.com/shop/WovelyArt,58.01,0,0,0,0,0,6 Mo.,2,0,13,Home & Living,6,0,0.0,12,"woven blanket,cotton throw,woven tapestry,living room decor,wall tapestry,sunset mountain,orange sunrise,cozy home decor,gift for mom,cottagecore style,rustic lodge,boho aesthetic,housewarming gift",woven blanket,cotton throw,woven tapestry,living room decor,wall tapestry,sunset mountain,orange sunrise,cozy home decor,gift for mom,cottagecore style,rustic lodge,boho aesthetic,housewarming gift
Fierce Roaring Lion Tapetry Woven Throw - Rustic Cozy Home Decor,https://www.etsy.com/listing/4457680132/fierce-roaring-lion-tapetry-woven-throw,Intandemshoppe,https://www.etsy.com/shop/Intandemshoppe,68.43,0,0,0,0,0,3 Mo.,0,0,0,Home & Living,3,0,0.0,3,"woven blanket,lion blanket,animal throw,cozy throw,cabin decor,living room,gift for him,man cave decor,wildlife decor,woodland throw,rustic home,statement throw,nature art blanket",woven blanket,lion blanket,animal throw,cozy throw,cabin decor,living room,gift for him,man cave decor,wildlife decor,woodland throw,rustic home,statement throw,nature art blanket
Woven Blanket Cozy Throw Boho Decor Living Room Textured Throw Gift For Mom Housewarming Gift Bedroom Decor Stadium Blanket Camping Throw,https://www.etsy.com/listing/4480812774/custom-personalized-bible-verse,CeaseNotApparel,https://www.etsy.com/shop/CeaseNotApparel,58.50,0,0,0,0,0,2 Mo.,0,0,1,Home & Living,14,0,0.0,193,"woven blanket,cozy throw,boho decor,living room,textured throw,gift for mom,housewarming gift,bedroom decor,stadium blanket,camping throw,neutral throw,statement throw,rustic blanket",woven blanket,cozy throw,boho decor,living room,textured throw,gift for mom,housewarming gift,bedroom decor,stadium blanket,camping throw,neutral throw,statement throw,rustic blanket
"Coastal Cowgirl Plush Blanket, Beachy Western Bedding, Plush Sleeping Blanket, Soft Cozy Body Cover",https://www.etsy.com/listing/4378427225/coastal-cowgirl-plush-blanket-beachy,TeninoVentures,https://www.etsy.com/shop/TeninoVentures,23.92,0,0,0,0,0,8 Mo.,0,0,24,Home & Living,15,0,0.0,428,"velveteen blanket,coastal cowgirl,beach home decor,soft throw blanket,western style,farmhouse chic,gift for her,boho bedroom,cozy living room,rustic throw,blanket with fringe,nautical theme,seaside retreat",velveteen blanket,coastal cowgirl,beach home decor,soft throw blanket,western style,farmhouse chic,gift for her,boho bedroom,cozy living room,rustic throw,blanket with fringe,nautical theme,seaside retreat
"Plaid Check Pattern Woven Blanket, Cozy Throw, Rustic Cabin Decor",https://www.etsy.com/listing/4459974064/woven-throw-blanket-brown-gingham,LutfiArts,https://www.etsy.com/shop/LutfiArts,85.70,0,0,0,0,0,3 Mo.,2,0,2,Home & Living,8,0,0.0,2,"woven blanket,plaid throw,cozy throw,fringe blanket,campfire blanket,rustic decor,cabin blanket,boho throw,earth tone decor,fall blanket,gift for her,housewarming gift,living room throw",woven blanket,plaid throw,cozy throw,fringe blanket,campfire blanket,rustic decor,cabin blanket,boho throw,earth tone decor,fall blanket,gift for her,housewarming gift,living room throw
"Blanket Ladder, Wooden Ladder, Rustic Chic Decor, Bathroom Organizer",https://www.etsy.com/listing/4493657228/solid-wood-blanket-ladder-rustic,graingavel,https://www.etsy.com/shop/graingavel,180.19,0,0,0,0,0,1 Mo.,6,0,269,Home & Living,1,36,0.0,1,"rustic blanket rack,wood towel ladder,wooden throw rack,blanket storage rack,towel display ladder,living room ladder,bathroom organizer,boho wall decor,housewarming gift,gift for mom,new home gift,rustic wedding gift,guest bathroom decor",rustic blanket rack,wood towel ladder,wooden throw rack,blanket storage rack,towel display ladder,living room ladder,bathroom organizer,boho wall decor,housewarming gift,gift for mom,new home gift,rustic wedding gift,guest bathroom decor
"Navajo Style Blanket Cotton Fabric Throw With Fringed Edge, Tribal Pattern Decor, Rustic Boho Accent",https://www.etsy.com/listing/4426757004/geometric-navajo-blanket-rustic-boho,TimelessChicDecor,https://www.etsy.com/shop/TimelessChicDecor,44.50,0,0,0,0,0,5 Mo.,2,0,26,Home & Living,5,0,0.0,27,"navajo style blanket,living room blanket,rustic boho decor,fringed edge throw,boho chic accent,fall home decor,durable cotton throw,gift for native fans,airbnb decor cozy,movie night throw,warm earth tones,boho reading nook,fall couch decor",navajo style blanket,living room blanket,rustic boho decor,fringed edge throw,boho chic accent,fall home decor,durable cotton throw,gift for native fans,airbnb decor cozy,movie night throw,warm earth tones,boho reading nook,fall couch decor
Personalized Woven Blanket Custom Initial animal print Throw Neutral Home Decor Monogram Gift for Her Housewarming Gift,https://www.etsy.com/listing/4460550743/personalized-woven-blanket-custom,Cozyloomblanket,https://www.etsy.com/shop/Cozyloomblanket,79.95,0,0,0,0,0,3 Mo.,0,0,0,Home & Living,8,0,0.0,8,"woven blanket,custom blanket,personalized throw,tapestry blanket,plaid blanket,rustic decor,custom woven gift,heirloom blanket,gift for parents,housewarming gift,throw blanket couch,monogram gift,living room decor",woven blanket,custom blanket,personalized throw,tapestry blanket,plaid blanket,rustic decor,custom woven gift,heirloom blanket,gift for parents,housewarming gift,throw blanket couch,monogram gift,living room decor
Personalized Woven Blanket Custom Initial Zebra Throw Neutral Home Decor Monogram Gift for Her Housewarming Gift,https://www.etsy.com/listing/4460552928/personalized-woven-blanket-custom,Cozyloomblanket,https://www.etsy.com/shop/Cozyloomblanket,79.95,0,0,0,0,0,3 Mo.,0,0,1,Home & Living,8,0,0.0,8,"woven blanket,custom blanket,personalized throw,tapestry blanket,plaid blanket,rustic decor,custom woven gift,heirloom blanket,gift for parents,housewarming gift,throw blanket couch,monogram gift,living room decor",woven blanket,custom blanket,personalized throw,tapestry blanket,plaid blanket,rustic decor,custom woven gift,heirloom blanket,gift for parents,housewarming gift,throw blanket couch,monogram gift,living room decor
Abstract Geometric Cityscape Woven Blanket | Mid-Century Modern Tapestry,https://www.etsy.com/listing/4447342550/abstract-geometric-cityscape-woven,CozyUrbanStudio,https://www.etsy.com/shop/CozyUrbanStudio,59.43,0,0,0,0,0,4 Mo.,0,0,0,Home & Living,4,0,0.0,0,"woven blanket,cozy throw,modern decor,boho blanket,abstract throw,living room,home gift,housewarming,bedroom decor,rustic blanket,fall decor,gift for mom,textured throw",woven blanket,cozy throw,modern decor,boho blanket,abstract throw,living room,home gift,housewarming,bedroom decor,rustic blanket,fall decor,gift for mom,textured throw
Autumn Ferns Woven Blanket | Fall Leaf Botanical Throw,https://www.etsy.com/listing/4461161768/autumn-ferns-woven-blanket-fall-leaf,ZannaMauree,https://www.etsy.com/shop/ZannaMauree,56.99,0,0,0,0,0,3 Mo.,1,0,3,Home & Living,10,0,0.0,410,"woven blanket,boho blanket,leaf throw,cozy throw,rustic decor,earthy blanket,autumn throw,fringe blanket,handmade look,cottagecore,neutral throw,living room,gift for her",woven blanket,boho blanket,leaf throw,cozy throw,rustic decor,earthy blanket,autumn throw,fringe blanket,handmade look,cottagecore,neutral throw,living room,gift for her
"Striped Woven Blanket | Library Pattern Throw, Vintage Style",https://www.etsy.com/listing/4477659578/striped-woven-blanket-library-pattern,DesignsByMoC,https://www.etsy.com/shop/DesignsByMoC,56.99,0,0,0,0,0,2 Mo.,0,0,2,Home & Living,4,0,0.0,0,"woven blanket,boho throw,cozy throw,textured throw,rustic decor,cabincore decor,living room,earth tone decor,gift for her,housewarming,bedroom throw,striped throw,tapestry throw",woven blanket,boho throw,cozy throw,textured throw,rustic decor,cabincore decor,living room,earth tone decor,gift for her,housewarming,bedroom throw,striped throw,tapestry throw
Vintage Floral Script Woven Blanket | Rose Bouquet Throw,https://www.etsy.com/listing/4496566392/vintage-floral-script-woven-blanket-rose,HeavenandHeirloom,https://www.etsy.com/shop/HeavenandHeirloom,131.33,0,0,0,0,0,2 Mo.,0,0,0,Home & Living,9,0,0.0,11,"woven blanket,floral throw,vintage blanket,fringe throw,cozy throw,home decor,bedroom throw,living room,gift for her,bridal shower,romantic gift,mother's day,rustic decor",woven blanket,floral throw,vintage blanket,fringe throw,cozy throw,home decor,bedroom throw,living room,gift for her,bridal shower,romantic gift,mother's day,rustic decor
"Watercolor River Otter Sherpa Throw Blanket - Cozy North American Woodland Animal Home Decor, Gift",https://www.etsy.com/listing/4412744859/watercolor-river-otter-sherpa-throw,ZsArtCollection,https://www.etsy.com/shop/ZsArtCollection,72.00,0,0,0,0,0,7 Mo.,0,0,12,Home & Living,33,0,0.0,121,"watercolor throw,queen size throw,cozy warm blanket,living room throw,unique gift for her,river otter blanket,woodland animal,cozy wildlife sherpa,unique gift for him,animal print bedding,warm rustic decor,sherpa throw blanket,bedroom home decor",watercolor throw,queen size throw,cozy warm blanket,living room throw,unique gift for her,river otter blanket,woodland animal,cozy wildlife sherpa,unique gift for him,animal print bedding,warm rustic decor,sherpa throw blanket,bedroom home decor
"Patchwork Heart Pattern Woven Blanket | Cozy Throw, Rustic Farmhouse Décor",https://www.etsy.com/listing/4444020046/patchwork-heart-pattern-woven-blanket-o,ArtBeyondBoundaries,https://www.etsy.com/shop/ArtBeyondBoundaries,58.28,0,0,0,0,0,4 Mo.,0,0,3,Home & Living,39,0,0.0,96,"woven blanket,cozy throw,farmhouse decor,rustic blanket,heart pattern,country home,neutral throw,living room,cottagecore,gift for her,housewarming,bedroom decor,textured throw",woven blanket,cozy throw,farmhouse decor,rustic blanket,heart pattern,country home,neutral throw,living room,cottagecore,gift for her,housewarming,bedroom decor,textured throw
"Whimsical Stained Glass Goat Woven Throw Blanket, Mountain Animal Wall Art Tapestry, Nature Hunter Gift, Maximalist Rustic Cabin Aesthetic",https://www.etsy.com/listing/1892170668/whimsical-stained-glass-goat-woven-throw,Knotjustblankets28,https://www.etsy.com/shop/Knotjustblankets28,91.24,0,0,0,0,0,13 Mo.,1,0,20,Home & Living,24,0,0.0,341,"hanging wall art,couch sofa cover,mom birthday gift,dark moody tapestry,living room accent,jacquard woven throw,forest animal print,rustic cabin decor,nature nursery decor,gift for hunter,mountain blanket,goat art",hanging wall art,couch sofa cover,mom birthday gift,dark moody tapestry,living room accent,jacquard woven throw,forest animal print,rustic cabin decor,nature nursery decor,gift for hunter,mountain blanket,goat art,--
"Stained Glass American Robin Woven Throw Blanket, Spring Woodland Decor, Bird Lover Easter Gift for Gardener, Naturecore Wall Art Tapestry",https://www.etsy.com/listing/1871233418/stained-glass-american-robin-woven-throw,Knotjustblankets28,https://www.etsy.com/shop/Knotjustblankets28,91.24,0,0,0,0,0,14 Mo.,0,0,11,Home & Living,24,0,0.0,341,"hanging wall art,couch sofa cover,mom birthday gift,living room accent,jacquard woven throw,whimsical maximalist,rustic cabin decor,forest bird print,woodland nursery,gift for gardener,robin blanket,bird tapestry,stained glass art",hanging wall art,couch sofa cover,mom birthday gift,living room accent,jacquard woven throw,whimsical maximalist,rustic cabin decor,forest bird print,woodland nursery,gift for gardener,robin blanket,bird tapestry,stained glass art
"Vintage Floral Woven Throw Blanket, Cottagecore Cotton Tapestry",https://www.etsy.com/listing/1886371071/floral-woven-throw-blanket-cottagecore,LolosVintageLounge,https://www.etsy.com/shop/LolosVintageLounge,48.34,0,0,0,0,0,14 Mo.,5,0,133,Home & Living,32,0,0.0,702,"woven blanket,floral throw,boho blanket,vintage floral,cozy throw,couch blanket,bedroom decor,living room,gift for her,housewarming gift,spring decor,neutral blanket,rustic decor",woven blanket,floral throw,boho blanket,vintage floral,cozy throw,couch blanket,bedroom decor,living room,gift for her,housewarming gift,spring decor,neutral blanket,rustic decor
"Rust Chevron Pattern Velveteen Plush Blanket | Geometric Throw, Cozy Home Decor",https://www.etsy.com/listing/4450349157/rust-chevron-pattern-velveteen-plush,TOMMYBELICI,https://www.etsy.com/shop/TOMMYBELICI,64.60,0,0,0,0,0,4 Mo.,1,0,5,Home & Living,35,0,0.0,1,"plush blanket,velveteen throw,cozy throw,soft blanket,warm throw,living room decor,bedroom blanket,autumn blanket,rustic blanket,geometric throw,gift for her,housewarming gift,holiday blanket",plush blanket,velveteen throw,cozy throw,soft blanket,warm throw,living room decor,bedroom blanket,autumn blanket,rustic blanket,geometric throw,gift for her,housewarming gift,holiday blanket
"Woven Cotton Blanket: Inspirational Quote Throw, Fringed Edges",https://www.etsy.com/listing/4378891261/woven-cotton-blanket-inspirational-quote,WorthyofloveByMandy,https://www.etsy.com/shop/WorthyofloveByMandy,54.78,0,0,0,0,0,8 Mo.,0,0,1,Home & Living,8,0,0.0,1,"woven blanket,cozy home,soft throw,farmhouse decor,home warmth,cottage style,gift for her,comfort blanket,living room,home accessories,holiday gift,rustic charm,winter vibes",woven blanket,cozy home,soft throw,farmhouse decor,home warmth,cottage style,gift for her,comfort blanket,living room,home accessories,holiday gift,rustic charm,winter vibes
Rust Black Plaid Woven Blanket | Cozy Check Throw,https://www.etsy.com/listing/4439939422/rust-black-plaid-woven-blanket-cozy,Eventcreationsbyjola,https://www.etsy.com/shop/Eventcreationsbyjola,94.99,0,0,0,0,0,4 Mo.,1,0,15,Home & Living,11,0,0.0,38,"woven blanket,cozy throw,plaid blanket,rustic decor,living room,neutral throw,cabin blanket,farmhouse home,buffalo check,gift for him,housewarming,autumn decor,winter cozy",woven blanket,cozy throw,plaid blanket,rustic decor,living room,neutral throw,cabin blanket,farmhouse home,buffalo check,gift for him,housewarming,autumn decor,winter cozy
"Vintage Floral Fleece Blanket: Spring Flower Throw, Cozy Bedding",https://www.etsy.com/listing/1843633281/vintage-floral-fleece-blanket-spring,GroveAndGossamer,https://www.etsy.com/shop/GroveAndGossamer,29.99,0,0,0,0,0,17 Mo.,2,0,16,Home & Living,29,0,0.0,217,"vintage flower,spring blanket,arctic fleece,cozy home decor,nature inspired,gift for her,bedroom accent,warm throw blanket,floral pattern,seasonal decor,unique bedding,living room throw,rustic farmhouse",vintage flower,spring blanket,arctic fleece,cozy home decor,nature inspired,gift for her,bedroom accent,warm throw blanket,floral pattern,seasonal decor,unique bedding,living room throw,rustic farmhouse
Dark Botanical Pattern Woven Blanket | Rustic Woodland Tapestry Throw,https://www.etsy.com/listing/4483990413/dark-botanical-pattern-woven-blanket,TheBotanyDept,https://www.etsy.com/shop/TheBotanyDept,64.09,0,0,0,0,0,2 Mo.,1,0,1,Home & Living,6,0,0.0,54,"woven blanket,cozy throw,boho blanket,forest throw,rustic decor,earthy throw,gift for her,autumn decor,cabin blanket,living room,holiday gift,housewarming,nature blanket",woven blanket,cozy throw,boho blanket,forest throw,rustic decor,earthy throw,gift for her,autumn decor,cabin blanket,living room,holiday gift,housewarming,nature blanket
"Cozy Velveteen Plush Blanket, Soft Throw Blanket, Home Decor",https://www.etsy.com/listing/4396909088/cozy-velveteen-plush-blanket-soft-throw,TheRelaxedVampire,https://www.etsy.com/shop/TheRelaxedVampire,20.92,0,0,0,0,0,7 Mo.,0,0,0,Home & Living,61,0,0.0,47,"velveteen throw,cozy plush blanket,home decor blanket,soft warm blanket,modern bedspread,gift for her,living room decor,comfort blanket,neutral decor,rustic home blanket,chic throw blanket,gifts for mom,blanket for couch",velveteen throw,cozy plush blanket,home decor blanket,soft warm blanket,modern bedspread,gift for her,living room decor,comfort blanket,neutral decor,rustic home blanket,chic throw blanket,gifts for mom,blanket for couch
"Striped Rustic Woven Throw Blanket, Minimalist Neutral Bedding, Cozy Modern Farmhouse Decor, Reversible Cotton Fringe Blanket",https://www.etsy.com/listing/4521380475/striped-rustic-woven-throw-blanket,AnkoraStudios,https://www.etsy.com/shop/AnkoraStudios,58.43,0,0,0,0,0,1 Mo.,0,0,1,Home & Living,11,0,0.0,9,"woven blanket,cozy throw,neutral decor,living room,rustic throw,boho blanket,cabin blanket,earth tone,textured throw,gift for him,housewarming,fall decor,plaid style",woven blanket,cozy throw,neutral decor,living room,rustic throw,boho blanket,cabin blanket,earth tone,textured throw,gift for him,housewarming,fall decor,plaid style
Throw Blanket - Ski Sunset,https://www.etsy.com/listing/1828988645/throw-blanket-ski-sunset,SweaterWeatherByLee,https://www.etsy.com/shop/SweaterWeatherByLee,50.98,0,0,0,0,0,2 Mo.,0,0,7,Home & Living,1,0,0.0,0,"ski mountain,redrock,throw blanket,winter decor,cozy home,gift for skier,mountain lover,cabin decor,rustic blanket,christmas gift,holiday present,winter home,living room decor",ski mountain,redrock,throw blanket,winter decor,cozy home,gift for skier,mountain lover,cabin decor,rustic blanket,christmas gift,holiday present,winter home,living room decor
"Fleece Blanket, Western Chic Native American Style, Cozy Blanket, Southwest Throw, Tribal Blanket, Winter Home Decor, Rustic Bedroom Accent",https://www.etsy.com/listing/4321012013/fleece-blanket-western-chic-native,WildflowerCo11,https://www.etsy.com/shop/WildflowerCo11,48.88,0,0,0,0,0,2 Mo.,0,0,10,Home & Living,3,0,0.0,16,"cozy blanket,western chic,fleece throw,winter home decor,tribal print,cabin blanket,southwest design,bohemian home,rustic decor,warm winter blanket,gift for mom,living room throw,mountain lodge style",cozy blanket,western chic,fleece throw,winter home decor,tribal print,cabin blanket,southwest design,bohemian home,rustic decor,warm winter blanket,gift for mom,living room throw,mountain lodge style
"Cozy Autumn Fleece Blanket, Warm Throw for Fall Gatherings, Perfect for Home Decor, Gifts, and Seasonal Celebrations",https://www.etsy.com/listing/4350278730/cozy-autumn-fleece-blanket-warm-throw,SamDigitalPrintsx,https://www.etsy.com/shop/SamDigitalPrintsx,24.20,0,0,0,0,0,2 Mo.,0,0,2,Home & Living,2,0,0.0,0,"cozy fleece blanket,autumn decor,fall themed gift,pumpkin blanket,thanksgiving blanket,home comfort item,soft fleece throw,living room decor,holiday cozy blanket,rustic home decor,gifts for her,warm blanket gift,fall vibes blanket",cozy fleece blanket,autumn decor,fall themed gift,pumpkin blanket,thanksgiving blanket,home comfort item,soft fleece throw,living room decor,holiday cozy blanket,rustic home decor,gifts for her,warm blanket gift,fall vibes blanket
Floral Woven Cotton Throw Blanket | Vintage Style Fringed Home Decor,https://www.etsy.com/listing/4393024719/floral-woven-cotton-throw-blanket,DigitalMindsByMau,https://www.etsy.com/shop/DigitalMindsByMau,45.77,0,0,0,0,0,1 Mo.,1,0,11,Home & Living,1,0,0.0,0,"floral woven blanket,cozy home decor,gift for her,boho room decor,luxury throw blanket,warm gift idea,comfortable living,natural fiber throw,relaxing atmosphere,home gift idea,holiday blanket gift,rustic home style,picnic essential",floral woven blanket,cozy home decor,gift for her,boho room decor,luxury throw blanket,warm gift idea,comfortable living,natural fiber throw,relaxing atmosphere,home gift idea,holiday blanket gift,rustic home style,picnic essential
Chisme & Cafecito Sherpa Fleece Blanket: Cozy Coffee Lover Throw,https://www.etsy.com/listing/1878510700/chisme-cafecito-sherpa-fleece-blanket,YSPoemasCo,https://www.etsy.com/shop/YSPoemasCo,73.50,0,0,0,0,0,9 Mo.,0,0,4,Home & Living,64,0,0.0,119,"fleece blankets,sherpa throw,cozy home decor,coffee lover gift,warm throw blanket,personalized blanket,living room decor,comforting home,gift for her,snuggly warm blanket,rustic home decor,coffee shop decor,chic blanket gift",fleece blankets,sherpa throw,cozy home decor,coffee lover gift,warm throw blanket,personalized blanket,living room decor,comforting home,gift for her,snuggly warm blanket,rustic home decor,coffee shop decor,chic blanket gift
Abstract Cowhide Pattern Woven Blanket | Neutral Rustic Throw | Gift for Her | Boho Cow Blanket,https://www.etsy.com/listing/4404706190/abstract-cowhide-pattern-woven-blanket,CustomifyBazaar,https://www.etsy.com/shop/CustomifyBazaar,52.74,0,0,0,0,0,2 Mo.,0,0,0,Home & Living,14,0,0.0,8,"woven blanket,boho throw,cowhide print,neutral decor,rustic blanket,living room throw,textured throw,cozy home,farmhouse decor,gift for mom,autumn blanket,cabin decor,bedroom throw",woven blanket,boho throw,cowhide print,neutral decor,rustic blanket,living room throw,textured throw,cozy home,farmhouse decor,gift for mom,autumn blanket,cabin decor,bedroom throw
"Custom Text Woven Blanket | Personalized Photo Throw, Customizable Pattern",https://www.etsy.com/listing/4441891044/custom-text-woven-blanket-personalized,MMCustomCreative,https://www.etsy.com/shop/MMCustomCreative,58.43,0,0,0,0,0,4 Mo.,0,0,1,Home & Living,4,0,0.0,1,"woven blanket,custom throw,fringe blanket,cozy home,neutral decor,living room,personalized gift,housewarming,gifts for her,family blanket,rustic decor,photo blanket,custom decor",woven blanket,custom throw,fringe blanket,cozy home,neutral decor,living room,personalized gift,housewarming,gifts for her,family blanket,rustic decor,photo blanket,custom decor
"Plush Throw Blanket, Cream & Sage Green Floral Pattern, Mustard Yellow, Terracotta, Boho Chic Home Decor, Earthy Cozy Sofa Accent,",https://www.etsy.com/listing/4311403465/plush-throw-blanket-cream-sage-green,NivomiLiving,https://www.etsy.com/shop/NivomiLiving,33.79,0,0,0,0,0,12 Mo.,0,0,2,Home & Living,14,0,0.0,0,"bohemian blanket,floral home decor,wildflower bedding,cozy throw,nature inspired,rustic chic,botanical print,dreamy bedroom,farmhouse style,hygge gift,gift for her,boho living room,unique wedding gift",bohemian blanket,floral home decor,wildflower bedding,cozy throw,nature inspired,rustic chic,botanical print,dreamy bedroom,farmhouse style,hygge gift,gift for her,boho living room,unique wedding gift
"Blue HushWoven Blanket | Tapestry Throw, Textured Artwork",https://www.etsy.com/listing/4454390094/blue-hushwoven-blanket-tapestry-throw,VirtualxCove,https://www.etsy.com/shop/VirtualxCove,68.00,0,0,0,0,0,3 Mo.,0,0,1,Home & Living,21,0,0.0,62,"woven blanket,living room,home decor,textile art,gift for mom,couch throw,bed blanket,rustic decor,autumn gift,neutral throw,bohemian throw,money blanket,zaza blanket",woven blanket,living room,home decor,textile art,gift for mom,couch throw,bed blanket,rustic decor,autumn gift,neutral throw,bohemian throw,money blanket,zaza blanket
"Vintage Rose Tapestry Woven Blanket | Floral Throw, Rustic Home Decor",https://www.etsy.com/listing/4444158754/vintage-rose-tapestry-woven-blanket,cardandliststore,https://www.etsy.com/shop/cardandliststore,78.42,0,0,0,0,0,4 Mo.,0,0,14,Home & Living,19,0,0.0,3,"woven blanket,floral throw,vintage blanket,boho decor,cozy throw,cottagecore,living room,bedroom decor,gift for her,fall decor,housewarming,throw blanket,rustic decor",woven blanket,floral throw,vintage blanket,boho decor,cozy throw,cottagecore,living room,bedroom decor,gift for her,fall decor,housewarming,throw blanket,rustic decor
"Vintage Floral Tapestry Woven Blanket, Dark Cottagecore Throw, Boho Decor",https://www.etsy.com/listing/4434331330/vintage-floral-tapestry-woven-blanket,TheGoodMessageStore,https://www.etsy.com/shop/TheGoodMessageStore,56.99,0,0,0,0,0,4 Mo.,9,0,156,Home & Living,28,0,0.0,401,"woven blanket,floral throw,vintage blanket,boho throw,cozy home,living room,gift for her,cottagecore,bedroom decor,rustic decor,autumn decor,housewarming gift,grandmillennial",woven blanket,floral throw,vintage blanket,boho throw,cozy home,living room,gift for her,cottagecore,bedroom decor,rustic decor,autumn decor,housewarming gift,grandmillennial
"Rearing Horse Woven Blanket | Tapestry Throw, Equestrian Decor",https://www.etsy.com/listing/4405334588/rearing-horse-woven-blanket-tapestry,idiosyncraticboutiq,https://www.etsy.com/shop/idiosyncraticboutiq,39.29,0,0,0,0,0,6 Mo.,3,0,19,Home & Living,24,0,0.0,79,"woven blanket,horse blanket,equestrian decor,farmhouse throw,cozy throw,rustic decor,horse lover,living room,bedroom throw,gift for her,gift for him,equine gift,western home",woven blanket,horse blanket,equestrian decor,farmhouse throw,cozy throw,rustic decor,horse lover,living room,bedroom throw,gift for her,gift for him,equine gift,western home
"Vintage Floral Sherpa Fleece Blanket: Roses, Peonies, Antique Decor",https://www.etsy.com/listing/1812624225/vintage-floral-sherpa-fleece-blanket,RusticAuraDesiStudio,https://www.etsy.com/shop/RusticAuraDesiStudio,99.85,0,0,0,0,0,14 Mo.,0,0,17,Home & Living,14,0,0.0,38,"sherpa fleece,soft pastel roses,antique charm throw,cozy home decor,lavender mint design,rustic chic throw,bedroom decor,living room blanket,gift for her,mother's day present,housewarming gift,vintage style cover,daisy peony print",sherpa fleece,soft pastel roses,antique charm throw,cozy home decor,lavender mint design,rustic chic throw,bedroom decor,living room blanket,gift for her,mother's day present,housewarming gift,vintage style cover,daisy peony print
"Boho Floral Square Blanket | Woven Throw, Decorative Fringe",https://www.etsy.com/listing/4428045575/boho-floral-square-blanket-woven-throw,Nehirlab,https://www.etsy.com/shop/Nehirlab,1.00,0,0,0,0,0,1 Mo.,0,0,11,Home & Living,0,0,0.0,9,"woven blanket,boho blanket,textile throw,cozy throw,bohemian decor,earth tone decor,folk art throw,rustic home,cottagecore,neutral throw,living room rug,handmade look,gift for her",woven blanket,boho blanket,textile throw,cozy throw,bohemian decor,earth tone decor,folk art throw,rustic home,cottagecore,neutral throw,living room rug,handmade look,gift for her
"Rustic Patchwork Woven Blanket, Cozy Colorful Throw for Sofa or Bed, Boho Living Room Decor, Farmhouse Quilt Style Tapestry",https://www.etsy.com/listing/1857568801/rustic-patchwork-woven-blanket-cozy,EleganceCraftAR,https://www.etsy.com/shop/EleganceCraftAR,68.34,0,0,0,4,3,13 Mo.,254,0,5511,Home & Living,26,99,0.07,79,"rustic blanket,woven throw,patchwork throw,cozy blanket,farmhouse decor,boho decor,sofa throw,bed throw,cottagecore blanket,colorful quilt,boho blanket,rustic home,quilt tapestry",rustic blanket,woven throw,patchwork throw,cozy blanket,farmhouse decor,boho decor,sofa throw,bed throw,cottagecore blanket,colorful quilt,boho blanket,rustic home,quilt tapestry
"Apothecary Shelf Woven Blanket 100% Cotton - Gothic Dark Academia Throw for Home Decor, Cottagecore Tapestry",https://www.etsy.com/listing/4449367492/apothecary-shelf-woven-blanket-100,HoneyWearDesigns,https://www.etsy.com/shop/HoneyWearDesigns,72.99,0,0,0,0,0,4 Mo.,0,0,2,Home & Living,4,0,0.0,0,"woven blanket,boho throw,cozy home,rustic decor,living room,bedroom throw,vintage style,neutral tones,gift for mom,housewarming,autumn decor,winter blanket,textured throw",woven blanket,boho throw,cozy home,rustic decor,living room,bedroom throw,vintage style,neutral tones,gift for mom,housewarming,autumn decor,winter blanket,textured throw
"Moonlit Window Fox Woven Blanket | Nightscape, Cozy Home Throw",https://www.etsy.com/listing/4492880080/moonlit-window-fox-woven-blanket,InspireGazette,https://www.etsy.com/shop/InspireGazette,68.28,0,0,0,0,0,1 Mo.,0,0,0,Home & Living,24,0,0.0,6,"woven blanket,cozy throw,bedroom decor,living room,boho blanket,soft throw,rustic decor,nighttime art,moody decor,gift for her,housewarming,bed throw,art blanket",woven blanket,cozy throw,bedroom decor,living room,boho blanket,soft throw,rustic decor,nighttime art,moody decor,gift for her,housewarming,bed throw,art blanket
"Southwestern Diamond Pattern Woven Blanket | Aztec Throw, Boho Home Decor",https://www.etsy.com/listing/4442330325/southwestern-diamond-pattern-woven,YeetstorePE,https://www.etsy.com/shop/YeetstorePE,81.80,0,0,0,0,0,1 Mo.,0,0,0,Home & Living,19,0,0.0,134,"woven blanket,boho throw,southwestern decor,tribal blanket,cozy home,living room throw,rustic decor,neutral blanket,bohemian throw,aztec pattern,gift for her,housewarming gift,bedroom throw",woven blanket,boho throw,southwestern decor,tribal blanket,cozy home,living room throw,rustic decor,neutral blanket,bohemian throw,aztec pattern,gift for her,housewarming gift,bedroom throw
"Geometric Aztec Pattern Woven Blanket | Southwestern Throw, Fringed Tapestry",https://www.etsy.com/listing/4442343488/geometric-aztec-pattern-woven-blanket,YeetstorePE,https://www.etsy.com/shop/YeetstorePE,81.80,0,0,0,0,0,1 Mo.,0,0,1,Home & Living,19,0,0.0,134,"woven blanket,boho blanket,tribal throw,rustic decor,cozy throw,earth tone throw,bohemian rug,living room throw,gift for her,housewarming gift,bedroom decor,southwestern rug,textured blanket",woven blanket,boho blanket,tribal throw,rustic decor,cozy throw,earth tone throw,bohemian rug,living room throw,gift for her,housewarming gift,bedroom decor,southwestern rug,textured blanket
Tropical Woven Cotton Blanket: Cozy Beach Throw with Colorful Fringe,https://www.etsy.com/listing/4371587362/tropical-woven-cotton-blanket-cozy-beach,FindsofFenyx,https://www.etsy.com/shop/FindsofFenyx,60.00,0,0,0,0,0,8 Mo.,1,0,2,Home & Living,8,0,0.0,3,"woven blanket,cozy home decor,beach vibe throw,tropical blanket,gift for beach lover,vintage style throw,rustic decor blanket,gift for friends,comfortable living,boho chic blanket,lounge room decor,customizable throws",woven blanket,cozy home decor,beach vibe throw,tropical blanket,gift for beach lover,vintage style throw,rustic decor blanket,gift for friends,comfortable living,boho chic blanket,lounge room decor,customizable throws,--
Wild Running Horse Woven Blanket | Western Horse Tapestry Throw,https://www.etsy.com/listing/4403752801/wild-running-horse-woven-blanket-western,TheBrindleCowgirl,https://www.etsy.com/shop/TheBrindleCowgirl,59.23,0,0,0,0,0,6 Mo.,0,0,0,Home & Living,9,0,0.0,28,"woven blanket,horse blanket,western decor,cowgirl gift,rustic throw,boho blanket,equine lover,farmhouse rug,living room,throw blanket,gift for her,horse decor,country home",woven blanket,horse blanket,western decor,cowgirl gift,rustic throw,boho blanket,equine lover,farmhouse rug,living room,throw blanket,gift for her,horse decor,country home
"Vintage Tapestry Woven Blanket | Medieval Scene, Decorative Throw, Fringed",https://www.etsy.com/listing/4482967949/vintage-tapestry-woven-blanket-medieval,RouxenCo,https://www.etsy.com/shop/RouxenCo,112.36,0,0,0,0,0,1 Mo.,0,0,19,Home & Living,13,0,0.0,16,"woven blanket,boho throw,tapestry throw,fringe blanket,vintage decor,living room,cozy home,gift for her,housewarming,cottagecore,rustic throw,fall decor,textured blanket",woven blanket,boho throw,tapestry throw,fringe blanket,vintage decor,living room,cozy home,gift for her,housewarming,cottagecore,rustic throw,fall decor,textured blanket
"Minimal Floral Woven Blanket, Neutral Tone Throw Blanket, Reversible Boho Couch Blanket, Cozy Floral Home Decor Gift",https://www.etsy.com/listing/4494982290/minimal-floral-woven-blanket-neutral,CrazythingzCo,https://www.etsy.com/shop/CrazythingzCo,139.99,0,0,0,0,0,1 Mo.,0,0,0,Home & Living,6,0,0.0,1,"woven blanket,boho throw,cozy throw,neutral decor,living room,bedroom throw,rustic blanket,textured throw,fringe blanket,seasonal gift,housewarming,gift for her,earth tone decor",woven blanket,boho throw,cozy throw,neutral decor,living room,bedroom throw,rustic blanket,textured throw,fringe blanket,seasonal gift,housewarming,gift for her,earth tone decor
"Stout Minky Blanket, Rustic Plaid Living Room Decor, Tartan Fleece Throw Blanket",https://www.etsy.com/listing/1521768857/stout-minky-blanket-rustic-plaid-living,ScottishCottageShop,https://www.etsy.com/shop/ScottishCottageShop,49.00,0,0,0,0,0,34 Mo.,3,0,85,Home & Living,60,0,0.0,914,"stout,gift for him,dad gift,boyfriend gift,tartan home decor,living room decor,plaid throw blanket,fleece blanket,minky blanket,lodge home decor,rustic tartan plaid,warm and cozy,man gift",stout,gift for him,dad gift,boyfriend gift,tartan home decor,living room decor,plaid throw blanket,fleece blanket,minky blanket,lodge home decor,rustic tartan plaid,warm and cozy,man gift
Prancing Horse Woven Blanket | Southwestern Equestrian Throw,https://www.etsy.com/listing/4451548741/prancing-horse-woven-blanket,PeliusStudio,https://www.etsy.com/shop/PeliusStudio,179.45,0,0,0,0,0,3 Mo.,1,0,2,Home & Living,8,0,0.0,0,"woven blanket,horse blanket,equestrian decor,boho throw,neutral throw,barnhouse decor,living room throw,cozy home gift,bedroom decor,rustic blanket,western throw,gift for her,gift for him",woven blanket,horse blanket,equestrian decor,boho throw,neutral throw,barnhouse decor,living room throw,cozy home gift,bedroom decor,rustic blanket,western throw,gift for her,gift for him
Striped Woven Blanket | Cozy Fringe Throw | Colorful Circus esc mom,https://www.etsy.com/listing/4492890495/striped-woven-blanket-cozy-fringe-throw,AlwaysMoreDesignsCo,https://www.etsy.com/shop/AlwaysMoreDesignsCo,58.43,0,0,0,0,0,1 Mo.,0,0,2,Home & Living,1,0,0.0,0,"woven blanket,striped throw,cozy blanket,boho decor,living room,rustic throw,neutral blanket,bedroom decor,fringe blanket,gift for her,housewarming,patio blanket,circus",woven blanket,striped throw,cozy blanket,boho decor,living room,rustic throw,neutral blanket,bedroom decor,fringe blanket,gift for her,housewarming,patio blanket,circus
Tan Sherpa Blanket,https://www.etsy.com/listing/4477052434/tan-sherpa-blanket,NikkiJamDZines,https://www.etsy.com/shop/NikkiJamDZines,65.00,0,0,0,0,0,2 Mo.,0,0,9,Home & Living,31,0,0.0,78,"tan sherpa,cozy blanket,midwestern vibe,warm throw,boho decor,neutral throw,living room decor,bedroom blanket,gift for her,housewarming gift,soft sherpa,rustic home,cabin decor",tan sherpa,cozy blanket,midwestern vibe,warm throw,boho decor,neutral throw,living room decor,bedroom blanket,gift for her,housewarming gift,soft sherpa,rustic home,cabin decor
Quaker Woman at Dusk Illustration Velveteen Plush Blanket | Moonlit House Scene,https://www.etsy.com/listing/4402440753/quaker-woman-at-dusk-illustration,FrisceaFaire,https://www.etsy.com/shop/FrisceaFaire,28.76,0,0,0,0,0,6 Mo.,0,0,10,Home & Living,73,0,0.0,41,"plush blanket,velveteen throw,cozy blanket,art blanket,moonlit scene,autumn decor,house art throw,soft throw,warm throw,gift for her,bedroom decor,living room throw,rustic blanket",plush blanket,velveteen throw,cozy blanket,art blanket,moonlit scene,autumn decor,house art throw,soft throw,warm throw,gift for her,bedroom decor,living room throw,rustic blanket
Blanket Ladder | Made in the USA | Rustic Furniture | Quilt and Blanket Storage | Gifts for Her | Housewarming | 2024 Handmade Wooden gift,https://www.etsy.com/listing/244077901/blanket-ladder-made-in-the-usa-rustic,ClintonRustics,https://www.etsy.com/shop/ClintonRustics,119.00,0,0,0,1880,365,129 Mo.,4801,3,127790,,134,100,1.47,7528,"blanket ladder,rustic home decor,rustic decor,farmhouse decor,quilt display rack,quilting gifts,gifts for her,living room decor,rustic shelving,blanket storage,quilt storage,farmhouse blanket,blankets and throws",blanket ladder,rustic home decor,rustic decor,farmhouse decor,quilt display rack,quilting gifts,gifts for her,living room decor,rustic shelving,blanket storage,quilt storage,farmhouse blanket,blankets and throws
"Africanis Sherpa Fleece Blanket, Dog Throw for Pet Lovers, Animal Home Decor Gift, Bed Cover",https://www.etsy.com/listing/4406966691/sherpa-fleece-blanket-africanis-throw,BestLovedDesigns,https://www.etsy.com/shop/BestLovedDesigns,47.32,0,0,0,0,0,6 Mo.,0,0,3,Home & Living,37,0,0.0,2441,"sherpa blanket,africanis dog,dog lover gift,animal print throw,cozy dog blanket,pet owner gift,warm fleece throw,living room decor,gift for dog mom,rustic pet decor,holiday dog gift,birthday dog gift,outdoor picnic throw",sherpa blanket,africanis dog,dog lover gift,animal print throw,cozy dog blanket,pet owner gift,warm fleece throw,living room decor,gift for dog mom,rustic pet decor,holiday dog gift,birthday dog gift,outdoor picnic throw
"Country Patchwork Hearts Velveteen Plush Blanket, Blue Plaid Cabin Throw",https://www.etsy.com/listing/4442710386/country-patchwork-hearts-velveteen-plush,happycottagedecor,https://www.etsy.com/shop/happycottagedecor,37.99,0,0,0,0,0,4 Mo.,1,0,75,Home & Living,14,0,0.0,387,"velveteen blanket,plush throw,country patchwork,rustic farmhouse,soft cuddle blanket,cabin living room,gift for mom,housewarming gift,farmhouse style,cozy couch throw,rustic home decor,receiving blanket,newborn blanket",velveteen blanket,plush throw,country patchwork,rustic farmhouse,soft cuddle blanket,cabin living room,gift for mom,housewarming gift,farmhouse style,cozy couch throw,rustic home decor,receiving blanket,newborn blanket
Vintage Style Woven Blanket Artistic Home Decor Tapestry Blanket Unique Pattern Throw Blanket Decorative Woven Throw Living Room Decor,https://www.etsy.com/listing/4381649760/vintage-style-woven-blanket-artistic,UniqueGiftShopsKerry,https://www.etsy.com/shop/UniqueGiftShopsKerry,60.32,0,0,0,0,0,7 Mo.,0,0,7,Home & Living,16,0,0.0,12,"woven blanket,boho decor,home textile,throw blanket,gift for her,bedroom decor,cabin style,modern decor,rustic charm,artistic home decor,unique pattern throw,living room decor,tapestry blanket",woven blanket,boho decor,home textile,throw blanket,gift for her,bedroom decor,cabin style,modern decor,rustic charm,artistic home decor,unique pattern throw,living room decor,tapestry blanket
Bernese Mountain Dog Throw Blanket | Woven Tapestry Dog Portrait,https://www.etsy.com/listing/4510221877/bernese-mountain-dog-throw-blanket-woven,Fineartsseller,https://www.etsy.com/shop/Fineartsseller,58.43,0,0,0,0,0,1 Mo.,2,0,10,Home & Living,3,0,0.0,0,"woven blanket,dog tapestry,bernese blanket,pet lover gift,cozy throw,rustic home,boho throw,living room decor,throw blanket,gifts for dog,animal lover,warm blanket,cabin decor",woven blanket,dog tapestry,bernese blanket,pet lover gift,cozy throw,rustic home,boho throw,living room decor,throw blanket,gifts for dog,animal lover,warm blanket,cabin decor
Lily Pond Water Lilies duck Woven Blanket | Monet Inspired Landscape Throw,https://www.etsy.com/listing/4497582319/lily-pond-water-lilies-duck-woven,WonderingWares,https://www.etsy.com/shop/WonderingWares,66.98,0,0,0,0,0,1 Mo.,1,0,2,Home & Living,1,0,0.0,0,"woven blanket,cozy throw,boho decor,cabin blanket,forest throw,rustic decor,nature blanket,lake blanket,gift for her,housewarming gift,winter blanket,cottagecore,living room throw",woven blanket,cozy throw,boho decor,cabin blanket,forest throw,rustic decor,nature blanket,lake blanket,gift for her,housewarming gift,winter blanket,cottagecore,living room throw
Western Longhorn Tapestry Wall Art Woven Throw Blanket Rustic Ranch Decor Texas Cattle Farmhouse Large  Wall Hanging Southwestern Prairie,https://www.etsy.com/listing/4484987839/western-longhorn-tapestry-wall-art-woven,StudioFernFrame,https://www.etsy.com/shop/StudioFernFrame,90.00,0,0,0,3,1,1 Mo.,5,1,116,Home & Living,7,33,2.59,117,"woven blanket,cow blanket,western decor,longhorn throw,southwest home,living room throw,country blanket,gift for farmers,large wall tapestry,ranch house gift,rustic wall decor,cabin bedding,cowboy home gift",woven blanket,cow blanket,western decor,longhorn throw,southwest home,living room throw,country blanket,gift for farmers,large wall tapestry,ranch house gift,rustic wall decor,cabin bedding,cowboy home gift
Orange Gingham Woven Cotton Blanket – Cozy Fringe Throw,https://www.etsy.com/listing/4351663335/orange-gingham-woven-cotton-blanket-cozy,RusticTeacherCo,https://www.etsy.com/shop/RusticTeacherCo,51.73,0,0,0,0,0,9 Mo.,0,0,70,Home & Living,9,0,0.0,1,"woven blanket,orange gingham,fringe blanket,cozy home decor,farmhouse blanket,country cottage,rustic throw,picnic blanket,gift for her,housewarming gift,lap blanket,bed throw,living room decor",woven blanket,orange gingham,fringe blanket,cozy home decor,farmhouse blanket,country cottage,rustic throw,picnic blanket,gift for her,housewarming gift,lap blanket,bed throw,living room decor
Abstract Mountain Blanket | Cozy Scenic Throw,https://www.etsy.com/listing/4482007176/abstract-mountain-blanket-cozy-scenic,WildwaresCanada,https://www.etsy.com/shop/WildwaresCanada,39.97,0,0,0,0,0,1 Mo.,0,0,1,Home & Living,28,0,0.0,1,"mountain throw,soft throw blanket,nature decor,cabin blanket,living room throw,bedroom accent,gift for hikers,winter cozy gift,neutral decor,rustic blanket,warm throw blanket,outdoor inspired,housewarming gift",mountain throw,soft throw blanket,nature decor,cabin blanket,living room throw,bedroom accent,gift for hikers,winter cozy gift,neutral decor,rustic blanket,warm throw blanket,outdoor inspired,housewarming gift
Watercolour Deer Geometric Blanket | Abstract Throw,https://www.etsy.com/listing/4482029557/watercolour-deer-geometric-blanket,WildwaresCanada,https://www.etsy.com/shop/WildwaresCanada,39.97,0,0,0,0,0,1 Mo.,0,0,1,Home & Living,28,0,0.0,1,"cozy deer decor,woodland throw,modern cabin decor,minimalist blanket,nature themed throw,gift for her,housewarming gift,rustic living room,holiday cozy gift,scandinavian throw,outdoor blanket,neutral home decor,deer nursery decor",cozy deer decor,woodland throw,modern cabin decor,minimalist blanket,nature themed throw,gift for her,housewarming gift,rustic living room,holiday cozy gift,scandinavian throw,outdoor blanket,neutral home decor,deer nursery decor
"Beige Striped Cotton Throw Blanket with Geometric Pattern, Tassel Sofa Cover for Rustic Boho Living Room Styling- Aarini Sofa Throw",https://www.etsy.com/listing/4412140846/beige-striped-cotton-throw-blanket-with,CrystalHealStore,https://www.etsy.com/shop/CrystalHealStore,56.39,0,0,0,0,0,6 Mo.,2,0,39,Home & Living,46,0,0.0,2992,"beige striped throw,geometric sofa cover,tassel beige textile,boho rustic decor,woven sofa throw,warm tone blanket,handmade home accent,neutral cotton cover,cozy rustic blanket,artisan woven throw,boho home decor,home office decor,new home gift",beige striped throw,geometric sofa cover,tassel beige textile,boho rustic decor,woven sofa throw,warm tone blanket,handmade home accent,neutral cotton cover,cozy rustic blanket,artisan woven throw,boho home decor,home office decor,new home gift
"Whimsical Stained Glass Elk Woven Throw Blanket, Forest Woodland Wall Art Tapestry, Nature Hunter Gift, Maximalist Rustic Cabin Aesthetic",https://www.etsy.com/listing/1892156260/whimsical-stained-glass-elk-woven-throw,Knotjustblankets28,https://www.etsy.com/shop/Knotjustblankets28,91.24,0,0,0,0,0,13 Mo.,6,0,40,Home & Living,24,0,0.0,341,"hanging wall art,couch sofa cover,mom birthday gift,dark moody tapestry,living room accent,jacquard woven throw,woodland blanket,forest animal print,rustic cabin decor,nature nursery decor,elk art,gift for hunter",hanging wall art,couch sofa cover,mom birthday gift,dark moody tapestry,living room accent,jacquard woven throw,woodland blanket,forest animal print,rustic cabin decor,nature nursery decor,elk art,gift for hunter,--
"Blue Heron Woven Blanket 100% Cotton, Vintage Blue Toile Wildlife Tapestry Throw, Coastal Nature Inspired Home Decor Wall Hanging",https://www.etsy.com/listing/4455566561/blue-heron-woven-blanket-100-cotton,NovaBlanket,https://www.etsy.com/shop/NovaBlanket,92.20,0,0,0,0,0,3 Mo.,1,0,7,Home & Living,7,0,0.0,10,"housewarming gift,coastal grandmother,living room decor,cozy home decor,white crane throw,bird lover gift,gift for her,blue toile blanket,tranquil home decor,blue heron quilt,rustic aesthetic art,gift for friend,nature tapestry",housewarming gift,coastal grandmother,living room decor,cozy home decor,white crane throw,bird lover gift,gift for her,blue toile blanket,tranquil home decor,blue heron quilt,rustic aesthetic art,gift for friend,nature tapestry
Wildflower Cowgirl Woven Blanket: 100% Cotton Throw with Fringe,https://www.etsy.com/listing/4483158774/wildflower-cowgirl-throw-blanket-western,HoneySuckleByRachel,https://www.etsy.com/shop/HoneySuckleByRachel,47.10,0,0,0,0,0,1 Mo.,0,0,0,Home & Living,2,0,0.0,0,"woven blanket,cowboy blanket,western decor,sunflower throw,farmhouse throw,rustic home,country living,gift for mom,housewarming gift,cozy throw,living room,cottagecore,autumn decor",woven blanket,cowboy blanket,western decor,sunflower throw,farmhouse throw,rustic home,country living,gift for mom,housewarming gift,cozy throw,living room,cottagecore,autumn decor
"Winter Sherpa Blanket, Christmas Fleece Blanket, Pine Trees Throw Blanket, Bedding, Gift Idea, Rustic Home Decor, Snowy Scene 50x60 60x80",https://www.etsy.com/listing/4352109349/winter-sherpa-blanket-christmas-fleece,ZigAndWillow,https://www.etsy.com/shop/ZigAndWillow,50.00,0,0,0,5,2,9 Mo.,7,0,202,Home & Living,29,0,2.48,591,"throw blanket,60x80 50x60,comfy soft blanket,gift for mom wife,fleece blanket fuzzy,living room decor,gift for friend,bedroom bedding,sherpa blanket,rustic home decor,winter blanket,christmas pine trees,snow snowy scene",throw blanket,60x80 50x60,comfy soft blanket,gift for mom wife,fleece blanket fuzzy,living room decor,gift for friend,bedroom bedding,sherpa blanket,rustic home decor,winter blanket,christmas pine trees,snow snowy scene
Braided Rattan Wicker Plush Blanket | Cozy Boho Throw for Sofa Decor,https://www.etsy.com/listing/4499006541/braided-rattan-wicker-plush-blanket-cozy,OrinShopID,https://www.etsy.com/shop/OrinShopID,74.60,0,0,0,0,0,1 Mo.,0,0,2,Home & Living,17,0,0.0,236,"braided rattan throw,wicker plush blanket,rattan pattern throw,boho home vibe,rustic cozy decor,gift for her,housewarming gift,cozy gift idea,sofa throw blanket,living room decor,fall cozy blanket,hygge home throw,natural style",braided rattan throw,wicker plush blanket,rattan pattern throw,boho home vibe,rustic cozy decor,gift for her,housewarming gift,cozy gift idea,sofa throw blanket,living room decor,fall cozy blanket,hygge home throw,natural style
"Blue Golf Repeat Pattern Woven Blanket | Cotton Throw, Fringe Edge",https://www.etsy.com/listing/4490477602/blue-golf-repeat-pattern-woven-blanket,The19thHoleStudio,https://www.etsy.com/shop/The19thHoleStudio,67.99,0,0,0,0,0,1 Mo.,0,0,0,Home & Living,7,0,0.0,0,"woven blanket,cozy throw,holiday throw,rustic decor,farmhouse throw,nordic blanket,living room,christmas gift,cottage decor,fringe blanket,golf throw,fathers day gift,gift for golfer",woven blanket,cozy throw,holiday throw,rustic decor,farmhouse throw,nordic blanket,living room,christmas gift,cottage decor,fringe blanket,golf throw,fathers day gift,gift for golfer
"Throw Blankets - My Happy Place | Housewarming Gift, Throw Blanket Gift, Cozy Throw Blanket, Sentimental Throw Blanket, Hostess Gift Throw",https://www.etsy.com/listing/526262625/throw-blanket-my-happy-place,DWELLhomeshoppe,https://www.etsy.com/shop/DWELLhomeshoppe,38.99,0,0,0,26,5,110 Mo.,42,0,1035,Home & Living,165,0,2.51,100248,"dwell,cozy throw blanket,housewarming gift,sentimental gift,hostess gift,gift for mom,wedding gift blanket,living room decor,sofa accessory throw,year-round blanket,rustic home decor,sentimental home,cozy home atmosphere",dwell,cozy throw blanket,housewarming gift,sentimental gift,hostess gift,gift for mom,wedding gift blanket,living room decor,sofa accessory throw,year-round blanket,rustic home decor,sentimental home,cozy home atmosphere
"Rustic Schnauzer Pattern Woven Blanket | Southwestern Motif, Fringe Throw",https://www.etsy.com/listing/4417073141/rustic-schnauzer-pattern-woven-blanket,PupzStyleHaven,https://www.etsy.com/shop/PupzStyleHaven,54.99,0,0,0,0,0,6 Mo.,0,0,15,Home & Living,44,0,0.0,14,"woven blanket,boho throw,cozy throw,rustic decor,living room,earth tone,bohemian rug,bedroom throw,housewarming gift,neutral blanket,textured throw,soft woven,gift for mom",woven blanket,boho throw,cozy throw,rustic decor,living room,earth tone,bohemian rug,bedroom throw,housewarming gift,neutral blanket,textured throw,soft woven,gift for mom
"Southwestern Geometric Woven Blanket 100% Cotton - Rustic Tribal-Inspired Throw for Boho Living Room or Bedroom Decor, Cottagecore Tapestry",https://www.etsy.com/listing/1819972474/southwestern-geometric-woven-blanket-100,BlanketByKA,https://www.etsy.com/shop/BlanketByKA,123.19,0,0,0,5,1,19 Mo.,43,0,783,Home & Living,19,0,0.64,2544,"southwestern blanket,tribal decor blanket,rustic style throw,earthy tones blanket,cozy tribal throw,bohemian home decor,warm woven blanket,geometric woven,boho living room,rustic blanket,patterned blanket,artistic tribal,woven blanket",southwestern blanket,tribal decor blanket,rustic style throw,earthy tones blanket,cozy tribal throw,bohemian home decor,warm woven blanket,geometric woven,boho living room,rustic blanket,patterned blanket,artistic tribal,woven blanket
Southwestern Diamond Pattern Woven Blanket | Navajo Inspired Throw,https://www.etsy.com/listing/4509211987/southwestern-diamond-pattern-woven,GymBaddieLeggings,https://www.etsy.com/shop/GymBaddieLeggings,66.98,0,0,0,0,0,1 Mo.,0,0,2,Home & Living,2,0,0.0,2,"woven blanket,southwest throw,boho blanket,fringe throw,tribal throw,cozy home decor,rustic blanket,earth tone throw,living room rug,bedroom throw,camping blanket,gift for mom,housewarming gift",woven blanket,southwest throw,boho blanket,fringe throw,tribal throw,cozy home decor,rustic blanket,earth tone throw,living room rug,bedroom throw,camping blanket,gift for mom,housewarming gift
"Personalized Camp Woven Blanket, Couple Decor, nature lovers, Anniversary Gift, Mr and Mrs",https://www.etsy.com/listing/4494297747/personalized-camp-woven-blanket-couple,Thetendencyclub,https://www.etsy.com/shop/Thetendencyclub,58.53,0,0,0,0,0,2 Mo.,0,0,2,Home & Living,16,0,0.0,27,"woven blanket,mountain blanket,cozy throw,camping blanket,rustic decor,nature throw,cabin blanket,outdoor throw,boho blanket,neutral throw,living room,mountain decor,gift for hikers",woven blanket,mountain blanket,cozy throw,camping blanket,rustic decor,nature throw,cabin blanket,outdoor throw,boho blanket,neutral throw,living room,mountain decor,gift for hikers
I See Adventure Everywhere- Fleece Throw Blanket- Nature Home Decor- Lodge And Cabin- Minimalist Boho Bedding- Gift For Boyfriend+Girlfriend,https://www.etsy.com/listing/1362351475/i-see-adventure-everywhere-fleece-throw,WolfAndMoonOutpost,https://www.etsy.com/shop/WolfAndMoonOutpost,68.95,0,0,0,1,1,42 Mo.,4,0,65,Home & Living,77,0,1.54,108,"fleece blanket throw,gift for boyfriend,girlfriend gift,holiday gift for her,employee gifts,wild one,nature home decor,boho bedding,lodge and cabin,presents for men,gifts for him,minimalist moon,rustic living room",fleece blanket throw,gift for boyfriend,girlfriend gift,holiday gift for her,employee gifts,wild one,nature home decor,boho bedding,lodge and cabin,presents for men,gifts for him,minimalist moon,rustic living room
Horse Lover Gift Running Horses Blanket Wild Horse Beach Decor Coastal Western Horse Girl Gift Equestrian Gift Rustic Horse Home Decor,https://www.etsy.com/listing/4441664905/running-horses-woven-blanket-tapestry,KlutchMerch,https://www.etsy.com/shop/KlutchMerch,74.25,0,0,0,0,0,5 Mo.,5,0,50,Home & Living,37,0,0.0,957,"woven blanket,horse blanket,fringed throw,equine decor,rustic home,farmhouse throw,western blanket,cozy throw,living room,bedroom decor,country style,gift for her,housewarming",woven blanket,horse blanket,fringed throw,equine decor,rustic home,farmhouse throw,western blanket,cozy throw,living room,bedroom decor,country style,gift for her,housewarming
"Cozy Holiday Woven Blanket, Soft Throw for Christmas, Decorative Blanket for Home, Gift for Winter, Warm Cozy Decor",https://www.etsy.com/listing/4390152882/cozy-holiday-woven-blanket-soft-throw,TRENDYTU,https://www.etsy.com/shop/TRENDYTU,64.15,0,0,0,0,0,1 Mo.,0,0,0,Home & Living,14,0,0.0,680,"woven blanket,cozy home decor,seasonal blanket,holiday decor,gifts for her,living room blanket,warm throw blanket,indoor comfort,christmas decor,home warmth,family gatherings,rustic blanket,travel blanket",woven blanket,cozy home decor,seasonal blanket,holiday decor,gifts for her,living room blanket,warm throw blanket,indoor comfort,christmas decor,home warmth,family gatherings,rustic blanket,travel blanket
"Plush Blanket, Black and White Bull Elk Wildlife Photography, Cozy Throw, Soft Blanket, Nature Lover Gift, Cabin Decor",https://www.etsy.com/listing/1882658971/plush-blanket-black-and-white-bull-elk,TristansWildlife,https://www.etsy.com/shop/TristansWildlife,26.75,0,0,0,0,0,10 Mo.,0,0,0,Home & Living,38,0,0.0,35,"velveteen blanket,plush throw,wildlife photography,elk photo,cozy home decor,nature lover gift,gift for outdoorsman,cabin decor,camping blanket,rustic home accent,holiday gift idea,winter cabin decor,living room throw",velveteen blanket,plush throw,wildlife photography,elk photo,cozy home decor,nature lover gift,gift for outdoorsman,cabin decor,camping blanket,rustic home accent,holiday gift idea,winter cabin decor,living room throw
"Piglet Woven Cotton Throw Blanket - 100% Cotton Tapestry Throw, Cozy Boho Decor for Sofa, Bed or Wall Hanging",https://www.etsy.com/listing/4405964970/piglet-woven-cotton-throw-blanket-100,WovelyArt,https://www.etsy.com/shop/WovelyArt,47.65,0,0,0,0,0,6 Mo.,0,0,0,Home & Living,6,0,0.0,12,"woven blanket,cotton throw,pig blanket,farmhouse decor,living room throw,wall tapestry,housewarming gift,gift for mom,cozy farmhouse,rustic decor,cottagecore,animal lover gift,farm animal",woven blanket,cotton throw,pig blanket,farmhouse decor,living room throw,wall tapestry,housewarming gift,gift for mom,cozy farmhouse,rustic decor,cottagecore,animal lover gift,farm animal
Floral Blanket Flowers Farmhouse Decor Throw Cozy Home Accent Flower Print Bedspread Housewarming Gift Living Room What to get,https://www.etsy.com/listing/1812445042/floral-blanket-flowers-farmhouse-decor,MissHazelPrintCo,https://www.etsy.com/shop/MissHazelPrintCo,25.24,0,0,0,0,0,4 Mo.,1,0,5,Home & Living,7,0,0.0,6,"velveteen blanket,floral blanket,farmhouse decor,cozy throw blanket,home decor gift,floral home accents,soft throw blanket,rustic living room,gift for her,housewarming gift,floral bedroom decor,country home decor,warm winter blanket",velveteen blanket,floral blanket,farmhouse decor,cozy throw blanket,home decor gift,floral home accents,soft throw blanket,rustic living room,gift for her,housewarming gift,floral bedroom decor,country home decor,warm winter blanket
"Vintage Rose Floral Woven Blanket | Tapestry Throw, Cottagecore Decor",https://www.etsy.com/listing/4421378709/vintage-rose-floral-woven-blanket,VintageKraftAU,https://www.etsy.com/shop/VintageKraftAU,40.83,0,0,0,0,0,4 Mo.,1,0,5,Home & Living,4,0,0.0,0,"woven blanket,floral throw,vintage blanket,rose blanket,cozy home,boho decor,cottagecore,bed throw,living room,gift for her,bridal shower,fall decor,rustic home",woven blanket,floral throw,vintage blanket,rose blanket,cozy home,boho decor,cottagecore,bed throw,living room,gift for her,bridal shower,fall decor,rustic home
"Cozy Woven Blanket, Fall Decor, Gift for Home, Snuggle Blanket, Autumn Vibes, Floral Throw",https://www.etsy.com/listing/4392364228/cozy-woven-blanket-fall-decor-gift-for,BeesDesigns07,https://www.etsy.com/shop/BeesDesigns07,50.99,0,0,0,0,0,1 Mo.,1,0,14,Home & Living,0,0,0.0,0,"cozy woven blanket,home decor blanket,fall decor blanket,gift for her,gift for him,living room blanket,throw blanket cozy,rustic home decor,blanket for couch,friendly gift idea,boho style blanket,warm knitted throw,easy care blanket",cozy woven blanket,home decor blanket,fall decor blanket,gift for her,gift for him,living room blanket,throw blanket cozy,rustic home decor,blanket for couch,friendly gift idea,boho style blanket,warm knitted throw,easy care blanket
"Cozy Farmhouse Scene Blanket, Soft and Warm Decorative Throw, Perfect for Living Room or Bedroom, Rustic Country Charm, Unique Gift Idea",https://www.etsy.com/listing/1850378463/cozy-farmhouse-scene-blanket-soft-and,NotesAndThreads,https://www.etsy.com/shop/NotesAndThreads,19.99,0,0,0,0,0,4 Mo.,0,0,3,Home & Living,55,0,0.0,3239,"cozy blanket,farmhouse scene,living room blanket,bedroom blanket,rustic country,unique gift idea,countryside setting,vibrant colors throw,cozy farmhouse decor,decorative throw,farmhouse charm,rustic decor,soft and warm throw",cozy blanket,farmhouse scene,living room blanket,bedroom blanket,rustic country,unique gift idea,countryside setting,vibrant colors throw,cozy farmhouse decor,decorative throw,farmhouse charm,rustic decor,soft and warm throw
"Cozy Woven Blanket with Fringed Edges, Home Decor, Living Room Decor, Gift for Cozy Nights, Fall and Winter Blanket",https://www.etsy.com/listing/4355723788/cozy-woven-blanket-with-fringed-edges,AlexHomestead,https://www.etsy.com/shop/AlexHomestead,54.78,0,0,0,0,0,1 Mo.,0,0,0,Home & Living,30,0,0.0,0,"woven blanket,cozy home decor,warmth gift,artistic throw,textured blanket,home comforts,rustic living,cottage vibes,family gatherings,indoor cozy,living room decor,gift for mom,picnic essential",woven blanket,cozy home decor,warmth gift,artistic throw,textured blanket,home comforts,rustic living,cottage vibes,family gatherings,indoor cozy,living room decor,gift for mom,picnic essential
"Tennessee Bow woven blanket | state name throw, decorative fringe tapestry",https://www.etsy.com/listing/4466424265/tennessee-bow-woven-blanket-state-name,BoujeeintheCountry,https://www.etsy.com/shop/BoujeeintheCountry,44.00,0,0,0,0,0,2 Mo.,0,0,2,Home & Living,2,0,0.0,0,"woven blanket,tennessee blanket,state throw,cozy home,cottagecore decor,rustic throw,souvenir gift,housewarming gift,living room throw,bedroom blanket,gift for her,friend birthday,holiday gift",woven blanket,tennessee blanket,state throw,cozy home,cottagecore decor,rustic throw,souvenir gift,housewarming gift,living room throw,bedroom blanket,gift for her,friend birthday,holiday gift
Aspen Mountain Scene Woven Blanket | Ski Town Landscape Throw,https://www.etsy.com/listing/4453061753/aspen-mountain-scene-woven-blanket-ski,NorthernShoreStudios,https://www.etsy.com/shop/NorthernShoreStudios,56.99,0,0,0,0,0,3 Mo.,0,0,1,Home & Living,38,0,0.0,4,"woven blanket,mountain blanket,aspen blanket,cozy throw,rustic decor,cabin blanket,ski lodge,travel souvenir,outdoor decor,gift for her,winter throw,vintage style,living room",woven blanket,mountain blanket,aspen blanket,cozy throw,rustic decor,cabin blanket,ski lodge,travel souvenir,outdoor decor,gift for her,winter throw,vintage style,living room
Autumn Leaves Woven Blanket | Fall Leaf Pattern Throw,https://www.etsy.com/listing/4461185265/autumn-leaves-woven-blanket-fall-leaf,LittlePlanetPro,https://www.etsy.com/shop/LittlePlanetPro,56.99,0,0,0,0,0,3 Mo.,0,0,1,Home & Living,32,0,0.0,7,"woven blanket,cozy throw,autumn decor,fall blanket,earth tone throw,boho blanket,living room decor,warm throw,gift for her,rustic home,textured throw,couch blanket,housewarming gift",woven blanket,cozy throw,autumn decor,fall blanket,earth tone throw,boho blanket,living room decor,warm throw,gift for her,rustic home,textured throw,couch blanket,housewarming gift
Winter Cabin Woven Blanket For Cozy Home Decor Rustic Lodge Throw For Bedroom Living Room And Christmas Gift Soft Snowy Cabin Pattern Gift,https://www.etsy.com/listing/4407565169/winter-cabin-woven-blanket-for-cozy-home,TheCozyyCabinett,https://www.etsy.com/shop/TheCozyyCabinett,117.54,0,0,0,0,0,6 Mo.,0,0,0,Home & Living,23,0,0.0,375,"christmas gift,christmas blanket,christmas decor,gift for mom,gift for dad,gift for brother,gift for sister,aunt gift,seasonal gift,winter gift,woven blanket xmas,cotton blanket,snowy gift",christmas gift,christmas blanket,christmas decor,gift for mom,gift for dad,gift for brother,gift for sister,aunt gift,seasonal gift,winter gift,woven blanket xmas,cotton blanket,snowy gift
Vintage Owl Illustration Woven Blanket | Botanical Feathers Tapestry,https://www.etsy.com/listing/4474731701/vintage-owl-illustration-woven-blanket,AnimaliaAtelier,https://www.etsy.com/shop/AnimaliaAtelier,79.99,0,0,0,0,0,2 Mo.,2,0,11,Home & Living,2,0,0.0,1,"woven blanket,owl blanket,rustic throw,nature blanket,woodland decor,animal throw,cozy throw,living room,gift for her,housewarming,dark academia,wall tapestry,cotton blanket",woven blanket,owl blanket,rustic throw,nature blanket,woodland decor,animal throw,cozy throw,living room,gift for her,housewarming,dark academia,wall tapestry,cotton blanket
"Minimal World Map Woven Blanket | Map Throw, Travel Décor",https://www.etsy.com/listing/4488727263/minimal-world-map-woven-blanket-o-map,TheKaleidoShoppe,https://www.etsy.com/shop/TheKaleidoShoppe,76.23,0,0,0,0,0,1 Mo.,0,0,0,Home & Living,2,0,0.0,1,"woven blanket,world map,travel blanket,map throw,home decor,living room,cozy throw,boho blanket,gift for traveler,earthy colors,rustic decor,adventure gift,map wall art",woven blanket,world map,travel blanket,map throw,home decor,living room,cozy throw,boho blanket,gift for traveler,earthy colors,rustic decor,adventure gift,map wall art
Wolf Portrait Woven Blanket | Snowy Forest Animal Throw,https://www.etsy.com/listing/4424597120/wolf-portrait-woven-blanket-snowy-forest,ThePacificCalm,https://www.etsy.com/shop/ThePacificCalm,48.73,0,0,0,0,0,5 Mo.,0,0,13,Home & Living,9,0,0.0,3,"wolf blanket,woven blanket,animal throw,nature decor,cozy home,rustic blanket,woodland gift,winter blanket,boho blanket,cabin decor,gift for him,husky blanket,living room throw",wolf blanket,woven blanket,animal throw,nature decor,cozy home,rustic blanket,woodland gift,winter blanket,boho blanket,cabin decor,gift for him,husky blanket,living room throw
"Autumn Floral Pattern Woven Blanket | Fall Flowers, Cozy Throw",https://www.etsy.com/listing/4461697363/autumn-floral-pattern-woven-blanket-fall,TheAccessoryCanvas,https://www.etsy.com/shop/TheAccessoryCanvas,41.67,0,0,0,0,0,3 Mo.,0,0,14,Home & Living,4,0,0.0,6,"woven blanket,floral throw,boho throw,cozy home,farmhouse rug,autumn decor,cottagecore,vintage blanket,living room,throw blanket,rustic decor,gift for her,housewarming",woven blanket,floral throw,boho throw,cozy home,farmhouse rug,autumn decor,cottagecore,vintage blanket,living room,throw blanket,rustic decor,gift for her,housewarming
Vintage Floral Woven Blanket | Decorative Tapestry Throw,https://www.etsy.com/listing/4487783033/vintage-floral-woven-blanket-decorative,TheAccessoryCanvas,https://www.etsy.com/shop/TheAccessoryCanvas,41.74,0,0,0,0,0,1 Mo.,0,0,1,Home & Living,4,0,0.0,6,"woven blanket,decorative throw,vintage blanket,floral throw,boho blanket,living room throw,cozy home decor,neutral decor,rustic blanket,cottagecore decor,gift for her,bedroom throw,textured blanket",woven blanket,decorative throw,vintage blanket,floral throw,boho blanket,living room throw,cozy home decor,neutral decor,rustic blanket,cottagecore decor,gift for her,bedroom throw,textured blanket
"Wolf Sherpa Blanket: Colorized Double Exposure, Nature Throw Blanket",https://www.etsy.com/listing/1873382883/wolf-sherpa-blanket-colorized-double,ArcCreations1209,https://www.etsy.com/shop/ArcCreations1209,43.92,0,0,0,0,0,15 Mo.,0,0,19,Home & Living,30,0,0.0,333,"wolf blanket,nature home decor,mountain gift,forest living room,double exposure art,unique bedding gift,camping blanket,winter cabin decor,cozy sofa throw,animal lover gift,rustic bedroom decor,gift for hikers,lodge decor",wolf blanket,nature home decor,mountain gift,forest living room,double exposure art,unique bedding gift,camping blanket,winter cabin decor,cozy sofa throw,animal lover gift,rustic bedroom decor,gift for hikers,lodge decor
Cozy Woven Throw Blanket Modern Tapestry Forest Blanket Landscape Trees in Earthy Tones Throw Rustic Boho Decor for Living Room or Bedroom,https://www.etsy.com/listing/4349709807/cozy-woven-throw-blanket-modern-tapestry,JardinJolieShop,https://www.etsy.com/shop/JardinJolieShop,131.60,0,0,0,2,1,9 Mo.,0,0,90,Home & Living,10,0,2.22,93,"woven throw blanket,cozy blanket,housewarming gift,woven tapestry,throw blanket,woven blanket,cotton blanket,picnic blanket,landscape throw,woodland tapestry,boho decor,cottagecore blanket,modern boho throw",woven throw blanket,cozy blanket,housewarming gift,woven tapestry,throw blanket,woven blanket,cotton blanket,picnic blanket,landscape throw,woodland tapestry,boho decor,cottagecore blanket,modern boho throw
Botanical Fern Pattern Woven Blanket | Fringed Cotton Throw,https://www.etsy.com/listing/4420318413/botanical-fern-pattern-woven-blanket,ALLYAhYah,https://www.etsy.com/shop/ALLYAhYah,63.71,0,0,0,0,0,5 Mo.,0,0,1,Home & Living,6,0,0.0,4,"woven blanket,cozy throw,boho blanket,cottagecore decor,earth tone throw,living room rug,textured throw,gift for her,winter blanket,throw for couch,bohemian throw,rustic home,vintage pattern",woven blanket,cozy throw,boho blanket,cottagecore decor,earth tone throw,living room rug,textured throw,gift for her,winter blanket,throw for couch,bohemian throw,rustic home,vintage pattern
"Fox and Floral Woven Blanket 100% Cotton with Enchanting Woodland Design, Cozy Decorative Throw for Nature and Animal Lovers, Cottagecore",https://www.etsy.com/listing/4450038919/fox-and-floral-woven-blanket-100-cotton,HoneyWearDesigns,https://www.etsy.com/shop/HoneyWearDesigns,72.99,0,0,0,0,0,4 Mo.,0,0,3,Home & Living,4,0,0.0,0,"woven blanket,fox blanket,animal throw,boho throw,cozy blanket,rustic decor,living room,cottagecore,gift for her,woodland decor,autumn decor,bohemian rug,nature blanket",woven blanket,fox blanket,animal throw,boho throw,cozy blanket,rustic decor,living room,cottagecore,gift for her,woodland decor,autumn decor,bohemian rug,nature blanket
"Woven Bird Medallion Tapestry Blanket | Fringed Cotton Throw, Cottagecore Decor",https://www.etsy.com/listing/4499653624/woven-bird-medallion-tapestry-blanket,LolloTeesStory,https://www.etsy.com/shop/LolloTeesStory,83.00,0,0,0,0,0,1 Mo.,0,0,2,Home & Living,2,0,0.0,1,"woven blanket,vintage bird blanket,tapestry blanket,cotton throw,fringed throw,boho woven blanket,cottagecore blanket,cozy home decor,rustic throw blanket,framed bird decor,bohemian throw,gift for bird lover,living room throw",woven blanket,vintage bird blanket,tapestry blanket,cotton throw,fringed throw,boho woven blanket,cottagecore blanket,cozy home decor,rustic throw blanket,framed bird decor,bohemian throw,gift for bird lover,living room throw
Mississippi 20th State America 250 Woven Blanket | &#39;The Twentieth State&#39; Tapestry Throw,https://www.etsy.com/listing/4454247023/mississippi-20th-state-america-250-woven,SpearWolfKnight,https://www.etsy.com/shop/SpearWolfKnight,56.99,0,0,0,0,0,3 Mo.,0,0,6,Home & Living,5,0,0.0,0,"woven blanket,state blanket,rustic home,patriotic decor,cozy throw,vintage style,living room,sofa throw,gift for him,travel blanket,housewarming,mississippi,america 250",woven blanket,state blanket,rustic home,patriotic decor,cozy throw,vintage style,living room,sofa throw,gift for him,travel blanket,housewarming,mississippi,america 250
"Vintage Grape Woven Throw Blanket, Rustic Botanical Tapestry, Fringed Accent",https://www.etsy.com/listing/4449899515/grapes-illustration-woven-blanket,buleberrystore,https://www.etsy.com/shop/buleberrystore,34.88,0,0,0,0,0,4 Mo.,0,0,0,Home & Living,4,0,0.0,0,"woven blanket,throw blanket,fruit design,cozy home,farmhouse decor,kitchen throw,rustic blanket,vintage style,autumn decor,gift for mom,fruity throw,boho blanket,living room",woven blanket,throw blanket,fruit design,cozy home,farmhouse decor,kitchen throw,rustic blanket,vintage style,autumn decor,gift for mom,fruity throw,boho blanket,living room
Willow&#39;s Promise Woven Cotton Blanket | Heirloom Throw Blanket | Elegant Neutral Home Decor | Juniper Oath,https://www.etsy.com/listing/4442911748/willows-promise-woven-cotton-blanket,JuniperOath,https://www.etsy.com/shop/JuniperOath,90.15,0,0,0,0,0,4 Mo.,0,0,10,Home & Living,4,0,0.0,0,"woven blanket,tree blanket,willow throw,nature throw,cozy home,living room,cottagecore,rustic decor,gift for her,fall decor,boho blanket,neutral aesthetic,earthy home style",woven blanket,tree blanket,willow throw,nature throw,cozy home,living room,cottagecore,rustic decor,gift for her,fall decor,boho blanket,neutral aesthetic,earthy home style
Real Sheepskin Rug Easter Gift Black Sheepskin Rug Pelt Wool Fur Throw Floor Rug Housewarming Present Carpet Home Decorative Carpet Rug Gift,https://www.etsy.com/listing/4472461565/real-sheepskin-rug-easter-gift-black,LeatherEndure,https://www.etsy.com/shop/LeatherEndure,192.57,0,0,0,0,0,2 Mo.,0,0,5,Home & Living,19,0,0.0,117,"scandinavian decor,rustic home decor,rugs for living room,farmhouse decor,gifts for mom,sheepskin area rug,sheepskin rug large,curly sheepskin rug,medical sheepskin,sheepskin fur throw,throw blankets,sheepskin pet bed,iceland black rug",scandinavian decor,rustic home decor,rugs for living room,farmhouse decor,gifts for mom,sheepskin area rug,sheepskin rug large,curly sheepskin rug,medical sheepskin,sheepskin fur throw,throw blankets,sheepskin pet bed,iceland black rug
Autumn Watercolor Leaves Sherpa Fleece Blanket | Fall Leaf Pattern,https://www.etsy.com/listing/4480931211/autumn-watercolor-leaves-sherpa-fleece,TeriKaiDesigns,https://www.etsy.com/shop/TeriKaiDesigns,52.65,0,0,0,0,0,2 Mo.,0,0,1,Home & Living,90,0,0.0,1615,"sherpa blanket,fleece blanket,cozy throw,fall blanket,autumn decor,soft sherpa,warm throw,living room,bedroom decor,gift for her,housewarming gift,neutral blanket,rustic home",sherpa blanket,fleece blanket,cozy throw,fall blanket,autumn decor,soft sherpa,warm throw,living room,bedroom decor,gift for her,housewarming gift,neutral blanket,rustic home
Golf Repeat Pattern Woven Blanket | Cotton Throw with Fringe,https://www.etsy.com/listing/4490463079/golf-repeat-pattern-woven-blanket-cotton,The19thHoleStudio,https://www.etsy.com/shop/The19thHoleStudio,67.99,0,0,0,0,0,1 Mo.,0,0,0,Home & Living,7,0,0.0,0,"woven blanket,cozy throw,neutral decor,farmhouse throw,boho blanket,couch blanket,living room,housewarming,holiday gift,winter cozy,rustic home,golfer gift,gift for her",woven blanket,cozy throw,neutral decor,farmhouse throw,boho blanket,couch blanket,living room,housewarming,holiday gift,winter cozy,rustic home,golfer gift,gift for her
Golf Repeat Pattern Woven Blanket | Cotton with Fringe,https://www.etsy.com/listing/4490470585/golf-repeat-pattern-woven-blanket-cotton,The19thHoleStudio,https://www.etsy.com/shop/The19thHoleStudio,67.99,0,0,0,0,0,1 Mo.,0,0,0,Home & Living,7,0,0.0,0,"woven blanket,cozy throw,neutral decor,boho blanket,living room,rustic throw,fringe blanket,cottagecore,farmhouse decor,winter blanket,gift for her,golf blanket,fathers day gift",woven blanket,cozy throw,neutral decor,boho blanket,living room,rustic throw,fringe blanket,cottagecore,farmhouse decor,winter blanket,gift for her,golf blanket,fathers day gift
Golf Repeat Pattern Woven Cotton Throw Blanket | Colorful Fringed Edges,https://www.etsy.com/listing/4493122472/golf-repeat-pattern-woven-cotton-throw,The19thHoleStudio,https://www.etsy.com/shop/The19thHoleStudio,37.99,0,0,0,0,0,1 Mo.,0,0,0,Home & Living,7,0,0.0,0,"woven blanket,deer throw,cozy home,rustic decor,gift for her,living room,neutral throw,fringe blanket,winter blanket,boho blanket,cottagestyle,dad gift,fathers day gift",woven blanket,deer throw,cozy home,rustic decor,gift for her,living room,neutral throw,fringe blanket,winter blanket,boho blanket,cottagestyle,dad gift,fathers day gift
Deer Portrait Woven Blanket | Woodland Fawn Tapestry Throw,https://www.etsy.com/listing/4453500227/deer-portrait-woven-blanket-woodland,LACprints,https://www.etsy.com/shop/LACprints,79.47,0,0,0,0,0,3 Mo.,0,0,2,Home & Living,53,0,0.0,546,"deer blanket,woven blanket,animal throw,woodland decor,cozy throw,rustic home,cabin blanket,autumn decor,gift for her,nature lover,living room,boho blanket,farmhouse decor",deer blanket,woven blanket,animal throw,woodland decor,cozy throw,rustic home,cabin blanket,autumn decor,gift for her,nature lover,living room,boho blanket,farmhouse decor
"Christian Wall Art Valentines Day Blanket Jesus is my Valentine Single Awareness Day Valentines Day Gift for wife Valentine heart blanket,",https://www.etsy.com/listing/4442735079/christian-wall-art-valentines-day,TheMessyArtistDesign,https://www.etsy.com/shop/TheMessyArtistDesign,45.00,0,0,0,0,0,4 Mo.,1,0,3,Home & Living,12,0,0.0,2,"woven blanket,cozy throw,ocean decor,rustic blanket,living room,boho throw,gift for her,neutral decor,jesus my valentine,bible verse wall art,bible verse blanket,romantic gift,christian gift",woven blanket,cozy throw,ocean decor,rustic blanket,living room,boho throw,gift for her,neutral decor,jesus my valentine,bible verse wall art,bible verse blanket,romantic gift,christian gift
"Blue Heron 100% Cotton Woven  Blanket, Japanese Coastal Tapestry, Nature Home Decor",https://www.etsy.com/listing/4455554490/blue-heron-woven-blanket-100-cotton,NovaBlanket,https://www.etsy.com/shop/NovaBlanket,92.20,0,0,0,0,0,3 Mo.,1,0,17,Home & Living,7,0,0.0,10,"housewarming gift,coastal grandmother,living room decor,cozy home decor,white crane throw,bird lover gift,sunset blanket decor,gift for her,rustic aesthetic,japanese style art,neutral wall hanging,cottagecore nature,gift for friend",housewarming gift,coastal grandmother,living room decor,cozy home decor,white crane throw,bird lover gift,sunset blanket decor,gift for her,rustic aesthetic,japanese style art,neutral wall hanging,cottagecore nature,gift for friend
Personalized Elk Woven Blanket: Custom Name Hunter Gift,https://www.etsy.com/listing/4396472879/personalized-elk-woven-blanket-custom,StoadShop,https://www.etsy.com/shop/StoadShop,61.80,0,0,0,0,0,7 Mo.,0,0,89,Home & Living,69,0,0.0,2150,"cozy home decor,warm woven blanket,nature art throw,rustic living room,thick woven throw,handmade blanket,outdoor adventure,comfortable blanket,farmhouse style,camping essentials,blanket for winter,nature lovers gift,manly gift",cozy home decor,warm woven blanket,nature art throw,rustic living room,thick woven throw,handmade blanket,outdoor adventure,comfortable blanket,farmhouse style,camping essentials,blanket for winter,nature lovers gift,manly gift
"Watercolor Fox Blanket: Velveteen Plush Throw, Cottagecore Decor",https://www.etsy.com/listing/1863442066/watercolor-fox-blanket-velveteen-plush,ArtStudio905,https://www.etsy.com/shop/ArtStudio905,50.98,0,0,0,0,0,15 Mo.,1,0,45,Home & Living,41,0,0.0,1610,"velveteen plush,watercolors fox,cottagecore blanket,cozy home decor,nature inspired,soft throw blanket,gift for her,warm winter blanket,hygge living room,rustic bedding,animal lovers gift,unique home accent,fall decor",velveteen plush,watercolors fox,cottagecore blanket,cozy home decor,nature inspired,soft throw blanket,gift for her,warm winter blanket,hygge living room,rustic bedding,animal lovers gift,unique home accent,fall decor
"Leopard Star Sherpa Pattern Sherpa Blanket, Rustic Western Fleece Throw, Burgundy Animal Print Cozy Home Decor",https://www.etsy.com/listing/4510803448/leopard-star-sherpa-pattern-sherpa,InkedCanvasStudioArt,https://www.etsy.com/shop/InkedCanvasStudioArt,74.99,0,0,0,0,0,1 Mo.,0,0,0,Home & Living,8,0,0.0,139,"sherpa blanket,fleece blanket,cozy throw,star blanket,leopard stars,rustic decor,boho blanket,gift for her,living room throw,bedroom cozy,animal print,soft sherpa,holiday gift",sherpa blanket,fleece blanket,cozy throw,star blanket,leopard stars,rustic decor,boho blanket,gift for her,living room throw,bedroom cozy,animal print,soft sherpa,holiday gift
Horse in Sunrise Meadow Sherpa Fleece Blanket | Country Farmhouse Throw |  Cozy Horse Lover Gift | Golden Hour Meadow Blanket,https://www.etsy.com/listing/4505987205/horse-in-sunrise-meadow-sherpa-fleece,SaltPetalbyBloomWake,https://www.etsy.com/shop/SaltPetalbyBloomWake,36.31,0,0,0,0,0,1 Mo.,1,0,4,Home & Living,3,0,0.0,21,"sherpa blanket,cozy throw,farmhouse decor,country blanket,equestrian gift,sunset blanket,soft fleece,rustic throw,living room throw,bedroom blanket,gift for her,horse lover gift,horse blanket",sherpa blanket,cozy throw,farmhouse decor,country blanket,equestrian gift,sunset blanket,soft fleece,rustic throw,living room throw,bedroom blanket,gift for her,horse lover gift,horse blanket
Woven Floral Meadow Blanket | &quot;Rooted in Your Love&quot; Botanical Throw,https://www.etsy.com/listing/4487692424/woven-floral-meadow-blanket-rooted-in,BrumaStudioShop,https://www.etsy.com/shop/BrumaStudioShop,56.99,0,0,0,0,0,1 Mo.,0,0,5,Home & Living,1,0,0.0,1,"woven blanket,floral throw,botanical decor,cozy home,neutral blanket,rustic blanket,gift blanket,bedroom throw,living room rug,housewarming gift,mothers day,gift for her,couch blanket",woven blanket,floral throw,botanical decor,cozy home,neutral blanket,rustic blanket,gift blanket,bedroom throw,living room rug,housewarming gift,mothers day,gift for her,couch blanket
Watercolor Skunk Sherpa Throw Blanket – Woodland Animal in a Field – Nature Home Decor or Gift,https://www.etsy.com/listing/4412751194/watercolor-skunk-sherpa-throw-blanket,ZsArtCollection,https://www.etsy.com/shop/ZsArtCollection,86.00,0,0,0,0,0,7 Mo.,2,0,9,Home & Living,33,0,0.0,121,"watercolor throw,queen size throw,cozy warm blanket,living room throw,unique gift for her,woodland animal,cozy wildlife sherpa,unique gift for him,animal print bedding,sherpa throw blanket,rustic home decor,warm skunk blanket,skunk in flowers",watercolor throw,queen size throw,cozy warm blanket,living room throw,unique gift for her,woodland animal,cozy wildlife sherpa,unique gift for him,animal print bedding,sherpa throw blanket,rustic home decor,warm skunk blanket,skunk in flowers
Watercolor Mischievous Chipmunks Sherpa Throw Blanket – Curious Woodland Animals Home Decor or Gift,https://www.etsy.com/listing/4412757619/watercolor-mischievous-chipmunks-sherpa,ZsArtCollection,https://www.etsy.com/shop/ZsArtCollection,72.00,0,0,0,0,0,7 Mo.,0,0,10,Home & Living,33,0,0.0,121,"watercolor throw,queen size throw,cozy warm blanket,living room throw,unique gift for her,woodland animal,cozy wildlife sherpa,unique gift for him,animal print bedding,sherpa throw blanket,quirky animal throw,rustic home decor,mischievous chipmunk",watercolor throw,queen size throw,cozy warm blanket,living room throw,unique gift for her,woodland animal,cozy wildlife sherpa,unique gift for him,animal print bedding,sherpa throw blanket,quirky animal throw,rustic home decor,mischievous chipmunk
Vintage Floral Medallion Fleece Sherpa Blanket | Neutral Striped Pattern,https://www.etsy.com/listing/4521078469/vintage-floral-medallion-fleece-sherpa,SagesOfThePast,https://www.etsy.com/shop/SagesOfThePast,95.60,0,0,0,0,0,1 Mo.,0,0,0,Home & Living,46,0,0.0,24009,"sherpa blanket,fleece throw,cozy throw,neutral decor,rustic blanket,cabin blanket,farmhouse decor,bedroom throw,living room throw,gift for her,gift for him,housewarming gift,winter blanket",sherpa blanket,fleece throw,cozy throw,neutral decor,rustic blanket,cabin blanket,farmhouse decor,bedroom throw,living room throw,gift for her,gift for him,housewarming gift,winter blanket
Red White Plaid Blanket Plush Red Gingham Bedding Checkered Throw Velveteen Plaid  Retro Check Print,https://www.etsy.com/listing/1847292579/red-white-plaid-blanket-plush-plaid,Basilandsagestudio,https://www.etsy.com/shop/Basilandsagestudio,19.46,0,0,0,0,0,17 Mo.,1,0,21,Home & Living,63,0,0.0,62,"gingham plaid,velveteen blanket,red white throw,cozy home decor,farmhouse style,living room accent,winter blanket,gift for her,christmas present,housewarming gift,soft bedding,cottage chic,rustic farmhouse",gingham plaid,velveteen blanket,red white throw,cozy home decor,farmhouse style,living room accent,winter blanket,gift for her,christmas present,housewarming gift,soft bedding,cottage chic,rustic farmhouse
"Western Horse Woven Blanket, Cozy Home Decor, Camping Gift, Rustic Living Room Throw, Perfect for Horse Lovers, Rodeo Decor",https://www.etsy.com/listing/1859831936/western-horse-woven-blanket-cozy-home,WesternPowerhouse,https://www.etsy.com/shop/WesternPowerhouse,51.72,0,0,0,0,0,1 Mo.,0,0,0,Home & Living,108,0,0.0,1800,"woven blanket,cozy home decor,western style throw,rustic living room,horse lover gift,western themed decor,country style home,warm and comfy throw,unique gift idea,retro western art,soft acrylic blanket,bohemian home decor,adventure blanket",woven blanket,cozy home decor,western style throw,rustic living room,horse lover gift,western themed decor,country style home,warm and comfy throw,unique gift idea,retro western art,soft acrylic blanket,bohemian home decor,adventure blanket
WESTERN STYLE - Fleece Sherpa Blanket,https://www.etsy.com/listing/1683596069/western-style-fleece-sherpa-blanket,AllThingsGirly1000,https://www.etsy.com/shop/AllThingsGirly1000,55.00,0,0,0,0,0,9 Mo.,1,0,28,Home & Living,25,0,0.0,38,"western,rustic,throw,blanket,gifts,gifts for her,gifts for him,home decor,home,decor,living room,bedroom,bed",western,rustic,throw,blanket,gifts,gifts for her,gifts for him,home decor,home,decor,living room,bedroom,bed
"Western Couch Throw,Cozy Decorative Blanket,Unique Throw for Living Room Decor,rustic decor,cowgirl blanket,ranch decor,cow blanket,rodeo",https://www.etsy.com/listing/1859323638/western-couch-throwcozy-decorative,LittleFeatherCC1,https://www.etsy.com/shop/LittleFeatherCC1,54.45,0,0,0,0,0,3 Mo.,1,0,0,Home & Living,43,0,0.0,871,"couch throw blanket,southwestern decor,western home decor,woven throw blanket,western couch throw,southwestern blanket,housewarming gift,cozy couch blanket,cowboy boots blanket,country western,farmhouse decor,living room decor,cow print blanket",couch throw blanket,southwestern decor,western home decor,woven throw blanket,western couch throw,southwestern blanket,housewarming gift,cozy couch blanket,cowboy boots blanket,country western,farmhouse decor,living room decor,cow print blanket
"Scenic Tapestry Blanket: Woven Cotton Landscape, Fringed Edges",https://www.etsy.com/listing/1837427402/scenic-tapestry-blanket-woven-cotton,SheffieldsDeSign,https://www.etsy.com/shop/SheffieldsDeSign,59.31,0,0,0,0,0,10 Mo.,0,0,11,Home & Living,11,0,0.0,64,"cozy home decor,gifts for her,artistic home accent,cottagecore decor,warm throw blanket,unique gift idea,home styling accents,handcrafted textile,rustic chic blanket,seasonal decor item,picnic essentials,living room cozy,comfortable bedding",cozy home decor,gifts for her,artistic home accent,cottagecore decor,warm throw blanket,unique gift idea,home styling accents,handcrafted textile,rustic chic blanket,seasonal decor item,picnic essentials,living room cozy,comfortable bedding
Cottage Illustration Woven Blanket - Fringed Cotton Throw,https://www.etsy.com/listing/4384910873/cottage-illustration-woven-blanket,SaffronskyDesign,https://www.etsy.com/shop/SaffronskyDesign,59.53,0,0,0,0,0,6 Mo.,0,0,25,Home & Living,6,0,0.0,0,"cozy home decor,blankets for fall,woven home textiles,rustic room accents,warm throw blanket,cottage style decor,gift for her,dog lover gift,housewarming gift,comfortable living,boho style blanket,knit style blanket,family movie night",cozy home decor,blankets for fall,woven home textiles,rustic room accents,warm throw blanket,cottage style decor,gift for her,dog lover gift,housewarming gift,comfortable living,boho style blanket,knit style blanket,family movie night
Blessed Home Typography Woven Blanket | Floral Script Throw,https://www.etsy.com/listing/4495662487/blessed-home-typography-woven-blanket,BearingFruitClothing,https://www.etsy.com/shop/BearingFruitClothing,45.00,0,0,0,0,0,1 Mo.,0,0,0,Home & Living,42,0,0.0,9,"woven blanket,throw blanket,boho blanket,cozy throw,floral blanket,vintage throw,living room,bedroom decor,gift for her,housewarming,rustic home,cottagecore,soft throw",woven blanket,throw blanket,boho blanket,cozy throw,floral blanket,vintage throw,living room,bedroom decor,gift for her,housewarming,rustic home,cottagecore,soft throw
"Woven Blanket, Cozy Throw Blanket, Memory Front Porch Scene, Grandparents Gift, Comfy Rustic Home Decor, Wooden Swing Blanket",https://www.etsy.com/listing/4341138694/woven-blanket-cozy-throw-blanket-memory,OldSchoolBonds,https://www.etsy.com/shop/OldSchoolBonds,54.78,0,0,0,0,0,4 Mo.,0,0,0,Home & Living,4,0,0.0,1,"cozy blanket,memory scene,grandparents gift,front porch,wooden swing,home decor,gift for couples,family memories,farmhouse style,warm throw,snuggle blanket,living room decor,rustic home",cozy blanket,memory scene,grandparents gift,front porch,wooden swing,home decor,gift for couples,family memories,farmhouse style,warm throw,snuggle blanket,living room decor,rustic home
Highland Cow Woven Blanket | Rustic Farmhouse Throw,https://www.etsy.com/listing/4409931087/highland-cow-woven-blanket-rustic,RawEditionCollective,https://www.etsy.com/shop/RawEditionCollective,60.00,0,0,0,0,0,1 Mo.,0,0,0,Home & Living,0,0,0.0,0,"woven blanket,cow throw,highland cow,farmhouse decor,animal blanket,rustic throw,boho blanket,cozy throw,living room,country decor,gift for her,housewarming gift,barnyard art",woven blanket,cow throw,highland cow,farmhouse decor,animal blanket,rustic throw,boho blanket,cozy throw,living room,country decor,gift for her,housewarming gift,barnyard art
"Inspirational Woven Cotton Blanket, Bible Verse Throw, Home Blessing",https://www.etsy.com/listing/4388856519/inspirational-woven-cotton-blanket-bible,Sharons1111Store,https://www.etsy.com/shop/Sharons1111Store,37.17,0,0,0,0,0,4 Mo.,0,0,1,Home & Living,6,0,0.0,7,"woven blanket,cozy home decor,personalized gift,inspirational quote,bible verse blanket,comfortable throw,rustic home style,gift for him,gift for her,warm living room,chic bedroom decor,thoughtful keepsake,housewarming gift",woven blanket,cozy home decor,personalized gift,inspirational quote,bible verse blanket,comfortable throw,rustic home style,gift for him,gift for her,warm living room,chic bedroom decor,thoughtful keepsake,housewarming gift
"Galloping Horse Woven Blanket – Equestrian Art Throw, Cotton Blanket",https://www.etsy.com/listing/4398576510/galloping-horse-woven-blanket-equestrian,ImagionAtelier,https://www.etsy.com/shop/ImagionAtelier,113.36,0,0,0,0,0,4 Mo.,0,0,4,Home & Living,7,0,0.0,5,"woven blanket,cozy home decor,horse lover gift,boho style throw,unique gift idea,farmhouse decor,blanket for camping,seasonal decor piece,gifts for her,rustic living room,animal motif blanket,country style decor",woven blanket,cozy home decor,horse lover gift,boho style throw,unique gift idea,farmhouse decor,blanket for camping,seasonal decor piece,gifts for her,rustic living room,animal motif blanket,country style decor,--
Plaid Woven Throw Blanket | Rustic Cabin Decor,https://www.etsy.com/listing/4439800580/plaid-cabin-throw-woven-blanket-rustic,HomesteadandkidsCo,https://www.etsy.com/shop/HomesteadandkidsCo,34.14,0,0,0,0,0,3 Mo.,0,0,2,Home & Living,26,0,0.0,1,"woven blanket,plaid throw,cozy blanket,rustic decor,cabin blanket,neutral throw,living room,gift for him,cold weather,housewarming gift,fall decor,country cottage,farmhouse throw",woven blanket,plaid throw,cozy blanket,rustic decor,cabin blanket,neutral throw,living room,gift for him,cold weather,housewarming gift,fall decor,country cottage,farmhouse throw
"Cozy Floral Sherpa Blanket, Soft Throw, Home Decor, Warm Gift, Perfect for Winter Evenings, Living Room, Bedroom",https://www.etsy.com/listing/4386476174/cozy-floral-sherpa-blanket-soft-throw,GlimmersandGleams,https://www.etsy.com/shop/GlimmersandGleams,36.99,0,0,0,0,0,4 Mo.,0,0,0,Home & Living,7,0,0.0,95,"sherpa blanket,cozy throw blanket,home decor,soft warm blanket,gift for her,modern living room,bedroom accessory,holiday home gift,comfort blanket,rustic cabin decor,boho style blanket,family blanket,comfortable home",sherpa blanket,cozy throw blanket,home decor,soft warm blanket,gift for her,modern living room,bedroom accessory,holiday home gift,comfort blanket,rustic cabin decor,boho style blanket,family blanket,comfortable home
"Woven Cotton Throw Blanket: Boho Fringe Decor, Cozy Winter Blanket",https://www.etsy.com/listing/4317103471/woven-cotton-throw-blanket-boho-fringe,FoxandOtterBakery,https://www.etsy.com/shop/FoxandOtterBakery,59.69,0,0,0,0,0,4 Mo.,1,0,1,Home & Living,5,0,0.0,216,"woven blanket,cozy home decor,home blanket,warm throw blanket,boho style blanket,gift for her,living room decor,plant aesthetic,handmade blanket,seasonal home touch,gift for mom,modern rustic decor,soft cozy throw",woven blanket,cozy home decor,home blanket,warm throw blanket,boho style blanket,gift for her,living room decor,plant aesthetic,handmade blanket,seasonal home touch,gift for mom,modern rustic decor,soft cozy throw
"Farmhouse Plush Blanket, Home Decor, Rustic Farmhouse Decor, Throw Blanket, Gifts for Mom",https://www.etsy.com/listing/1718173325/farmhouse-plush-blanket-home-decor,InkMixArt,https://www.etsy.com/shop/InkMixArt,25.00,0,0,0,0,0,15 Mo.,0,0,4,Home & Living,108,0,0.0,519,"home and living,home decor,blankets and throws,farmhouse blanket,living room blanket,rustic farmhouse,farmhouse decor,gifts for mom,fleece blanket,watercolor farmhouse,accent blankets,bedroom blanket,cozy blanket",home and living,home decor,blankets and throws,farmhouse blanket,living room blanket,rustic farmhouse,farmhouse decor,gifts for mom,fleece blanket,watercolor farmhouse,accent blankets,bedroom blanket,cozy blanket
Scottish Plaid Sherpa Fleece Throw Blanket – Cozy Winter Decor,https://www.etsy.com/listing/4341271848/scottish-sherpa-fleece-throw-blanket,TriquetraBooks,https://www.etsy.com/shop/TriquetraBooks,43.99,0,0,0,0,0,10 Mo.,2,0,63,Home & Living,22,0,0.0,60,"scottish sherpa,fleece throw,cozy blanket,winter home decor,tartan plaid,textured bedding,warm lap blanket,gift for her,couch sofa accent,hygge living room,rustic cabin decor,christmas gift idea,housewarming present",scottish sherpa,fleece throw,cozy blanket,winter home decor,tartan plaid,textured bedding,warm lap blanket,gift for her,couch sofa accent,hygge living room,rustic cabin decor,christmas gift idea,housewarming present
"Stained Glass Canadian Goose Woven Throw Blanket, Marshland Wall Art Tapestry, Rustic Cabin Decor Gift for Hunter, Naturecore Maximalist",https://www.etsy.com/listing/1885387853/stained-glass-canadian-goose-woven-throw,Knotjustblankets28,https://www.etsy.com/shop/Knotjustblankets28,91.24,0,0,0,2,0,14 Mo.,2,0,41,Home & Living,24,0,4.88,341,"hanging wall art,couch sofa cover,mom birthday gift,dark moody tapestry,living room accent,jacquard woven throw,whimsical maximalist,forest animal print,rustic cabin decor,canadian goose art,bird blanket,gift for hunter,fathers day gift",hanging wall art,couch sofa cover,mom birthday gift,dark moody tapestry,living room accent,jacquard woven throw,whimsical maximalist,forest animal print,rustic cabin decor,canadian goose art,bird blanket,gift for hunter,fathers day gift
"Mallard Duck Woven Throw Blanket, Wildlife Wall Art Tapestry, Nature Decor for Men, Maximalist Rustic Cabin Hunting Season Aesthetic",https://www.etsy.com/listing/1871245151/mallard-duck-woven-throw-blanket,Knotjustblankets28,https://www.etsy.com/shop/Knotjustblankets28,91.24,0,0,0,2,0,15 Mo.,20,0,281,Home & Living,24,0,0.71,341,"hanging wall art,couch sofa cover,dark moody tapestry,living room accent,jacquard woven throw,whimsical maximalist,rustic cabin decor,nature nursery decor,baby shower gift,decor for men,duck blanket,dad birthday gift,hunting season",hanging wall art,couch sofa cover,dark moody tapestry,living room accent,jacquard woven throw,whimsical maximalist,rustic cabin decor,nature nursery decor,baby shower gift,decor for men,duck blanket,dad birthday gift,hunting season
"Dark Floral Woven Cotton Blanket, Vintage Rose Tapestry Throw, Cottagecore Sofa Decor",https://www.etsy.com/listing/4473785965/dark-floral-woven-cotton-blanket-vintage,PixelThreadByAmmad,https://www.etsy.com/shop/PixelThreadByAmmad,99.00,0,0,0,0,0,2 Mo.,12,0,136,Home & Living,5,30,0.0,4,"woven blanket,floral throw,vintage blanket,boho throw,cozy home,cottagecore,dark floral,bedroom decor,living room,gift for her,housewarming,autumn decor,rustic home",woven blanket,floral throw,vintage blanket,boho throw,cozy home,cottagecore,dark floral,bedroom decor,living room,gift for her,housewarming,autumn decor,rustic home
Southwestern Aztec Pattern Woven Blanket | Tribal Geometric Throw,https://www.etsy.com/listing/4442329391/southwestern-aztec-pattern-woven-blanket,YeetstorePE,https://www.etsy.com/shop/YeetstorePE,81.80,0,0,0,0,0,1 Mo.,4,0,36,Home & Living,19,0,0.0,134,"woven blanket,boho throw,southwest throw,geometric throw,fringe blanket,cozy home,rustic decor,living room,gift for her,bohemian rug,cabin decor,neutral throw,turquoise throw",woven blanket,boho throw,southwest throw,geometric throw,fringe blanket,cozy home,rustic decor,living room,gift for her,bohemian rug,cabin decor,neutral throw,turquoise throw
Southwestern Aztec Throw Woven Blanket | Geometric Tribal Fringe,https://www.etsy.com/listing/4441587971/southwestern-aztec-throw-woven-blanket,YeetstorePE,https://www.etsy.com/shop/YeetstorePE,81.80,0,0,0,0,0,1 Mo.,0,0,2,Home & Living,19,0,0.0,134,"woven blanket,boho blanket,southwestern decor,aztec throw,fringe blanket,neutral throw,rustic blanket,cozy home,living room rug,bedroom throw,gift for her,housewarming gift,camping blanket",woven blanket,boho blanket,southwestern decor,aztec throw,fringe blanket,neutral throw,rustic blanket,cozy home,living room rug,bedroom throw,gift for her,housewarming gift,camping blanket
"Cozy Nature-Inspired Woven Blanket, Perfect for Home Decor, Gifts, Living Room, New Home, Fall Vibes, Eco-Friendly Cozy Blanket",https://www.etsy.com/listing/1857568554/cozy-nature-inspired-woven-blanket,TheCNRCollection,https://www.etsy.com/shop/TheCNRCollection,53.40,0,0,0,0,0,9 Mo.,0,0,6,Home & Living,16,0,0.0,38,"woven blanket,cozy home decor,nature inspired,artistic throw,fall home accents,picnic blanket,gift for her,warm living room,rustic bedroom,relaxing space,eco friendly gift,cozy cottage style,boho decor",woven blanket,cozy home decor,nature inspired,artistic throw,fall home accents,picnic blanket,gift for her,warm living room,rustic bedroom,relaxing space,eco friendly gift,cozy cottage style,boho decor
"Pumpkin Harvest Fleece Blanket: Cozy Fall Decor, Thanksgiving Gift",https://www.etsy.com/listing/4348225609/pumpkin-harvest-fleece-blanket-cozy-fall,DiamondBlackGoods,https://www.etsy.com/shop/DiamondBlackGoods,36.99,0,0,0,0,0,4 Mo.,0,0,17,Home & Living,38,0,0.0,62,"fall decor blanket,pumpkin blanket,home comfort blanket,thanksgiving blanket,warm throw blanket,rustic home blanket,pumpkin patch decor,gift for her,living room decor,cottagecore blanket,soft fleece throw,fleece blanket,autumn blanket",fall decor blanket,pumpkin blanket,home comfort blanket,thanksgiving blanket,warm throw blanket,rustic home blanket,pumpkin patch decor,gift for her,living room decor,cottagecore blanket,soft fleece throw,fleece blanket,autumn blanket
Fawn Coat Floral Pattern Woven Blanket | Navy Background Coral Florals,https://www.etsy.com/listing/4445912931/fawn-coat-floral-pattern-woven-blanket,LivingTheDreamKjR,https://www.etsy.com/shop/LivingTheDreamKjR,43.87,0,0,0,0,0,1 Mo.,0,0,1,Home & Living,17,0,0.0,0,"woven blanket,floral throw,navy floral,coral flowers,fawn coat print,boho blanket,cottagecore decor,rustic home,cozy throw blanket,nature inspired,bedroom decor,living room throw,gift for her",woven blanket,floral throw,navy floral,coral flowers,fawn coat print,boho blanket,cottagecore decor,rustic home,cozy throw blanket,nature inspired,bedroom decor,living room throw,gift for her
"Woven Blanket for Men, Sunset Lake Throw, Boat on Water, Wall Decor, Cabin Decor",https://www.etsy.com/listing/4479956117/woven-blanket-for-men-sunset-lake-throw,AstroMerraShop,https://www.etsy.com/shop/AstroMerraShop,55.99,0,0,0,0,0,2 Mo.,0,0,1,Home & Living,6,0,0.0,8,"woven blanket,lake blanket,sunset blanket,boat throw,cozy cabin decor,rustic home gift,lake house decor,fathers day gift,housewarming throw,soothing home decor,gift for men blanket,sunset home decor,cozy living room",woven blanket,lake blanket,sunset blanket,boat throw,cozy cabin decor,rustic home gift,lake house decor,fathers day gift,housewarming throw,soothing home decor,gift for men blanket,sunset home decor,cozy living room
American Eagle Flag Woven Blanket | Patriotic Eagle Throw | Independence Day Gift Decor,https://www.etsy.com/listing/4500976477/american-eagle-flag-woven-blanket,ThePaintChipStudio,https://www.etsy.com/shop/ThePaintChipStudio,69.95,0,0,0,0,0,1 Mo.,0,0,4,Home & Living,143,0,0.0,2231,"woven blanket,eagle blanket,patriotic throw,american decor,rustic home,living room,cozy throw,gift for him,men room decor,barn decor,4th of july,veteran gift,cabin blanket",woven blanket,eagle blanket,patriotic throw,american decor,rustic home,living room,cozy throw,gift for him,men room decor,barn decor,4th of july,veteran gift,cabin blanket
"Floral Throw Blanket, Shabby Chic Cottagecore Accent",https://www.etsy.com/listing/1859554751/floral-throw-blanket-shabby-chic,SophDHomeScents,https://www.etsy.com/shop/SophDHomeScents,64.99,0,0,0,0,0,16 Mo.,1,0,42,Home & Living,17,0,0.0,75,"shabby chic,cozy home decor,gift for her,living room decor,winter blanket,farmhouse style,warm and cozy,rustic home decor,housewarming gift,couch throw blanket,unique gift idea,vintage style,textile art",shabby chic,cozy home decor,gift for her,living room decor,winter blanket,farmhouse style,warm and cozy,rustic home decor,housewarming gift,couch throw blanket,unique gift idea,vintage style,textile art
"Mountain Stream Woven Blanket - Cozy Home Decor Throw, Nature Lover Gift, Cabin Blanket, Rustic Living Room Decor, Gift for Outdoorsy Friend",https://www.etsy.com/listing/1862104871/mountain-stream-woven-blanket-cozy-home,CasualTeesByDesign,https://www.etsy.com/shop/CasualTeesByDesign,45.99,0,0,0,0,0,16 Mo.,0,0,19,Home & Living,18,0,0.0,39,"mountain stream,nature lover,cozy home decor,gift for outdoorsy,cabin decor,rustic vibes,warm and inviting,scenic blanket,home textiles,living room throw,unique gift idea,holiday gift,housewarming present",mountain stream,nature lover,cozy home decor,gift for outdoorsy,cabin decor,rustic vibes,warm and inviting,scenic blanket,home textiles,living room throw,unique gift idea,holiday gift,housewarming present
"Woven Tiger Blanket, 100% Cotton Throw, Fringed",https://www.etsy.com/listing/4470609525/woven-tiger-blanket-100-cotton-throw,PneumaRise,https://www.etsy.com/shop/PneumaRise,59.99,0,0,0,0,0,2 Mo.,0,0,2,Home & Living,34,0,0.0,22,"woven blanket,dog blanket,pet blanket,cozy throw,living room,rustic decor,earth tones,gift for dog,housewarming,indoor throw,autumn decor,snuggle blanket,photo blanket",woven blanket,dog blanket,pet blanket,cozy throw,living room,rustic decor,earth tones,gift for dog,housewarming,indoor throw,autumn decor,snuggle blanket,photo blanket
Owen Jones Chinese Floral Woven Throw Blanket | Grammar of Ornament Pattern | Victorian Chinoiserie Textile Design | Blue Botanical Tapestry,https://www.etsy.com/listing/4472355398/owen-jones-chinese-floral-woven-throw,ShipleyCoStudios,https://www.etsy.com/shop/ShipleyCoStudios,58.43,0,0,0,0,0,2 Mo.,1,0,25,Home & Living,54,0,0.0,147,"woven blanket,boho throw,vintage blanket,floral woven,cozy throw,living room decor,bedroom throw,gift for her,housewarming gift,rustic decor,farmhouse throw,blue floral,neutral throw",woven blanket,boho throw,vintage blanket,floral woven,cozy throw,living room decor,bedroom throw,gift for her,housewarming gift,rustic decor,farmhouse throw,blue floral,neutral throw
"Throw Quilt, Home Decor, Throw Blanket, Minky Blanket Adult, Gifts for Her, Woodland Quilt, Navy Blue, Rustic Home Decor Handmade Gift",https://www.etsy.com/listing/559739912/throw-quilt-home-decor-throw-blanket,KBlandfordDesigns,https://www.etsy.com/shop/KBlandfordDesigns,399.00,0,0,0,0,0,102 Mo.,55,0,1731,Home & Living,188,0,0.0,7439,"throw,home decor,throw blanket,minky blanket adult,gifts for her,christmas,navy blue,rustic home decor,living room decor,minky blanket,woodland throw,woodland fusion,mothers day gift",throw,home decor,throw blanket,minky blanket adult,gifts for her,christmas,navy blue,rustic home decor,living room decor,minky blanket,woodland throw,woodland fusion,mothers day gift
"Highland Cow Cozy Country Woven Blanket, Farmhouse Animal Tapestry, Rustic Throw, Cow Lovers Gift",https://www.etsy.com/listing/4472966405/highland-cow-cozy-country-woven-blanket,XpressiveArtwear,https://www.etsy.com/shop/XpressiveArtwear,89.99,0,0,0,0,0,2 Mo.,0,0,21,Home & Living,132,0,0.0,18,"woven blanket,cow blanket,farmhouse decor,animal tapestry,living room throw,country decor,gift for her,housewarming gift,boho blanket,highland cow blanket,rustic throw,cow lovers gift,cozy country",woven blanket,cow blanket,farmhouse decor,animal tapestry,living room throw,country decor,gift for her,housewarming gift,boho blanket,highland cow blanket,rustic throw,cow lovers gift,cozy country
Abstract Geometric Pattern Woven Blanket | Modern Midcentury Throw,https://www.etsy.com/listing/4491547912/abstract-geometric-pattern-woven-blanket,CheerySnouts,https://www.etsy.com/shop/CheerySnouts,67.94,0,0,0,0,0,1 Mo.,0,0,9,Home & Living,2,0,0.0,5,"woven blanket,cozy throw,abstract throw,boho blanket,modern home,living room,bed blanket,gift for mom,housewarming gift,neutral decor,rustic decor,autumn decor,holiday gift",woven blanket,cozy throw,abstract throw,boho blanket,modern home,living room,bed blanket,gift for mom,housewarming gift,neutral decor,rustic decor,autumn decor,holiday gift
Coastal Lighthouse Woven Blanket | Seaside Cabin Tapestry Throw,https://www.etsy.com/listing/4458429211/coastal-lighthouse-woven-blanket-seaside,DreamyRecipePages,https://www.etsy.com/shop/DreamyRecipePages,66.19,0,0,0,0,0,3 Mo.,0,0,30,Home & Living,9,0,0.0,16,"woven blanket,cozy throw,home decor,rustic blanket,cabin decor,beach blanket,vintage throw,boho blanket,living room,gift for her,gift for him,cozy cabin,neutral tones",woven blanket,cozy throw,home decor,rustic blanket,cabin decor,beach blanket,vintage throw,boho blanket,living room,gift for her,gift for him,cozy cabin,neutral tones
"7 Chakra Woven Blanket – Spiritual Energy Healing Throw, 100% Cotton Yoga Decor",https://www.etsy.com/listing/4472004380/7-chakra-woven-blanket-spiritual-energy,SevenChakrasHealing,https://www.etsy.com/shop/SevenChakrasHealing,66.99,0,0,0,0,0,2 Mo.,4,0,56,Home & Living,3,0,0.0,8,"woven blanket,boho blanket,tropical throw,living room,earthy home,rustic decor,cozy throw,gift for her,housewarming,nature lover,bohemian rug,7 charkas blanket,pure cotton",woven blanket,boho blanket,tropical throw,living room,earthy home,rustic decor,cozy throw,gift for her,housewarming,nature lover,bohemian rug,7 charkas blanket,pure cotton
Rustic Family Photo Blanket | Farmhouse Wood Picture Throw | Housewarming Gift | Custom Decor Quilt,https://www.etsy.com/listing/4477328331/rustic-family-photo-blanket-farmhouse,EternalWeave,https://www.etsy.com/shop/EternalWeave,47.00,0,0,0,0,0,2 Mo.,0,0,0,Home & Living,8,0,0.0,158,"gift for mom,custom picture throw,rustic home decor,living room decor,family quote gift,family photo blanket,personalized gift,custom tapestry,wood texture print,housewarming gift,farmhouse style,family reunion,country decor",gift for mom,custom picture throw,rustic home decor,living room decor,family quote gift,family photo blanket,personalized gift,custom tapestry,wood texture print,housewarming gift,farmhouse style,family reunion,country decor
Vintage Floral Patchwork Throw: Cozy Home Decor Pink Blanket,https://www.etsy.com/listing/4391062289/vintage-floral-patchwork-throw-cozy-home,TheRoyalGlamourShop,https://www.etsy.com/shop/TheRoyalGlamourShop,34.99,0,0,0,0,0,7 Mo.,1,0,79,Home & Living,17,0,0.0,87,"vintage floral,patchwork blanket,cozy home decor,bohemian throw,rustic living room,farmhouse style,shabby chic bedding,gift for her,unique housewarming,cottagecore textiles,soft velvet throw,mothers day gift,quilt pattern decor",vintage floral,patchwork blanket,cozy home decor,bohemian throw,rustic living room,farmhouse style,shabby chic bedding,gift for her,unique housewarming,cottagecore textiles,soft velvet throw,mothers day gift,quilt pattern decor
"Elwyn Glen Reproduction Fleece Throw Blanket, Plaid Farmhouse Home Decor, Tartan Cottagecore Bedroom Decor",https://www.etsy.com/listing/1528203038/elwyn-glen-reproduction-fleece-throw,ScottishCottageShop,https://www.etsy.com/shop/ScottishCottageShop,49.00,0,0,0,4,1,33 Mo.,4,0,134,Home & Living,60,0,2.99,914,"ellyn glen tartan,decorative accent,rustic cottagecore,farmhouse decor,plaid minky blanket,fleece throw blanket,living room decor,bedroom decor,cozy home decor,new home gift,housewarming gift,college student gift,gift for her",ellyn glen tartan,decorative accent,rustic cottagecore,farmhouse decor,plaid minky blanket,fleece throw blanket,living room decor,bedroom decor,cozy home decor,new home gift,housewarming gift,college student gift,gift for her
"Coastal Lighthouse Wall Tapestry & Fabric Wall Art – Premium Woven Minimal Seaside Landscape Decor, Calm Aesthetic Gift",https://www.etsy.com/listing/4494512527/coastal-lighthouse-wall-tapestry-fabric,Ashvorn,https://www.etsy.com/shop/Ashvorn,99.99,0,0,0,0,0,1 Mo.,0,0,6,Home & Living,8,0,0.0,10,"woven blanket,lighthouse throw,coastal decor,sea blanket,nautical throw,beach blanket,ocean decor,harbor throw,rustic throw,summer blanket,gift for mom,housewarming gift,living room",woven blanket,lighthouse throw,coastal decor,sea blanket,nautical throw,beach blanket,ocean decor,harbor throw,rustic throw,summer blanket,gift for mom,housewarming gift,living room
"Snowy Mountain Village Woven Blanket | Scenic Alpine Landscape, Cozy Throw",https://www.etsy.com/listing/4507126378/snowy-mountain-village-woven-blanket,LunahilDesign,https://www.etsy.com/shop/LunahilDesign,8.77,0,0,0,0,0,1 Mo.,0,0,6,Home & Living,0,0,0.0,0,"woven blanket,cozy throw,rustic decor,vintage blanket,mountain throw,cabins decor,boho throw,living room,bedroom throw,winter blanket,housewarming gift,gift for mom,textured throw",woven blanket,cozy throw,rustic decor,vintage blanket,mountain throw,cabins decor,boho throw,living room,bedroom throw,winter blanket,housewarming gift,gift for mom,textured throw
"Aztec Calendar Woven Blanket | Mayan Pattern Throw, Tribal Geometric Home Decor",https://www.etsy.com/listing/4444794627/aztec-calendar-woven-blanket-mayan,SUNNOIDESIGN,https://www.etsy.com/shop/SUNNOIDESIGN,67.84,0,0,0,0,0,4 Mo.,0,0,5,Home & Living,5,0,0.0,0,"woven blanket,aztec woven,boho throw,tribal blanket,southwest decor,cozy home,ethnic throw,living room,rustic decor,gift for her,couch blanket,bohemian rug,earth tone decor",woven blanket,aztec woven,boho throw,tribal blanket,southwest decor,cozy home,ethnic throw,living room,rustic decor,gift for her,couch blanket,bohemian rug,earth tone decor
"Chicken Farm Woven Blanket: Rustic Farmhouse Throw, Animal Lover Gift",https://www.etsy.com/listing/1847071061/chicken-farm-woven-blanket-rustic,WallysTeeShop,https://www.etsy.com/shop/WallysTeeShop,69.30,0,0,0,12,1,17 Mo.,165,0,1430,Home & Living,21,33,0.84,1359,"farmhouse decor,cozy blanket,chicken lover gift,home accents,cottage core,rustic throw,animal print,country chic,gifts for her,living room decor,farmhouse style,unique home decor,farmhouse chic",farmhouse decor,cozy blanket,chicken lover gift,home accents,cottage core,rustic throw,animal print,country chic,gifts for her,living room decor,farmhouse style,unique home decor,farmhouse chic
Homestead Homemade Goods Velveteen Plush Blanket,https://www.etsy.com/listing/4447309433/homestead-homemade-goods-velveteen-plush,VybannaCo,https://www.etsy.com/shop/VybannaCo,44.56,0,0,0,0,0,4 Mo.,0,0,0,Home & Living,7,0,0.0,9,"velveteen blanket,plush throw,homestead decor,homemade blanket,cozy velveteen,farmhouse throw,soft cuddle blanket,rustic home gift,warm winter throw,handmade bedding,snuggle blanket,living room throw,gift for her",velveteen blanket,plush throw,homestead decor,homemade blanket,cozy velveteen,farmhouse throw,soft cuddle blanket,rustic home gift,warm winter throw,handmade bedding,snuggle blanket,living room throw,gift for her
"Vintage Floral Woven Blanket | Floral Throw, Tapestry Fringe",https://www.etsy.com/listing/4487783295/vintage-floral-woven-blanket-floral,TheAccessoryCanvas,https://www.etsy.com/shop/TheAccessoryCanvas,41.74,0,0,0,0,0,1 Mo.,1,0,9,Home & Living,4,0,0.0,6,"woven blanket,floral throw,vintage blanket,boho home,cozy throw,shabby chic,rustic decor,bedroom throw,living room,gift for her,cottagecore,neutral decor,dark floral",woven blanket,floral throw,vintage blanket,boho home,cozy throw,shabby chic,rustic decor,bedroom throw,living room,gift for her,cottagecore,neutral decor,dark floral
"Raccoon with Crowbar Woven Blanket | Animal Throw, Retro Woodland Decor",https://www.etsy.com/listing/4457010269/raccoon-with-crowbar-woven-blanket,W0RKxPLAY,https://www.etsy.com/shop/W0RKxPLAY,49.99,0,0,0,0,0,3 Mo.,0,0,3,Home & Living,7,0,0.0,1,"woven blanket,raccoon blanket,animal throw,cozy throw,cottage decor,nursery blanket,woodland decor,kids blanket,farmhouse throw,living room throw,gift for cat mom,rustic home,outdoor picnic",woven blanket,raccoon blanket,animal throw,cozy throw,cottage decor,nursery blanket,woodland decor,kids blanket,farmhouse throw,living room throw,gift for cat mom,rustic home,outdoor picnic
"Border Collie Woven Throw for Farmhouse Living Rooms, Dog Portrait Blanket for Rustic Home Decor, Earthy Sage and Cream Canine Tapestry",https://www.etsy.com/listing/4463434089/border-collie-woven-throw-for-farmhouse,PQQPrints,https://www.etsy.com/shop/PQQPrints,83.00,0,0,0,0,0,3 Mo.,1,0,4,Home & Living,47,0,0.0,13,"neutral home styling,fireside textile,for sheepdog trainer,working dog lovers,memorial tapestry,herding dog breed,black white collie,agility dog gift,dog mom lifestyle,fur baby keepsake,sheepdog art frame,four-legged family,classic kennel club",neutral home styling,fireside textile,for sheepdog trainer,working dog lovers,memorial tapestry,herding dog breed,black white collie,agility dog gift,dog mom lifestyle,fur baby keepsake,sheepdog art frame,four-legged family,classic kennel club
Southwestern Geometric Pattern Woven Blanket | Aztec Throw,https://www.etsy.com/listing/4498842207/southwestern-geometric-pattern-woven,RenaesBeeGraced,https://www.etsy.com/shop/RenaesBeeGraced,58.43,0,0,0,0,0,1 Mo.,0,0,1,Home & Living,42,0,0.0,10,"woven blanket,boho throw,neutral decor,cozy blanket,farmhouse decor,living room throw,textured throw,fringe blanket,reversible throw,gift for mom,rustic blanket,cottage decor,soft woven",woven blanket,boho throw,neutral decor,cozy blanket,farmhouse decor,living room throw,textured throw,fringe blanket,reversible throw,gift for mom,rustic blanket,cottage decor,soft woven
Mount Fuji Sunrise Fleece Blanket - Japanese Wave Art Cozy Throw,https://www.etsy.com/listing/4463280040/mount-fuji-sunrise-fleece-blanket,ThriftShak,https://www.etsy.com/shop/ThriftShak,34.99,0,0,0,0,0,3 Mo.,0,0,26,Home & Living,3,0,0.0,0,"fleece blanket,mountain blanket,sunrise blanket,cozy throw,boho blanket,japanese style,rustic decor,warm throw,gift for her,bedroom decor,autumn blanket,living room throw,meditation decor",fleece blanket,mountain blanket,sunrise blanket,cozy throw,boho blanket,japanese style,rustic decor,warm throw,gift for her,bedroom decor,autumn blanket,living room throw,meditation decor
"Brown Bear Tapestry Woven Blanket, Forest Wildlife Throw, Bear Gifts, 3 sizes",https://www.etsy.com/listing/4510729721/brown-bear-tapestry-woven-blanket-forest,NathBDeco,https://www.etsy.com/shop/NathBDeco,59.99,0,0,0,0,0,1 Mo.,0,0,0,Home & Living,0,0,0.0,0,"woven blanket,bear blanket,rustic decor,cabin blanket,wildlife decor,cozy throw,woodland throw,nature blanket,gift for him,housewarming gift,camping blanket,autumn decor,living room throw",woven blanket,bear blanket,rustic decor,cabin blanket,wildlife decor,cozy throw,woodland throw,nature blanket,gift for him,housewarming gift,camping blanket,autumn decor,living room throw
"Rustic Rooster Woven Blanket, Farmhouse Decor, Chicken Chair Throw, Wall Art Tapestry, Country Textile, Gift for Mom, Gift for Her",https://www.etsy.com/listing/1867381594/rustic-rooster-woven-blanket-farmhouse,artfromjulie,https://www.etsy.com/shop/artfromjulie,56.95,0,0,0,0,0,15 Mo.,0,0,15,Home & Living,41,0,0.0,305,"cozy woven blanket,rooster home decor,country style throw,gift for farmers,rustic living room,cozy couch throw,farm life decor,colorful woven throw,country home accent,chicken throw,wall art tapestry,eco friendly quilt,farmhouse textile",cozy woven blanket,rooster home decor,country style throw,gift for farmers,rustic living room,cozy couch throw,farm life decor,colorful woven throw,country home accent,chicken throw,wall art tapestry,eco friendly quilt,farmhouse textile
Floral Medallion Woven Blanket | Boho Mosaic Tapestry Throw,https://www.etsy.com/listing/4446095845/floral-medallion-woven-blanket-boho,ClubHausGifts,https://www.etsy.com/shop/ClubHausGifts,58.43,0,0,0,0,0,4 Mo.,0,0,0,Home & Living,6,0,0.0,0,"woven blanket,boho blanket,bohemian throw,floral throw,rustic decor,vintage blanket,medallion rug,cozy throw,living room throw,gift for her,bedroom decor,autumn decor,housewarming gift",woven blanket,boho blanket,bohemian throw,floral throw,rustic decor,vintage blanket,medallion rug,cozy throw,living room throw,gift for her,bedroom decor,autumn decor,housewarming gift
Golf Clubs and Bag Woven Blanket | Checkered Golf Throw,https://www.etsy.com/listing/4505876211/golf-clubs-and-bag-woven-blanket,The19thHoleStudio,https://www.etsy.com/shop/The19thHoleStudio,45.99,0,0,0,0,0,1 Mo.,0,0,0,Home & Living,7,0,0.0,0,"woven blanket,golf blanket,checkered throw,sports throw,cozy home,man cave decor,golf lover,vintage style,gift for him,living room,stadium blanket,outdoor throw,rustic decor",woven blanket,golf blanket,checkered throw,sports throw,cozy home,man cave decor,golf lover,vintage style,gift for him,living room,stadium blanket,outdoor throw,rustic decor
Southwestern Geometric Woven Blanket | Aztec Diamond Throw,https://www.etsy.com/listing/4468173224/southwestern-geometric-woven-blanket,SuburbanPE,https://www.etsy.com/shop/SuburbanPE,73.40,0,0,0,0,0,2 Mo.,1,0,19,Home & Living,3,0,0.0,8,"woven blanket,southwest throw,boho blanket,tribal throw,fringe blanket,rustic decor,aztec blanket,cotton throw,living room rug,cozy home,camping blanket,gift for her,housewarming gift",woven blanket,southwest throw,boho blanket,tribal throw,fringe blanket,rustic decor,aztec blanket,cotton throw,living room rug,cozy home,camping blanket,gift for her,housewarming gift
"Fox Face Woven Blanket | Rustic Animal Throw, Tapestry Style",https://www.etsy.com/listing/4514142170/fox-face-woven-blanket-rustic-animal,WanderArtsShop,https://www.etsy.com/shop/WanderArtsShop,65.99,0,0,0,0,0,1 Mo.,0,0,1,Home & Living,32,0,0.0,80,"woven blanket,dog woven,animal throw,cozy home,warm blanket,pet lover gift,rustic decor,living room,throw blanket,snuggle blanket,housewarming,gifts for dog,photo weave",woven blanket,dog woven,animal throw,cozy home,warm blanket,pet lover gift,rustic decor,living room,throw blanket,snuggle blanket,housewarming,gifts for dog,photo weave
"Plush Blanket, Horse Grazing Blanket, Soft Throw, Cozy Cover, Animal Lover Gift, Farmhouse Décor, Rustic Quilt, Warm Bedding",https://www.etsy.com/listing/1331697816/plush-blanket-horse-grazing-blanket-soft,OutdoorWildlife,https://www.etsy.com/shop/OutdoorWildlife,30.99,0,0,0,0,0,30 Mo.,0,0,6,Home & Living,30,0,0.0,2,"horse blanket,velveteen plush,cozy throw,animal lover gift,farmhouse decor,soft bedding,equestrian throw,rustic home,winter blanket,gift for her,living room decor,birthday gift,christmas present",horse blanket,velveteen plush,cozy throw,animal lover gift,farmhouse decor,soft bedding,equestrian throw,rustic home,winter blanket,gift for her,living room decor,birthday gift,christmas present
"Cozy Woven Blanket - Decorative Throw for Home, Vintage Style, Perfect Gift for Weddings, Birthdays, or Housewarmings",https://www.etsy.com/listing/4347089460/cozy-woven-blanket-decorative-throw-for,CigaretteByMoonlight,https://www.etsy.com/shop/CigaretteByMoonlight,42.12,0,0,0,0,0,1 Mo.,0,0,0,Home & Living,2,0,0.0,0,"boho woven blanket,cozy home decor,floral throw blanket,living room blanket,gift for her,bedroom comforter,handmade woven gift,plaid fringe throw,cottagecore decor,artisan blanket gift,warm and inviting,rustic home textiles,classic woven throw",boho woven blanket,cozy home decor,floral throw blanket,living room blanket,gift for her,bedroom comforter,handmade woven gift,plaid fringe throw,cottagecore decor,artisan blanket gift,warm and inviting,rustic home textiles,classic woven throw
Southwest Stripe Pattern Woven Blanket | Geometric Yah Yah  Throw,https://www.etsy.com/listing/4424524549/southwest-stripe-pattern-woven-blanket,ALLYAhYah,https://www.etsy.com/shop/ALLYAhYah,63.71,0,0,0,0,0,5 Mo.,0,0,1,Home & Living,6,0,0.0,4,"woven blanket,boho throw,southwest decor,cozy throw,living room,bed throw,earth tone decor,textured blanket,rustic blanket,gift for her,housewarming,bohemian throw,cabin decor",woven blanket,boho throw,southwest decor,cozy throw,living room,bed throw,earth tone decor,textured blanket,rustic blanket,gift for her,housewarming,bohemian throw,cabin decor
Woven Fox Blanket For Cozy Home Autumn Woodland Throw For Bedroom Living Room Rustic Cottagecore Decor Soft Cotton Tapestry Gift Idea,https://www.etsy.com/listing/4420601130/woven-fox-blanket-for-cozy-home-autumn,TheCozyyCabinett,https://www.etsy.com/shop/TheCozyyCabinett,117.54,0,0,0,0,0,5 Mo.,0,0,3,Home & Living,23,0,0.0,375,"nature decor,fox lover,fox,reading blanket,reader gift,gift for friend,woven blanket,cotton blanket,woven fringe blanket,animal blanket,fox tapestry,cozy gift,cottage decor",nature decor,fox lover,fox,reading blanket,reader gift,gift for friend,woven blanket,cotton blanket,woven fringe blanket,animal blanket,fox tapestry,cozy gift,cottage decor
Woven Cotton Mushroom Blanket For Cozy Home Decor Gifts Boho Woodland Fungi Throw With Fringed Edges Cottagecore Rustic Living Room Accent,https://www.etsy.com/listing/4346574435/woven-cotton-mushroom-blanket-for-cozy,TheCozyyCabinett,https://www.etsy.com/shop/TheCozyyCabinett,117.54,0,0,0,0,0,9 Mo.,6,0,96,Home & Living,23,0,0.0,375,"cozy boho blanket,vintage throw,mushroom blanket,fungi tapestry,mushroom decor,cotton blanket woven,cotton throw,woven fringe blanket,mushroom lover,nature decor,mushroom boho,boho decor,boho tapestry",cozy boho blanket,vintage throw,mushroom blanket,fungi tapestry,mushroom decor,cotton blanket woven,cotton throw,woven fringe blanket,mushroom lover,nature decor,mushroom boho,boho decor,boho tapestry
Gothic Statue Hands Woven Throw – Dark Academia Tapestry Wall Hanging,https://www.etsy.com/listing/4454382068/gothic-skeleton-hands-woven-throw,SwitchCreekCraft,https://www.etsy.com/shop/SwitchCreekCraft,39.99,0,0,0,0,0,3 Mo.,1,0,2,Home & Living,46,0,0.0,20,"woven blanket,cozy throw,vintage blanket,rustic home,earth tone decor,boho throw,cabin decor,gift for him,artistic throw,textured blanket,living room rug,bohemian decor,housewarming gift",woven blanket,cozy throw,vintage blanket,rustic home,earth tone decor,boho throw,cabin decor,gift for him,artistic throw,textured blanket,living room rug,bohemian decor,housewarming gift
"Pigs on a Blanket | Black and White  Illustration, Sherpa Throw",https://www.etsy.com/listing/4477633148/pigs-on-a-blanket-black-and-white,DeckdOutDesigns,https://www.etsy.com/shop/DeckdOutDesigns,44.44,0,0,0,0,0,2 Mo.,1,0,0,Home & Living,28,0,0.0,27,"sherpa blanket,fleece throw,cozy blanket,black white art,animal blanket,farmhouse decor,rustic blanket,cottagecore decor,living room throw,bedroom blanket,gift for her,housewarming gift,winter blanket",sherpa blanket,fleece throw,cozy blanket,black white art,animal blanket,farmhouse decor,rustic blanket,cottagecore decor,living room throw,bedroom blanket,gift for her,housewarming gift,winter blanket
Cowhide Pattern Crushed Velvet Throw | Plush Brown & Cream Blanket,https://www.etsy.com/listing/4419375566/cowhide-pattern-crushed-velvet-throw,FirstColonyGifts,https://www.etsy.com/shop/FirstColonyGifts,73.83,0,0,0,0,0,5 Mo.,1,0,73,Home & Living,8,0,0.0,306,"crushed velvet,velvet blanket,cowhide print,rust brown decor,cozy throw,living room decor,farmhouse throw,rustic home,soft throw,boho blanket,gift for her,winter blanket,bedroom decor",crushed velvet,velvet blanket,cowhide print,rust brown decor,cozy throw,living room decor,farmhouse throw,rustic home,soft throw,boho blanket,gift for her,winter blanket,bedroom decor
"Abstract Forest Tapestry Woven Throw Blanket, Trees Quilt, Picnic Cotton Blanket, Nature Themed Textile Art, Rustic Outdoor Summer Blanket",https://www.etsy.com/listing/1872388338/abstract-forest-tapestry-woven-throw,artfromjulie,https://www.etsy.com/shop/artfromjulie,69.44,0,0,0,0,0,14 Mo.,1,0,32,Home & Living,41,0,0.0,305,"rustic living room,mountain scene decor,woven throw blanket,wall art decor,housewarming gift,eclectic textile art,cotton eco-friendly,bedroom bedspread,nature trees quilt,gift for mom dad",rustic living room,mountain scene decor,woven throw blanket,wall art decor,housewarming gift,eclectic textile art,cotton eco-friendly,bedroom bedspread,nature trees quilt,gift for mom dad,--,--,--
"Terracotta & Indigo Checkered Woven Blanket—Minimalist Retro Aesthetic Decor, Warm Rustic Room Accent, Woven Blanket",https://www.etsy.com/listing/4516365671/terracotta-indigo-checkered-woven,Yoosnap,https://www.etsy.com/shop/Yoosnap,84.00,0,0,0,0,0,1 Mo.,0,0,0,Home & Living,16,0,0.0,2,"woven blanket,cozy throw,geometric throw,boho blanket,living room decor,couch blanket,bed throw,earth tone decor,modern farmhouse,gift for him,gift for her,housewarming gift,rustic blanket",woven blanket,cozy throw,geometric throw,boho blanket,living room decor,couch blanket,bed throw,earth tone decor,modern farmhouse,gift for him,gift for her,housewarming gift,rustic blanket
"Rustic Farmhouse Woven Cotton Blanket, Neutral Throw Blanket, Farmhouse Couch Decor",https://www.etsy.com/listing/4309833851/william-morris-cotton-woven-throw,FoxAndAspen,https://www.etsy.com/shop/FoxAndAspen,74.99,0,0,0,0,0,12 Mo.,5,0,112,Home & Living,20,0,0.0,1139,"woven blanket,cozy home decor,spring floral touch,warm throw blanket,home office decor,living room comfort,gift for mom,soft home accessory,snuggle blanket,bohemian decor,gifts for friends,seasonal home accent,rustic cottage style",woven blanket,cozy home decor,spring floral touch,warm throw blanket,home office decor,living room comfort,gift for mom,soft home accessory,snuggle blanket,bohemian decor,gifts for friends,seasonal home accent,rustic cottage style
"Sherpa Throw Blanket, Western Style Cozy Fleece Blanket, Southwest Inspired Home Decor, Aztec Tribal Print Bedding, Rustic Cabin Living Room",https://www.etsy.com/listing/4300272576/sherpa-throw-blanket-western-style-cozy,TheCNRCollection,https://www.etsy.com/shop/TheCNRCollection,59.33,0,0,0,0,0,6 Mo.,0,0,9,Home & Living,16,0,0.0,38,"cozy home decor,cowboy theme,warm throw blanket,rustic living room,southwestern design,sherpa fleece,country farmhouse,cabin decor,ranch house,soft bedding,gift for him,gift for her,christmas present",cozy home decor,cowboy theme,warm throw blanket,rustic living room,southwestern design,sherpa fleece,country farmhouse,cabin decor,ranch house,soft bedding,gift for him,gift for her,christmas present
"Velveteen Microfiber Blanket, Western Boho Floral Throw, Southwest Style Home Decor, Soft Cozy Bedding, Floral Pattern Throw Blanket",https://www.etsy.com/listing/1905042471/velveteen-microfiber-blanket-western,TheCNRCollection,https://www.etsy.com/shop/TheCNRCollection,56.96,0,0,0,0,0,7 Mo.,0,0,1,Home & Living,16,0,0.0,38,"velveteen blanket,floral throw,boho home decor,western style,cozy bedding,soft couch blanket,living room accent,bedroom accessory,rustic decor,gift for her,housewarming present,unique design,chic home textiles",velveteen blanket,floral throw,boho home decor,western style,cozy bedding,soft couch blanket,living room accent,bedroom accessory,rustic decor,gift for her,housewarming present,unique design,chic home textiles
Abstract Heart Balloon Woven Blanket | Midcentury Color Block Throw | Retro Valentines Decor,https://www.etsy.com/listing/4454371329/abstract-heart-balloon-woven-blanket,CreativeCutieCraft,https://www.etsy.com/shop/CreativeCutieCraft,59.99,0,0,0,0,0,3 Mo.,3,0,13,Home & Living,6,0,0.0,3,"woven blanket,heart blanket,boho blanket,throw blanket,cozy throw,valentine gift,living room,bed blanket,rustic decor,earth tone,bohemian home,gift for her,anniversary gift",woven blanket,heart blanket,boho blanket,throw blanket,cozy throw,valentine gift,living room,bed blanket,rustic decor,earth tone,bohemian home,gift for her,anniversary gift
Spring Blossom Landscape Wall Tapestry & Fabric Wall Art – Premium Woven Vintage Home Decor Cherry Trees and Stream Scene,https://www.etsy.com/listing/4495509299/spring-blossom-landscape-wall-tapestry,Ashvorn,https://www.etsy.com/shop/Ashvorn,99.99,0,0,0,0,0,1 Mo.,0,0,0,Home & Living,8,0,0.0,10,"woven blanket,spring landscape,pastel throw,cozy decor,cottagecore art,floral blanket,living room throw,bedroom decor,gift for her,housewarming gift,pastel home,rustic blanket,nature tapestry",woven blanket,spring landscape,pastel throw,cozy decor,cottagecore art,floral blanket,living room throw,bedroom decor,gift for her,housewarming gift,pastel home,rustic blanket,nature tapestry
"Boho Mountain Woven Blanket, Rustic Cabin Decor",https://www.etsy.com/listing/1551118890/boho-mountain-woven-blanket-rustic-cabin,ShoppeHavn,https://www.etsy.com/shop/ShoppeHavn,69.99,0,0,0,0,0,32 Mo.,12,0,164,Home & Living,39,0,0.0,190,"fall home decor,boho mountain art,gift for her,rustic home decor,living room decor,boho living room,boho blanket,boho throw blanket,boho home decor,boho woven blanket,autumn home decor,cabin room decor,cozy cabin decor",fall home decor,boho mountain art,gift for her,rustic home decor,living room decor,boho living room,boho blanket,boho throw blanket,boho home decor,boho woven blanket,autumn home decor,cabin room decor,cozy cabin decor
Vintage Floral Pattern Woven Blanket | Boho Botanical Throw,https://www.etsy.com/listing/4416280628/vintage-floral-pattern-woven-blanket,DigitalsbySaraCo,https://www.etsy.com/shop/DigitalsbySaraCo,64.43,0,0,0,0,0,2 Mo.,0,0,2,Home & Living,8,0,0.0,2,"woven blanket,floral throw,boho blanket,vintage throw,cozy throw,cottagecore,living room decor,bedroom throw,autumn blanket,neutral decor,rustic home,gift for her,housewarming",woven blanket,floral throw,boho blanket,vintage throw,cozy throw,cottagecore,living room decor,bedroom throw,autumn blanket,neutral decor,rustic home,gift for her,housewarming
"The Sun King Woven Blanket, Cozy Home Decor, Vintage Style Throw, Perfect for Wall, Housewarming Gifts, Warm and Comfy",https://www.etsy.com/listing/4388926492/the-sun-king-woven-blanket-cozy-home,youremorethanyouknow,https://www.etsy.com/shop/youremorethanyouknow,89.00,0,0,0,0,0,4 Mo.,5,0,44,Home & Living,11,0,0.0,50,"woven blanket,warm home decor,bohemian style,rustic farmhouse,cozy living room,vintage home accents,gift for her,seasonal home decor,comfortable throw,elegant wall art,mother's day gift,couch accessories,the sun king",woven blanket,warm home decor,bohemian style,rustic farmhouse,cozy living room,vintage home accents,gift for her,seasonal home decor,comfortable throw,elegant wall art,mother's day gift,couch accessories,the sun king
Vintage Tapestry Forest Scene Woven Blanket | Scenic Landscape Throw. Gift greenery plants trees landscape grandma gift deco,https://www.etsy.com/listing/4452097071/vintage-tapestry-forest-scene-woven,Chacache,https://www.etsy.com/shop/Chacache,68.44,0,0,0,0,0,3 Mo.,13,0,511,Home & Living,4,51,0.0,2,"woven blanket,vintage decor,cottage core,nature tapestry,living room,rustic throw,forest blanket,boho throw,gift for her,plants,trees blanket,grandma gift,vintage tapestry",woven blanket,vintage decor,cottage core,nature tapestry,living room,rustic throw,forest blanket,boho throw,gift for her,plants,trees blanket,grandma gift,vintage tapestry
Cottagecore Sherpa Fleece Blanket: Vintage Floral Sage Green Throw,https://www.etsy.com/listing/4361732860/cottagecore-sherpa-fleece-blanket,wildandwandergoods,https://www.etsy.com/shop/wildandwandergoods,67.83,0,0,0,0,0,8 Mo.,0,0,3,Home & Living,21,0,0.0,63,"sherpa fleece,vintage floral,botanical print,cottagecore style,sage green,cozy blanket,winter home decor,flower pattern,rustic throw,soft bedding,gift for her,living room accent,nature lover gift",sherpa fleece,vintage floral,botanical print,cottagecore style,sage green,cozy blanket,winter home decor,flower pattern,rustic throw,soft bedding,gift for her,living room accent,nature lover gift
Geometric Retro Patchwork Woven Blanket | Mid-Century Modern Throw,https://www.etsy.com/listing/4486830684/geometric-retro-patchwork-woven-blanket,NanoLuaShop,https://www.etsy.com/shop/NanoLuaShop,56.99,0,0,0,0,0,1 Mo.,0,0,26,Home & Living,74,0,0.0,57765,"woven blanket,boho throw,geometric throw,cozy blanket,living room decor,couch blanket,rustic home,earth tone decor,modern boho,gift for her,housewarming gift,bedroom throw,textured throw",woven blanket,boho throw,geometric throw,cozy blanket,living room decor,couch blanket,rustic home,earth tone decor,modern boho,gift for her,housewarming gift,bedroom throw,textured throw
"Vintage Garage Bicycle Woven Blanket | Retro Bike Throw, Mechanic Shop Decor",https://www.etsy.com/listing/4480597342/vintage-garage-bicycle-woven-blanket,BuyerDealz,https://www.etsy.com/shop/BuyerDealz,72.78,0,0,0,0,0,1 Mo.,0,0,0,Home & Living,0,0,0.0,0,"vintage blanket,garage decor,bicycle throw,retro home,woven throw,man cave decor,bike lover gift,rustic blanket,retro blanket,living room throw,gift for him,father's day gift,automotive gift",vintage blanket,garage decor,bicycle throw,retro home,woven throw,man cave decor,bike lover gift,rustic blanket,retro blanket,living room throw,gift for him,father's day gift,automotive gift
Watercolor Cowboy Boots Fleece Sherpa Blanket | Western Boot Pattern,https://www.etsy.com/listing/4491107195/watercolor-cowboy-boots-fleece-sherpa,MACcoStudio,https://www.etsy.com/shop/MACcoStudio,48.99,0,0,0,0,0,1 Mo.,0,0,4,Home & Living,4,0,0.0,97,"sherpa blanket,cowboy boots,western blanket,cozy throw,country decor,farmhouse cozy,gift for her,boho blanket,rustic home,boho chic,bedroom throw,living room throw,housewarming gift",sherpa blanket,cowboy boots,western blanket,cozy throw,country decor,farmhouse cozy,gift for her,boho blanket,rustic home,boho chic,bedroom throw,living room throw,housewarming gift
Geometric Plaid Pattern Woven Blanket | Rustic Checkered Throw,https://www.etsy.com/listing/4473892713/geometric-plaid-pattern-woven-blanket,UGArtCO,https://www.etsy.com/shop/UGArtCO,118.32,0,0,0,0,0,2 Mo.,0,0,25,Home & Living,3,0,0.0,0,"woven blanket,throw blanket,cozy throw,plaid throw,rustic blanket,boho blanket,camp blanket,autumn decor,living room,gift for her,housewarming,cabin decor,fall blanket",woven blanket,throw blanket,cozy throw,plaid throw,rustic blanket,boho blanket,camp blanket,autumn decor,living room,gift for her,housewarming,cabin decor,fall blanket
"Garden in Manhattan Blanket, Rustic Orange Cozy Throw for Josiah Queen Lovers, Home Decor, Gift for Christians, Living Room, Birthday",https://www.etsy.com/listing/1883313739/garden-in-manhattan-blanket-rustic,Created4greatCo,https://www.etsy.com/shop/Created4greatCo,25.99,0,0,0,0,0,14 Mo.,0,0,18,Home & Living,25,0,0.0,264,"soft blanket gift,cozy home decor,floral throw blanket,urban garden decor,comfort blanket gift,nature lover gift,home relaxation item,boho style blanket,inspirational throw,chic sofa decor,personalized blanket,christian song",soft blanket gift,cozy home decor,floral throw blanket,urban garden decor,comfort blanket gift,nature lover gift,home relaxation item,boho style blanket,inspirational throw,chic sofa decor,personalized blanket,christian song,--
Running Horses Painting Plush Blanket: Equestrian Home Decor Throw,https://www.etsy.com/listing/4346435913/running-horses-painting-plush-blanket,USA1designs2,https://www.etsy.com/shop/USA1designs2,40.70,0,0,0,0,0,9 Mo.,1,0,8,Home & Living,10,0,0.0,61,"horse lovers,velveteen blanket,plush throw,equestrian decor,cozy home,wildlife art,animal print,gift for her,soft bedding,living room decor,western style,rustic home,country chic",horse lovers,velveteen blanket,plush throw,equestrian decor,cozy home,wildlife art,animal print,gift for her,soft bedding,living room decor,western style,rustic home,country chic
"Sunset Lake Woven Blanket - 100% Cotton Throw for Coastal, Cozy Home or Cabin Decor",https://www.etsy.com/listing/4440921248/sunset-lake-woven-blanket-100-cotton,WovelyArt,https://www.etsy.com/shop/WovelyArt,58.01,0,0,0,0,0,4 Mo.,0,0,0,Home & Living,6,0,0.0,12,"woven blanket,cotton throw,tapestry blanket,living room throw,wall tapestry,sunset lake,coastal decor,cabin decor,housewarming gift,gift for mom,cozy cottage,rustic vibe,sunset colors",woven blanket,cotton throw,tapestry blanket,living room throw,wall tapestry,sunset lake,coastal decor,cabin decor,housewarming gift,gift for mom,cozy cottage,rustic vibe,sunset colors
"Tribal Sun Blanket - 100% Cotton Tapestry Throw, Cozy Boho Throw for Sofa, Bed & Wall Decor",https://www.etsy.com/listing/4437663676/tribal-sun-blanket-100-cotton-tapestry,WovelyArt,https://www.etsy.com/shop/WovelyArt,48.44,0,0,0,0,0,4 Mo.,0,0,0,Home & Living,6,0,0.0,12,"woven blanket,cotton throw,wall tapestry,living room throw,boho decor,cottagecore style,cozy home decor,pure cotton,fringed edges,housewarming gift,gift for mom,rustic aesthetic,tribal sun blanket",woven blanket,cotton throw,wall tapestry,living room throw,boho decor,cottagecore style,cozy home decor,pure cotton,fringed edges,housewarming gift,gift for mom,rustic aesthetic,tribal sun blanket
Japandi Woven Cotton Blanket - 100 percent Cotton Cozy Boho Tapestry Throw for Living Room or Bedroom Decor,https://www.etsy.com/listing/4416805142/japandi-woven-cotton-blanket-100-percent,WovelyArt,https://www.etsy.com/shop/WovelyArt,58.01,0,0,0,0,0,5 Mo.,0,0,4,Home & Living,6,0,0.0,12,"woven blanket,cotton tapestry,boho throw,living room decor,wall tapestry,cozy home decor,housewarming gift,gift for mom,bohemian decor,100 percent cotton,rustic aesthetic,tapestry throw,japandi blanket",woven blanket,cotton tapestry,boho throw,living room decor,wall tapestry,cozy home decor,housewarming gift,gift for mom,bohemian decor,100 percent cotton,rustic aesthetic,tapestry throw,japandi blanket
Vintage Floral Pattern Woven Blanket | Rose Bouquet Throw,https://www.etsy.com/listing/4499627308/vintage-floral-pattern-woven-blanket,AmorieDesign,https://www.etsy.com/shop/AmorieDesign,91.99,0,0,0,0,0,1 Mo.,0,0,1,Home & Living,7,0,0.0,0,"woven blanket,floral throw,cozy throw,vintage floral,boho blanket,living room decor,autumn blanket,gift for her,couch blanket,bed blanket,warm throw,rustic decor,housewarming gift",woven blanket,floral throw,cozy throw,vintage floral,boho blanket,living room decor,autumn blanket,gift for her,couch blanket,bed blanket,warm throw,rustic decor,housewarming gift
Art Deco Luxe Woven Throw Blanket  Gold Geometric Gatsby Tapestry,https://www.etsy.com/listing/4503006332/art-deco-luxe-woven-throw-blanket-gold,AmorieDesign,https://www.etsy.com/shop/AmorieDesign,91.99,0,0,0,0,0,1 Mo.,0,0,0,Home & Living,7,0,0.0,0,"woven blanket,boho blanket,earth tone throw,tribal throw,cozy living,autumn decor,rustic home,bohemian decor,textured throw,living room rug,gift for her,housewarming,bed throw blanket",woven blanket,boho blanket,earth tone throw,tribal throw,cozy living,autumn decor,rustic home,bohemian decor,textured throw,living room rug,gift for her,housewarming,bed throw blanket
"Irish Marriage Blessing Woven Blanket – Cozy Throw with Irish Wedding Prayer, Celtic Home Décor, Spiritual Housewarming or Wedding Gift",https://www.etsy.com/listing/1858312810/irish-marriage-blessing-woven-blanket,TheIrishJewelryCo,https://www.etsy.com/shop/TheIrishJewelryCo,59.99,0,0,0,0,0,15 Mo.,4,0,323,Home & Living,134,0,0.0,854,"woven throw blanket,celtic knot blanket,cozy home decor,personalized gift,inspirational quote,rustic wall art,gift for him,gift for her,warm living room,textile wall hanging,celtic design piece,home warmth gift,snuggle up blanket",woven throw blanket,celtic knot blanket,cozy home decor,personalized gift,inspirational quote,rustic wall art,gift for him,gift for her,warm living room,textile wall hanging,celtic design piece,home warmth gift,snuggle up blanket
"Irish Claddagh Woven Blanket, Cozy Throw, Gift for New Home, Spiritual Décor, Wedding Gift, Claddagh Wall Hanging, Green Claddagh Throw",https://www.etsy.com/listing/1872956787/irish-claddagh-woven-blanket-cozy-throw,TheIrishJewelryCo,https://www.etsy.com/shop/TheIrishJewelryCo,59.99,0,0,0,9,2,15 Mo.,22,0,207,Home & Living,134,0,4.35,854,"woven throw blanket,celtic knot blanket,cozy home decor,personalized gift,inspirational quote,rustic wall art,gift for him,gift for her,warm living room,textile wall hanging,celtic design piece,home warmth gift,snuggle up blanket",woven throw blanket,celtic knot blanket,cozy home decor,personalized gift,inspirational quote,rustic wall art,gift for him,gift for her,warm living room,textile wall hanging,celtic design piece,home warmth gift,snuggle up blanket
Maine 23rd State America 250 Woven Blanket | &#39;The Twenty-Third State&#39; Tapestry Throw,https://www.etsy.com/listing/4458526417/maine-23rd-state-america-250-woven,SpearWolfKnight,https://www.etsy.com/shop/SpearWolfKnight,56.99,0,0,0,0,0,3 Mo.,0,0,0,Home & Living,5,0,0.0,0,"woven blanket,state blanket,maine blanket,map throw,americana decor,patriotic throw,cottage decor,rustic blanket,living room throw,gift for movers,housewarming gift,maine,america 250",woven blanket,state blanket,maine blanket,map throw,americana decor,patriotic throw,cottage decor,rustic blanket,living room throw,gift for movers,housewarming gift,maine,america 250
"Buffalo and Mountain Sherpa Blanket, Cozy Cabin Decor Throw",https://www.etsy.com/listing/4311735094/buffalo-and-mountain-sherpa-blanket-cozy,USGritDesigns,https://www.etsy.com/shop/USGritDesigns,53.71,0,0,0,0,0,12 Mo.,2,0,23,Home & Living,15,0,0.0,33,"buffalo mountain,cozy blanket,nature lover,winter home decor,cabin vibes,rustic living room,christmas gift,soft sherpa,warm throw,travel blanket,unique design,gift for him,lodge decor",buffalo mountain,cozy blanket,nature lover,winter home decor,cabin vibes,rustic living room,christmas gift,soft sherpa,warm throw,travel blanket,unique design,gift for him,lodge decor
"Boho Floral Sherpa Throw Blanket, Warm Winter Home Decor",https://www.etsy.com/listing/1840341948/boho-floral-sherpa-throw-blanket-warm,SophDHomeScents,https://www.etsy.com/shop/SophDHomeScents,69.99,0,0,0,0,0,16 Mo.,1,0,7,Home & Living,17,0,0.0,75,"boho sherpa,minimalist blanket,cozy home decor,warm throw,hygge gift,rustic interior,soft bedding,gift for her,living room throw,winter must-have,neutral colors,modern bedroom,housewarming gift",boho sherpa,minimalist blanket,cozy home decor,warm throw,hygge gift,rustic interior,soft bedding,gift for her,living room throw,winter must-have,neutral colors,modern bedroom,housewarming gift
"Brown Floral Woven Cotton Blanket, Fringed Edges, Cozy Home Decor Throw",https://www.etsy.com/listing/4468764199/brown-floral-woven-cotton-blanket,KozyPromise,https://www.etsy.com/shop/KozyPromise,60.00,0,0,0,0,0,2 Mo.,0,0,22,Home & Living,3,0,0.0,2,"woven blanket,cozy throw,brown blanket,home aesthetic,neutral throw,rustic decor,year round throw,living room cozy,bedroom blanket,textured throw,minimalist decor,earth tone throw,gift for home",woven blanket,cozy throw,brown blanket,home aesthetic,neutral throw,rustic decor,year round throw,living room cozy,bedroom blanket,textured throw,minimalist decor,earth tone throw,gift for home
Red Damask Pattern Woven Blanket | Reversible Fringe Throw,https://www.etsy.com/listing/4433273491/red-damask-pattern-woven-blanket,TheGrimoireHouse,https://www.etsy.com/shop/TheGrimoireHouse,49.52,0,0,0,0,0,5 Mo.,0,0,6,Home & Living,6,0,0.0,5,"woven blanket,fringe throw,boho blanket,cozy throw,vintage rug,red patterned,living room,bedroom decor,throw blanket,rustic decor,holiday gift,winter blanket,gift for her",woven blanket,fringe throw,boho blanket,cozy throw,vintage rug,red patterned,living room,bedroom decor,throw blanket,rustic decor,holiday gift,winter blanket,gift for her
"Swan Lake tapestry Woven Blanket | vintage floral lake scene, cottagecore throw",https://www.etsy.com/listing/4472950148/swan-lake-tapestry-woven-blanket-vintage,emtastudia,https://www.etsy.com/shop/emtastudia,66.98,0,0,0,0,0,2 Mo.,5,0,65,Home & Living,2,0,0.0,7,"woven blanket,swan blanket,vintage tapestry,cottagecore decor,lake wall art,cozy home throw,botanical throw,rustic blanket,nature decor,gift for her,bedroom accent,living room throw,housewarming gift",woven blanket,swan blanket,vintage tapestry,cottagecore decor,lake wall art,cozy home throw,botanical throw,rustic blanket,nature decor,gift for her,bedroom accent,living room throw,housewarming gift
"German Shepherd Woven Blanket, Animal Lover Home Decor, Cozy Throw for Living Room, Dog Enthusiast Gift, Rustic Woven Cover, Wall Tapestry",https://www.etsy.com/listing/4425205559/german-shepherd-woven-blanket-animal,BugrahanArtDesign,https://www.etsy.com/shop/BugrahanArtDesign,124.60,0,0,0,0,0,5 Mo.,0,0,4,Home & Living,55,0,0.0,1748,"animal lover blanket,cozy living room,dog enthusiast cozy,rustic cover,home blanket,shepherd lover,cozy throw,dog decor,rustic living room,animal enthusiast,german cover,dog lover decor,woven blanket",animal lover blanket,cozy living room,dog enthusiast cozy,rustic cover,home blanket,shepherd lover,cozy throw,dog decor,rustic living room,animal enthusiast,german cover,dog lover decor,woven blanket
"Heath Texas Longhorn & Sunflower Velveteen Plush Blanket, Cozy Decor, Gift for Texans, Home Warmth, Soft Throw for Occasions",https://www.etsy.com/listing/1886662229/heath-texas-longhorn-sunflower-velveteen,PanaceaPrintingCo,https://www.etsy.com/shop/PanaceaPrintingCo,44.33,0,0,0,0,0,14 Mo.,0,0,3,Home & Living,16,0,0.0,53,"cozy home decor,farmhouse blanket,sunflower design,texas inspired,warm plush throw,gift for her,living room decor,chic home accessory,vintage vibe decor,rustic charm blanket,floral pattern throw,home sweet home,all season blanket",cozy home decor,farmhouse blanket,sunflower design,texas inspired,warm plush throw,gift for her,living room decor,chic home accessory,vintage vibe decor,rustic charm blanket,floral pattern throw,home sweet home,all season blanket
Vintage Floral Tapestry Woven Blanket | Boho Garden Throw,https://www.etsy.com/listing/4485631746/vintage-floral-tapestry-woven-blanket,LACprints,https://www.etsy.com/shop/LACprints,80.36,0,0,0,0,0,1 Mo.,0,0,1,Home & Living,53,0,0.0,546,"woven blanket,floral throw,boho blanket,cozy throw,living room,vintage floral,decor blanket,gift for her,bedroom decor,cottagecore,rustic home,floral decor,throw blanket",woven blanket,floral throw,boho blanket,cozy throw,living room,vintage floral,decor blanket,gift for her,bedroom decor,cottagecore,rustic home,floral decor,throw blanket
"Abstract Paisley Pattern Woven Blanket | Boho Throw, Tapestry Style",https://www.etsy.com/listing/4475673476/abstract-paisley-pattern-woven-blanket,DharmaDestinyApparel,https://www.etsy.com/shop/DharmaDestinyApparel,84.99,0,0,0,0,0,2 Mo.,0,0,0,Home & Living,2,0,0.0,10,"woven blanket,boho throw,rustic decor,cozy throw,living room,textured throw,earth tone decor,vintage style,patio blanket,gift for her,autumn decor,housewarming,bohemian rug",woven blanket,boho throw,rustic decor,cozy throw,living room,textured throw,earth tone decor,vintage style,patio blanket,gift for her,autumn decor,housewarming,bohemian rug
Viking Runes Pine Trees Mountains Woven Blanket | Scandinavian Forest Logo,https://www.etsy.com/listing/4436990856/viking-runes-pine-trees-mountains-woven,WovenStylez,https://www.etsy.com/shop/WovenStylez,112.74,0,0,0,0,0,5 Mo.,0,0,4,Home & Living,24,0,0.0,327,"pine tree blanket,mountain throw,nordic rune blanket,scandi home decor,outdoor themed throw,forest cabin decor,green nature blanket,camping blanket,rustic living room,gift for hikers,woven cotton blanket,viking wall art,tribal decor",pine tree blanket,mountain throw,nordic rune blanket,scandi home decor,outdoor themed throw,forest cabin decor,green nature blanket,camping blanket,rustic living room,gift for hikers,woven cotton blanket,viking wall art,tribal decor
Freshwater Fish Woven Blanket | Vintage Folk Cabin Lodge Tapestry | Rustic Angler Trout Bass Fishing Throw,https://www.etsy.com/listing/4487465012/freshwater-fish-woven-blanket-vintage,AquaCover,https://www.etsy.com/shop/AquaCover,113.10,0,0,0,0,0,2 Mo.,0,0,0,Home & Living,2,0,0.0,49,"woven blanket,fish throw,coastal decor,nautical blanket,boat house,beach blanket,cabin decor,gift for fisherman,ocean theme,living room throw,rustic blanket,lake house,fishing decor",woven blanket,fish throw,coastal decor,nautical blanket,boat house,beach blanket,cabin decor,gift for fisherman,ocean theme,living room throw,rustic blanket,lake house,fishing decor
blanket Sunflower and Wave Woven Blanket | Boho Floral Tapestry Throw,https://www.etsy.com/listing/4454451658/blanket-sunflower-and-wave-woven-blanket,HADELLO,https://www.etsy.com/shop/HADELLO,199.98,0,0,0,0,0,3 Mo.,0,0,9,Home & Living,4,0,0.0,0,"woven blanket,sunflower throw,boho woven,cozy home decor,floral throw,rustic farmhouse,fall throw blanket,gift for her,living room decor,bohemian blanket,autumn decor,textured throw,vintage tapestry",woven blanket,sunflower throw,boho woven,cozy home decor,floral throw,rustic farmhouse,fall throw blanket,gift for her,living room decor,bohemian blanket,autumn decor,textured throw,vintage tapestry
"Highland Cow Sherpa Blanket, Cozy Farmhouse Decor",https://www.etsy.com/listing/4311721533/highland-cow-sherpa-blanket-cozy,USGritDesigns,https://www.etsy.com/shop/USGritDesigns,53.71,0,0,0,0,0,12 Mo.,1,0,33,Home & Living,15,0,0.0,33,"sherpa fleece throw,cozy home decor,animal print blanket,farmhouse style,country living,rustic decor,unique gift idea,winter blanket,cuddly wrap,nature lover gift,warm and soft,living room accent,gift for cow lovers",sherpa fleece throw,cozy home decor,animal print blanket,farmhouse style,country living,rustic decor,unique gift idea,winter blanket,cuddly wrap,nature lover gift,warm and soft,living room accent,gift for cow lovers
Giraffe Print Woven Cotton Blanket: Cozy Home Decor with Colorful Fringe,https://www.etsy.com/listing/4348299417/giraffe-print-woven-cotton-blanket-cozy,SchmartypantsDesigns,https://www.etsy.com/shop/SchmartypantsDesigns,56.95,0,0,0,0,0,4 Mo.,0,0,3,Home & Living,7,0,0.0,58,"cozy home decor,gift for her,living room blanket,gifts for friends,boho style blanket,animal print blanket,modern home textile,warm throw blanket,stylish woven throw,rustic blanket gift,housewarming gift,seasonal decor item,giraffe print throw",cozy home decor,gift for her,living room blanket,gifts for friends,boho style blanket,animal print blanket,modern home textile,warm throw blanket,stylish woven throw,rustic blanket gift,housewarming gift,seasonal decor item,giraffe print throw
He is Risen Easter Blanket | Empty Tomb Woven Blanket | Resurrection Sunday Gift,https://www.etsy.com/listing/4461568815/he-is-risen-easter-blanket-empty-tomb,QuietLightBoutique,https://www.etsy.com/shop/QuietLightBoutique,63.97,0,0,0,0,0,3 Mo.,0,0,1,Home & Living,10,0,0.0,1,"woven blanket,cozy throw,living room throw,rustic home,gift for mom,housewarming gift,bedroom throw,couch blanket,he is risen,christian art,christian easter,faith based blanket,religious gift",woven blanket,cozy throw,living room throw,rustic home,gift for mom,housewarming gift,bedroom throw,couch blanket,he is risen,christian art,christian easter,faith based blanket,religious gift
Sunlit Valley Landscape Woven Blanket | Scenic Mountain Valley Throw,https://www.etsy.com/listing/4459061184/sunlit-valley-landscape-woven-blanket,QuietLightBoutique,https://www.etsy.com/shop/QuietLightBoutique,63.97,0,0,0,0,0,3 Mo.,0,0,1,Home & Living,10,0,0.0,1,"woven blanket,landscape blanket,cozy throw,cottage decor,rustic throw,nature throw,mountain blanket,vintage blanket,earthy decor,living room,bedroom throw,gift for mom,coastal hills throw",woven blanket,landscape blanket,cozy throw,cottage decor,rustic throw,nature throw,mountain blanket,vintage blanket,earthy decor,living room,bedroom throw,gift for mom,coastal hills throw
"Whimsical Floral Deer Sherpa Blanket, Cozy Gift for Nature Enthusiasts, Living Room Decor, Home Comfort, Outdoor Adventures",https://www.etsy.com/listing/4298602947/whimsical-floral-deer-sherpa-blanket,AngelBrandsBoutique,https://www.etsy.com/shop/AngelBrandsBoutique,64.77,0,0,0,0,0,1 Mo.,0,0,0,Home & Living,1,0,0.0,0,"sherpa blanket,cozy home decor,warm winter gift,bohemian style,colorful blanket,floral throw,modern living,animal art,gifts for her,living room decor,rustic home,cottagecore vibe,bedroom accessory",sherpa blanket,cozy home decor,warm winter gift,bohemian style,colorful blanket,floral throw,modern living,animal art,gifts for her,living room decor,rustic home,cottagecore vibe,bedroom accessory
"Plaid Tartan Woven Blanket | Cozy Throw, Red Black or Grey Options",https://www.etsy.com/listing/4400166043/plaid-tartan-woven-blanket-cozy-throw,TheLinenAndLightCo,https://www.etsy.com/shop/TheLinenAndLightCo,3.16,0,0,0,0,0,1 Mo.,0,0,0,Home & Living,1,0,0.0,1,"plaid blanket,cozy throw,woven blanket,tartan throw,rustic decor,cabin blanket,fall home,living room,warm throw,gift for him,holiday gift,autumn decor,neutral throw",plaid blanket,cozy throw,woven blanket,tartan throw,rustic decor,cabin blanket,fall home,living room,warm throw,gift for him,holiday gift,autumn decor,neutral throw
"Christmas Tree Velveteen Plush Blanket, Holiday Season Sherpa Fleece Blanket, Winter Home Decor, Xmas Gift Plush Blanket, Baby Shower Gift",https://www.etsy.com/listing/4395835609/christmas-tree-velveteen-plush-blanket,HappyAppleDecor,https://www.etsy.com/shop/HappyAppleDecor,67.46,0,0,0,0,0,2 Mo.,0,0,6,Home & Living,7,0,0.0,40,"velveteen blanket,minky blanket,sherpa fleece,winter home decor,cozy blanket for fam,festive cozy blanket,watercolor tree art,rustic christmas,holiday living room,xmas tree decor,christmas tree,holiday throw,xmas gift plush",velveteen blanket,minky blanket,sherpa fleece,winter home decor,cozy blanket for fam,festive cozy blanket,watercolor tree art,rustic christmas,holiday living room,xmas tree decor,christmas tree,holiday throw,xmas gift plush
Vintage Floral Woven Blanket | Dark Rose Hydrangea Throw,https://www.etsy.com/listing/4446260131/vintage-floral-woven-blanket-dark-rose,HOM32ATHRIFTYSHOP,https://www.etsy.com/shop/HOM32ATHRIFTYSHOP,56.99,0,0,0,0,0,1 Mo.,0,0,6,Home & Living,1,0,0.0,0,"woven blanket,floral throw,vintage blanket,boho decor,cozy throw,bedroom blanket,cottagecore,dark florals,living room,gift for her,rustic decor,bridal shower,housewarming",woven blanket,floral throw,vintage blanket,boho decor,cozy throw,bedroom blanket,cottagecore,dark florals,living room,gift for her,rustic decor,bridal shower,housewarming
"Rust Floral Woven Blanket – Vintage Botanical Tapestry Throw, Boho Wall Hanging, Warm Earth Tone Woven Blanket, yellow, rusty orange hue",https://www.etsy.com/listing/4385797995/rust-floral-woven-blanket-vintage,MulberryCircle,https://www.etsy.com/shop/MulberryCircle,78.80,0,0,0,0,0,2 Mo.,1,0,0,Home & Living,65,0,0.0,91,"cozy home decor,gift for her,wall art blanket,living room decor,gift for mom,birthday gift idea,artistic woven throw,cozy relaxing space,luxury comfy throw,autumn blanket,rustic boho,floral design,vintage botanical",cozy home decor,gift for her,wall art blanket,living room decor,gift for mom,birthday gift idea,artistic woven throw,cozy relaxing space,luxury comfy throw,autumn blanket,rustic boho,floral design,vintage botanical
Leopard Print Woven Cotton Blanket | Retro Fringed Throw,https://www.etsy.com/listing/4434036581/leopard-print-woven-throw-blanket-with,MyCreatyDesigns,https://www.etsy.com/shop/MyCreatyDesigns,66.65,0,0,0,0,0,4 Mo.,1,0,8,Home & Living,44,0,0.0,120,"leopard blanket,animal print throw,boho couch blanket,fringe woven throw,neutral home decor,sofa bed blanket,cozy living room,rustic boho gift,housewarming gift,tapestry blanket,modern farmhouse,gift for women,decorating blankets",leopard blanket,animal print throw,boho couch blanket,fringe woven throw,neutral home decor,sofa bed blanket,cozy living room,rustic boho gift,housewarming gift,tapestry blanket,modern farmhouse,gift for women,decorating blankets
"Rustic Plaid Christmas Blanket, Soft Cozy Winter Throw Blanket, Seasonal Couch Accent Blanket, Green and Red Holiday Living Room Decor Gift",https://www.etsy.com/listing/1547741532/rustic-plaid-christmas-blanket-soft-cozy,AbloomDecor,https://www.etsy.com/shop/AbloomDecor,29.80,0,0,0,0,0,25 Mo.,0,0,30,Home & Living,30,0,0.0,622,"rustic plaid blanket,christmas home decor,cute seasonal indoor,green and red,soft cozy plush,velveteen accent,dorm room decor,holiday living room,retro couch throw,gift for grandma,warm winter present,bedroom bedding,xmas decorations",rustic plaid blanket,christmas home decor,cute seasonal indoor,green and red,soft cozy plush,velveteen accent,dorm room decor,holiday living room,retro couch throw,gift for grandma,warm winter present,bedroom bedding,xmas decorations
Forest Trail Woven Cotton Blanket: Nature-Inspired Cabin Decor,https://www.etsy.com/listing/4324595913/forest-trail-woven-cotton-blanket-nature,CozyComfyJoy,https://www.etsy.com/shop/CozyComfyJoy,115.90,0,0,0,0,0,6 Mo.,1,0,7,Home & Living,7,0,0.0,12,"nature home decor,cozy throw blanket,camping gift idea,rustic cabin decor,outdoor adventure,hygge living room,nature lover gift,cozy winter blanket,fringed blanket,nature woven blanket,gift for her,scenic wall tapestry,cotton bed throw",nature home decor,cozy throw blanket,camping gift idea,rustic cabin decor,outdoor adventure,hygge living room,nature lover gift,cozy winter blanket,fringed blanket,nature woven blanket,gift for her,scenic wall tapestry,cotton bed throw
Farmers Market Woven Cotton Blanket: Cozy Fall Decor,https://www.etsy.com/listing/4360069967/farmers-market-woven-cotton-blanket-cozy,CozyComfyJoy,https://www.etsy.com/shop/CozyComfyJoy,115.90,0,0,0,0,0,4 Mo.,1,0,6,Home & Living,7,0,0.0,12,"fall decor,cozy blanket,autumn home,housewarming gift,warm throw,living room,home textiles,seasonal decor,hygge style,rustic charm,fall vibe,gift for her,fall wedding",fall decor,cozy blanket,autumn home,housewarming gift,warm throw,living room,home textiles,seasonal decor,hygge style,rustic charm,fall vibe,gift for her,fall wedding
Southwestern Geometric Woven Blanket | American Pattern Throw,https://www.etsy.com/listing/4459194227/southwestern-geometric-woven-blanket,MoMoTimes,https://www.etsy.com/shop/MoMoTimes,115.90,0,0,0,0,0,3 Mo.,3,0,29,Home & Living,26,0,0.0,81,"woven blanket,southwest throw,boho throw,navajo style,rustic home,cozy decor,earth tone decor,bohemian rug,living room throw,textured blanket,gift for her,housewarming gift,camping blanket",woven blanket,southwest throw,boho throw,navajo style,rustic home,cozy decor,earth tone decor,bohemian rug,living room throw,textured blanket,gift for her,housewarming gift,camping blanket
Fall Checklist Fleece Sherpa Blanket: Cozy Autumn Vibes,https://www.etsy.com/listing/1801123378/fall-checklist-fleece-sherpa-blanket,NormaPinkLLC,https://www.etsy.com/shop/NormaPinkLLC,75.33,0,0,0,0,0,19 Mo.,0,0,2,Home & Living,25,0,0.0,53,"autumn blanket,fall decor,cozy home,plaid design,soft throw,warm bedding,seasonal decor,hygge style,rustic home,living room decor,snuggle blanket,gift for her,fall script",autumn blanket,fall decor,cozy home,plaid design,soft throw,warm bedding,seasonal decor,hygge style,rustic home,living room decor,snuggle blanket,gift for her,fall script
Southwestern Aztec Pattern Woven Blanket | Geometric Throw,https://www.etsy.com/listing/4442338219/southwestern-aztec-pattern-woven-blanket,YeetstorePE,https://www.etsy.com/shop/YeetstorePE,81.80,0,0,0,0,0,1 Mo.,0,0,0,Home & Living,19,0,0.0,134,"woven blanket,southwest throw,aztec blanket,boho throw,tribal decor,cozy home,living room,bed throw,rustic decor,camp blanket,gift for her,housewarming,outdoor throw",woven blanket,southwest throw,aztec blanket,boho throw,tribal decor,cozy home,living room,bed throw,rustic decor,camp blanket,gift for her,housewarming,outdoor throw
"Vintage Floral Bird Woven Blanket | Decorative Throw, Tapestry Fringe",https://www.etsy.com/listing/4468097076/vintage-floral-bird-woven-blanket,BrixByAndCo,https://www.etsy.com/shop/BrixByAndCo,56.99,0,0,0,0,0,2 Mo.,0,0,0,Home & Living,2,0,0.0,1,"woven blanket,bird throw,floral throw,decorative throw,boho woven,vintage blanket,living room,cozy throw,rustic decor,bedroom throw,gift for her,housewarming,farmhouse throw",woven blanket,bird throw,floral throw,decorative throw,boho woven,vintage blanket,living room,cozy throw,rustic decor,bedroom throw,gift for her,housewarming,farmhouse throw
"Misty Forest Woven Throw Blanket, Nature Watercolor Tapestry Wall Hanging, Cotton Woven Blanket, Rustic Home Decor, Housewarming Gift",https://www.etsy.com/listing/1826643094/misty-forest-woven-throw-blanket-nature,MilleReveriesGifts,https://www.etsy.com/shop/MilleReveriesGifts,68.80,0,0,0,0,0,17 Mo.,4,0,44,Home & Living,28,0,0.0,136,"woven blanket,forest tapestry,nature wall art,watercolor decor,cotton throws,housewarming gift,cozy home,rustic decor,bedroom blanket,living room,nature lover,gift for her,christmas gift",woven blanket,forest tapestry,nature wall art,watercolor decor,cotton throws,housewarming gift,cozy home,rustic decor,bedroom blanket,living room,nature lover,gift for her,christmas gift
Black and White Plaid Blanket Checkered Bedspread Plush Plaid Bedding Retro Velveteen Throw,https://www.etsy.com/listing/1844185113/black-and-white-plaid-blanket-checkered,Basilandsagestudio,https://www.etsy.com/shop/Basilandsagestudio,31.10,0,0,0,0,0,17 Mo.,3,0,77,Home & Living,63,0,0.0,62,"buffalo plaid,velveteen blanket,black white,cozy home decor,winter blanket,rustic chic,cabin inspired,warm throw,christmas gift,holiday decor,cozy living room,gift for her,winter home accents",buffalo plaid,velveteen blanket,black white,cozy home decor,winter blanket,rustic chic,cabin inspired,warm throw,christmas gift,holiday decor,cozy living room,gift for her,winter home accents
"Vintage Floral Stripe Velveteen Plush Blanket | Cottagecore Books, Cats and Floral Pattern",https://www.etsy.com/listing/4442237843/vintage-floral-stripe-velveteen-plush,PrintPerfectToo,https://www.etsy.com/shop/PrintPerfectToo,20.92,0,0,0,0,0,4 Mo.,0,0,5,Home & Living,12,0,0.0,69,"plush blanket,cozy home,vintage floral,cottagecore decor,soft throw,bedroom throw,living room,gift for her,housewarming gift,autumn blanket,rustic cottage,books cats blanket,cozy blanket",plush blanket,cozy home,vintage floral,cottagecore decor,soft throw,bedroom throw,living room,gift for her,housewarming gift,autumn blanket,rustic cottage,books cats blanket,cozy blanket
"Boho Rayon Tapestry, Vintage Olive Abstract (66x42 inches)",https://www.etsy.com/listing/780455826/boho-rayon-tapestry-vintage-olive,VillageThrive,https://www.etsy.com/shop/VillageThrive,37.00,0,0,0,4,1,73 Mo.,59,0,517,Home & Living,188,0,0.77,8686,"boho rayon tapestry,natural dye fabric,beach blanket throw,small batch handmade,gift for boho lovers,home decor accent,eco conscious living,bohemian room decor,chic boho accessory,rustic olive hues,elegant boho throw,bohemian,clearance",boho rayon tapestry,natural dye fabric,beach blanket throw,small batch handmade,gift for boho lovers,home decor accent,eco conscious living,bohemian room decor,chic boho accessory,rustic olive hues,elegant boho throw,bohemian,clearance
Vintage Plaid Woven Blanket | Personalized Monogram Stripe,https://www.etsy.com/listing/4448954802/vintage-plaid-woven-blanket-personalized,HudstonCo,https://www.etsy.com/shop/HudstonCo,68.43,0,0,0,0,0,5 Mo.,0,0,20,Home & Living,119,0,0.0,6835,"woven blanket,plaid throw,cozy home,tartan blanket,neutral decor,rustic throw,cabin blanket,living room,personalized throw,fall decor,gift for him,housewarming gift,soft woven",woven blanket,plaid throw,cozy home,tartan blanket,neutral decor,rustic throw,cabin blanket,living room,personalized throw,fall decor,gift for him,housewarming gift,soft woven
"Christmas Rustic Plush Blanket - Holiday Home Decor Cozy Throw, Festive Winter Lap Quilt, Cabin Style Bedding, Farmhouse Living Room",https://www.etsy.com/listing/1806517374/christmas-rustic-plush-blanket-holiday,HomewaresbyCrisandCo,https://www.etsy.com/shop/HomewaresbyCrisandCo,39.00,0,0,0,0,0,18 Mo.,0,0,2,Home & Living,23,0,0.0,136,"christmas blanket,rustic holiday decor,cozy winter gift,soft xmas bedding,warm farmhouse style,holiday movie night,hygge living room,gift for mom,xmas decor accent,rustic cozy throw,farmhouse throw,farmhouse blanket,christmas throw",christmas blanket,rustic holiday decor,cozy winter gift,soft xmas bedding,warm farmhouse style,holiday movie night,hygge living room,gift for mom,xmas decor accent,rustic cozy throw,farmhouse throw,farmhouse blanket,christmas throw
"Equestrian Woven Blanket | Cozy Horse Throw Blanket, Rustic Home Decor, Gift for Horse Lovers, Horse-Themed Cozy Blanket, Farmhouse Style",https://www.etsy.com/listing/4312877440/equestrian-woven-blanket-cozy-horse,AnewLovingConcept,https://www.etsy.com/shop/AnewLovingConcept,189.55,0,0,0,0,0,12 Mo.,1,0,15,Home & Living,38,0,0.0,41,"woven blanket,horse decor,cozy home,farmhouse style,equestrian gifts,rustic decor,horse lover,throw blanket,nature inspired,gift for her,country decor,living room,cozy gift",woven blanket,horse decor,cozy home,farmhouse style,equestrian gifts,rustic decor,horse lover,throw blanket,nature inspired,gift for her,country decor,living room,cozy gift
Fantasy Fellowship Journey Woven Blanket | Elven City Landscape Art Throw | Bookish Gift for Fantasy Lovers | Fairy Tale Forest Tapestry,https://www.etsy.com/listing/4448786917/fantasy-fellowship-journey-woven-blanket,HoneyWearDesigns,https://www.etsy.com/shop/HoneyWearDesigns,72.99,0,0,0,0,0,4 Mo.,0,0,41,Home & Living,4,0,0.0,0,"woven blanket,cozy throw,rustic decor,autumn blanket,vintage throw,bedroom throw,living room,gift for her,holiday gift,warm blanket,woodland decor,neutral throw,textured throw",woven blanket,cozy throw,rustic decor,autumn blanket,vintage throw,bedroom throw,living room,gift for her,holiday gift,warm blanket,woodland decor,neutral throw,textured throw
Personalized Woven Blanket Custom Initial leopard Throw Neutral Home Decor Monogram Gift for Her Housewarming Gift,https://www.etsy.com/listing/4460546941/personalized-woven-blanket-custom,Cozyloomblanket,https://www.etsy.com/shop/Cozyloomblanket,79.95,0,0,0,0,0,3 Mo.,0,0,0,Home & Living,8,0,0.0,8,"woven blanket,custom blanket,personalized throw,tapestry blanket,plaid blanket,rustic decor,custom woven gift,heirloom blanket,gift for parents,housewarming gift,throw blanket couch,monogram gift,living room decor",woven blanket,custom blanket,personalized throw,tapestry blanket,plaid blanket,rustic decor,custom woven gift,heirloom blanket,gift for parents,housewarming gift,throw blanket couch,monogram gift,living room decor
Deer Geometric Blanket | Abstract Throw,https://www.etsy.com/listing/4482036498/deer-geometric-blanket-abstract-throw,WildwaresCanada,https://www.etsy.com/shop/WildwaresCanada,39.97,0,0,0,0,0,1 Mo.,0,0,0,Home & Living,28,0,0.0,1,"cozy deer decor,woodland throw,modern cabin decor,minimalist blanket,nature themed throw,gift for her,housewarming gift,rustic living room,holiday cozy gift,scandinavian throw,outdoor blanket,neutral home decor,deer nursery decor",cozy deer decor,woodland throw,modern cabin decor,minimalist blanket,nature themed throw,gift for her,housewarming gift,rustic living room,holiday cozy gift,scandinavian throw,outdoor blanket,neutral home decor,deer nursery decor
Cotton 100% Blanket Monkeys Jungle Gym Scene Woven Blanket Landscape Throw,https://www.etsy.com/listing/4501237258/cotton-100-blanket-monkeys-jungle-gym,ALLYAhYah,https://www.etsy.com/shop/ALLYAhYah,63.71,0,0,0,0,0,1 Mo.,0,0,0,Home & Living,6,0,0.0,4,"woven blanket,cozy throw,beach blanket,vintage vibe,cottagecore decor,outdoor picnic,campfire blanket,rustic home,living room throw,boho woven,gift for her,housewarming gift,fall decor",woven blanket,cozy throw,beach blanket,vintage vibe,cottagecore decor,outdoor picnic,campfire blanket,rustic home,living room throw,boho woven,gift for her,housewarming gift,fall decor
Geometric Pattern Woven Blanket | Golf Inspired Throw,https://www.etsy.com/listing/4505865670/geometric-pattern-woven-blanket-golf,The19thHoleStudio,https://www.etsy.com/shop/The19thHoleStudio,45.99,0,0,0,0,0,1 Mo.,0,0,0,Home & Living,7,0,0.0,0,"woven blanket,throw blanket,geometric throw,boho throw,cozy home decor,living room throw,couch blanket,bed throw,rustic blanket,modern farmhouse,gift for her,housewarming gift,autumn decor",woven blanket,throw blanket,geometric throw,boho throw,cozy home decor,living room throw,couch blanket,bed throw,rustic blanket,modern farmhouse,gift for her,housewarming gift,autumn decor
Floral Woven Cotton Blanket: Boho Home Decor Throw,https://www.etsy.com/listing/1871464858/floral-woven-cotton-blanket-boho-home,LAHNO515,https://www.etsy.com/shop/LAHNO515,49.99,0,0,0,9,3,14 Mo.,6,0,193,Home & Living,20,0,4.66,58,"floral woven blanket,cozy home decor,gift for mom,living room accent,home warmth gift,comfortable blanket,rustic home style,handcrafted blanket,elegant living space,boho accent throw,soft woven throw,housewarming gift,floral design afghan",floral woven blanket,cozy home decor,gift for mom,living room accent,home warmth gift,comfortable blanket,rustic home style,handcrafted blanket,elegant living space,boho accent throw,soft woven throw,housewarming gift,floral design afghan
Woven Cotton Throw Blanket - 100% Cotton Cozy Rustic Orange & Brown for Cabin or Living Room Decor,https://www.etsy.com/listing/4408385071/woven-cotton-throw-blanket-100-cotton,WovelyArt,https://www.etsy.com/shop/WovelyArt,47.65,0,0,0,0,0,6 Mo.,0,0,16,Home & Living,6,0,0.0,12,"woven blanket,cotton throw,living room decor,cabin decor,rustic orange,brown accent,cozy home decor,boho tapestry,gift for mom,housewarming gift,cottagecore style,fall decor,earthy tones",woven blanket,cotton throw,living room decor,cabin decor,rustic orange,brown accent,cozy home decor,boho tapestry,gift for mom,housewarming gift,cottagecore style,fall decor,earthy tones
"Psychedelic Throw - 100% Cotton Cozy Tapestry for Boho Living Room, Wall Hanging & Sofa Decor",https://www.etsy.com/listing/4440914270/psychedelic-throw-100-cotton-cozy,WovelyArt,https://www.etsy.com/shop/WovelyArt,58.01,0,0,0,0,0,4 Mo.,0,0,0,Home & Living,6,0,0.0,12,"woven blanket,cotton throw,tapestry blanket,living room throw,wall tapestry,sofa decor,boho style,cottagecore,housewarming gift,gift for mom,rustic aesthetic,100 percent cotton,psychedelic throw",woven blanket,cotton throw,tapestry blanket,living room throw,wall tapestry,sofa decor,boho style,cottagecore,housewarming gift,gift for mom,rustic aesthetic,100 percent cotton,psychedelic throw
Vintage Floral Woven Cotton Blanket: Boho Fringed Throw,https://www.etsy.com/listing/1883489243/vintage-floral-woven-cotton-blanket-boho,TheNumericalGOAT,https://www.etsy.com/shop/TheNumericalGOAT,109.80,0,0,0,0,0,14 Mo.,2,0,29,Home & Living,49,0,0.0,129,"woven throw blanket,cozy home decor,floral blanket gift,vintage style throw,rustic living room,bohemian home decor,stylish lap blanket,gift for her,hygge cozy blanket,artistic throw decor,seasonal home accent,home comfort decor,eco friendly blanket",woven throw blanket,cozy home decor,floral blanket gift,vintage style throw,rustic living room,bohemian home decor,stylish lap blanket,gift for her,hygge cozy blanket,artistic throw decor,seasonal home accent,home comfort decor,eco friendly blanket
ANNIVERSARY/COUPLES Woven Blanket | Southwestern Landscape Throw,https://www.etsy.com/listing/4470685021/anniversarycouples-woven-blanket,KweendesignsStore,https://www.etsy.com/shop/KweendesignsStore,58.43,0,0,0,0,0,2 Mo.,0,0,0,Home & Living,2,0,0.0,0,"woven blanket,boho throw,cozy home,throw blanket,living room,cottagecore decor,neutral blanket,bedroom throw,gift for her,housewarming gift,rustic decor,country blanket,soft woven",woven blanket,boho throw,cozy home,throw blanket,living room,cottagecore decor,neutral blanket,bedroom throw,gift for her,housewarming gift,rustic decor,country blanket,soft woven
Tree of Life Woven Blanket | Sun and Floral Tapestry Throw,https://www.etsy.com/listing/4521235972/tree-of-life-woven-blanket-sun-and,WovenHeritageCo,https://www.etsy.com/shop/WovenHeritageCo,70.20,0,0,0,0,0,1 Mo.,0,0,0,Home & Living,10,0,0.0,393,"woven blanket,tree tapestry,boho throw,sun motif,floral throw,rustic decor,earthy blanket,cozy throw,living room,bedroom decor,gift for her,housewarming,autumn decor",woven blanket,tree tapestry,boho throw,sun motif,floral throw,rustic decor,earthy blanket,cozy throw,living room,bedroom decor,gift for her,housewarming,autumn decor
Navy and Cream Vertical Stripe Woven Blanket Southwestern Throw Blanket Blue Coastal Farmhouse Decor Lake House Sofa Throw Cottage Gift,https://www.etsy.com/listing/4511870890/navy-and-cream-vertical-stripe-woven,ArmindaCasaCo,https://www.etsy.com/shop/ArmindaCasaCo,74.80,0,0,0,0,0,1 Mo.,0,0,17,Home & Living,7,0,0.0,29,"woven blanket,cozy throw,boho blanket,striped blanket,living room,bohemian decor,gift for home,neutral throw,rustic decor,outdoor blanket,camper blanket,earthy home,anniversary gift",woven blanket,cozy throw,boho blanket,striped blanket,living room,bohemian decor,gift for home,neutral throw,rustic decor,outdoor blanket,camper blanket,earthy home,anniversary gift
"Highland Village Minky Blanket, Autumn Living Room Decor, Tartan Plaid Fleece Throw",https://www.etsy.com/listing/1521772189/highland-village-minky-blanket-autumn,ScottishCottageShop,https://www.etsy.com/shop/ScottishCottageShop,49.00,0,0,0,0,0,34 Mo.,0,0,37,Home & Living,60,0,0.0,914,"highland village,tartan home decor,plaid throw blanket,rustic lodge decor,cozy fleece blanket,minky blanket,autumn decor,fall tartan plaid,living room decor,new home gift,gift for him,housewarming gift,home accessories",highland village,tartan home decor,plaid throw blanket,rustic lodge decor,cozy fleece blanket,minky blanket,autumn decor,fall tartan plaid,living room decor,new home gift,gift for him,housewarming gift,home accessories
Geometric 8 Point Star Pattern Woven Blanket | Southwestern Inspired Throw,https://www.etsy.com/listing/4501756202/geometric-8-point-star-pattern-woven,MugsByRoberta,https://www.etsy.com/shop/MugsByRoberta,58.43,0,0,0,0,0,1 Mo.,0,0,1,Home & Living,3,0,0.0,5,"woven blanket,throw blanket,cozy throw,boho blanket,rustic decor,earth tone throw,living room throw,farmhouse decor,neutral blanket,fringe blanket,gift for mom,autumn decor,cabin blanket",woven blanket,throw blanket,cozy throw,boho blanket,rustic decor,earth tone throw,living room throw,farmhouse decor,neutral blanket,fringe blanket,gift for mom,autumn decor,cabin blanket
Sunlit Mountain River Landscape Wall Tapestry & Fabric Wall Art – Cozy Nature Decor Aesthetic Gift Idea,https://www.etsy.com/listing/4497224895/sunlit-mountain-river-landscape-wall,Ashvorn,https://www.etsy.com/shop/Ashvorn,99.99,0,0,0,0,0,1 Mo.,0,0,2,Home & Living,8,0,0.0,10,"woven blanket,landscape throw,cozy home,rustic decor,cabin blanket,scenic throw,nature blanket,mountain decor,river tapestry,gift for her,housewarming gift,autumn blanket,living room throw",woven blanket,landscape throw,cozy home,rustic decor,cabin blanket,scenic throw,nature blanket,mountain decor,river tapestry,gift for her,housewarming gift,autumn blanket,living room throw
Bohemian Patchwork Pattern Woven Blanket | Southwestern Tile Motif,https://www.etsy.com/listing/4441630653/bohemian-patchwork-pattern-woven-blanket,YeetstorePE,https://www.etsy.com/shop/YeetstorePE,81.80,0,0,0,0,0,1 Mo.,0,0,0,Home & Living,19,0,0.0,134,"woven blanket,boho throw,tile pattern,rustic decor,bohemian rug,fringe blanket,living room,cozy throw,gift for her,cottagecore,earth tone decor,vintage style,accent blanket",woven blanket,boho throw,tile pattern,rustic decor,bohemian rug,fringe blanket,living room,cozy throw,gift for her,cottagecore,earth tone decor,vintage style,accent blanket
Leopard Moon Woven Blanket | Wildlife Tapestry Throw,https://www.etsy.com/listing/4476993421/leopard-moon-woven-blanket-wildlife,LeopardOfDawn,https://www.etsy.com/shop/LeopardOfDawn,56.99,0,0,0,0,0,1 Mo.,0,0,0,Home & Living,1,0,0.0,0,"woven blanket,animal blanket,leopard throw,nature throw,wildlife decor,cozy home,boho blanket,rustic decor,bedroom throw,living room rug,gift for her,housewarming gift,earthy tones",woven blanket,animal blanket,leopard throw,nature throw,wildlife decor,cozy home,boho blanket,rustic decor,bedroom throw,living room rug,gift for her,housewarming gift,earthy tones
"Abstract Mushroom Woven Blanket | Earth Tones, Blue Accents",https://www.etsy.com/listing/4415539737/abstract-mushroom-woven-blanket-earth,TheBlanketSociety,https://www.etsy.com/shop/TheBlanketSociety,109.90,0,0,0,0,0,4 Mo.,0,0,10,Home & Living,5,0,0.0,0,"woven blanket,cozy throw,rustic blanket,earth tone throw,living room rug,cottagecore decor,bohemian throw,textured blanket,gift for her,housewarming gift,winter throw,bedroom decor,mushroom blanket",woven blanket,cozy throw,rustic blanket,earth tone throw,living room rug,cottagecore decor,bohemian throw,textured blanket,gift for her,housewarming gift,winter throw,bedroom decor,mushroom blanket
Throw Blanket Cowboy Horse Illustrated Western Theme Nostalgic Horse Art Rustic Decor for Home Living Room Bedroom Horse Lover Gift Idea,https://www.etsy.com/listing/1860355190/throw-blanket-cowboy-horse-illustrated,OopsICraftedShop,https://www.etsy.com/shop/OopsICraftedShop,96.77,0,0,0,0,0,15 Mo.,1,0,16,Home & Living,16,0,0.0,349,"cowboy horse,illustrated blanket,western decor,horse art throw,rustic blanket,western blanket,home decor,gift for horse lover,cozy throw,western theme,rustic floral,detailed design,nostalgic style",cowboy horse,illustrated blanket,western decor,horse art throw,rustic blanket,western blanket,home decor,gift for horse lover,cozy throw,western theme,rustic floral,detailed design,nostalgic style
Cherry Blossom Mountain Landscape Woven Blanket | Scenic Japanese Spring Tapestry,https://www.etsy.com/listing/4461486798/cherry-blossom-mountain-landscape-woven,TissueAndThread,https://www.etsy.com/shop/TissueAndThread,56.99,0,0,0,0,0,3 Mo.,8,0,23,Home & Living,3,0,0.0,2,"woven blanket,vintage tapestry,boho decor,cottagecore gift,living room throw,bedroom blanket,gift for her,mountain landscape,rustic home,japanese garden,japan decor,japanese landscape",woven blanket,vintage tapestry,boho decor,cottagecore gift,living room throw,bedroom blanket,gift for her,mountain landscape,rustic home,japanese garden,japan decor,japanese landscape,--
Pears Woven cozy throw Blanket - Original watercolor art by Katie Kight,https://www.etsy.com/listing/4361731978/pears-woven-cozy-throw-blanket-original,ArtByKatieKight,https://www.etsy.com/shop/ArtByKatieKight,68.00,0,0,0,0,0,8 Mo.,0,0,3,Home & Living,9,0,0.0,8,"fruit decor,farmhouse style,throw blanket,home accessory,cozy home decor,fall decor,gift for her,housewarming gift,living room decor,fall vibes,autumn home decor,couch throw,rustic blanket",fruit decor,farmhouse style,throw blanket,home accessory,cozy home decor,fall decor,gift for her,housewarming gift,living room decor,fall vibes,autumn home decor,couch throw,rustic blanket
"Floral Velvet Looking Velveteen Blanket, Cozy Home Decor, Gift for Her, Soft Throw Blanket, Grandma Pattern, Very Soft Blanket",https://www.etsy.com/listing/1902000113/floral-velvet-looking-velveteen-blanket,RobotsLoveArt,https://www.etsy.com/shop/RobotsLoveArt,28.18,0,0,0,0,0,1 Mo.,0,0,1,Home & Living,25,0,0.0,1447,"floral blanket,soft throw blanket,home decor blanket,cozy plush blanket,gift for her,stylish blanket,bedroom decor,wedding gift idea,chic home accessory,living room throw,rustic floral decor,super soft,lap blanket",floral blanket,soft throw blanket,home decor blanket,cozy plush blanket,gift for her,stylish blanket,bedroom decor,wedding gift idea,chic home accessory,living room throw,rustic floral decor,super soft,lap blanket
"Velveteen Plush Blanket, Southwest Desert Landscape Cozy Throw, Native American Art Home Decor, Warm Arizona Blankie, Comfortable Rustic",https://www.etsy.com/listing/1813589672/velveteen-plush-blanket-southwest-desert,DroppinGemsAZ,https://www.etsy.com/shop/DroppinGemsAZ,25.00,0,0,0,0,0,4 Mo.,0,0,3,Home & Living,7,0,0.0,9,"velveteen plush,native american art,rustic home decor,arizona landscape,cozy throw blanket,desert lover gift,warm winter blanket,boho chic decor,fleece blanket,tribal print blanket,living room accent,gift for him or her,holiday gift idea",velveteen plush,native american art,rustic home decor,arizona landscape,cozy throw blanket,desert lover gift,warm winter blanket,boho chic decor,fleece blanket,tribal print blanket,living room accent,gift for him or her,holiday gift idea
"Large Heart Woven Blanket | Cozy Throw, Boho Heart Tapestry",https://www.etsy.com/listing/4443235872/large-heart-woven-blanket-cozy-throw,HippyFeatherDesigns,https://www.etsy.com/shop/HippyFeatherDesigns,58.43,0,0,0,0,0,3 Mo.,0,0,1,Home & Living,6,0,0.0,0,"woven blanket,heart blanket,cozy throw,boho blanket,living room,neutral decor,rustic throw,valentine gift,housewarming gif,couch blanket,gift for her,bedroom throw,throw blanket",woven blanket,heart blanket,cozy throw,boho blanket,living room,neutral decor,rustic throw,valentine gift,housewarming gif,couch blanket,gift for her,bedroom throw,throw blanket
"Highland Cow Humor, Longhorn No B.S. Woven Blanket, Western Cattle Throw, Rustic Southwestern Decor",https://www.etsy.com/listing/4466618104/highland-cow-humor-longhorn-no-bs-woven,Geezyaglow,https://www.etsy.com/shop/Geezyaglow,66.99,0,0,0,0,0,2 Mo.,0,0,0,Home & Living,7,0,0.0,1,"boho throw,cozy home,cowboy blanket,rustic throw,living room,gift for him,farmhouse decor,snuggle blanket,highland cow blanket,highland cow throw,highland cow lover,longhorn blanket,southwestern decor",boho throw,cozy home,cowboy blanket,rustic throw,living room,gift for him,farmhouse decor,snuggle blanket,highland cow blanket,highland cow throw,highland cow lover,longhorn blanket,southwestern decor
Cozy Patchwork Woven Throw Blanket - Pastel Green And Beige Leaf and Gingham Design with Fringe,https://www.etsy.com/listing/4463085878/cozy-patchwork-woven-throw-blanket,Intandemshoppe,https://www.etsy.com/shop/Intandemshoppe,68.43,0,0,0,0,0,3 Mo.,0,0,5,Home & Living,3,0,0.0,3,"woven blanket,patchwork throw,cozy throw,farmhouse decor,cottagecore gift,living room throw,neutral blanket,soft home blanket,rustic throw,country cottage,throw for couch,gift for her,housewarming gift",woven blanket,patchwork throw,cozy throw,farmhouse decor,cottagecore gift,living room throw,neutral blanket,soft home blanket,rustic throw,country cottage,throw for couch,gift for her,housewarming gift
Fantasy Woven Blanket | Abstract Rustic Texture Woven Blanket | Vintage Distressed Pattern | Fantasy World Map,https://www.etsy.com/listing/4468328025/fantasy-woven-blanket-abstract-rustic,BubbleBodz,https://www.etsy.com/shop/BubbleBodz,58.43,0,0,0,0,0,2 Mo.,0,0,0,Home & Living,3,0,0.0,1,"woven blanket,cozy throw,rustic decor,boho blanket,textured throw,earth tone decor,living room throw,gift for home,housewarming gift,cozy cabin,vintage style,modern farmhouse,fantasy throw",woven blanket,cozy throw,rustic decor,boho blanket,textured throw,earth tone decor,living room throw,gift for home,housewarming gift,cozy cabin,vintage style,modern farmhouse,fantasy throw
Boho Woven Cotton Throw Blanket  With Colorful Fringe  And Cozy Decorative Accent for Bed or Sofa,https://www.etsy.com/listing/4335334029/boho-woven-cotton-throw-blanket-with,HomeDesignAura,https://www.etsy.com/shop/HomeDesignAura,70.77,0,0,0,0,0,3 Mo.,0,0,44,Home & Living,3,0,0.0,1,"cozy home decor,handmade blanket,woven throw,living room style,bedroom warmth,rustic decor,outdoor blanket,gift for her,fall decor,warm and soft,textured blanket,family gatherings,snuggle blanket",cozy home decor,handmade blanket,woven throw,living room style,bedroom warmth,rustic decor,outdoor blanket,gift for her,fall decor,warm and soft,textured blanket,family gatherings,snuggle blanket
Paisley Medallion Boho Southwestern Woven Throw,https://www.etsy.com/listing/4424688947/paisley-medallion-boho-southwestern,GoodFindsByBrendaLiz,https://www.etsy.com/shop/GoodFindsByBrendaLiz,66.28,0,0,0,0,0,5 Mo.,0,0,0,Home & Living,9,0,0.0,8,"southwestern throw,paisley medallion,boho home decor,cozy living room,southwestern decor,desert boho style,neutral boho throw,bohemian bedding,handloomed blanket,cottagecore throw,gift for her blanket,rustic throw blanket,boho couch throw",southwestern throw,paisley medallion,boho home decor,cozy living room,southwestern decor,desert boho style,neutral boho throw,bohemian bedding,handloomed blanket,cottagecore throw,gift for her blanket,rustic throw blanket,boho couch throw
American Flag Woven Blanket | Patriotic Stars and Stripes Throw,https://www.etsy.com/listing/4461927053/american-flag-woven-blanket-patriotic,ZMProducts,https://www.etsy.com/shop/ZMProducts,54.99,0,0,0,0,0,3 Mo.,0,0,5,Home & Living,3,0,0.0,6,"woven blanket,american flag,patriotic throw,flag blanket,home decor,living room,cozy blanket,gift for veteran,memorial day,fourth july,farmhouse decor,rustic blanket,patriotic decor",woven blanket,american flag,patriotic throw,flag blanket,home decor,living room,cozy blanket,gift for veteran,memorial day,fourth july,farmhouse decor,rustic blanket,patriotic decor
Hippo Blanket - 100% Cotton Cozy Throw for Kids Room Decor,https://www.etsy.com/listing/4410203395/hippo-blanket-100-cotton-cozy-throw-for,WovelyArt,https://www.etsy.com/shop/WovelyArt,47.65,0,0,0,0,0,6 Mo.,0,0,5,Home & Living,6,0,0.0,12,"woven blanket,cotton throw,tapestry throw,living room throw,cabin decor,wildlife decor,animal tapestry,woodland art,housewarming gift,gift for dad,cozy decor,rustic lodge,hippo blanket",woven blanket,cotton throw,tapestry throw,living room throw,cabin decor,wildlife decor,animal tapestry,woodland art,housewarming gift,gift for dad,cozy decor,rustic lodge,hippo blanket
"Mountain River Woven Cotton Blanket - 100% Cotton Tapestry Throw, Cozy Moon & Stream Nature Decor",https://www.etsy.com/listing/4437690679/mountain-river-woven-cotton-blanket-100,WovelyArt,https://www.etsy.com/shop/WovelyArt,48.44,0,0,0,0,0,4 Mo.,0,0,3,Home & Living,6,0,0.0,12,"woven blanket,cotton throw,tapestry blanket,living room throw,wall tapestry,mountain river,moon tapestry,nature inspired,housewarming gift,gift for mom,cozy home decor,cottagecore style,rustic cabin",woven blanket,cotton throw,tapestry blanket,living room throw,wall tapestry,mountain river,moon tapestry,nature inspired,housewarming gift,gift for mom,cozy home decor,cottagecore style,rustic cabin
"Fox-Themed Woven Blanket, Cozy Home Decor, Animal Lover Gift, Unique Throw Blanket, Housewarming, Camping, Relaxation Essential",https://www.etsy.com/listing/4387432199/fox-themed-woven-blanket-cozy-home-decor,Missingmusestudios,https://www.etsy.com/shop/Missingmusestudios,50.99,0,0,0,0,0,1 Mo.,0,0,0,Home & Living,0,0,0.0,0,"woven blanket,cozy home decor,fox wall art,animal tapestry,nature inspired gift,living room decor,warm blanket snuggle,winter cozy blanket,gift for fox lovers,rustic cabin blanket,stylish home accents,artistic cozy throw",woven blanket,cozy home decor,fox wall art,animal tapestry,nature inspired gift,living room decor,warm blanket snuggle,winter cozy blanket,gift for fox lovers,rustic cabin blanket,stylish home accents,artistic cozy throw,--
"Brown Plaid Throw Woven Blanket | Fringe Edge, Cozy Lumberjack Check",https://www.etsy.com/listing/4479831147/brown-plaid-throw-woven-blanket-fringe,ChillAndFocus,https://www.etsy.com/shop/ChillAndFocus,79.28,0,0,0,0,0,2 Mo.,0,0,0,Home & Living,2,0,0.0,0,"woven blanket,plaid throw,cozy home,rustic decor,fall blanket,camping blanket,cabin decor,warm throw,living room,gift for him,friendsgiving,autumn decor,wool look",woven blanket,plaid throw,cozy home,rustic decor,fall blanket,camping blanket,cabin decor,warm throw,living room,gift for him,friendsgiving,autumn decor,wool look
Knight Helmet Woven Blanket Medieval Armor Tapestry Historical Armor Gift,https://www.etsy.com/listing/4454380155/vintage-brass-helmet-woven-blanket,SwitchCreekCraft,https://www.etsy.com/shop/SwitchCreekCraft,39.99,0,0,0,0,0,3 Mo.,2,0,0,Home & Living,46,0,0.0,20,"woven blanket,cozy throw,boho blanket,home decor,vintage vibe,rustic decor,armchair throw,living room,gift for her,housewarming,autumn decor,textured throw,bed blanket",woven blanket,cozy throw,boho blanket,home decor,vintage vibe,rustic decor,armchair throw,living room,gift for her,housewarming,autumn decor,textured throw,bed blanket
Pinto Paint Horse Face woven blanket | Palomino Paint Mane Tapestry Throw,https://www.etsy.com/listing/4453877601/pinto-paint-horse-face-woven-blanket,DovetailContent,https://www.etsy.com/shop/DovetailContent,68.95,0,0,0,0,0,3 Mo.,0,0,0,Home & Living,11,0,0.0,34,"woven blanket,horse blanket,cozy throw,rustic decor,equestrian gift,farmhouse gift,living room,bedroom throw,horse lover,equine decor,gift for her,palomino paint horse,pinto paint blanket",woven blanket,horse blanket,cozy throw,rustic decor,equestrian gift,farmhouse gift,living room,bedroom throw,horse lover,equine decor,gift for her,palomino paint horse,pinto paint blanket
Autumn Lake Velveteen Plush Blanket: Cozy Fall Decor Throw,https://www.etsy.com/listing/1874507683/autumn-lake-velveteen-plush-blanket-cozy,WanderlustWayStore,https://www.etsy.com/shop/WanderlustWayStore,27.99,0,0,0,0,0,15 Mo.,0,0,9,Home & Living,18,0,0.0,33,"cozy home decor,fall decor blanket,velvet throw blanket,nature inspired gift,soft plush throw,holiday gift idea,seasonal home accent,warm plush blanket,chic living room,comfortable cuddle,personalized blanket,rustic autumn decor,gift for mom",cozy home decor,fall decor blanket,velvet throw blanket,nature inspired gift,soft plush throw,holiday gift idea,seasonal home accent,warm plush blanket,chic living room,comfortable cuddle,personalized blanket,rustic autumn decor,gift for mom
Pink Camo Woven Blanket | Pink Camouflage Throw,https://www.etsy.com/listing/4472676986/pink-camo-woven-blanket-pink-camouflage,digitaldownloadude,https://www.etsy.com/shop/digitaldownloadude,58.43,0,0,0,0,0,1 Mo.,1,0,1,Home & Living,20,0,0.0,1,"woven blanket,camo blanket,pink camo,green camo,cozy throw,boho home,rustic decor,bedroom throw,living room,gift for her,gift for him,camouflage art,camping blanket",woven blanket,camo blanket,pink camo,green camo,cozy throw,boho home,rustic decor,bedroom throw,living room,gift for her,gift for him,camouflage art,camping blanket
Autumn Floral Woven Throw Blanket For Cozy Home Decor Boho Cottagecore Rustic Fall Living Room Bedding Gift Soft Cotton Farmhouse Style,https://www.etsy.com/listing/4369005231/autumn-floral-woven-throw-blanket-for,TheCozyyCabinett,https://www.etsy.com/shop/TheCozyyCabinett,117.54,0,0,0,0,0,8 Mo.,4,0,12,Home & Living,23,0,0.0,375,"cozy boho blankets,cotton throw,woven fringe blanket,flower decor,wildflower nature,fall color decor,wildflower boho,boho tapestry,boho woven blanket,woven floral blanket,brown flower blanket,gift for mother,gift for aunt",cozy boho blankets,cotton throw,woven fringe blanket,flower decor,wildflower nature,fall color decor,wildflower boho,boho tapestry,boho woven blanket,woven floral blanket,brown flower blanket,gift for mother,gift for aunt
Abstract Mountain Blanket | Cozy Scenic Throw,https://www.etsy.com/listing/4482028422/abstract-mountain-blanket-cozy-scenic,WildwaresCanada,https://www.etsy.com/shop/WildwaresCanada,39.97,0,0,0,0,0,1 Mo.,0,0,1,Home & Living,28,0,0.0,1,"mountain throw,soft throw blanket,nature decor,cabin blanket,living room throw,bedroom accent,gift for hikers,winter cozy gift,neutral decor,rustic blanket,warm throw blanket,outdoor inspired,housewarming gift",mountain throw,soft throw blanket,nature decor,cabin blanket,living room throw,bedroom accent,gift for hikers,winter cozy gift,neutral decor,rustic blanket,warm throw blanket,outdoor inspired,housewarming gift
"Linen Couch Cover Throw, Custom Sofa Slipcover, Oversized Drape Blanket, Pet Hair Friendly, Modern Farmhouse Decor",https://www.etsy.com/listing/1770618549/linen-couch-cover-throw-custom-sofa,DustyLinen,https://www.etsy.com/shop/DustyLinen,309.86,0,0,0,4,1,22 Mo.,23,0,1220,Home & Living,66,25,0.33,3343,"couch cover throw,linen sofa blanket,sectional slipcover,custom couch cover,oversized throw,sofa cover for pets,dog couch cover,cat hair cover,sofa drape cover,washable throw,living room decor,boho sofa cover,rustic farmhouse",couch cover throw,linen sofa blanket,sectional slipcover,custom couch cover,oversized throw,sofa cover for pets,dog couch cover,cat hair cover,sofa drape cover,washable throw,living room decor,boho sofa cover,rustic farmhouse
"Vintage Amanita Mushroom Woven Blanket for Forest Themed Living Room, Earthy Botanical Throw Tapestry for Rustic Cabin Loft",https://www.etsy.com/listing/4450391040/vintage-amanita-mushroom-woven-blanket,PQQPrints,https://www.etsy.com/shop/PQQPrints,83.00,0,0,0,0,0,4 Mo.,0,0,2,Home & Living,47,0,0.0,13,"fly agaric art throw,cozy reading nooks,woodland nursery,amateur mycologists,foraging enthusiast,for mushroom hunters,goblincore art lover,autumn porch sitting,forest floor blanket,for outdoorsy couple,moody nature accent,fungi wall hanging,nature field decor",fly agaric art throw,cozy reading nooks,woodland nursery,amateur mycologists,foraging enthusiast,for mushroom hunters,goblincore art lover,autumn porch sitting,forest floor blanket,for outdoorsy couple,moody nature accent,fungi wall hanging,nature field decor
"Earth-Toned Mushroom Woven Blanket for Rustic Cabin Bedrooms, Botanical Fungi Tapestry Throw for Forest-Themed Living Rooms",https://www.etsy.com/listing/4452000763/earth-toned-mushroom-woven-blanket-for,PQQPrints,https://www.etsy.com/shop/PQQPrints,83.00,0,0,0,0,0,3 Mo.,1,0,10,Home & Living,47,0,0.0,13,"woodland nursery,dark academia art,rustic cabin bedding,bohemian room accent,earthy home styling,gift for mycologists,for mushroom forager,fungi enthusiasts,eco-conscious shop,for chilly evenings,work-from-home comfy,outdoor picnic rug,botanical art throw",woodland nursery,dark academia art,rustic cabin bedding,bohemian room accent,earthy home styling,gift for mycologists,for mushroom forager,fungi enthusiasts,eco-conscious shop,for chilly evenings,work-from-home comfy,outdoor picnic rug,botanical art throw
"Botanical Pomeranian Accent Woven Blanket for Farmhouse Bedroom Decor, Vintage Style Dog Portrait Tapestry Throw for Rustic Living Rooms",https://www.etsy.com/listing/4463434799/botanical-pomeranian-accent-woven,PQQPrints,https://www.etsy.com/shop/PQQPrints,83.00,0,0,0,0,0,3 Mo.,0,0,1,Home & Living,47,0,0.0,13,"cottagecore decor,botanical nursery,armchair pet accent,unique keepsake gift,pom mom dad gift,dog breed collector,veterinarian office,heavyweight cotton,outdoor picnic dates,pet-friendly homes,tan orange pommy,breathable textile,oversized lap quilt",cottagecore decor,botanical nursery,armchair pet accent,unique keepsake gift,pom mom dad gift,dog breed collector,veterinarian office,heavyweight cotton,outdoor picnic dates,pet-friendly homes,tan orange pommy,breathable textile,oversized lap quilt
"Americana Style Woven Blanket for Leather Couch Accent, Western Lodge Decor Tapestry, Vintage Bison Woven Throw for Rustic Cabin Living Room",https://www.etsy.com/listing/4476930282/americana-style-woven-blanket-for,PQQPrints,https://www.etsy.com/shop/PQQPrints,83.00,0,0,0,0,0,2 Mo.,4,0,11,Home & Living,47,0,0.0,13,"rustic home accents,farmhouse wall,cabin lodge decor,southwestern bedding,masculine styling,buffalo symbolism,mountain home owners,for outdoorsmen,fathers day blanket,retro sofa throw,man cave decor,bison rancher gift,great american west",rustic home accents,farmhouse wall,cabin lodge decor,southwestern bedding,masculine styling,buffalo symbolism,mountain home owners,for outdoorsmen,fathers day blanket,retro sofa throw,man cave decor,bison rancher gift,great american west
Custom National Park Sherpa Blanket | Rustic Cabin Mountain Throw | Gift for Hiker,https://www.etsy.com/listing/4486655272/custom-national-park-sherpa-blanket,OutlineAtlas,https://www.etsy.com/shop/OutlineAtlas,69.99,0,0,0,0,0,1 Mo.,0,0,5,Home & Living,7,0,0.0,21,"national park throw,sherpa throw blanket,rustic cabin decor,mountain home decor,lighthouse blanket,fleece lined afghan,custom throw blanket,lake house blanket,gift for hiker,housewarming gift,nature lover gift,camping home decor,living room blanket",national park throw,sherpa throw blanket,rustic cabin decor,mountain home decor,lighthouse blanket,fleece lined afghan,custom throw blanket,lake house blanket,gift for hiker,housewarming gift,nature lover gift,camping home decor,living room blanket
"Rustic Farmhouse Woven Cotton Blanket, Neutral Throw Blanket, Farmhouse Couch Decor",https://www.etsy.com/listing/1839346456/woven-cotton-throw-blanket-woodland-bear,FoxAndAspen,https://www.etsy.com/shop/FoxAndAspen,74.99,0,0,0,7,2,16 Mo.,21,0,166,Home & Living,20,0,4.22,1139,"cozy home decor,bear tapestry,nature lovers gift,outdoor blanket,animal print throw,cabin style blanket,hiking gift ideas,rustic home accents,warm woven throw,bear themed decor,gift for her,living room comfort,camping essentials",cozy home decor,bear tapestry,nature lovers gift,outdoor blanket,animal print throw,cabin style blanket,hiking gift ideas,rustic home accents,warm woven throw,bear themed decor,gift for her,living room comfort,camping essentials
Tribal Sun Medallion Woven Blanket | Southwestern Aztec Throw,https://www.etsy.com/listing/4490284284/tribal-sun-medallion-woven-blanket,Atterbichop,https://www.etsy.com/shop/Atterbichop,49.43,0,0,0,0,0,1 Mo.,0,0,0,Home & Living,15,0,0.0,0,"woven blanket,boho throw,tribal blanket,earth tone decor,bohemian throw,aztec woven,cozy living room,rustic home,boho bedding,textured throw,gift for mom,boho housewarming,boho picnic rug",woven blanket,boho throw,tribal blanket,earth tone decor,bohemian throw,aztec woven,cozy living room,rustic home,boho bedding,textured throw,gift for mom,boho housewarming,boho picnic rug
"Rustic Wool Throw Blanket Queen Size Warm Bed Sofa Coverlet Decorative Plaid For Living Room Scandinavian Home Decor Quilt, Woven blanket",https://www.etsy.com/listing/1743142956/rustic-wool-throw-blanket-queen-size,WoolLoveCrafts,https://www.etsy.com/shop/WoolLoveCrafts,103.99,0,0,0,3,1,22 Mo.,26,0,279,Home & Living,78,0,1.08,3324,"swedish wool blanket,hand woven blanket,moroccan throws,contemporary blanket,modern blanket full,accent blanket twin,large heavy blanket,outdoor blanket king,rustic woolen quilt,fluffy blanket wool,ikea blanket boho,luxury wool blanket,wool bed cover",swedish wool blanket,hand woven blanket,moroccan throws,contemporary blanket,modern blanket full,accent blanket twin,large heavy blanket,outdoor blanket king,rustic woolen quilt,fluffy blanket wool,ikea blanket boho,luxury wool blanket,wool bed cover
Wrapped in Peace Woven Blanket | Floral Wreath Cozy Throw,https://www.etsy.com/listing/4466257983/wrapped-in-peace-woven-blanket-floral,PureguardWellnessCo,https://www.etsy.com/shop/PureguardWellnessCo,58.43,0,0,0,0,0,2 Mo.,0,0,2,Home & Living,4,0,0.0,0,"woven blanket,cozy throw,neutral decor,farmhouse decor,floral wreath,living room,gift for her,housewarming gift,spring decor,bedroom throw,soft blanket,rustic home,boho blanket",woven blanket,cozy throw,neutral decor,farmhouse decor,floral wreath,living room,gift for her,housewarming gift,spring decor,bedroom throw,soft blanket,rustic home,boho blanket
"Floral Throw Blanket, Shabby Chic French Cottage Decor",https://www.etsy.com/listing/1845339492/floral-throw-blanket-shabby-chic-french,SophDHomeScents,https://www.etsy.com/shop/SophDHomeScents,64.99,0,0,0,1,1,16 Mo.,3,0,103,Home & Living,17,0,0.97,75,"shabby chic,cozy home decor,gift for her,living room decor,winter blanket,farmhouse style,warm and cozy,rustic home decor,housewarming gift,couch throw blanket,unique gift idea,vintage style,pink theme",shabby chic,cozy home decor,gift for her,living room decor,winter blanket,farmhouse style,warm and cozy,rustic home decor,housewarming gift,couch throw blanket,unique gift idea,vintage style,pink theme
"Brown Floral Shabby Chic Throw Blanket, Cozy Polyester Blanket",https://www.etsy.com/listing/1859555423/brown-floral-shabby-chic-throw-blanket,SophDHomeScents,https://www.etsy.com/shop/SophDHomeScents,64.99,0,0,0,0,0,16 Mo.,2,0,23,Home & Living,17,0,0.0,75,"shabby chic,cozy home decor,gift for her,living room decor,winter blanket,farmhouse style,warm and cozy,rustic home decor,housewarming gift,couch throw blanket,unique gift idea,vintage style,textile art",shabby chic,cozy home decor,gift for her,living room decor,winter blanket,farmhouse style,warm and cozy,rustic home decor,housewarming gift,couch throw blanket,unique gift idea,vintage style,textile art
Earth Tone Vertical Stripes Woven Blanket | Vintage Boho Cabin Throw Green Beige Brown,https://www.etsy.com/listing/4482903566/earth-tone-vertical-stripes-woven,LenoaHome,https://www.etsy.com/shop/LenoaHome,77.91,0,0,0,0,0,1 Mo.,0,0,12,Home & Living,43,0,0.0,268,"woven blanket,striped throw,boho blanket,rustic throw,cozy throw,earth tone decor,bohemian home,woven throw,gift for her,living room rug,cabin decor,textured blanket,fringe throw",woven blanket,striped throw,boho blanket,rustic throw,cozy throw,earth tone decor,bohemian home,woven throw,gift for her,living room rug,cabin decor,textured blanket,fringe throw
Cozy Love Woven Blanket Throw Patriotic Heart Home Decor Vintage Style Couch Blanket Gift for Grandma Mom Warm Rustic Living Room Decor,https://www.etsy.com/listing/4496662840/cozy-love-woven-blanket-throw-patriotic,NanalieseHomeDecor,https://www.etsy.com/shop/NanalieseHomeDecor,74.80,0,0,0,0,0,1 Mo.,0,0,0,Home & Living,8,0,0.0,28,"woven blanket,love blanket,heart blanket,patriotic throw,cozy throw,valentine gift,home decor,romantic gift,couch blanket,anniversary gift,living room decor,boho blanket,gift for her",woven blanket,love blanket,heart blanket,patriotic throw,cozy throw,valentine gift,home decor,romantic gift,couch blanket,anniversary gift,living room decor,boho blanket,gift for her
"Patchwork Star Pattern Woven Blanket | Quilted Star Throw, Southwestern Inspired",https://www.etsy.com/listing/4476475439/patchwork-star-pattern-woven-blanket,WildGraceCoBoutique,https://www.etsy.com/shop/WildGraceCoBoutique,56.00,0,0,0,0,0,2 Mo.,1,0,6,Home & Living,9,0,0.0,33,"woven blanket,quilt star,throw blanket,folk decor,cozy home,country style,living room,bed throw,gift for her,housewarming,rustic decor,neutral decor,boho throw",woven blanket,quilt star,throw blanket,folk decor,cozy home,country style,living room,bed throw,gift for her,housewarming,rustic decor,neutral decor,boho throw
Wild Heart Bloom Boldly Woven Blanket | Floral Leopard Throw,https://www.etsy.com/listing/4445576478/wild-heart-bloom-boldly-woven-blanket,ModernMedThreads,https://www.etsy.com/shop/ModernMedThreads,92.00,0,0,0,0,0,4 Mo.,0,0,0,Home & Living,7,0,0.0,0,"woven blanket,boho blanket,floral blanket,leopard throw,cozy throw,bedroom decor,living room,gift for her,housewarming gift,statement throw,bohemian decor,rustic blanket,spring decor",woven blanket,boho blanket,floral blanket,leopard throw,cozy throw,bedroom decor,living room,gift for her,housewarming gift,statement throw,bohemian decor,rustic blanket,spring decor
Majestic Eagle Woven Cotton Blanket: USA-Themed Home Decor Throw,https://www.etsy.com/listing/4329783963/majestic-eagle-woven-cotton-blanket-usa,CaptainColorStore,https://www.etsy.com/shop/CaptainColorStore,51.68,0,0,0,0,0,10 Mo.,0,0,48,Home & Living,11,0,0.0,3,"eagle design blanket,woven throw blanket,home decor gift,cozy bedroom decor,unique wall art,native american art,patriotic home goods,gift for men,american eagle art,rustic living room,bohemian home style,eagle lover gift,cuddle up blanket",eagle design blanket,woven throw blanket,home decor gift,cozy bedroom decor,unique wall art,native american art,patriotic home goods,gift for men,american eagle art,rustic living room,bohemian home style,eagle lover gift,cuddle up blanket
Southwest Animal Woven Blanket – Boho Earthy Throw,https://www.etsy.com/listing/4502494238/southwest-animal-woven-blanket-boho,NazliMadeIt,https://www.etsy.com/shop/NazliMadeIt,83.33,0,0,0,0,0,1 Mo.,0,0,2,Home & Living,27,0,0.0,1,"southwest blanket,boho woven throw,animal tapestry,rustic couch decor,earth tone blanket,boho wall hanging,western home decor,cabin style throw,artistic bed accent,woven cotton throw,eclectic decor,cozy living room,gift for homebody",southwest blanket,boho woven throw,animal tapestry,rustic couch decor,earth tone blanket,boho wall hanging,western home decor,cabin style throw,artistic bed accent,woven cotton throw,eclectic decor,cozy living room,gift for homebody
"Southwestern Navajo Woven Cotton Blanket,Throw with Geometric Patterns, Rustic Tribal Decor for Living Room or Bedroom, Cozy Fall Accessory",https://www.etsy.com/listing/4365607140/southwestern-navajo-blanket-woven-cotton,TimelessBohoChic,https://www.etsy.com/shop/TimelessBohoChic,39.00,0,0,0,6,2,8 Mo.,24,0,1499,Home & Living,37,54,0.4,2146,"woven cotton blanket,cozy tribal decor,southwest home decor,navajo style blanket,fall seasonal decor,boho chic blanket,rustic living room,bedroom cozy throw,tribal pattern throw,warm cotton throw,soft durable blanket,navajo style throw,chic elegant decor",woven cotton blanket,cozy tribal decor,southwest home decor,navajo style blanket,fall seasonal decor,boho chic blanket,rustic living room,bedroom cozy throw,tribal pattern throw,warm cotton throw,soft durable blanket,navajo style throw,chic elegant decor
Toile Landscape Woven Blanket | Reversible Village Scene Throw,https://www.etsy.com/listing/4496471774/toile-landscape-woven-blanket-reversible,TwistofSpirit,https://www.etsy.com/shop/TwistofSpirit,78.15,0,0,0,0,0,1 Mo.,1,0,3,Home & Living,8,0,0.0,47,"toile blanket,woven blanket,cottage decor,farmhouse throw,vintage style,neutral throw,living room,bedroom throw,cozy blanket,gift for her,housewarming,rustic decor,country cottage",toile blanket,woven blanket,cottage decor,farmhouse throw,vintage style,neutral throw,living room,bedroom throw,cozy blanket,gift for her,housewarming,rustic decor,country cottage
Sagittarius Archer Throw Blanket | Zodiac Constellation Woven Tapestry,https://www.etsy.com/listing/4507230318/sagittarius-archer-throw-blanket-zodiac,NatalEcho,https://www.etsy.com/shop/NatalEcho,59.00,0,0,0,0,0,1 Mo.,0,0,0,Home & Living,1,0,0.0,0,"woven blanket,zodiac blanket,sagittarius gift,astrology throw,boho home decor,cozy living room,birthmonth gift,november birthday,bohemian throw,rustic tapestry,hippie blanket,constellation art,gift for her",woven blanket,zodiac blanket,sagittarius gift,astrology throw,boho home decor,cozy living room,birthmonth gift,november birthday,bohemian throw,rustic tapestry,hippie blanket,constellation art,gift for her
Australian Shepherd Landscape Woven Blanket | Desert Sunset Dog Throw,https://www.etsy.com/listing/4518031081/australian-shepherd-landscape-woven,Fineartsseller,https://www.etsy.com/shop/Fineartsseller,58.43,0,0,0,0,0,1 Mo.,0,0,1,Home & Living,3,0,0.0,0,"woven blanket,dog throw,pet blanket,australian shepherd,rustic home,western decor,cozy throw,living room,animal lover,gift for dog,housewarming,country cottage,outdoor cabin",woven blanket,dog throw,pet blanket,australian shepherd,rustic home,western decor,cozy throw,living room,animal lover,gift for dog,housewarming,country cottage,outdoor cabin
"Red Wine Pour Woven Blanket, Wine Glass Wall Art, House Kitchen Throw, Champagne Hanging Tapestry",https://www.etsy.com/listing/4414741864/red-wine-pour-woven-blanket-wine-glass,KlutchMerch,https://www.etsy.com/shop/KlutchMerch,74.25,0,0,0,5,1,7 Mo.,0,0,20,Home & Living,37,0,25.0,957,"woven blanket,cozy blanket,wine lover,wine blanket,kitchen decor,boho throw,rustic throw,living room,hostess gift,housewarming,drink lover,snuggle throw,gift for her",woven blanket,cozy blanket,wine lover,wine blanket,kitchen decor,boho throw,rustic throw,living room,hostess gift,housewarming,drink lover,snuggle throw,gift for her
Duck-Patterned Woven Cotton Blanket: Cozy Home Decor Throw,https://www.etsy.com/listing/4350487680/duck-patterned-woven-cotton-blanket-cozy,thesunnygooseco,https://www.etsy.com/shop/thesunnygooseco,77.00,0,0,0,0,0,1 Mo.,1,0,13,Home & Living,2,0,0.0,1,"woven blanket,cozy home decor,warm throw blanket,nature inspired,duck pattern blanket,gift for hunters,outdoor cabin decor,winter gift idea,rustic living room,farmhouse style,lake house decor,personalized gift,duck mallard blanket",woven blanket,cozy home decor,warm throw blanket,nature inspired,duck pattern blanket,gift for hunters,outdoor cabin decor,winter gift idea,rustic living room,farmhouse style,lake house decor,personalized gift,duck mallard blanket
"Woven Blanket, Rustic Floral Throw, Cozy Home Decor, Farmhouse Blanket, Flower Pattern, Gift for Her, Bedroom Accent",https://www.etsy.com/listing/4377924776/woven-blanket-rustic-floral-throw-cozy,WhimsicInk,https://www.etsy.com/shop/WhimsicInk,53.36,0,0,0,0,0,4 Mo.,0,0,0,Home & Living,6,0,0.0,0,"rustic floral,cute throw,woven blanket,flower pattern,cozy home decor,farmhouse style,gift for her,bedroom accent,living room decor,country chic,unique present,spring decor,housewarming gift",rustic floral,cute throw,woven blanket,flower pattern,cozy home decor,farmhouse style,gift for her,bedroom accent,living room decor,country chic,unique present,spring decor,housewarming gift
Sunset Skyline Woven Blanket | Photoreal Sunset Landscape Throw,https://www.etsy.com/listing/4490788007/sunset-skyline-woven-blanket-photoreal,MakeAndSnap,https://www.etsy.com/shop/MakeAndSnap,66.98,0,0,0,0,0,1 Mo.,0,0,0,Home & Living,4,0,0.0,1,"woven blanket,sunset blanket,cozy throw,boho blanket,neutral throw,bedroom decor,living room,nature blanket,gift for her,housewarming gift,soft throw,statement throw,rustic decor",woven blanket,sunset blanket,cozy throw,boho blanket,neutral throw,bedroom decor,living room,nature blanket,gift for her,housewarming gift,soft throw,statement throw,rustic decor
"Vintage Bird Floral Woven Throw Blanket, Cottagecore Tapestry, Farmhouse Decor",https://www.etsy.com/listing/4397016129/vintage-bird-floral-woven-throw-blanket,Lovinggiftsbygigi,https://www.etsy.com/shop/Lovinggiftsbygigi,48.95,0,0,0,0,0,6 Mo.,2,0,22,Home & Living,32,0,0.0,1086,"woven blanket,floral throw,cozy home decor,rustic blanket gift,boho blanket design,eco friendly blanket,textile wall art,chic living room,gifts for her,woven throw blanket,bird floral,tapestry throw,cottagecore home",woven blanket,floral throw,cozy home decor,rustic blanket gift,boho blanket design,eco friendly blanket,textile wall art,chic living room,gifts for her,woven throw blanket,bird floral,tapestry throw,cottagecore home
"Personalized Rustic Wood Mosaic Blanket, Woven Plank Pattern Throw",https://www.etsy.com/listing/4427383891/personalized-rustic-wood-mosaic-woven,WordplayArtwork,https://www.etsy.com/shop/WordplayArtwork,109.00,0,0,0,0,0,5 Mo.,0,0,1,Home & Living,28,0,0.0,207,"woven blanket,wood pattern,rustic decor,geometric throw,cozy home accent,gift for him,gift for her,cabin decor,living room throw,bedroom decor,textured design,name blanket,personalized gift",woven blanket,wood pattern,rustic decor,geometric throw,cozy home accent,gift for him,gift for her,cabin decor,living room throw,bedroom decor,textured design,name blanket,personalized gift
"Personalized Plaid Woven Blanket, Tartan Throw with Fringed Edges",https://www.etsy.com/listing/4427384547/personalized-classic-plaid-woven-blanket,WordplayArtwork,https://www.etsy.com/shop/WordplayArtwork,109.00,0,0,0,0,0,5 Mo.,0,0,5,Home & Living,28,0,0.0,207,"woven blanket,plaid decor,tartan pattern,classic throw,cozy home accent,gift for him,gift for her,rustic decor,bedroom throw,living room decor,timeless design,name blanket,personalized gift",woven blanket,plaid decor,tartan pattern,classic throw,cozy home accent,gift for him,gift for her,rustic decor,bedroom throw,living room decor,timeless design,name blanket,personalized gift
"Wildlife Photography Velveteen Plush Blanket - Beautiful Bull Elk Home Decor Throw, Cozy Blanket, Nature Lover Gift, Cabin Decor, Elk Lover",https://www.etsy.com/listing/1894974869/wildlife-photography-velveteen-plush,TristansWildlife,https://www.etsy.com/shop/TristansWildlife,44.33,0,0,0,0,0,10 Mo.,0,0,10,Home & Living,38,0,0.0,35,"wildlife photography,elk blanket,plush home decor,nature lover gift,cozy throw blanket,rustic cabin decor,wild animal print,luxurious bedding,camping blanket,living room accent,mountain lodge decor,gift for adventurer,forest animal print",wildlife photography,elk blanket,plush home decor,nature lover gift,cozy throw blanket,rustic cabin decor,wild animal print,luxurious bedding,camping blanket,living room accent,mountain lodge decor,gift for adventurer,forest animal print
Vintage Mushroom Woven Blanket | Floral Tapestry Throw,https://www.etsy.com/listing/4417610013/vintage-mushroom-woven-blanket-floral,TheBlanketSociety,https://www.etsy.com/shop/TheBlanketSociety,109.90,0,0,0,0,0,4 Mo.,0,0,1,Home & Living,5,0,0.0,0,"woven blanket,vintage blanket,floral throw,cozy home,living room,gift for her,cottagecore,rustic decor,autumn decor,housewarming gift,textured throw,bedroom decor",woven blanket,vintage blanket,floral throw,cozy home,living room,gift for her,cottagecore,rustic decor,autumn decor,housewarming gift,textured throw,bedroom decor,--
"Cozy Woven Blanket - Heart Pattern, Ideal for Home Decor, Gifts, Picnics, and Cozy Evenings, Anniversary Gift",https://www.etsy.com/listing/1860636927/cozy-woven-blanket-heart-pattern-ideal,ISpeakFluentD20,https://www.etsy.com/shop/ISpeakFluentD20,45.00,0,0,0,0,0,3 Mo.,0,0,2,Home & Living,6,0,0.0,4,"cozy woven blanket,home decor blanket,gifts for her,living room decor,soft woven throw,layering blanket,rustic home accent,holiday gift idea,boho style blanket,unique birthday gift,seasonal home decor,large woven throw",cozy woven blanket,home decor blanket,gifts for her,living room decor,soft woven throw,layering blanket,rustic home accent,holiday gift idea,boho style blanket,unique birthday gift,seasonal home decor,large woven throw,--
Horse with Wildflowers Woven Blanket | Floral Meadow Throw,https://www.etsy.com/listing/4424742866/horse-with-wildflowers-woven-blanket,ThePacificCalm,https://www.etsy.com/shop/ThePacificCalm,48.73,0,0,0,0,0,5 Mo.,2,0,23,Home & Living,9,0,0.0,3,"woven blanket,horse blanket,wildflower blanket,floral horse throw,boho horse decor,farmhouse blanket,equestrian gift,rustic home decor,country living,cozy living room,outdoor picnic throw,gift for horse lover,spring floral throw",woven blanket,horse blanket,wildflower blanket,floral horse throw,boho horse decor,farmhouse blanket,equestrian gift,rustic home decor,country living,cozy living room,outdoor picnic throw,gift for horse lover,spring floral throw
Moses splitting the Red Sea,https://www.etsy.com/listing/4439195317/mountain-sunset-tapestry-woven-blanket,AdonaisshopGoods,https://www.etsy.com/shop/AdonaisshopGoods,40.00,0,0,0,0,0,2 Mo.,0,0,18,Home & Living,3,0,0.0,1,"woven blanket,cozy throw,mountain decor,nature blanket,boho throw,rustic home,cabin decor,hiking gift,outdoor vibe,sunset blanket,earth tone decor,living room throw,gift for hikers",woven blanket,cozy throw,mountain decor,nature blanket,boho throw,rustic home,cabin decor,hiking gift,outdoor vibe,sunset blanket,earth tone decor,living room throw,gift for hikers
"Sacred Horned Guardian Woven Throw, Boho Bull Skull with Turquoise Crown & Feather Headdress, Earthy Spiritual Blanket, 100% Cotton",https://www.etsy.com/listing/4470545438/sacred-horned-guardian-woven-throw-boho,PneumaRise,https://www.etsy.com/shop/PneumaRise,59.99,0,0,0,0,0,2 Mo.,0,0,1,Home & Living,34,0,0.0,22,"boho blanket,cow skull,western decor,bohemian decor,tribal blanket,southwest throw,rustic throw,feather blanket,statement throw,living room,bedroom decor,gift for her,housewarming",boho blanket,cow skull,western decor,bohemian decor,tribal blanket,southwest throw,rustic throw,feather blanket,statement throw,living room,bedroom decor,gift for her,housewarming
Personalized Woven Blanket Custom Initial animal print Throw Neutral Home Decor Monogram Gift for Her Housewarming Gift,https://www.etsy.com/listing/4460558474/personalized-woven-blanket-custom,Cozyloomblanket,https://www.etsy.com/shop/Cozyloomblanket,79.95,0,0,0,0,0,3 Mo.,0,0,0,Home & Living,8,0,0.0,8,"woven blanket,custom blanket,personalized throw,tapestry blanket,plaid blanket,rustic decor,custom woven gift,heirloom blanket,gift for parents,housewarming gift,throw blanket couch,monogram gift,living room decor",woven blanket,custom blanket,personalized throw,tapestry blanket,plaid blanket,rustic decor,custom woven gift,heirloom blanket,gift for parents,housewarming gift,throw blanket couch,monogram gift,living room decor
"White River Canyon Woven Blanket: Landscape Art Tapestry, Karl E Odegaard",https://www.etsy.com/listing/4324766126/white-river-canyon-woven-blanket,ODEprintshop,https://www.etsy.com/shop/ODEprintshop,41.15,0,0,0,0,0,11 Mo.,1,0,45,Home & Living,11,0,0.0,3,"landscape blanket,woven tapestry,scenic home decor,nature lover gift,unique wall art,cozy throw blanket,vintage art design,living room decor,home accent piece,couch throw blanket,gift for art lovers,warm winter blanket,rustic home decor",landscape blanket,woven tapestry,scenic home decor,nature lover gift,unique wall art,cozy throw blanket,vintage art design,living room decor,home accent piece,couch throw blanket,gift for art lovers,warm winter blanket,rustic home decor
Sunflower Plaid Woven Blanket | Cozy Floral Throw,https://www.etsy.com/listing/4451495072/sunflower-plaid-woven-blanket-cozy,JagiBoutique,https://www.etsy.com/shop/JagiBoutique,48.64,0,0,0,0,0,2 Mo.,0,0,0,Home & Living,35,0,0.0,301,"woven blanket,sunflower throw,checkered blanket,boho home decor,cottagecore gift,cozy throw,farmhouse blanket,autumn decor,gift for her,living room throw,rustic home,floral blanket,fall throw",woven blanket,sunflower throw,checkered blanket,boho home decor,cottagecore gift,cozy throw,farmhouse blanket,autumn decor,gift for her,living room throw,rustic home,floral blanket,fall throw
"Velveteen Plush Blanket, Cozy Western Style Winter Warmth Home Decor Gift, Rustic Bohemian Chic Southwestern Throw, All Season Sofa Blanket,",https://www.etsy.com/listing/4301202317/velveteen-plush-blanket-cozy-western,CowboyWanderlust,https://www.etsy.com/shop/CowboyWanderlust,24.69,0,0,0,0,0,3 Mo.,0,0,2,Home & Living,130,0,0.0,11,"velveteen blanket,southwestern print,winter warmth,home decor,gift for home,rustic style,bohemian chic,western design,cozy throw,all seasons,soft blanket,gift idea,living room",velveteen blanket,southwestern print,winter warmth,home decor,gift for home,rustic style,bohemian chic,western design,cozy throw,all seasons,soft blanket,gift idea,living room
Magical Moss Mushroom Woven Blanket,https://www.etsy.com/listing/1845237965/magical-moss-mushroom-woven-blanket,ShopTheWeavingRose,https://www.etsy.com/shop/ShopTheWeavingRose,40.00,0,0,0,0,0,2 Mo.,0,0,0,Home & Living,1,0,0.0,0,"cozy home decor,nature lover gift,cottagecore vibes,unique throw blanket,magical forest theme,gift for her,bohemian home accent,whimsical decor,housewarming gift,rustic living room,woodland retreat,moss blanket,mushrooms",cozy home decor,nature lover gift,cottagecore vibes,unique throw blanket,magical forest theme,gift for her,bohemian home accent,whimsical decor,housewarming gift,rustic living room,woodland retreat,moss blanket,mushrooms
"Tribal Eagle Art Woven Throw Blanket, Rustic Bohemian Wall Decor, Boho Tapestry for Bedroom or Living Room, Wildlife Mandala Tapestry",https://www.etsy.com/listing/1865396654/tribal-eagle-art-woven-throw-blanket,HomeDeportGG,https://www.etsy.com/shop/HomeDeportGG,36.98,0,0,0,0,0,3 Mo.,0,0,10,Home & Living,5,0,0.0,15,"boho tapestry,native american art,eagle blanket,tribal wall decor,tribal tapestry,eagle tapestry,bohemian throw,wildlife tapestry,throw blanket,woven blanket,eagle wall art,spiritual blanket,home decor",boho tapestry,native american art,eagle blanket,tribal wall decor,tribal tapestry,eagle tapestry,bohemian throw,wildlife tapestry,throw blanket,woven blanket,eagle wall art,spiritual blanket,home decor
"Merry Christmas Velvet Plush Blanket, Cozy Holiday Throw, Warm Winter Decor, Perfect Gift for Couples, Christmas Home Accents",https://www.etsy.com/listing/1817015296/merry-christmas-velvet-plush-blanket,Dshopme,https://www.etsy.com/shop/Dshopme,42.75,0,0,0,0,0,4 Mo.,0,0,3,Home & Living,7,0,0.0,0,"plush blanket,cozy home decor,christmas gift,holiday blanket,winter decor,soft throw blanket,gift for her,snuggle blanket,warm plush throw,living room gift,personalized gift,rustic home style,comfort item",plush blanket,cozy home decor,christmas gift,holiday blanket,winter decor,soft throw blanket,gift for her,snuggle blanket,warm plush throw,living room gift,personalized gift,rustic home style,comfort item
"Cozy Woven Blanket with Wolf Dog Design | Pet Lover Gift, Throw Blanket, Home Decor, Birthday Present, Animal Lover Blanket",https://www.etsy.com/listing/4332496544/cozy-woven-blanket-with-wolf-dog-design,RatShtCrazy,https://www.etsy.com/shop/RatShtCrazy,55.00,0,0,0,0,0,1 Mo.,0,0,4,Home & Living,95,0,0.0,44,"woven blanket,cozy home decor,unique throw blanket,animal lovers gift,living room accent,warm cozy gift,rustic chic style,blanket for fall,gift for dog lovers,stylish pet decor,indoor comfort item,gifts for friends,handcrafted blanket",woven blanket,cozy home decor,unique throw blanket,animal lovers gift,living room accent,warm cozy gift,rustic chic style,blanket for fall,gift for dog lovers,stylish pet decor,indoor comfort item,gifts for friends,handcrafted blanket
"Santa Fe Rustic Fleece Sherpa Blanket - Cozy Southwestern Pattern Throw Blanket, Gift for New Homeowner, Cabin, Winter Night, Bedroom Accent",https://www.etsy.com/listing/4390466564/santa-fe-rustic-fleece-sherpa-blanket,HomeDecorTraditions,https://www.etsy.com/shop/HomeDecorTraditions,50.00,0,0,0,0,0,7 Mo.,0,0,11,Home & Living,40,0,0.0,1576,"fleece sherpa,rustic blanket,cozy throw,southwestern pattern,gift for homeowner,cabin decor,winter blanket,warm bedding,holiday gift,living room decor,bedroom accessory,santa fe style,orange teal pattern",fleece sherpa,rustic blanket,cozy throw,southwestern pattern,gift for homeowner,cabin decor,winter blanket,warm bedding,holiday gift,living room decor,bedroom accessory,santa fe style,orange teal pattern
Farm Animal Farmhouse Woven Blanket | Cozy Cottage Throw,https://www.etsy.com/listing/4446706343/farm-animal-farmhouse-woven-blanket-cozy,BoydMercantile,https://www.etsy.com/shop/BoydMercantile,45.99,0,0,0,0,0,4 Mo.,0,0,3,Home & Living,112,0,0.0,23,"woven blanket,farmhouse blanket,farm animal decor,cozy farmhouse,rustic home decor,country throw,farmhouse gift,cozy living room,farmhouse chic,gift for him,gift for her,country home gift,rustic cozy gift",woven blanket,farmhouse blanket,farm animal decor,cozy farmhouse,rustic home decor,country throw,farmhouse gift,cozy living room,farmhouse chic,gift for him,gift for her,country home gift,rustic cozy gift
Appaloosa Horse Woven Blanket | Spotted Dapple Horse Tapestry 100% Cotton Throw,https://www.etsy.com/listing/4470072429/appaloosa-horse-woven-blanket-spotted,DovetailContent,https://www.etsy.com/shop/DovetailContent,68.95,0,0,0,0,0,2 Mo.,0,0,2,Home & Living,11,0,0.0,34,"woven blanket,horse blanket,western decor,farmhouse throw,rustic home,gift for her,equestrian art,country decor,living room,cozy blanket,birthday gift,rodeo gift,appaloosa dapple",woven blanket,horse blanket,western decor,farmhouse throw,rustic home,gift for her,equestrian art,country decor,living room,cozy blanket,birthday gift,rodeo gift,appaloosa dapple
Striped Southwestern Woven Blanket | Aztec Stripe Throw,https://www.etsy.com/listing/4495965408/striped-southwestern-woven-blanket-aztec,XYZdesign26,https://www.etsy.com/shop/XYZdesign26,50.00,0,0,0,0,0,1 Mo.,1,0,2,Home & Living,6,0,0.0,83,"woven blanket,boho throw,striped blanket,fringe throw,cozy home,rustic decor,cottagecore,neutral throw,living room,bed throw,gift for her,housewarming,textured throw",woven blanket,boho throw,striped blanket,fringe throw,cozy home,rustic decor,cottagecore,neutral throw,living room,bed throw,gift for her,housewarming,textured throw
Deer Geometric Blanket | Abstract Throw,https://www.etsy.com/listing/4482029365/deer-geometric-blanket-abstract-throw,WildwaresCanada,https://www.etsy.com/shop/WildwaresCanada,39.97,0,0,0,0,0,1 Mo.,0,0,0,Home & Living,28,0,0.0,1,"cozy deer decor,woodland throw,modern cabin decor,minimalist blanket,nature themed throw,gift for her,housewarming gift,rustic living room,holiday cozy gift,scandinavian throw,outdoor blanket,neutral home decor,deer nursery decor",cozy deer decor,woodland throw,modern cabin decor,minimalist blanket,nature themed throw,gift for her,housewarming gift,rustic living room,holiday cozy gift,scandinavian throw,outdoor blanket,neutral home decor,deer nursery decor
"Woven Tiger Blanket, Luxury Jungle Throw, Dark Academia Safari Decor, Editorial Tapestry",https://www.etsy.com/listing/4501928241/woven-tiger-blanket-luxury-jungle-throw,RoyceXstore,https://www.etsy.com/shop/RoyceXstore,77.90,0,0,0,0,0,1 Mo.,1,0,1,Home & Living,5,0,0.0,9,"woven blanket,lion blanket,animal throw,cozy decor,boho throw,vintage style,living room,bedroom decor,gift for her,gift for him,nature lover,rustic home,fall decor",woven blanket,lion blanket,animal throw,cozy decor,boho throw,vintage style,living room,bedroom decor,gift for her,gift for him,nature lover,rustic home,fall decor
"Vintage Woven Blanket - 100% Cotton Retro Throw, Cozy Antique-Style Tapestry for Living Room",https://www.etsy.com/listing/4400725945/vintage-woven-blanket-100-cotton-retro,WovelyArt,https://www.etsy.com/shop/WovelyArt,56.00,0,0,0,0,0,6 Mo.,0,0,0,Home & Living,6,0,0.0,12,"woven blanket,cotton throw,tapestry throw,vintage decor,retro style,living room throw,wall tapestry,cozy home decor,rustic aesthetic,housewarming gift,gift for mom,antique style,boho tapestry",woven blanket,cotton throw,tapestry throw,vintage decor,retro style,living room throw,wall tapestry,cozy home decor,rustic aesthetic,housewarming gift,gift for mom,antique style,boho tapestry
Large Woven Throw Blanket for Couch Rustic Cabin Lodge Sofa Throw Lake House Living Room Decor Fishing Inspired Bed Coverlet Home Accent,https://www.etsy.com/listing/4458001026/large-woven-throw-blanket-for-couch,hivebeautycollective,https://www.etsy.com/shop/hivebeautycollective,61.23,0,0,0,0,0,3 Mo.,3,0,18,Home & Living,51,0,0.0,5046,"large woven throw,couch throw blanket,rustic cabin decor,lodge sofa throw,lake house decor,bed coverlet throw,living room blanket,cabin home accent,woven couch blanket,rustic lodge decor,lake house blanket,cabin bed throw,fish decor",large woven throw,couch throw blanket,rustic cabin decor,lodge sofa throw,lake house decor,bed coverlet throw,living room blanket,cabin home accent,woven couch blanket,rustic lodge decor,lake house blanket,cabin bed throw,fish decor
"Tender Love by Lillian, Dog Lover, Black Man Art, African American Home, Gift for Black, Cozy Throw,",https://www.etsy.com/listing/4444029197/tender-love-by-lillian-dog-lover-black,JosGalleryStore,https://www.etsy.com/shop/JosGalleryStore,69.99,0,0,0,0,0,4 Mo.,1,0,19,Home & Living,73,0,0.0,1023,"woven blanket,cozy throw,boho blanket,home decor,gift for her,living room,bedroom throw,rustic decor,bohemian rug,textile art,unique gift,housewarming,holiday gift",woven blanket,cozy throw,boho blanket,home decor,gift for her,living room,bedroom throw,rustic decor,bohemian rug,textile art,unique gift,housewarming,holiday gift
"Natural Icelandic Sheepskin Rug - Black & Brown Genuine Sheepskin Pelt - Cozy Home Decor, Scandinavian, Rustic, Luxury Throw",https://www.etsy.com/listing/1422094522/natural-icelandic-sheepskin-rug-black,ModernLuxuryHomes,https://www.etsy.com/shop/ModernLuxuryHomes,149.95,0,0,0,6,2,38 Mo.,13,0,191,Home & Living,84,0,3.14,2024,"icelandic sheepskin,natural sheepskin,cozy home decor,scandinavian rug,rustic living room,luxury throw blanket,sheepskin pelt,organic wool rug,fur rug for sofa,boho home decoeation,soft wool rug,shipskin hendcrafted,blackbrown sheepskin",icelandic sheepskin,natural sheepskin,cozy home decor,scandinavian rug,rustic living room,luxury throw blanket,sheepskin pelt,organic wool rug,fur rug for sofa,boho home decoeation,soft wool rug,shipskin hendcrafted,blackbrown sheepskin
"Abstract Pixel Mosaic Woven Blanket | Geometric Throw, Earth Tones",https://www.etsy.com/listing/4441184616/abstract-pixel-mosaic-woven-blanket,ThisIsYourArea,https://www.etsy.com/shop/ThisIsYourArea,68.44,0,0,0,0,0,4 Mo.,0,0,0,Home & Living,4,0,0.0,0,"woven blanket,cozy throw,boho blanket,rustic throw,fall decor,living room,textured throw,gift for her,housewarming gift,cabin decor,neutral decor,bohemian rug,autumn colors",woven blanket,cozy throw,boho blanket,rustic throw,fall decor,living room,textured throw,gift for her,housewarming gift,cabin decor,neutral decor,bohemian rug,autumn colors
"Plaid Sherpa Blanket | Rustic Farmhouse Cozy Throw, Soft Buffalo Check Couch Blanket",https://www.etsy.com/listing/4448797713/plaid-blanket-brown-cozy-throw,CreekHavenOutfitters,https://www.etsy.com/shop/CreekHavenOutfitters,52.99,0,0,0,0,0,4 Mo.,0,0,38,Home & Living,7,0,0.0,8,"throw blanket,cozy blanket,blanket throw,couch blanket,sofa throw,living room decor,bedroom decor,farmhouse blanket,rustic home decor,soft blanket,warm blanket,home decor blanket,gift for home",throw blanket,cozy blanket,blanket throw,couch blanket,sofa throw,living room decor,bedroom decor,farmhouse blanket,rustic home decor,soft blanket,warm blanket,home decor blanket,gift for home
"Deer Sherpa Blanket | Woodland Rustic Cabin Throw, Cozy Lodge Home Decor",https://www.etsy.com/listing/4434972108/throw-blanket-plush-deer-woodland-birch,CreekHavenOutfitters,https://www.etsy.com/shop/CreekHavenOutfitters,54.17,0,0,0,0,0,4 Mo.,1,0,11,Home & Living,7,0,0.0,8,"throw blanket,cozy blanket,couch throw,sofa blanket,bed throw,living room decor,home decor,soft blanket,warm blanket,decorative blanket,farmhouse blanket,rustic decor,gift for her",throw blanket,cozy blanket,couch throw,sofa blanket,bed throw,living room decor,home decor,soft blanket,warm blanket,decorative blanket,farmhouse blanket,rustic decor,gift for her
Golf Script Woven Blanket | Throw with Fringe,https://www.etsy.com/listing/4505825525/golf-script-woven-blanket-throw-with,The19thHoleStudio,https://www.etsy.com/shop/The19thHoleStudio,45.99,0,0,0,0,0,1 Mo.,0,0,0,Home & Living,7,0,0.0,0,"woven blanket,cozy throw,fringe blanket,green throw,neutral throw,throw blanket,home decor,living room,bed blanket,gift for her,housewarming,rustic decor,textured throw",woven blanket,cozy throw,fringe blanket,green throw,neutral throw,throw blanket,home decor,living room,bed blanket,gift for her,housewarming,rustic decor,textured throw
"Boho Cotton Throw Blanket, Scandi Neutral Textured Blanket, 50x70 inches, Handmade Beige Throw for Sofa or Bed, Christmas Home Decor Gift",https://www.etsy.com/listing/4386599492/boho-cotton-throw-blanket-scandi-neutral,ElleHomeUS,https://www.etsy.com/shop/ElleHomeUS,99.98,0,0,0,3,1,7 Mo.,24,0,398,Home & Living,20,25,0.75,1184,"cotton throw,rustic blanket,cotton blanket,farmhouse throw,boho living room,neutral home decor,textured throw,cozy gift idea,gift for her home,housewarming gift,scandinavian throw,customize throw,custom blanket",cotton throw,rustic blanket,cotton blanket,farmhouse throw,boho living room,neutral home decor,textured throw,cozy gift idea,gift for her home,housewarming gift,scandinavian throw,customize throw,custom blanket
Majestic Deer Plush Blanket: Cozy Nature Lover Throw,https://www.etsy.com/listing/1824892498/majestic-deer-plush-blanket-cozy-nature,WanderlustWayStore,https://www.etsy.com/shop/WanderlustWayStore,27.99,0,0,0,0,0,17 Mo.,1,0,20,Home & Living,18,0,0.0,33,"plush throw blanket,cozy home decor,wildlife blanket,nature lover gift,warm winter blanket,rustic living room,animal print throw,gift for him,gift for her,camping blanket,lodge decor accent,eco friendly blanket,soft touch blanket",plush throw blanket,cozy home decor,wildlife blanket,nature lover gift,warm winter blanket,rustic living room,animal print throw,gift for him,gift for her,camping blanket,lodge decor accent,eco friendly blanket,soft touch blanket
"Vintage Floral Bunny Woven Blanket, Tapestry Rabbit Throw, Hare Blanket",https://www.etsy.com/listing/4505291090/vintage-floral-bunny-woven-blanket,NathBDeco,https://www.etsy.com/shop/NathBDeco,59.99,0,0,0,0,0,1 Mo.,0,0,0,Home & Living,0,0,0.0,0,"woven blanket,bunny throw,floral throw,vintage blanket,cottagecore decor,boho blanket,rustic throw,living room throw,cozy gift,animal blanket,gift for her,hare blanket,gift for hunter",woven blanket,bunny throw,floral throw,vintage blanket,cottagecore decor,boho blanket,rustic throw,living room throw,cozy gift,animal blanket,gift for her,hare blanket,gift for hunter
"Mushroom Woven Blanket: Bohemian Cotton Throw, Nature Decor",https://www.etsy.com/listing/1867740276/mushroom-woven-blanket-bohemian-cotton,CheekyGetup,https://www.etsy.com/shop/CheekyGetup,72.79,0,0,0,0,0,14 Mo.,1,0,24,Home & Living,35,0,0.0,431,"cozy home decor,rustic woven blanket,mushroom wall art,outdoor cozy blanket,botanical tapestry,handmade home goods,living room decor,fall decor blanket,artistic woven throw,unique gift idea,blanket for picnics,eco friendly blanket,home warming gift",cozy home decor,rustic woven blanket,mushroom wall art,outdoor cozy blanket,botanical tapestry,handmade home goods,living room decor,fall decor blanket,artistic woven throw,unique gift idea,blanket for picnics,eco friendly blanket,home warming gift
"Quilted Sofa Cover, Fisherman Sunset Lake Scene, Rustic Cabin Throw Blanket",https://www.etsy.com/listing/4508205259/quilted-sofa-cover-fisherman-sunset-lake,TheRail67,https://www.etsy.com/shop/TheRail67,125.25,0,0,0,0,0,1 Mo.,0,0,14,Home & Living,6,0,0.0,535,"quilted sofa cover,fishing couch throw,lake house decor,fisherman gift,cabin blanket,sunset nature quilt,rustic home decor,couch protector,quilted couch cover,fishing gift for men,mountain lake quilt,lodge living room,nature lover gift",quilted sofa cover,fishing couch throw,lake house decor,fisherman gift,cabin blanket,sunset nature quilt,rustic home decor,couch protector,quilted couch cover,fishing gift for men,mountain lake quilt,lodge living room,nature lover gift
BerBer Traditional Woven Blanket,https://www.etsy.com/listing/4493079733/berber-traditional-woven-blanket,PerTutto,https://www.etsy.com/shop/PerTutto,58.43,0,0,0,0,0,2 Mo.,4,0,22,Home & Living,7,0,0.0,2,"woven blanket,southwestern throw,boho home,tribal blanket,rustic decor,cozy throw,aztec blanket,fringe throw,cabin blanket,living room throw,bohemian decor,ethnic pattern,gift for mom",woven blanket,southwestern throw,boho home,tribal blanket,rustic decor,cozy throw,aztec blanket,fringe throw,cabin blanket,living room throw,bohemian decor,ethnic pattern,gift for mom
"Southwestern diamond pattern Woven Blanket | geometric Aztec throw, boho living decor",https://www.etsy.com/listing/4501992097/southwestern-diamond-pattern-woven,AtCuddleLoom,https://www.etsy.com/shop/AtCuddleLoom,95.56,0,0,0,0,0,1 Mo.,1,0,33,Home & Living,1,0,0.0,0,"woven blanket,boho throw,tribal blanket,fringe throw,cozy home,rustic decor,bohemian rug,aztec blanket,earth tone throw,living room,gift for her,housewarming,camping blanket",woven blanket,boho throw,tribal blanket,fringe throw,cozy home,rustic decor,bohemian rug,aztec blanket,earth tone throw,living room,gift for her,housewarming,camping blanket
"Cozy Golden Retriever Woven Blanket – Soft Dog Lover Throw for Bed, Couch, or Gift",https://www.etsy.com/listing/1873942603/cozy-golden-retriever-woven-blanket-soft,TheJavaQueen,https://www.etsy.com/shop/TheJavaQueen,52.76,0,0,0,0,0,16 Mo.,0,0,22,Home & Living,82,0,0.0,1083,"woven throw blanket,dog lover gift,cozy home decor,animal lover decor,pet themed gift,living room decor,gift for dog owners,housewarming gift,throw blanket couch,woven tapestry,golden retriever,pet mom gift,rustic dog decor",woven throw blanket,dog lover gift,cozy home decor,animal lover decor,pet themed gift,living room decor,gift for dog owners,housewarming gift,throw blanket couch,woven tapestry,golden retriever,pet mom gift,rustic dog decor
"Velveteen Plush Blanket, Mountain Vibes Cozy Throw, Western Theme Decor, Soft Fleece Bedding, Rustic Cabin Living Room Blanket, Gift for",https://www.etsy.com/listing/1845375347/velveteen-plush-blanket-mountain-vibes,SpaceboyStudioDesign,https://www.etsy.com/shop/SpaceboyStudioDesign,26.75,0,0,0,0,0,5 Mo.,0,0,0,Home & Living,9,0,0.0,64,"mountain blanket,western decor,cozy gift,rustic home,nature lover,cabin decor,warm throw,living room,gift for him,gift for her,housewarming gift,outdoor adventure,travel inspired",mountain blanket,western decor,cozy gift,rustic home,nature lover,cabin decor,warm throw,living room,gift for him,gift for her,housewarming gift,outdoor adventure,travel inspired
"Personalized Floral Woven Blanket for Cozy Living Space, Custom Family Gift, Home Decor, Blanket for Housewarming, Birthday",https://www.etsy.com/listing/1857055794/personalized-floral-woven-blanket-for,TheInspiredEditCo,https://www.etsy.com/shop/TheInspiredEditCo,79.99,0,0,0,0,0,3 Mo.,0,0,2,Home & Living,7,0,0.0,3,"floral home decor,personalized blanket,family woven throw,rustic living room,boho style blanket,gifts for her,wedding gift idea,unique home gift,sunflower blanket,family name throw,handwoven blanket,cozy fall decor,country style throw",floral home decor,personalized blanket,family woven throw,rustic living room,boho style blanket,gifts for her,wedding gift idea,unique home gift,sunflower blanket,family name throw,handwoven blanket,cozy fall decor,country style throw
"Boho Floral Woven Blanket | Cozy Home Decor for Relaxation, Great for Gifts, Picnics, & Living Room Styling",https://www.etsy.com/listing/1874986190/boho-floral-woven-blanket-cozy-home,TheCNRCollection,https://www.etsy.com/shop/TheCNRCollection,53.40,0,0,0,0,0,8 Mo.,0,0,2,Home & Living,16,0,0.0,38,"cozy home decor,floral woven throw,gifts for her,living room decor,kitchen table cover,soft throw blanket,warm fabric comfort,handmade home goods,rustic boho style,seasonal home accent,birthday gift idea,housewarming present,picnic throw blanket",cozy home decor,floral woven throw,gifts for her,living room decor,kitchen table cover,soft throw blanket,warm fabric comfort,handmade home goods,rustic boho style,seasonal home accent,birthday gift idea,housewarming present,picnic throw blanket
"Photo Printed on a Woven Blanket: &quot;Freight Train&quot; at Levee Park in Winona, MN",https://www.etsy.com/listing/4480748841/photo-printed-on-a-woven-blanket-freight,TheGrayCatStudio,https://www.etsy.com/shop/TheGrayCatStudio,65.00,0,0,0,0,0,2 Mo.,1,0,7,Home & Living,65,0,0.0,60,"train blanket,railroad decor,cozy throw,rustic throw,travel gift,living room throw,gift for him,winter blanket,trainyard,winona minnesota,snowy winter trains,local travel gifts,souvenirs from mn",train blanket,railroad decor,cozy throw,rustic throw,travel gift,living room throw,gift for him,winter blanket,trainyard,winona minnesota,snowy winter trains,local travel gifts,souvenirs from mn
Toile de Joyu Sherpa Fleece Blanket | Blue & Cream Beige Vintage Village Church,https://www.etsy.com/listing/4441163027/toile-de-joyu-sherpa-fleece-blanket-blue,SakuraGiftWraps,https://www.etsy.com/shop/SakuraGiftWraps,85.89,0,0,0,0,0,4 Mo.,0,0,0,Home & Living,31,0,0.0,483,"toile fleece blanket,church motif blanket,blue beige sherpa,cozy farmhouse throw,throw blanket cozy,shabby chic blanket,pastoral scene throw,soft sherpa throw,rustic home blanket,vintage style throw,neutral living room,gift for her blanket,housewarming throw",toile fleece blanket,church motif blanket,blue beige sherpa,cozy farmhouse throw,throw blanket cozy,shabby chic blanket,pastoral scene throw,soft sherpa throw,rustic home blanket,vintage style throw,neutral living room,gift for her blanket,housewarming throw
Plaid Pattern Christmas SheepSherpa Blanket | Cozy Holiday Winter Throw,https://www.etsy.com/listing/4416379951/plaid-pattern-christmas-sheepsherpa,DesignOvationsStudio,https://www.etsy.com/shop/DesignOvationsStudio,68.93,0,0,0,0,0,5 Mo.,0,0,7,Home & Living,108,0,0.0,166,"sherpa blanket,fleece throw,plaid blanket,cozy blanket,holiday blanket,christmas decor,winter throw,cabin decor,rustic blanket,soft sherpa,gift for her,gift for him,living room decor",sherpa blanket,fleece throw,plaid blanket,cozy blanket,holiday blanket,christmas decor,winter throw,cabin decor,rustic blanket,soft sherpa,gift for her,gift for him,living room decor
Plaid Tartan Throw Blanket | Woven Fringe Cozy Home Decor,https://www.etsy.com/listing/4445324205/plaid-tartan-throw-blanket-woven-fringe,celikhomestudio,https://www.etsy.com/shop/celikhomestudio,165.34,0,0,0,0,0,1 Mo.,0,0,0,Home & Living,0,0,0.0,0,"woven blanket,plaid throw,fringe blanket,cozy home,neutral throw,living room,bedroom decor,fall blanket,autumn decor,gift for her,housewarming,rustic decor,cabin blanket",woven blanket,plaid throw,fringe blanket,cozy home,neutral throw,living room,bedroom decor,fall blanket,autumn decor,gift for her,housewarming,rustic decor,cabin blanket
"BMFS House Rules Woven Blanket, Farmhouse Decor Bluegrass Inspired Throw, Cozy Music Lover Gift, Billy Strings Fan Home. Lyric Wrap",https://www.etsy.com/listing/4440233476/bmfs-house-rules-woven-blanket-farmhouse,Karmavorelotshop01,https://www.etsy.com/shop/Karmavorelotshop01,55.00,0,0,0,0,0,5 Mo.,4,0,28,Home & Living,29,0,0.0,341,"woven blanket,house rules,cozy throw,living room,family decor,rustic blanket,boho throw,gift for couple,housewarming,cottagecore decor,bedroom throw,statement throw,billy strings bmfs",woven blanket,house rules,cozy throw,living room,family decor,rustic blanket,boho throw,gift for couple,housewarming,cottagecore decor,bedroom throw,statement throw,billy strings bmfs
Owl Tapestry Blanket: Woven Cotton Throw with Fringed Edges,https://www.etsy.com/listing/1874048242/owl-tapestry-blanket-woven-cotton-throw,ArtStudio905,https://www.etsy.com/shop/ArtStudio905,89.65,0,0,0,0,0,14 Mo.,2,0,15,Home & Living,41,0,0.0,1610,"owl woven blanket,floral throw blanket,cozy home decor,nature inspired gift,rustic living room,warm soft blanket,artistic home accent,unique owl decor,gift for owl lover,handmade woven throw,nature theme gift,owl art decor,fall decor blanket",owl woven blanket,floral throw blanket,cozy home decor,nature inspired gift,rustic living room,warm soft blanket,artistic home accent,unique owl decor,gift for owl lover,handmade woven throw,nature theme gift,owl art decor,fall decor blanket
Rustic Cabin Patchwork Woven Blanket | Cottagecore Throw,https://www.etsy.com/listing/4510730859/rustic-cabin-patchwork-woven-blanket,FreyjasAlchemy,https://www.etsy.com/shop/FreyjasAlchemy,78.15,0,0,0,0,0,1 Mo.,0,0,4,Home & Living,65,0,0.0,3466,"woven blanket,cozy throw,cottage decor,vintage blanket,country home,rustic throw,living room,cabin blanket,boho blanket,housewarming,farmhouse decor,gift for her,autumn decor",woven blanket,cozy throw,cottage decor,vintage blanket,country home,rustic throw,living room,cabin blanket,boho blanket,housewarming,farmhouse decor,gift for her,autumn decor
Nordic Folklore Woven Throw Blanket with Reindeer and Arctic Fox Illustration,https://www.etsy.com/listing/4498164754/nordic-folklore-woven-throw-blanket-with,LittleTouchOfIceland,https://www.etsy.com/shop/LittleTouchOfIceland,49.25,0,0,0,0,0,1 Mo.,0,0,4,Home & Living,49,0,0.0,686,"woven blanket,cozy throw,vintage tapestry,cottagecore decor,boho blanket,rustic home,living room rug,throw for couch,viking home decor,artic fox gift,vegvisir wayfinder,scandinavian throw,housewarming present",woven blanket,cozy throw,vintage tapestry,cottagecore decor,boho blanket,rustic home,living room rug,throw for couch,viking home decor,artic fox gift,vegvisir wayfinder,scandinavian throw,housewarming present
"Rustic Bear Sherpa Blanket | Forest Scene Cozy Throw, Cabin Home Decor",https://www.etsy.com/listing/4441311109/throw-blanket-majestic-bear-sherpa,CreekHavenOutfitters,https://www.etsy.com/shop/CreekHavenOutfitters,38.75,0,0,0,0,0,4 Mo.,4,0,62,Home & Living,7,0,0.0,8,"throw blanket,cozy blanket,couch throw,sofa blanket,bed throw,living room decor,home decor,soft blanket,warm blanket,decorative blanket,farmhouse blanket,rustic decor,gift for her",throw blanket,cozy blanket,couch throw,sofa blanket,bed throw,living room decor,home decor,soft blanket,warm blanket,decorative blanket,farmhouse blanket,rustic decor,gift for her
"Plush Blanket, Wildlife Mule Deer Buck Photo, Soft Throw Blanket, Cozy Bed Cover, Nature Lover Gift, Fleece Bedspread",https://www.etsy.com/listing/1886898502/plush-blanket-wildlife-mule-deer-buck,TristansWildlife,https://www.etsy.com/shop/TristansWildlife,27.50,0,0,0,0,0,3 Mo.,0,0,2,Home & Living,32,0,0.0,19,"wildlife blanket,velveteen plush,deer photo,nature home decor,outdoor enthusiasts,cozy throw blanket,cabin decor,rustic living room,gift for hunters,animal photography,warm winter blanket,nature lovers gift,camping essentials",wildlife blanket,velveteen plush,deer photo,nature home decor,outdoor enthusiasts,cozy throw blanket,cabin decor,rustic living room,gift for hunters,animal photography,warm winter blanket,nature lovers gift,camping essentials
Wild West Sherpa Blanket: Southwestern Rustic Home Decor,https://www.etsy.com/listing/4391460251/wild-west-sherpa-blanket-southwestern,pricklyyyCactus,https://www.etsy.com/shop/pricklyyyCactus,15.00,0,0,0,0,0,3 Mo.,0,0,7,Home & Living,3,0,0.0,0,"sherpa blanket,cozy home decor,wild west vibes,rustic throw blanket,western themed,warm winter gift,soft cozy blanket,outdoor blanket,neutral color scheme,living room decor,camping essentials,gift for cowpoke,textured throw",sherpa blanket,cozy home decor,wild west vibes,rustic throw blanket,western themed,warm winter gift,soft cozy blanket,outdoor blanket,neutral color scheme,living room decor,camping essentials,gift for cowpoke,textured throw
"Boho Crochet Throw Blanket, Handmade Fringe Blanket, Bohemian Sofa Throw, Rustic Farmhouse Blanket, Cozy Crochet Afghan, Boho Home Decor",https://www.etsy.com/listing/4468008015/boho-crochet-throw-blanket-handmade,IBIZAmoda,https://www.etsy.com/shop/IBIZAmoda,67.58,0,0,0,0,0,1 Mo.,1,0,24,Home & Living,31,0,0.0,8,"boho blanket,crochet blanket,boho throw,fringe blanket,crochet throw,boho home decor,farmhouse blanket,rustic throw,bohemian decor,sofa throw,cozy blanket,gift for her,boho living room",boho blanket,crochet blanket,boho throw,fringe blanket,crochet throw,boho home decor,farmhouse blanket,rustic throw,bohemian decor,sofa throw,cozy blanket,gift for her,boho living room
"Serene Outdoor Landscape Woven Blanket, Cozy Throw, Home Decor, Outdoor Vibes, Gift for Nature Lovers, Boho Style Blanket",https://www.etsy.com/listing/4301242306/serene-outdoor-landscape-woven-blanket,WildflowerCo11,https://www.etsy.com/shop/WildflowerCo11,36.00,0,0,0,0,0,3 Mo.,0,0,0,Home & Living,3,0,0.0,16,"woven blanket,cozy home decor,rustic decor items,stylish living room,unique gift ideas,bohemian home style,perfect for camping,warm and soft throws,etsy,wildflowerco",woven blanket,cozy home decor,rustic decor items,stylish living room,unique gift ideas,bohemian home style,perfect for camping,warm and soft throws,etsy,wildflowerco,--,--,--
"Velveteen Plush Blanket, Cozy Autumn Cottagecore Vibes Throw, Fall Home Decor, Warm Blanket for Hygge Nights, Gift for Nature Lovers",https://www.etsy.com/listing/4379762419/velveteen-plush-blanket-cozy-autumn,LeikDesignIT,https://www.etsy.com/shop/LeikDesignIT,49.21,0,0,0,0,0,1 Mo.,0,0,0,Home & Living,1,0,0.0,0,"velveteen plush,cottagecore blanket,cozy home decor,autumn snuggle,soft throw blanket,warm lap quilt,rustic living room,seasonal bedding,cabin chic textile,hygge bedroom accent,comfy sofa accessory,gift for homebody,chilly evening wrap",velveteen plush,cottagecore blanket,cozy home decor,autumn snuggle,soft throw blanket,warm lap quilt,rustic living room,seasonal bedding,cabin chic textile,hygge bedroom accent,comfy sofa accessory,gift for homebody,chilly evening wrap
Cowhide Canyon Skull Throw Fleece Throw Blanket (Two size Options),https://www.etsy.com/listing/4391131756/cowhide-canyon-skull-throw-fleece-throw,GrassyCreekCharmVA,https://www.etsy.com/shop/GrassyCreekCharmVA,24.99,0,0,0,0,0,1 Mo.,0,0,1,Home & Living,1,0,0.0,11,"arctic design,cabin throw blanket,cowhide print,cozy blanket,fleece throw,gift for him,living room accent,rustic decor,skull blanket,southwest vibe,unique gift idea,western style,winter home decor",arctic design,cabin throw blanket,cowhide print,cozy blanket,fleece throw,gift for him,living room accent,rustic decor,skull blanket,southwest vibe,unique gift idea,western style,winter home decor
"Cozy Mama Bear Velveteen Plush Blanket, Ideal for Baby Showers, Mother&#39;s Day, Home Decor, Nursery Gifts, Soft Throw",https://www.etsy.com/listing/1887905797/cozy-mama-bear-velveteen-plush-blanket,Tayyslayz,https://www.etsy.com/shop/Tayyslayz,44.33,0,0,0,0,0,8 Mo.,0,0,0,Home & Living,58,0,0.0,6,"cozy plush blanket,warm fuzzy throw,mama bear gift,holiday blanket gift,plaid pattern throw,lumberjack decor,family blanket gift,gift for mom,winter cozy blanket,soft home accessory,rustic living room,christmas gift idea,snuggle up blanket",cozy plush blanket,warm fuzzy throw,mama bear gift,holiday blanket gift,plaid pattern throw,lumberjack decor,family blanket gift,gift for mom,winter cozy blanket,soft home accessory,rustic living room,christmas gift idea,snuggle up blanket
"Cozy Faux Fawn Fur Blanket | Soft Throw for Home Decor, Perfect Gift for Any Occasion",https://www.etsy.com/listing/4318710724/cozy-faux-fawn-fur-blanket-soft-throw,AryelleCo,https://www.etsy.com/shop/AryelleCo,23.62,0,0,0,0,0,7 Mo.,16,0,450,Home & Living,14,25,0.0,240,"cozy soft blanket,warm throw blanket,home decor blanket,lounge blanket,animal print blanket,gift for her,chic living room,bedtime comfort,snuggle up blanket,boho style decor,nursery soft blanket,cuddle blanket gift,rustic decor item",cozy soft blanket,warm throw blanket,home decor blanket,lounge blanket,animal print blanket,gift for her,chic living room,bedtime comfort,snuggle up blanket,boho style decor,nursery soft blanket,cuddle blanket gift,rustic decor item
Highland Cow Woven Blanket | Rustic Cow Tapestry Throw,https://www.etsy.com/listing/4450054825/highland-cow-woven-blanket-rustic-cow,GlimmersandGleams,https://www.etsy.com/shop/GlimmersandGleams,56.99,0,0,0,0,0,1 Mo.,0,0,0,Home & Living,7,0,0.0,97,"woven blanket,cowichan blanket,boho throw,rustic decor,cozy home,animal throw,western decor,farmhouse throw,bohemian vibe,gift for her,housewarming gift,cottagecore,living room",woven blanket,cowichan blanket,boho throw,rustic decor,cozy home,animal throw,western decor,farmhouse throw,bohemian vibe,gift for her,housewarming gift,cottagecore,living room
"Cozy Woven Blanket with Bass Fish Design, Perfect for Fishing Lovers, Home Decor, Gift for Him, Outdoor Relaxation, Warm Throw",https://www.etsy.com/listing/4315934900/cozy-woven-blanket-with-bass-fish-design,AnewLovingConcept,https://www.etsy.com/shop/AnewLovingConcept,155.59,0,0,0,0,0,11 Mo.,0,0,4,Home & Living,38,0,0.0,41,"fishing decor,home cozy,outdoor vibes,unique gift,comfortable throw,nature themed,handwoven blanket,living room style,bohemian decor,cabin comfort,fishing enthusiast,gift for fisherman,rustic home",fishing decor,home cozy,outdoor vibes,unique gift,comfortable throw,nature themed,handwoven blanket,living room style,bohemian decor,cabin comfort,fishing enthusiast,gift for fisherman,rustic home
"Cozy Fox-Themed Woven Blanket | Fox Designs, Perfect for Home Decor, Gifts, Camping, Cozy Nights, Animal Lover&#39;s Gift",https://www.etsy.com/listing/4315952292/cozy-fox-themed-woven-blanket-fox,AnewLovingConcept,https://www.etsy.com/shop/AnewLovingConcept,158.59,0,0,0,0,0,11 Mo.,0,0,6,Home & Living,38,0,0.0,41,"woven blanket,cozy home decor,rustic living room,warmth gift,animal art blanket,nature inspired,home accessories,cuddle up time,fox blanket design,cat lover gift,vintage style art,gift for pet lovers,knit throw blanket",woven blanket,cozy home decor,rustic living room,warmth gift,animal art blanket,nature inspired,home accessories,cuddle up time,fox blanket design,cat lover gift,vintage style art,gift for pet lovers,knit throw blanket
Moyo Blanket – African Heart Totem Throw | Shona Heritage Gift | Afrocentric Blanket | Zimbabwean Cultural Decor,https://www.etsy.com/listing/4475261249/moyo-blanket-african-heart-totem-throw-o,AncientAficanLiving,https://www.etsy.com/shop/AncientAficanLiving,53.88,0,0,0,0,0,2 Mo.,0,0,6,Home & Living,2,0,0.0,0,"fleece blanket,animal blanket,boho blanket,bull decor,tribal blanket,cozy throw,bohemian decor,rustic home,gift for him,nature lover,winter blanket,living room,unique gift",fleece blanket,animal blanket,boho blanket,bull decor,tribal blanket,cozy throw,bohemian decor,rustic home,gift for him,nature lover,winter blanket,living room,unique gift
"Vintage Medallion Woven Blanket | Bohemian Throw, Tapestry Style",https://www.etsy.com/listing/4417368786/vintage-medallion-woven-blanket-bohemian,KinoLounge,https://www.etsy.com/shop/KinoLounge,28.43,0,0,0,0,0,4 Mo.,0,0,2,Home & Living,4,0,0.0,0,"woven blanket,boho throw,medallion throw,vintage blanket,rustic decor,cozy throw,bohemian decor,earth tone throw,gift for her,living room rug,textured throw,holiday gift,autumn decor",woven blanket,boho throw,medallion throw,vintage blanket,rustic decor,cozy throw,bohemian decor,earth tone throw,gift for her,living room rug,textured throw,holiday gift,autumn decor
"Whimsical Stained Glass Moose Woven Throw Blanket, Forest Woodland Wall Tapestry, Nature Gift for Hunter, Maximalist Rustic Cabin Aesthetic",https://www.etsy.com/listing/1892155376/whimsical-stained-glass-moose-woven,Knotjustblankets28,https://www.etsy.com/shop/Knotjustblankets28,91.24,0,0,0,1,0,13 Mo.,2,0,31,Home & Living,24,0,3.23,341,"hanging wall art,couch sofa cover,mom birthday gift,dark moody tapestry,living room accent,jacquard woven throw,woodland blanket,forest animal print,vintage deer art,rustic cabin decor,stained glass moose,gift for hunter",hanging wall art,couch sofa cover,mom birthday gift,dark moody tapestry,living room accent,jacquard woven throw,woodland blanket,forest animal print,vintage deer art,rustic cabin decor,stained glass moose,gift for hunter,--
"Southwestern Diamond Pattern Velveteen Plush Blanket | Rust, Black, Tan Geometric Throw",https://www.etsy.com/listing/4421794012/southwestern-diamond-pattern-velveteen,TOMMYBELICI,https://www.etsy.com/shop/TOMMYBELICI,64.60,0,0,0,0,0,5 Mo.,0,0,2,Home & Living,35,0,0.0,1,"plush blanket,velveteen throw,cozy throw,boho blanket,rustic decor,southwestern rug,warm throw,gift for her,housewarming gift,living room decor,bedroom throw,autumn blanket,holiday gift",plush blanket,velveteen throw,cozy throw,boho blanket,rustic decor,southwestern rug,warm throw,gift for her,housewarming gift,living room decor,bedroom throw,autumn blanket,holiday gift
Brown & Beige Check Woven Blanket | Neutral Plaid Throw with Fringe | Cozy Cotton Sofa Blanket,https://www.etsy.com/listing/4448278846/brown-beige-check-woven-blanket-neutral,SW19Studio,https://www.etsy.com/shop/SW19Studio,99.94,0,0,0,0,0,4 Mo.,2,0,10,Home & Living,4,0,0.0,0,"woven blanket,cozy throw,plaid blanket,neutral blanket,checkered throw,living room decor,cabin blanket,rustic throw,earth tone decor,home blanket,gift for her,housewarming gift,check blanket",woven blanket,cozy throw,plaid blanket,neutral blanket,checkered throw,living room decor,cabin blanket,rustic throw,earth tone decor,home blanket,gift for her,housewarming gift,check blanket
"Staircase Woven Cotton Throw - 100% Cotton Tapestry Throw, Cozy Boho Sofa & Wall Decor",https://www.etsy.com/listing/4416803254/staircase-woven-cotton-throw-100-cotton,WovelyArt,https://www.etsy.com/shop/WovelyArt,58.01,0,0,0,0,0,5 Mo.,0,0,1,Home & Living,6,0,0.0,12,"woven blanket,cotton throw,tapestry blanket,boho tapestry,sofa throw,wall tapestry,cozy home decor,living room throw,cottagecore style,housewarming gift,gift for mom,natural cotton,rustic decor",woven blanket,cotton throw,tapestry blanket,boho tapestry,sofa throw,wall tapestry,cozy home decor,living room throw,cottagecore style,housewarming gift,gift for mom,natural cotton,rustic decor
Wari Textile on Sherpa Throw Blanket | Pre-Columbian Andean Tunic 700 AD,https://www.etsy.com/listing/4490548031/wari-textile-on-sherpa-throw-blanket-pre,WesternHeritageArc,https://www.etsy.com/shop/WesternHeritageArc,46.99,0,0,0,0,0,1 Mo.,0,0,0,Home & Living,28,0,0.0,100,"sherpa blanket,fleece blanket,cozy throw,boho blanket,rustic decor,warm blanket,living room throw,gift for her,autumn decor,housewarming gift,plaid style,bedroom blanket,holiday gift",sherpa blanket,fleece blanket,cozy throw,boho blanket,rustic decor,warm blanket,living room throw,gift for her,autumn decor,housewarming gift,plaid style,bedroom blanket,holiday gift
Gingerbread Cookie Woven Blanket For Cozy Christmas Home Decor Festive Holiday Throw For Bedroom Living Room And Gift Rustic Winter Blanket,https://www.etsy.com/listing/4407556188/gingerbread-cookie-woven-blanket-for,TheCozyyCabinett,https://www.etsy.com/shop/TheCozyyCabinett,117.54,0,0,0,0,0,6 Mo.,0,0,3,Home & Living,23,0,0.0,375,"ginger bread,gingerbread blanket,christmas blanket,christmas gift,gingerbread man,gingerbread man gift,woven throw blanket,winter blanket,winter xmas blanket,gift for friend,gift for sister,gift for mom,woven fringe blanket",ginger bread,gingerbread blanket,christmas blanket,christmas gift,gingerbread man,gingerbread man gift,woven throw blanket,winter blanket,winter xmas blanket,gift for friend,gift for sister,gift for mom,woven fringe blanket
Geometric Stripe Cotton Woven Throw Blanket | Retro Pixel Art,https://www.etsy.com/listing/4424530210/geometric-stripe-cotton-woven-throw,ALLYAhYah,https://www.etsy.com/shop/ALLYAhYah,63.71,0,0,0,0,0,5 Mo.,0,0,4,Home & Living,6,0,0.0,4,"woven blanket,cozy throw,boho blanket,rustic decor,living room,textured throw,earth tone,gift for her,home accessory,cabin decor,ombre stripes,soft throw,neutral blanket",woven blanket,cozy throw,boho blanket,rustic decor,living room,textured throw,earth tone,gift for her,home accessory,cabin decor,ombre stripes,soft throw,neutral blanket
"Patchwork Inspired Woven Fringe Blanket | Boho Throw, Geometric Textile",https://www.etsy.com/listing/4452608315/patchwork-inspired-woven-fringe-blanket,ShellyouAnything,https://www.etsy.com/shop/ShellyouAnything,108.99,0,0,0,0,0,3 Mo.,1,0,33,Home & Living,22,0,0.0,9,"woven blanket,patchwork blanket,fringe throw,boho woven,cozy home decor,textured throw,bohemian blanket,living room throw,couch blanket,bedroom throw,gift for her,housewarming gift,rustic blanket",woven blanket,patchwork blanket,fringe throw,boho woven,cozy home decor,textured throw,bohemian blanket,living room throw,couch blanket,bedroom throw,gift for her,housewarming gift,rustic blanket
"Polar Bear Wilderness Woven Blanket | Scenic Forest Tapestry Throw, %100 Cotton",https://www.etsy.com/listing/4467818929/polar-bear-wilderness-woven-blanket,LoomoraLiving,https://www.etsy.com/shop/LoomoraLiving,109.99,0,0,0,0,0,2 Mo.,0,0,1,Home & Living,4,0,0.0,21,"woven blanket,polar bear decor,cozy cabin,woodland throw,nature blanket,forest decor,animal blanket,camping gift,winter blanket,rustic throw,cottagecore decor,living room throw,gift for hikers",woven blanket,polar bear decor,cozy cabin,woodland throw,nature blanket,forest decor,animal blanket,camping gift,winter blanket,rustic throw,cottagecore decor,living room throw,gift for hikers
"Patchwork Floral Patch Blanket | Woven Blanket, Green Plaid Country Cottage",https://www.etsy.com/listing/4473603853/patchwork-floral-patch-blanket-woven,LoomoraLiving,https://www.etsy.com/shop/LoomoraLiving,109.99,0,0,0,0,0,2 Mo.,1,0,23,Home & Living,4,0,0.0,21,"woven blanket,cozy throw,patchwork decor,green home,rustic blanket,living room throw,country cottage,farmhouse decor,gift for mom,cabin blanket,plaid woven,boho throw,bedroom throw",woven blanket,cozy throw,patchwork decor,green home,rustic blanket,living room throw,country cottage,farmhouse decor,gift for mom,cabin blanket,plaid woven,boho throw,bedroom throw
Vintage Mountain Sun Scenic Blanket | Rustic Abstract Cozy Throw,https://www.etsy.com/listing/4482036527/vintage-mountain-sun-scenic-blanket,WildwaresCanada,https://www.etsy.com/shop/WildwaresCanada,39.97,0,0,0,0,0,1 Mo.,0,0,0,Home & Living,28,0,0.0,1,"vintage blanket,rustic blanket,cozy throw,abstract blanket,cabin decor,camping blanket,boho throw,outdoor blanket,gift for hikers,housewarming gift,autumn blanket,living room throw,bedroom decor",vintage blanket,rustic blanket,cozy throw,abstract blanket,cabin decor,camping blanket,boho throw,outdoor blanket,gift for hikers,housewarming gift,autumn blanket,living room throw,bedroom decor
Blue Mosaic Tile Woven Blanket | Geometric Pattern Throw,https://www.etsy.com/listing/4501205347/blue-mosaic-tile-woven-blanket-geometric,PersephonesMind,https://www.etsy.com/shop/PersephonesMind,55.17,0,0,0,0,0,1 Mo.,0,0,1,Home & Living,19,0,0.0,402,"woven blanket,cozy throw,boho blanket,textured throw,living room,rustic decor,gift for her,housewarming gift,snug blanket,bedroom throw,bohemian home,winter blanket,anniversary gift",woven blanket,cozy throw,boho blanket,textured throw,living room,rustic decor,gift for her,housewarming gift,snug blanket,bedroom throw,bohemian home,winter blanket,anniversary gift
"Myth in Cubes Plush Blanket | Abstract Animal Throw, Snuggle Throw, Cozy Blanket, Winter Essential, Christmas Gift Idea, Bedroom Essential",https://www.etsy.com/listing/4438968951/myth-in-cubes-plush-blanket-abstract,IZYMRKT,https://www.etsy.com/shop/IZYMRKT,19.99,0,0,0,0,0,4 Mo.,0,0,0,Home & Living,8,0,0.0,265,"plush blanket,velveteen throw,abstract bull,southwest decor,boho blanket,cozy home,animal art,rustic throw,modern farmhouse,living room,gift for him,housewarming gift,winter throw",plush blanket,velveteen throw,abstract bull,southwest decor,boho blanket,cozy home,animal art,rustic throw,modern farmhouse,living room,gift for him,housewarming gift,winter throw
"Vintage Elven City Woven Blanket, Moonlit Fellowship Sanctuary Tapestry, Mythic Realm Forest Throw, Willow Tree Bookish Gift, Fantasy Art",https://www.etsy.com/listing/4501735403/vintage-elven-city-woven-blanket-moonlit,MaisonValeCo,https://www.etsy.com/shop/MaisonValeCo,130.00,0,0,0,0,0,1 Mo.,3,0,22,Home & Living,3,0,0.0,6,"woven blanket,cozy throw,boho decor,cottagecore,vintage blanket,nature tapestry,rustic home,living room,bedroom throw,waterfall art,forest blanket,earth tone decor,gift for her",woven blanket,cozy throw,boho decor,cottagecore,vintage blanket,nature tapestry,rustic home,living room,bedroom throw,waterfall art,forest blanket,earth tone decor,gift for her
"Western Bear Fleece Sherpa Blanket - Cozy Southwestern Pattern Throw Blanket, Gift for New Homeowner, Cabin, Winter Night, Bedroom Accent",https://www.etsy.com/listing/4393279500/western-bear-fleece-sherpa-blanket-cozy,HomeDecorTraditions,https://www.etsy.com/shop/HomeDecorTraditions,50.00,0,0,0,0,0,7 Mo.,0,0,3,Home & Living,40,0,0.0,1576,"bear blanket,sherpa fleece,southwestern pattern,gift for homeowner,cabin decor,western style,warm blanket,living room decor,mountain home,holiday gift,rustic winter gift,sage green accent,terracotta throw",bear blanket,sherpa fleece,southwestern pattern,gift for homeowner,cabin decor,western style,warm blanket,living room decor,mountain home,holiday gift,rustic winter gift,sage green accent,terracotta throw
"Woodland Owl Fleece Blanket - Nature Blanket, Cottage Core Home Decor, Cozy Sofa Throw, Owl Lover Gift, Winter Blanket",https://www.etsy.com/listing/4425383160/woodland-owl-fleece-blanket-nature,GSFabricArts,https://www.etsy.com/shop/GSFabricArts,35.28,0,0,0,0,0,5 Mo.,1,0,12,Home & Living,63,0,0.0,8249,"nature blanket,sherpa throw,cottage core,woodland owl,home decor,cozy blanket,winter gift,animal lover,rustic decor,living room,gift for her,birthday present,christmas gift",nature blanket,sherpa throw,cottage core,woodland owl,home decor,cozy blanket,winter gift,animal lover,rustic decor,living room,gift for her,birthday present,christmas gift
Tuscan Villa Pathway Woven Blanket | Scenic Village Landscape Throw,https://www.etsy.com/listing/4508758820/tuscan-villa-pathway-woven-blanket,ArdenTapestries,https://www.etsy.com/shop/ArdenTapestries,98.99,0,0,0,0,0,1 Mo.,0,0,1,Home & Living,0,0,0.0,0,"woven blanket,tapestry throw,cottage decor,garden blanket,country home,cozy throw,rustic throw,living room,bed throw,gift for her,housewarming,spring decor,picnic blanket",woven blanket,tapestry throw,cottage decor,garden blanket,country home,cozy throw,rustic throw,living room,bed throw,gift for her,housewarming,spring decor,picnic blanket
Personalized Grandma Blanket Custom Woven Throw Custom Nana Blanket Gift for Grandma Mothers Day Gift from Grandkids Custom Family Blanket,https://www.etsy.com/listing/4507724393/personalized-grandma-blanket-custom,MaisonandMera,https://www.etsy.com/shop/MaisonandMera,71.29,0,0,0,0,0,1 Mo.,0,0,3,Home & Living,7,0,0.0,132,"woven blanket,cozy throw,cottagecore decor,living room throw,bedroom blanket,rustic home,fall blanket,gift for grandma,grandkids gift for,woven custom nan,custom nana blanket,sentimental family,nonna blanket",woven blanket,cozy throw,cottagecore decor,living room throw,bedroom blanket,rustic home,fall blanket,gift for grandma,grandkids gift for,woven custom nan,custom nana blanket,sentimental family,nonna blanket
"Vintage Victorian Floral Sherpa Fleece Blanket, William Morris Inspired, Blue Green, Antique, Botanical - Home Decor Throw, Cozy Winter",https://www.etsy.com/listing/4358256703/vintage-victorian-floral-sherpa-fleece,InfiniteHomeCo,https://www.etsy.com/shop/InfiniteHomeCo,55.29,0,0,0,0,0,10 Mo.,7,0,126,Home & Living,29,0,0.0,7870,"sherpa fleece,vintage floral,victorian inspired,blue green blanket,antique botanical,cozy home decor,gift for her,william morris style,warm winter blanket,unique throw blanket,luxury bedding,cottagecore vibes,rustic living room",sherpa fleece,vintage floral,victorian inspired,blue green blanket,antique botanical,cozy home decor,gift for her,william morris style,warm winter blanket,unique throw blanket,luxury bedding,cottagecore vibes,rustic living room
"Galloping Horse landscape Woven Blanket | Western horse scene, mountain meadow",https://www.etsy.com/listing/4480281542/galloping-horse-landscape-woven-blanket,Theatlanticship,https://www.etsy.com/shop/Theatlanticship,65.99,0,0,0,0,0,3 Mo.,0,0,8,Home & Living,5,0,0.0,0,"woven blanket,horse blanket,western decor,equestrian gift,barn decor,rustic throw,cowboy blanket,gift for her,gift for him,country home,living room,throw blanket,farmhouse art",woven blanket,horse blanket,western decor,equestrian gift,barn decor,rustic throw,cowboy blanket,gift for her,gift for him,country home,living room,throw blanket,farmhouse art
Woven Blanket Magic Book Throw Blanket Book Lover Decor Whimsigoth Style Dark Academia Cotton Blanket Witchy Gift For Reader Librarian Home,https://www.etsy.com/listing/1860151328/woven-blanket-magic-book-throw-blanket,HansAndersArtIg,https://www.etsy.com/shop/HansAndersArtIg,107.80,0,0,0,0,0,16 Mo.,20,0,260,Home & Living,34,0,0.0,5424,"cotton yarn woven blanket,whimsigoth throw blanket,dark cottagecore dark academia,granola girl home style,witchy gift witchy decor,individual made woven blanket,goblincore living room decor,gift for reader book lover,magic book throw blanket,rustic librarian home decor,gothic bookworm blanket,enchanted book lover throw,woven cotton literary blanket",cotton yarn woven blanket,whimsigoth throw blanket,dark cottagecore dark academia,granola girl home style,witchy gift witchy decor,individual made woven blanket,goblincore living room decor,gift for reader book lover,magic book throw blanket,rustic librarian home decor,gothic bookworm blanket,enchanted book lover throw,woven cotton literary blanket
Songbirds Tapestry with Medieval Botanicals; William Morris Flower Pattern Woven Blanket,https://www.etsy.com/listing/4415900483/songbirds-tapestry-with-medieval,RejuvenatePrints,https://www.etsy.com/shop/RejuvenatePrints,80.00,0,0,0,0,0,6 Mo.,2,0,2,Home & Living,22,0,0.0,899,"woven blanket,folk art blanket,songbird blanket,rustic home decor,cottagecore decor,cozy living room,gift for bird lover,william morris,medieval botanical,flower pattern throw,birds wall tapestry,ornamental blanket,animal woven blanket",woven blanket,folk art blanket,songbird blanket,rustic home decor,cottagecore decor,cozy living room,gift for bird lover,william morris,medieval botanical,flower pattern throw,birds wall tapestry,ornamental blanket,animal woven blanket
"Desert Cactus Woven Blanket, Landscape Southwestern Scenic Throw, Wall Art Display, Housewarming gift Decor",https://www.etsy.com/listing/4408576259/desert-cactus-woven-blanket-landscape,KlutchMerch,https://www.etsy.com/shop/KlutchMerch,74.25,0,0,0,5,1,7 Mo.,23,0,397,Home & Living,37,25,1.26,957,"desert blanket,woven blanket,southwest decor,cactus throw,boho blanket,western blanket,sunset throw,cozy home,rustic blanket,living room throw,earth tone decor,camping blanket,gift for her",desert blanket,woven blanket,southwest decor,cactus throw,boho blanket,western blanket,sunset throw,cozy home,rustic blanket,living room throw,earth tone decor,camping blanket,gift for her
"Western Duel Woven Blanket 100% Cotton, Cowboy Sunset Decor Throw, Wild West Rustic Home Tapestry Blanket, Desert Landscape Art Gift, Decor.",https://www.etsy.com/listing/4445842625/western-duel-woven-blanket-100-cotton,BlanketByKA,https://www.etsy.com/shop/BlanketByKA,129.58,0,0,0,0,0,5 Mo.,1,0,11,Home & Living,19,0,0.0,2544,"western duel blanket,cowboy sunset throw,wild west blanket,rustic home decor,tapestry blanket,desert art throw,southwestern decor,cowboy gift for him,western decor art,unique woven throw,fringe throw blanket,western living room,movie prop blanket",western duel blanket,cowboy sunset throw,wild west blanket,rustic home decor,tapestry blanket,desert art throw,southwestern decor,cowboy gift for him,western decor art,unique woven throw,fringe throw blanket,western living room,movie prop blanket
Woven Cotton Blanket with Colorful Fringe - Warm Autumn Home Decor,https://www.etsy.com/listing/4352138478/woven-cotton-blanket-with-colorful,HavenxHoney,https://www.etsy.com/shop/HavenxHoney,90.99,0,0,0,0,0,1 Mo.,0,0,2,Home & Living,45,0,0.0,7,"woven blanket,cozy home decor,fall decor,autumn blanket,nature inspired,rustic throw,gift for her,mushroom design,floral blanket,home accessories,warm throw blanket,living room decor,unique gift idea",woven blanket,cozy home decor,fall decor,autumn blanket,nature inspired,rustic throw,gift for her,mushroom design,floral blanket,home accessories,warm throw blanket,living room decor,unique gift idea
Boho Floral Patchwork Woven Throw | Earth Tone Blanket,https://www.etsy.com/listing/4412986288/boho-floral-patchwork-woven-throw-earth,ComfymaniaShop,https://www.etsy.com/shop/ComfymaniaShop,52.76,0,0,0,0,0,2 Mo.,3,0,43,Home & Living,2,0,0.0,0,"woven blanket,boho throw,rustic decor,earthy blanket,modern throw,neutral blanket,cozy home,living room,bohemian rug,textured throw,gift for her,housewarming gift,autumn decor",woven blanket,boho throw,rustic decor,earthy blanket,modern throw,neutral blanket,cozy home,living room,bohemian rug,textured throw,gift for her,housewarming gift,autumn decor
"Sherpa Blanket, Western Pattern Throw, Cozy Home Decor, Southwest Style Bedding, Cabin Blanket, Gift for Her",https://www.etsy.com/listing/4299782234/sherpa-blanket-western-pattern-throw,TheCNRCollection,https://www.etsy.com/shop/TheCNRCollection,59.33,0,0,0,0,0,6 Mo.,0,0,1,Home & Living,16,0,0.0,38,"western pattern,fleece blanket,sherpa throw,cozy home decor,country style,rustic design,warm winter blanket,cabin decor,southwest print,gift for outdoorsy,cozy living room,blanket gift idea,christmas gift",western pattern,fleece blanket,sherpa throw,cozy home decor,country style,rustic design,warm winter blanket,cabin decor,southwest print,gift for outdoorsy,cozy living room,blanket gift idea,christmas gift
Monogram Warm Blanket | Woven Throw Festive Pattern,https://www.etsy.com/listing/4412727164/monogram-warm-blanket-woven-throw,BeagleAndFoxStudio,https://www.etsy.com/shop/BeagleAndFoxStudio,140.73,0,0,0,0,0,1 Mo.,0,0,0,Home & Living,40,0,0.0,12,"woven blanket,initial blanket,monogram throw,tree pattern,rustic decor,cozy throw,cabin blanket,personalized pc,living room,gift for him,housewarming,campfire vibe,winter blanket",woven blanket,initial blanket,monogram throw,tree pattern,rustic decor,cozy throw,cabin blanket,personalized pc,living room,gift for him,housewarming,campfire vibe,winter blanket
"Rustic Cowboy Woven Blanket | Perfect for Home Decor, Gift for Horse Lovers, Cozy Blanket for Camping, Western Style Throw",https://www.etsy.com/listing/1859842662/rustic-cowboy-woven-blanket-perfect-for,WesternPowerhouse,https://www.etsy.com/shop/WesternPowerhouse,51.72,0,0,0,0,0,1 Mo.,0,0,0,Home & Living,108,0,0.0,1800,"cowboy decor,western blanket,home cozy decor,equine art blanket,gift for cowboy,outdoor adventure,unique throw blanket,bohemian home style,western ranch style,cowboy gift idea,rugged decor accent,horse lover gift,rustic living room",cowboy decor,western blanket,home cozy decor,equine art blanket,gift for cowboy,outdoor adventure,unique throw blanket,bohemian home style,western ranch style,cowboy gift idea,rugged decor accent,horse lover gift,rustic living room
Oranges Blanket Farmhouse Style Decor Throw Blanket Cozy Home Accent Warm Housewarming Gift Winter Bedding Gift for everyone,https://www.etsy.com/listing/1826966503/oranges-blanket-farmhouse-style-decor,MissHazelPrintCo,https://www.etsy.com/shop/MissHazelPrintCo,25.24,0,0,0,0,0,4 Mo.,2,0,24,Home & Living,7,0,0.0,6,"farmhouse decor,oranges,cozy blanket,velveteen plush,home accessories,rustic throw,gift for her,living room decor,housewarming gift,farmhouse style,soft blanket,citrus theme,warm throw",farmhouse decor,oranges,cozy blanket,velveteen plush,home accessories,rustic throw,gift for her,living room decor,housewarming gift,farmhouse style,soft blanket,citrus theme,warm throw
"Cowhide Pattern Sherpa Fleece Blanket, Cozy Throw Blanket, Soft Winter Blanket, Farmhouse Decor, Animal Print Bedding",https://www.etsy.com/listing/1824340939/cowhide-pattern-sherpa-fleece-blanket,OutofPocketBoutique,https://www.etsy.com/shop/OutofPocketBoutique,40.00,0,0,0,0,0,5 Mo.,0,0,0,Home & Living,19,0,0.0,0,"sherpa blanket,fleece throw,cozy blanket,cowhide pattern,living room blanket,bedroom throw,gift for her,gift for him,housewarming gift,christmas gift,birthday present,farmhouse blanket,rustic throw",sherpa blanket,fleece throw,cozy blanket,cowhide pattern,living room blanket,bedroom throw,gift for her,gift for him,housewarming gift,christmas gift,birthday present,farmhouse blanket,rustic throw
"Country Girl Era Woven Blanket - Cozy Home Decor, Country Living Room Throw, Western Cowgirl Gift, Farmhouse Bedroom Accent, Rustic Sofa",https://www.etsy.com/listing/1878437927/country-girl-era-woven-blanket-cozy-home,ZanyOnline,https://www.etsy.com/shop/ZanyOnline,39.95,0,0,0,0,0,4 Mo.,0,0,0,Home & Living,57,0,0.0,6407,"country girl,woven blanket,home decor,cozy throw,farmhouse style,country living,rustic charm,gift for her,personalized blanket,bedroom decor,farm life,living room accent,taylor swift",country girl,woven blanket,home decor,cozy throw,farmhouse style,country living,rustic charm,gift for her,personalized blanket,bedroom decor,farm life,living room accent,taylor swift
Vintage Still Life Floral Woven Blanket | Tapestry Throw,https://www.etsy.com/listing/4462175335/vintage-still-life-floral-woven-blanket,OpalLuxeEmpire,https://www.etsy.com/shop/OpalLuxeEmpire,132.63,0,0,0,0,0,3 Mo.,0,0,1,Home & Living,19,0,0.0,268,"woven blanket,tapestry throw,vintage blanket,floral throw,living room,bedroom decor,rustic throw,farmhouse rug,accent blanket,gift for retiree,house warming,book lover,gift idea",woven blanket,tapestry throw,vintage blanket,floral throw,living room,bedroom decor,rustic throw,farmhouse rug,accent blanket,gift for retiree,house warming,book lover,gift idea
"Personalized Woven Blanket with Floral Monogram, Cozy Home Decor, Wedding Gift, Anniversary Gift, Rustic Keepsake, Custom Gift",https://www.etsy.com/listing/1835182806/personalized-woven-blanket-with-floral,SheffieldsDeSign,https://www.etsy.com/shop/SheffieldsDeSign,73.97,0,0,0,0,0,10 Mo.,0,0,0,Home & Living,11,0,0.0,64,"personalized blanket,gift for couple,floral throw blanket,wedding gift idea,home decor blanket,cozy living room,custom name blanket,rustic style decor,farmhouse throw,bridal shower gift,monogrammed blanket,blanket for spouse,warm throw blanket",personalized blanket,gift for couple,floral throw blanket,wedding gift idea,home decor blanket,cozy living room,custom name blanket,rustic style decor,farmhouse throw,bridal shower gift,monogrammed blanket,blanket for spouse,warm throw blanket
Bohemian Medallion Patchwork Woven Blanket | Tribal Mosaic Throw,https://www.etsy.com/listing/4435475269/bohemian-medallion-patchwork-woven,MoonLemoonstore,https://www.etsy.com/shop/MoonLemoonstore,49.52,0,0,0,0,0,1 Mo.,0,0,0,Home & Living,1,0,0.0,0,"woven blanket,boho throw,bohemian decor,medallion blanket,fringe throw,cozy home,living room,throw blanket,ethnic pattern,gift for her,boho bedroom,rustic decor,warm blanket",woven blanket,boho throw,bohemian decor,medallion blanket,fringe throw,cozy home,living room,throw blanket,ethnic pattern,gift for her,boho bedroom,rustic decor,warm blanket
"Neutral Plaid Woven Blanket | Cozy Throw, Plaid Pattern, Reversible",https://www.etsy.com/listing/4416340351/neutral-plaid-woven-blanket-cozy-throw,JRSYThreadz,https://www.etsy.com/shop/JRSYThreadz,90.00,0,0,0,0,0,1 Mo.,1,0,3,Home & Living,2,0,0.0,37,"plaid blanket,woven throw,cozy home,neutral decor,living room,cabin blanket,gift for her,fall decor,cotton throw,fringe blanket,bedroom throw,housewarming gift,rustic decor",plaid blanket,woven throw,cozy home,neutral decor,living room,cabin blanket,gift for her,fall decor,cotton throw,fringe blanket,bedroom throw,housewarming gift,rustic decor
"Vintage Blue Floral Cotton Woven Blanket | Farmhouse Throw, Cozy Rustic Couch Accent",https://www.etsy.com/listing/4499325326/vintage-blue-floral-cotton-woven-blanket,MadeAfterCoffee,https://www.etsy.com/shop/MadeAfterCoffee,37.50,0,0,0,0,0,1 Mo.,0,0,0,Home & Living,1,0,0.0,0,"woven blanket,blue floral throw,cozy rustic throw,cotton woven throw,farmhouse blanket,blue floral decor,cottagecore blanket,rustic living room,country home decor,soft cotton blanket,gifts for her,housewarming blanket,cozy home gift",woven blanket,blue floral throw,cozy rustic throw,cotton woven throw,farmhouse blanket,blue floral decor,cottagecore blanket,rustic living room,country home decor,soft cotton blanket,gifts for her,housewarming blanket,cozy home gift
"Golden Retriever Illustration Woven Cotton Blanket, Dog Lover Gift",https://www.etsy.com/listing/4441604280/golden-retriever-illustration-woven,KlutchMerch,https://www.etsy.com/shop/KlutchMerch,74.25,0,0,0,0,0,4 Mo.,2,0,33,Home & Living,36,0,0.0,878,"woven blanket,dog blanket,golden retriever,cozy throw,pet lover gift,living room decor,animal tapestry,snuggle blanket,gift for dog mom,bedroom throw,pet memorial,housewarming gift,rustic home",woven blanket,dog blanket,golden retriever,cozy throw,pet lover gift,living room decor,animal tapestry,snuggle blanket,gift for dog mom,bedroom throw,pet memorial,housewarming gift,rustic home
"French Provincial Vintage Damask Woven Blanket | Tapestry Floral Throw, Boho Home Decor",https://www.etsy.com/listing/4487790636/french-provincial-vintage-damask-woven,TheAccessoryCanvas,https://www.etsy.com/shop/TheAccessoryCanvas,41.74,0,0,0,0,0,1 Mo.,2,0,41,Home & Living,4,0,0.0,6,"woven blanket,boho throw,vintage blanket,tapestry throw,ombre throw,rustic home,bohemian decor,living room,cozy blanket,autumn gift,housewarming,gift for her,bedroom decor",woven blanket,boho throw,vintage blanket,tapestry throw,ombre throw,rustic home,bohemian decor,living room,cozy blanket,autumn gift,housewarming,gift for her,bedroom decor
"Cozy Abstract Minky Blanket: Soft Polyester Throw, Nursery Decor",https://www.etsy.com/listing/4349585806/cozy-abstract-minky-blanket-soft,DaydreamersClosetco,https://www.etsy.com/shop/DaydreamersClosetco,51.11,0,0,0,0,0,9 Mo.,0,0,10,Home & Living,16,0,0.0,107,"cozy minky blanket,soft throw blanket,warm indoor blanket,gifts for baby,comfort blanket,cuddle blanket,home decor blanket,luxury couch throw,stylish living room,birthday gift ideas,rustic home accents,baby shower gifts,camouflage",cozy minky blanket,soft throw blanket,warm indoor blanket,gifts for baby,comfort blanket,cuddle blanket,home decor blanket,luxury couch throw,stylish living room,birthday gift ideas,rustic home accents,baby shower gifts,camouflage
Misty Forest Sunrise Blanket | Sherpa Fleece Woodland Fog,https://www.etsy.com/listing/4407771912/misty-forest-sunrise-blanket-sherpa,TrashPandaChic34,https://www.etsy.com/shop/TrashPandaChic34,55.99,0,0,0,0,0,6 Mo.,0,0,0,Home & Living,6,0,0.0,30,"sherpa blanket,cozy blanket,forest blanket,fleece throw,nature throw,mountain decor,neutral home,rustic blanket,gift for mom,housewarming gift,cabin blanket,bedroom decor,living room throw",sherpa blanket,cozy blanket,forest blanket,fleece throw,nature throw,mountain decor,neutral home,rustic blanket,gift for mom,housewarming gift,cabin blanket,bedroom decor,living room throw
"Black Labrador Dog Woven Blanket | Sitting Dog Throw, Lake Scene",https://www.etsy.com/listing/4435790373/black-labrador-dog-woven-blanket-sitting,SapperDesignGroup,https://www.etsy.com/shop/SapperDesignGroup,72.78,0,0,0,0,0,4 Mo.,0,0,6,Home & Living,6,0,0.0,53,"woven blanket,dog throw,lab blanket,pet decor,cozy throw,living room,cabin decor,animal lover,gift for dog,housewarming,dog mom gift,rustic home,figure blanket",woven blanket,dog throw,lab blanket,pet decor,cozy throw,living room,cabin decor,animal lover,gift for dog,housewarming,dog mom gift,rustic home,figure blanket
Highland Cow Watercolor Velveteen Plush Blanket | Scottish Cattle Throw,https://www.etsy.com/listing/4455281070/highland-cow-watercolor-velveteen-plush,KrisDigitalDoodle,https://www.etsy.com/shop/KrisDigitalDoodle,41.97,0,0,0,0,0,3 Mo.,0,0,3,Home & Living,10,0,0.0,62,"plush blanket,velveteen throw,animal blanket,cow decor,highland cow,rustic blanket,farmhouse decor,soft throw,cozy blanket,living room throw,bedroom decor,gift for her,housewarming gift",plush blanket,velveteen throw,animal blanket,cow decor,highland cow,rustic blanket,farmhouse decor,soft throw,cozy blanket,living room throw,bedroom decor,gift for her,housewarming gift
"Floral Woven Blanket for Cozy Living Spaces | Vibrant Home Decor, Gift for Friends, Boho or Cottage Style, Decorative Throw",https://www.etsy.com/listing/1871948887/floral-woven-blanket-for-cozy-living,Soulfreeme,https://www.etsy.com/shop/Soulfreeme,66.23,0,0,0,0,0,15 Mo.,0,0,23,Home & Living,19,0,0.0,18,"floral woven blanket,cozy decor throw,home textile gift,colorful wall decor,warm bedspread layer,all season comfort,textile art piece,gift for her,wedding gift idea,bohemian home decor,rustic cottage style,living room accent,relaxation essential",floral woven blanket,cozy decor throw,home textile gift,colorful wall decor,warm bedspread layer,all season comfort,textile art piece,gift for her,wedding gift idea,bohemian home decor,rustic cottage style,living room accent,relaxation essential
Folk Russian Matryoshka & Bear Woven Blanket | Traditional Slavic Motif,https://www.etsy.com/listing/4458453431/folk-russian-matryoshka-bear-woven,DreamyRecipePages,https://www.etsy.com/shop/DreamyRecipePages,66.19,0,0,0,0,0,3 Mo.,1,0,35,Home & Living,9,0,0.0,16,"woven blanket,folk blanket,cozy throw,boho blanket,rustic decor,cottagecore gift,ethnic throw,living room,throw blanket,housewarming,gift for her,bohemian home,camping blanket",woven blanket,folk blanket,cozy throw,boho blanket,rustic decor,cottagecore gift,ethnic throw,living room,throw blanket,housewarming,gift for her,bohemian home,camping blanket
Art Nouveau Style Vintage Botanical Still Life Woven Blanket | Mushrooms and Leaves Tapestry Throw,https://www.etsy.com/listing/4411858845/art-nouveau-style-vintage-botanical,NotesofNatureCo,https://www.etsy.com/shop/NotesofNatureCo,75.00,0,0,0,0,0,6 Mo.,0,0,3,Home & Living,34,0,0.0,96,"woven blanket,floral throw,vintage blanket,boho throw,cozy throw,cottagecore decor,rustic home,farmhouse throw,autumn blanket,earth tone decor,gift for her,living room throw,bohemian blanket",woven blanket,floral throw,vintage blanket,boho throw,cozy throw,cottagecore decor,rustic home,farmhouse throw,autumn blanket,earth tone decor,gift for her,living room throw,bohemian blanket
Brown Plaid Arctic Fleece Blanket | Cozy Tartan Throw,https://www.etsy.com/listing/4463077400/brown-plaid-arctic-fleece-blanket-cozy,TheHouseofHarlequin,https://www.etsy.com/shop/TheHouseofHarlequin,52.37,0,0,0,0,0,3 Mo.,1,0,0,Home & Living,92,0,0.0,1196,"fleece blanket,plaid blanket,brown blanket,cozy throw,warm throw,cabin decor,rustic blanket,living room,gift for him,winter blanket,soft blanket,armchair throw,housewarming",fleece blanket,plaid blanket,brown blanket,cozy throw,warm throw,cabin decor,rustic blanket,living room,gift for him,winter blanket,soft blanket,armchair throw,housewarming
"Black and Tan Dachshund in Cowboy Hat Woven Blanket | Southwestern Sunset Pet Throw, 100% Cotton",https://www.etsy.com/listing/4451611165/black-and-tan-dachshund-in-cowboy-hat,DovetailContent,https://www.etsy.com/shop/DovetailContent,68.95,0,0,0,0,0,3 Mo.,0,0,0,Home & Living,11,0,0.0,34,"woven blanket,dachshund blanket,dog throw,western blanket,cowboy decor,pet lover gift,boho throw,living room decor,cozy throw,gift for dog mom,housewarming gift,rustic home,animal tapestry",woven blanket,dachshund blanket,dog throw,western blanket,cowboy decor,pet lover gift,boho throw,living room decor,cozy throw,gift for dog mom,housewarming gift,rustic home,animal tapestry
Three Horses Meadow Cotton Woven Blanket | Horse Portrait Throw,https://www.etsy.com/listing/4401549824/woven-blanket-horse-noses-design,DovetailContent,https://www.etsy.com/shop/DovetailContent,68.95,0,0,0,0,0,6 Mo.,0,0,1,Home & Living,11,0,0.0,34,"woven blanket,horse blanket,farmhouse decor,animal throw,country home,equine gift,barn decor,living room,cozy throw,rustic blanket,gift for her,housewarming,western decor",woven blanket,horse blanket,farmhouse decor,animal throw,country home,equine gift,barn decor,living room,cozy throw,rustic blanket,gift for her,housewarming,western decor
Log Cabin Woven Throw Blanket: Bear and Elk | Cozy Rustic Living Room Decor | Elk & Bear Hunting Gift for Hunter | Hunting Cabin Decor Gift,https://www.etsy.com/listing/4458278558/log-cabin-woven-throw-blanket-bear-and,BoardmanPine,https://www.etsy.com/shop/BoardmanPine,118.00,0,0,0,1,0,3 Mo.,5,0,54,Home & Living,22,0,1.85,1350,"bear blanket,elk blanket,log cabin blanket,hunting cabin decor,man cave blanket,woven throw blanket,throw blanket couch,farmhouse decor,nature decor,cottage blanket,green throw blanket,outdoor decor,lodge blanket",bear blanket,elk blanket,log cabin blanket,hunting cabin decor,man cave blanket,woven throw blanket,throw blanket couch,farmhouse decor,nature decor,cottage blanket,green throw blanket,outdoor decor,lodge blanket
"Brown Tibetan Lamb Pelt, Plush Sheepskin Throw (4ft x 2ft Approx.)",https://www.etsy.com/listing/1551866640/brown-tibetan-lamb-pelt-luxurious,Lumistica,https://www.etsy.com/shop/Lumistica,209.00,0,0,0,0,0,32 Mo.,4,0,40,Home & Living,41,0,0.0,384,"brown tibetan lamb,tibetan lamb pelt,natural hide throw,luxury home accent,brown sheepskin rug,plush seat cover,warm wool blanket,tibetan wool pelt,cozy living room rug,rustic home decor,gift for her home,4ft by 2ft throw,long lasting quality",brown tibetan lamb,tibetan lamb pelt,natural hide throw,luxury home accent,brown sheepskin rug,plush seat cover,warm wool blanket,tibetan wool pelt,cozy living room rug,rustic home decor,gift for her home,4ft by 2ft throw,long lasting quality
"Longhorn Cow Woven Blanket | Rustic Farmhouse Throw, Western Decor",https://www.etsy.com/listing/4403761421/longhorn-cow-woven-blanket-rustic,TheBrindleCowgirl,https://www.etsy.com/shop/TheBrindleCowgirl,59.23,0,0,0,0,0,6 Mo.,0,0,22,Home & Living,9,0,0.0,28,"woven blanket,western decor,farmhouse throw,rustic throw,country home,living room,cozy gift,housewarming,barnyard art,boho blanket,cattle lover,longhorn cow,gift for rancher",woven blanket,western decor,farmhouse throw,rustic throw,country home,living room,cozy gift,housewarming,barnyard art,boho blanket,cattle lover,longhorn cow,gift for rancher
"Best Mom floral wreath Blanket | woven throw, Mother&#39;s Day decor",https://www.etsy.com/listing/4480881155/best-mom-floral-wreath-blanket-woven,GIFTS4ALL15,https://www.etsy.com/shop/GIFTS4ALL15,56.99,0,0,0,0,0,2 Mo.,0,0,0,Home & Living,29,0,0.0,37,"woven blanket,best mom blanket,mom gift blanket,floral throw,mother's day,cozy home decor,gift for mom,rustic blanket,throw blanket gift,floral wreath,family gift idea,living room throw,sentimental gift",woven blanket,best mom blanket,mom gift blanket,floral throw,mother's day,cozy home decor,gift for mom,rustic blanket,throw blanket gift,floral wreath,family gift idea,living room throw,sentimental gift
"Vintage Floral Woven Blanket – Dark Botanical Victorian Throw, Antique Cottagecore Sofa & Bed Decor",https://www.etsy.com/listing/4447826079/vintage-floral-woven-blanket-dark,WillowandWeaveGoods,https://www.etsy.com/shop/WillowandWeaveGoods,58.43,0,0,0,0,0,5 Mo.,5,0,91,Home & Living,5,0,0.0,9,"woven blanket,boho blanket,floral throw,rustic decor,cozy home,vintage blanket,living room,bedroom decor,gift for her,victorian decor,antique decor,rustic farmhouse,cottage core",woven blanket,boho blanket,floral throw,rustic decor,cozy home,vintage blanket,living room,bedroom decor,gift for her,victorian decor,antique decor,rustic farmhouse,cottage core
"Southwestern Mexican Woven Blanket, Rustic Desert Western Decor, Boho Style, Couch Bed Bedroom Throw Blanket, Colorful Textile Wall Art",https://www.etsy.com/listing/1891640735/southwestern-mexican-woven-blanket,artfromjulie,https://www.etsy.com/shop/artfromjulie,69.44,0,0,0,0,0,14 Mo.,7,0,95,Home & Living,41,0,0.0,305,"woven blanket,colorful throw,living room,bedroom throw,home essentials,gift for her mom,dad fathers,mexican quilt,southwestern decor,desert cactus decor,rustic summer vibes,cabin lodge home,camp earthy style",woven blanket,colorful throw,living room,bedroom throw,home essentials,gift for her mom,dad fathers,mexican quilt,southwestern decor,desert cactus decor,rustic summer vibes,cabin lodge home,camp earthy style
Plaid Grid Starburst Woven Blanket | Cozy Throw Tapestry,https://www.etsy.com/listing/4497953664/plaid-grid-starburst-woven-blanket-cozy,alexato,https://www.etsy.com/shop/alexato,42.72,0,0,0,0,0,1 Mo.,0,0,2,Home & Living,1,0,0.0,0,"woven blanket,cozy throw,fringe blanket,plaid throw,rustic decor,campfire blanket,neutral throw,living room,cabin decor,gift for her,housewarming gift,fall blanket,autumn decor",woven blanket,cozy throw,fringe blanket,plaid throw,rustic decor,campfire blanket,neutral throw,living room,cabin decor,gift for her,housewarming gift,fall blanket,autumn decor
Velveteen Microfiber Blanket: Southwestern Boho Throw,https://www.etsy.com/listing/1905684319/velveteen-microfiber-blanket,LOLAVEGASART,https://www.etsy.com/shop/LOLAVEGASART,44.80,0,0,0,0,0,13 Mo.,2,0,25,Home & Living,38,0,0.0,121,"velveteen blanket,microfiber throw,cozy home decor,southwestern pattern,rustic home accents,warm living room,gift for her,boho chic blanket,trendy bed cover,indoor fabric throw,aztec design blanket,blanket for kids,winter cozy gift",velveteen blanket,microfiber throw,cozy home decor,southwestern pattern,rustic home accents,warm living room,gift for her,boho chic blanket,trendy bed cover,indoor fabric throw,aztec design blanket,blanket for kids,winter cozy gift
Southwestern Stripe Pattern Woven Blanket Yah Yah Rustic Throw,https://www.etsy.com/listing/4424529494/southwestern-stripe-pattern-woven,ALLYAhYah,https://www.etsy.com/shop/ALLYAhYah,63.71,0,0,0,0,0,5 Mo.,0,0,0,Home & Living,6,0,0.0,4,"woven blanket,boho throw,cozy blanket,fringe throw,neutral decor,earthy blanket,home throw,textured throw,gift for mom,living room,bedroom decor,rustic throw,southwestern",woven blanket,boho throw,cozy blanket,fringe throw,neutral decor,earthy blanket,home throw,textured throw,gift for mom,living room,bedroom decor,rustic throw,southwestern
"Vintage Rose Pattern Woven Blanket | Floral Throw, Tapestry Style",https://www.etsy.com/listing/4445579791/vintage-rose-pattern-woven-blanket,RootedtoRenewed,https://www.etsy.com/shop/RootedtoRenewed,56.99,0,0,0,0,0,4 Mo.,0,0,6,Home & Living,4,0,0.0,3,"woven blanket,floral throw,vintage blanket,cottage decor,boho blanket,cozy throw,bedroom decor,living room,gift for her,housewarming gift,rustic home,flower blanket,shabby chic",woven blanket,floral throw,vintage blanket,cottage decor,boho blanket,cozy throw,bedroom decor,living room,gift for her,housewarming gift,rustic home,flower blanket,shabby chic
"Patchwork Inspired Woven Fringe Blanket | Boho Throw, Geometric Textile",https://www.etsy.com/listing/4450341560/patchwork-inspired-woven-fringe-blanket,ShellyouAnything,https://www.etsy.com/shop/ShellyouAnything,108.99,0,0,0,0,0,4 Mo.,0,0,9,Home & Living,22,0,0.0,9,"woven blanket,patchwork blanket,fringe throw,boho woven,cozy home decor,textured throw,bohemian blanket,living room throw,couch blanket,bedroom throw,gift for her,housewarming gift,rustic blanket",woven blanket,patchwork blanket,fringe throw,boho woven,cozy home decor,textured throw,bohemian blanket,living room throw,couch blanket,bedroom throw,gift for her,housewarming gift,rustic blanket
"Floral Chrysanthemum Pattern Woven Blanket | Tapestry Throw, Vintage Botanical Design",https://www.etsy.com/listing/4479267821/floral-chrysanthemum-pattern-woven,LenoaHome,https://www.etsy.com/shop/LenoaHome,77.91,0,0,0,0,0,2 Mo.,0,0,9,Home & Living,43,0,0.0,268,"woven blanket,floral blanket,boho throw,cozy home decor,vintage blanket,autumn throw,living room throw,bedroom blanket,textured throw,gift for her,housewarming gift,holiday gift,rustic decor",woven blanket,floral blanket,boho throw,cozy home decor,vintage blanket,autumn throw,living room throw,bedroom blanket,textured throw,gift for her,housewarming gift,holiday gift,rustic decor
Sunflower Field Woven Blanket,https://www.etsy.com/listing/4497540656/sunflower-field-woven-blanket,AllyShop17,https://www.etsy.com/shop/AllyShop17,39.14,0,0,0,0,0,1 Mo.,0,0,0,Home & Living,2,0,0.0,0,"woven blanket,sunflower throw,farmhouse decor,cozy home,boho blanket,sunrise decor,living room,gift for her,bedroom throw,cottagecore,nature blanket,rustic decor,housewarming",woven blanket,sunflower throw,farmhouse decor,cozy home,boho blanket,sunrise decor,living room,gift for her,bedroom throw,cottagecore,nature blanket,rustic decor,housewarming
Jungle Cruise Expedition Woven Throw Blanket,https://www.etsy.com/listing/4478515614/jungle-cruise-expedition-woven-throw,LostDeltaOutpost,https://www.etsy.com/shop/LostDeltaOutpost,75.00,0,0,0,0,0,2 Mo.,8,0,29,Home & Living,125,0,0.0,5800,"woven blanket,cowboy throw,western decor,rustic blanket,horse blanket,fringe throw,boho blanket,living room throw,country decor,gift for him,cozy throw,camping blanket,jungle cruise",woven blanket,cowboy throw,western decor,rustic blanket,horse blanket,fringe throw,boho blanket,living room throw,country decor,gift for him,cozy throw,camping blanket,jungle cruise
Shabby Chic Floral Throw Blanket: Cozy Pink Accent Decor,https://www.etsy.com/listing/1845346418/shabby-chic-floral-throw-blanket-cozy,SophDHomeScents,https://www.etsy.com/shop/SophDHomeScents,64.99,0,0,0,0,0,16 Mo.,5,0,60,Home & Living,17,0,0.0,75,"shabby chic,cozy home decor,gift for her,living room decor,winter blanket,farmhouse style,warm and cozy,rustic home decor,housewarming gift,couch throw blanket,unique gift idea,vintage style,pink theme",shabby chic,cozy home decor,gift for her,living room decor,winter blanket,farmhouse style,warm and cozy,rustic home decor,housewarming gift,couch throw blanket,unique gift idea,vintage style,pink theme
Mountain Landscape Woven Blanket: Cotton Throw Tapestry,https://www.etsy.com/listing/1856581398/mountain-landscape-woven-blanket-cotton,WonderandColorfulArt,https://www.etsy.com/shop/WonderandColorfulArt,69.00,0,0,0,0,0,15 Mo.,5,0,183,Home & Living,19,0,0.0,131,"mountain forest,scenery tapestry,home decor blanket,nature artwork,cozy throw,cabin vibes,rustic blanket,living room decor,gift for outdoorsy,mountain lover,forest enthusiast,hiking gift,camping blanket",mountain forest,scenery tapestry,home decor blanket,nature artwork,cozy throw,cabin vibes,rustic blanket,living room decor,gift for outdoorsy,mountain lover,forest enthusiast,hiking gift,camping blanket
Prairie Floral Art Nouveau Velveteen Blanket –  Rustic Boho Reading Nook Decor,https://www.etsy.com/listing/4303562188/prairie-floral-art-nouveau-velveteen,RosettaGraphics,https://www.etsy.com/shop/RosettaGraphics,29.26,0,0,0,0,0,12 Mo.,1,0,7,Home & Living,35,0,0.0,382,"cottagecore blanket,timeless boho throw,cozy throw blanket,gift blanket for mom,luxury throw blanket,farmhouse bed throw,living room blanket,midcentury throw,shabby chic blanket,rustic cabin blanket,cozy reading nook,bed end blanket,sofa styling throw",cottagecore blanket,timeless boho throw,cozy throw blanket,gift blanket for mom,luxury throw blanket,farmhouse bed throw,living room blanket,midcentury throw,shabby chic blanket,rustic cabin blanket,cozy reading nook,bed end blanket,sofa styling throw
Playful Dogs Pattern Woven Blanket | Floral Puppy Throw,https://www.etsy.com/listing/4490543809/playful-dogs-pattern-woven-blanket,TheHappyPhoenixCo,https://www.etsy.com/shop/TheHappyPhoenixCo,79.00,0,0,0,0,0,1 Mo.,0,0,22,Home & Living,4,0,0.0,13,"woven blanket,dog throw,floral throw,pet blanket,cozy throw,boho blanket,living room,gift for dog,housewarming,cotton throw,decor blanket,couch throw,rustic decor",woven blanket,dog throw,floral throw,pet blanket,cozy throw,boho blanket,living room,gift for dog,housewarming,cotton throw,decor blanket,couch throw,rustic decor
"Enchanted Forest Woven Blanket - 100% Cotton Throw, Cozy Boho Tapestry for Living Room",https://www.etsy.com/listing/4440909895/enchanted-forest-woven-blanket-100,WovelyArt,https://www.etsy.com/shop/WovelyArt,58.01,0,0,0,0,0,4 Mo.,1,0,4,Home & Living,6,0,0.0,12,"woven blanket,cotton throw,tapestry blanket,living room decor,bedroom decor,boho tapestry,cozy home decor,housewarming gift,gift for mom,woven cotton,fringed edges,cottagecore,rustic decor",woven blanket,cotton throw,tapestry blanket,living room decor,bedroom decor,boho tapestry,cozy home decor,housewarming gift,gift for mom,woven cotton,fringed edges,cottagecore,rustic decor
"Cowhide Bow Woven Blanket | Rustic Western Throw, Fringe Edge",https://www.etsy.com/listing/4467741676/cowhide-bow-woven-blanket-rustic-western,MadeByNatalieGCo,https://www.etsy.com/shop/MadeByNatalieGCo,58.43,0,0,0,0,0,2 Mo.,0,0,0,Home & Living,29,0,0.0,1,"woven blanket,bow throw,boho blanket,cowhide bow,rustic throw,western decor,fringe throw,neutral blanket,gift for her,cozy decor,farmhouse throw,living room,bedroom throw",woven blanket,bow throw,boho blanket,cowhide bow,rustic throw,western decor,fringe throw,neutral blanket,gift for her,cozy decor,farmhouse throw,living room,bedroom throw
Indiana Jones Adventure Woven Throw Blanket,https://www.etsy.com/listing/4449651629/indiana-jones-adventure-woven-throw,LostDeltaOutpost,https://www.etsy.com/shop/LostDeltaOutpost,75.00,0,0,0,0,0,4 Mo.,9,0,98,Home & Living,125,0,0.0,5800,"woven blanket,cowboy throw,western decor,rustic blanket,horse blanket,fringe throw,boho blanket,living room throw,country decor,gift for him,cozy throw,camping blanket,farmhouse throw",woven blanket,cowboy throw,western decor,rustic blanket,horse blanket,fringe throw,boho blanket,living room throw,country decor,gift for him,cozy throw,camping blanket,farmhouse throw
Brown Cowhide Pattern Velveteen Plush Blanket | Faux Fur Throw,https://www.etsy.com/listing/4447247703/brown-cowhide-pattern-velveteen-plush,WicklowFarm,https://www.etsy.com/shop/WicklowFarm,28.99,0,0,0,0,0,4 Mo.,1,0,16,Home & Living,5,0,0.0,133,"plush blanket,velveteen throw,cowhide blanket,faux fur throw,cozy home decor,rustic blanket,farmhouse throw,soft cuddle blanket,living room throw,bedroom decor,gift for her,housewarming gift,winter throw",plush blanket,velveteen throw,cowhide blanket,faux fur throw,cozy home decor,rustic blanket,farmhouse throw,soft cuddle blanket,living room throw,bedroom decor,gift for her,housewarming gift,winter throw
"Nature Scene Woven Cotton Throw Blanket, Cabin Decor",https://www.etsy.com/listing/4373102412/serene-nature-woven-blanket-cozy-throw,ThujaTrees,https://www.etsy.com/shop/ThujaTrees,42.12,0,0,0,0,0,8 Mo.,0,0,1,Home & Living,76,0,0.0,376,"cozy woven blanket,bear forest blanket,cabin decor throw,home warmth blanket,picnic blanket large,living room decor,cozy gift for her,autumn vibes blanket,wildlife art throw,camping fabric throw,bear love blanket,scenic blanket gift,rustic home decor",cozy woven blanket,bear forest blanket,cabin decor throw,home warmth blanket,picnic blanket large,living room decor,cozy gift for her,autumn vibes blanket,wildlife art throw,camping fabric throw,bear love blanket,scenic blanket gift,rustic home decor
Pigeon and Autumn Leaves Woven Blanket | Bird Tapestry Throw,https://www.etsy.com/listing/4459002106/pigeon-and-autumn-leaves-woven-blanket,LACprints,https://www.etsy.com/shop/LACprints,79.47,0,0,0,0,0,3 Mo.,0,0,4,Home & Living,53,0,0.0,546,"woven blanket,bird throw,nature throw,cozy blanket,autumn decor,rustic home,living room,boho blanket,tapestry throw,bird decor,gift for her,housewarming,fall blanket",woven blanket,bird throw,nature throw,cozy blanket,autumn decor,rustic home,living room,boho blanket,tapestry throw,bird decor,gift for her,housewarming,fall blanket
"Cozy Farmhouse Velvet Blanket, Farm Decor Gift, Chicken Print Throw, Rustic Living Room Accent, Plush Layer for All Seasons, Perfect for",https://www.etsy.com/listing/1833090814/cozy-farmhouse-velvet-blanket-farm-decor,ForksandFields,https://www.etsy.com/shop/ForksandFields,26.75,0,0,0,0,0,1 Mo.,1,0,0,Home & Living,1,0,0.0,1,"farmhouse blanket,cozy throw blanket,chickens decor,animal print blanket,home decor gift,cute farm blanket,barnyard animals,cozy home gift,snuggly velveteen,country living style,whimsical blanket,gift for farmers,charming blanket",farmhouse blanket,cozy throw blanket,chickens decor,animal print blanket,home decor gift,cute farm blanket,barnyard animals,cozy home gift,snuggly velveteen,country living style,whimsical blanket,gift for farmers,charming blanket
"Blue Songbird Woven Blanket | Decorative Bird Throw, Vintage Style",https://www.etsy.com/listing/4404712362/blue-songbird-woven-blanket-decorative,BaldEagleDesignn,https://www.etsy.com/shop/BaldEagleDesignn,70.80,0,0,0,0,0,1 Mo.,0,0,67,Home & Living,0,30,0.0,0,"bird woven,vintage bird,cozy throw,boho blanket,gift for bird,nature decor,cottagecore,living room,neutral throw,textile art,rustic home,farmhouse decor,animal throw",bird woven,vintage bird,cozy throw,boho blanket,gift for bird,nature decor,cottagecore,living room,neutral throw,textile art,rustic home,farmhouse decor,animal throw
Boer Goat Woven Blanket | Vintage Cottagecore Cabin Throw,https://www.etsy.com/listing/4406539612/boer-goat-woven-blanket-vintage,WhimsicalFaeArt,https://www.etsy.com/shop/WhimsicalFaeArt,48.81,0,0,0,0,0,6 Mo.,0,0,10,Home & Living,7,0,0.0,0,"woven blanket,pet blanket,cozy throw,living room,farmhouse decor,animal throw,rustic blanket,cabin decor,winter blanket,snuggle blanket,gift for dog,boer goat,goat",woven blanket,pet blanket,cozy throw,living room,farmhouse decor,animal throw,rustic blanket,cabin decor,winter blanket,snuggle blanket,gift for dog,boer goat,goat
Landscape Organic Texture Woven Blanket | Green Blue Tapestry Throw,https://www.etsy.com/listing/4402478745/landscape-organic-texture-woven-blanket,SereneHomeAtelier,https://www.etsy.com/shop/SereneHomeAtelier,98.00,0,0,0,0,0,6 Mo.,4,0,38,Home & Living,7,0,0.0,18,"woven blanket,boho throw,earth tone decor,abstract blanket,cozy throw,living room throw,nature inspired,neutral blanket,textured throw,rustic decor,gift for her,modern farmhouse,bedroom throw",woven blanket,boho throw,earth tone decor,abstract blanket,cozy throw,living room throw,nature inspired,neutral blanket,textured throw,rustic decor,gift for her,modern farmhouse,bedroom throw
"Border Collie Portrait Woven Blanket | Dog Chick Pet Lover Décor, Cotton Farmhouse Throw",https://www.etsy.com/listing/4464006521/border-collie-portrait-woven-blanket-o,TheRacStore,https://www.etsy.com/shop/TheRacStore,57.95,0,0,0,0,0,3 Mo.,0,0,18,Home & Living,16,0,0.0,156,"dog blanket,pet throw,cozy throw,living room,gift for dog,animal decor,farmhouse decor,snuggle blanket,bed throw,cozy rustic throw,farmhouse bedding,cottagecore blanket,primitive folk art",dog blanket,pet throw,cozy throw,living room,gift for dog,animal decor,farmhouse decor,snuggle blanket,bed throw,cozy rustic throw,farmhouse bedding,cottagecore blanket,primitive folk art
Southwest Diamond Pattern Woven Blanket | Aztec Native Throw,https://www.etsy.com/listing/4442353398/southwest-diamond-pattern-woven-blanket,YeetstorePE,https://www.etsy.com/shop/YeetstorePE,81.80,0,0,0,0,0,1 Mo.,0,0,3,Home & Living,19,0,0.0,134,"woven blanket,boho throw,southwest decor,tribal blanket,aztec throw,living room throw,bohemian decor,cozy home gift,fringe blanket,bedroom throw,rustic decor,camping blanket,gift for her",woven blanket,boho throw,southwest decor,tribal blanket,aztec throw,living room throw,bohemian decor,cozy home gift,fringe blanket,bedroom throw,rustic decor,camping blanket,gift for her
Southwestern Geometric Woven Blanket | Aztec Tapestry Throw,https://www.etsy.com/listing/4442356346/southwestern-geometric-woven-blanket,YeetstorePE,https://www.etsy.com/shop/YeetstorePE,81.80,0,0,0,0,0,1 Mo.,1,0,2,Home & Living,19,0,0.0,134,"woven blanket,boho throw,ethnic blanket,farmhouse decor,southwestern rug,cozy throw,living room decor,bohemian blanket,throw blanket,vintage blanket,textured throw,rustic decor,gift for her",woven blanket,boho throw,ethnic blanket,farmhouse decor,southwestern rug,cozy throw,living room decor,bohemian blanket,throw blanket,vintage blanket,textured throw,rustic decor,gift for her
"Vintage Floral Patchwork Woven Blanket | Tapestry Throw, Cottagecore Decor",https://www.etsy.com/listing/4442689375/vintage-floral-patchwork-woven-blanket,YeetstorePE,https://www.etsy.com/shop/YeetstorePE,81.80,0,0,0,0,0,1 Mo.,1,0,5,Home & Living,19,0,0.0,134,"woven blanket,floral blanket,vintage throw,boho blanket,cottagecore,cozy throw,bedroom decor,living room,gift for her,housewarming,garden motif,rustic home,soft throw",woven blanket,floral blanket,vintage throw,boho blanket,cottagecore,cozy throw,bedroom decor,living room,gift for her,housewarming,garden motif,rustic home,soft throw
"Southwestern Stripe Woven Blanket | Boho Aztec Throw, Fringe Edge",https://www.etsy.com/listing/4441581298/southwestern-stripe-woven-blanket-boho,YeetstorePE,https://www.etsy.com/shop/YeetstorePE,81.80,0,0,0,0,0,1 Mo.,0,0,4,Home & Living,19,0,0.0,134,"woven blanket,boho throw,striped throw,cozy blanket,fringe blanket,bohemian decor,living room throw,bedroom throw,rustic blanket,earth tone decor,festival blanket,outdoor picnic,gift for her",woven blanket,boho throw,striped throw,cozy blanket,fringe blanket,bohemian decor,living room throw,bedroom throw,rustic blanket,earth tone decor,festival blanket,outdoor picnic,gift for her
Rustic Woodland Creature Woven Blanket | Cabin Animal Throw Blanket - 100% Cotton Autumnal Woodsy Blanket,https://www.etsy.com/listing/4507533420/rustic-woodland-creature-woven-blanket,CalmDaysStudio,https://www.etsy.com/shop/CalmDaysStudio,107.00,0,0,0,0,0,1 Mo.,0,0,0,Home & Living,28,0,0.0,68,"woven blanket,cozy throw,boho blanket,animal pattern,rustic decor,living room,earth tone decor,fringe throw,cabin blanket,gift for her,camping blanket,country home,warm throw",woven blanket,cozy throw,boho blanket,animal pattern,rustic decor,living room,earth tone decor,fringe throw,cabin blanket,gift for her,camping blanket,country home,warm throw
Deer Geometric Blanket | Abstract Throw,https://www.etsy.com/listing/4482033018/deer-geometric-blanket-abstract-throw,WildwaresCanada,https://www.etsy.com/shop/WildwaresCanada,39.97,0,0,0,0,0,1 Mo.,0,0,1,Home & Living,28,0,0.0,1,"cozy deer decor,woodland throw,modern cabin decor,minimalist blanket,nature themed throw,gift for her,housewarming gift,rustic living room,holiday cozy gift,scandinavian throw,neutral home decor,deer nursery decor",cozy deer decor,woodland throw,modern cabin decor,minimalist blanket,nature themed throw,gift for her,housewarming gift,rustic living room,holiday cozy gift,scandinavian throw,neutral home decor,deer nursery decor,--
Vintage Mountain Sun Scenic Blanket | Velveteen Plush Throw,https://www.etsy.com/listing/4482035713/vintage-mountain-sun-scenic-blanket,WildwaresCanada,https://www.etsy.com/shop/WildwaresCanada,39.97,0,0,0,0,0,1 Mo.,0,0,0,Home & Living,28,0,0.0,1,"vintage blanket,rustic blanket,cozy throw,abstract blanket,cabin decor,camping blanket,boho throw,outdoor blanket,gift for hikers,housewarming gift,autumn blanket,living room throw,bedroom decor",vintage blanket,rustic blanket,cozy throw,abstract blanket,cabin decor,camping blanket,boho throw,outdoor blanket,gift for hikers,housewarming gift,autumn blanket,living room throw,bedroom decor
Woven Cotton Throw Blanket: Vintage Style Decorative Fringe,https://www.etsy.com/listing/4355063558/woven-cotton-throw-blanket-vintage-style,CigaretteByMoonlight,https://www.etsy.com/shop/CigaretteByMoonlight,46.51,0,0,0,0,0,4 Mo.,0,0,8,Home & Living,6,0,0.0,7,"boho woven blanket,cozy home decor,floral throw blanket,living room blanket,gift for her,bedroom comforter,handmade woven gift,plaid fringe throw,cottagecore decor,artisan blanket gift,warm and inviting,rustic home textiles,classic woven throw",boho woven blanket,cozy home decor,floral throw blanket,living room blanket,gift for her,bedroom comforter,handmade woven gift,plaid fringe throw,cottagecore decor,artisan blanket gift,warm and inviting,rustic home textiles,classic woven throw
"Bohemian Cotton Woven Blanket: Floral Fringed Throw, 80x60",https://www.etsy.com/listing/4356333011/bohemian-cotton-woven-blanket-floral,EveryDigiFinds,https://www.etsy.com/shop/EveryDigiFinds,109.59,0,0,0,0,0,1 Mo.,0,0,1,Home & Living,0,0,0.0,1,"cozy home decor,boho woven blanket,rustic throw blanket,handmade blanket,gift for her,home warming gift,bohemian living,decorative throw,living room decor,cozy couch blanket,autumn home decor,warm and soft,artistic blanket",cozy home decor,boho woven blanket,rustic throw blanket,handmade blanket,gift for her,home warming gift,bohemian living,decorative throw,living room decor,cozy couch blanket,autumn home decor,warm and soft,artistic blanket
Geometric Patchwork Pattern Woven Blanket | Tiled Square Throw,https://www.etsy.com/listing/4474387273/geometric-patchwork-pattern-woven,SortnSelect,https://www.etsy.com/shop/SortnSelect,58.99,0,0,0,0,0,2 Mo.,0,0,2,Home & Living,3,0,0.0,0,"woven blanket,boho throw,geometric throw,cozy home,living room,bedroom decor,gift for mom,housewarming gift,neutral decor,textured throw,modern rustic,farmhouse throw,bohemian rug",woven blanket,boho throw,geometric throw,cozy home,living room,bedroom decor,gift for mom,housewarming gift,neutral decor,textured throw,modern rustic,farmhouse throw,bohemian rug
Blue Plaid Throw Blanket in Sherpa / Velveteen 60x80&quot;  | Frost Check - Durazza,https://www.etsy.com/listing/4365796487/blue-slate-plaid-blanket-in-sherpa,DurazzaHome,https://www.etsy.com/shop/DurazzaHome,106.99,0,0,0,0,0,8 Mo.,2,0,122,Home & Living,46,0,0.0,349,"throw blanket,seasonal living room,rustic farmhouse,plaid throw blanket,lodge cabin style,rustic home accent,sherpa couch blanket,masculine home decor,blanket for him,blue winter accents,winter farmhouse,gift for him,blue slate throw",throw blanket,seasonal living room,rustic farmhouse,plaid throw blanket,lodge cabin style,rustic home accent,sherpa couch blanket,masculine home decor,blanket for him,blue winter accents,winter farmhouse,gift for him,blue slate throw
"Floral Sherpa Fleece Blanket, Cozy Throw Blanket, Vintage Decor, Gift for Her, Weddings, Home Comfort",https://www.etsy.com/listing/1890401054/floral-sherpa-fleece-blanket-cozy-throw,Soulfreeme,https://www.etsy.com/shop/Soulfreeme,83.41,0,0,0,0,0,13 Mo.,0,0,4,Home & Living,19,0,0.0,18,"cozy home decor,soft sherpa throw,gifts for her,cottagecore blanket,warm and fuzzy,home comfort blanket,spring decor ideas,boho blanket style,living room accent,wedding gift idea,seasonal home decor,comfortable bedding,rustic home charm",cozy home decor,soft sherpa throw,gifts for her,cottagecore blanket,warm and fuzzy,home comfort blanket,spring decor ideas,boho blanket style,living room accent,wedding gift idea,seasonal home decor,comfortable bedding,rustic home charm
"Vintage Damask Pattern Woven Blanket | Boho Tapestry Throw, Earth Tone Jacquard",https://www.etsy.com/listing/4472587175/vintage-damask-pattern-woven-blanket,DreamNestCollective,https://www.etsy.com/shop/DreamNestCollective,69.99,0,0,0,0,0,2 Mo.,0,0,7,Home & Living,2,0,0.0,1,"woven blanket,boho throw,vintage decor,bohemian blanket,living room,earth tone decor,cozy throw,textured throw,gift for her,home accent,couch blanket,boho home,rustic throw",woven blanket,boho throw,vintage decor,bohemian blanket,living room,earth tone decor,cozy throw,textured throw,gift for her,home accent,couch blanket,boho home,rustic throw
Earthy Stripe Print Sherpa Fleece Blanket | Cozy Plush Throw,https://www.etsy.com/listing/4500524542/earthy-stripe-print-sherpa-fleece,ASCIIchic,https://www.etsy.com/shop/ASCIIchic,63.12,0,0,0,0,0,1 Mo.,0,0,4,Home & Living,4,0,0.0,0,"sherpa blanket,cozy fleece throw,plush throw blanket,striped sherpa throw,neutral home decor,living room throw,gift for her,housewarming gift,cozy winter blanket,soft throw blanket,boho striped throw,rustic home blanket,travel throw blanket",sherpa blanket,cozy fleece throw,plush throw blanket,striped sherpa throw,neutral home decor,living room throw,gift for her,housewarming gift,cozy winter blanket,soft throw blanket,boho striped throw,rustic home blanket,travel throw blanket
Vintage Hot Air Balloon Woven Blanket | Nautical Map Tapestry Throw,https://www.etsy.com/listing/4446751498/vintage-hot-air-balloon-woven-blanket,KaschmitterStudioart,https://www.etsy.com/shop/KaschmitterStudioart,58.43,0,0,0,0,0,3 Mo.,0,0,0,Home & Living,8,0,0.0,2,"woven blanket,vintage decor,hot air art,boho blanket,earth tones,space blanket,rustic throw,cozy home,gift for him,bedroom decor,living room throw,travel themed,housewarming gift",woven blanket,vintage decor,hot air art,boho blanket,earth tones,space blanket,rustic throw,cozy home,gift for him,bedroom decor,living room throw,travel themed,housewarming gift
"Plush Blanket, Bull Elk Wildlife Photo, Cozy Throw for Cabin Decor, Animal Lover Gift, Rustic Home Accent, elk, wildlife photography",https://www.etsy.com/listing/1858349184/plush-blanket-bull-elk-wildlife-photo,TristansWildlife,https://www.etsy.com/shop/TristansWildlife,33.36,0,0,0,0,0,11 Mo.,0,0,10,Home & Living,38,0,0.0,35,"wildlife blanket,elk decor,nature home,cozy throw,animal print,rustic cabin,forest theme,gift for him,outdoor lover,living room decor,warm winter,camping essential,mountain retreat",wildlife blanket,elk decor,nature home,cozy throw,animal print,rustic cabin,forest theme,gift for him,outdoor lover,living room decor,warm winter,camping essential,mountain retreat
"Elk Wildlife Photo Plush Blanket, Black and White Art Decor Throw, Nature Lover Gift, Home Decor Accent, Cozy Winter Bedding, Cabin Decor",https://www.etsy.com/listing/1880814583/elk-wildlife-photo-plush-blanket-black,TristansWildlife,https://www.etsy.com/shop/TristansWildlife,33.36,0,0,0,0,0,11 Mo.,0,0,2,Home & Living,38,0,0.0,35,"wildlife blanket,elk photo,plush blanket,black white blanket,home decor,cabin decor,nature lover gift,cozy throw,living room decor,animal photography,gift for him,rustic home,camping blanket",wildlife blanket,elk photo,plush blanket,black white blanket,home decor,cabin decor,nature lover gift,cozy throw,living room decor,animal photography,gift for him,rustic home,camping blanket
Personalized Vacation Home Woven Throw Blanket,https://www.etsy.com/listing/4462425029/personalized-vacation-home-woven-throw,TheInspoEdit,https://www.etsy.com/shop/TheInspoEdit,58.43,0,0,0,0,0,2 Mo.,0,0,4,Home & Living,4,0,0.0,112,"woven blanket,cozy throw,boho throw,cabin decor,camping gift,mountain home,outdoor blanket,fringe throw,picnic blanket,living room,rustic decor,gift for her,gift for him",woven blanket,cozy throw,boho throw,cabin decor,camping gift,mountain home,outdoor blanket,fringe throw,picnic blanket,living room,rustic decor,gift for her,gift for him
"Abstract Circle Woven Throw Blanket, Brown And Neutral, Textured Modern Pattern",https://www.etsy.com/listing/4443077854/abstract-circle-woven-throw-blanket,KansoLiving,https://www.etsy.com/shop/KansoLiving,119.94,0,0,0,0,0,4 Mo.,0,0,6,Home & Living,5,0,0.0,4,"southwestern throw,aztec blanket,tribal home decor,rust and black,boho bedspread,woven tapestry,kilim rug style,geometric pattern,ethnic couch cover,fall home decor,cozy living room,gift for her,rustic farmhouse",southwestern throw,aztec blanket,tribal home decor,rust and black,boho bedspread,woven tapestry,kilim rug style,geometric pattern,ethnic couch cover,fall home decor,cozy living room,gift for her,rustic farmhouse
"Vintage Red Rose Pattern Woven Blanket | Floral Throw, Tapestry Style",https://www.etsy.com/listing/4449228753/vintage-red-rose-pattern-woven-blanket,StarrgirllCo,https://www.etsy.com/shop/StarrgirllCo,56.99,0,0,0,0,0,4 Mo.,2,0,44,Home & Living,4,0,0.0,1,"woven blanket,floral throw,vintage blanket,rose blanket,cozy throw,home decor,cottagecore,rustic throw,boho blanket,accent blanket,gift for mom,living room,bed throw",woven blanket,floral throw,vintage blanket,rose blanket,cozy throw,home decor,cottagecore,rustic throw,boho blanket,accent blanket,gift for mom,living room,bed throw
Tuscany Villa scene with Sheep - Woven Blanket | rustic country landscape tapestry throw,https://www.etsy.com/listing/4445414752/cozy-village-cottage-scene-woven-blanket,DesignOvationsStudio,https://www.etsy.com/shop/DesignOvationsStudio,58.43,0,0,0,0,0,4 Mo.,0,0,14,Home & Living,108,0,0.0,166,"woven blanket,cozy throw,home decor,cottage chic,vintage throw,rustic blanket,living room,boho throw,autumn decor,gift for her,housewarming,outdoor picnic,textured throw",woven blanket,cozy throw,home decor,cottage chic,vintage throw,rustic blanket,living room,boho throw,autumn decor,gift for her,housewarming,outdoor picnic,textured throw
Geometric Square Pattern Woven Blanket | Modern Southwestern Throw,https://www.etsy.com/listing/4492381559/geometric-square-pattern-woven-blanket,TPiNTERVAL,https://www.etsy.com/shop/TPiNTERVAL,72.92,0,0,0,0,0,1 Mo.,1,0,4,Home & Living,8,0,0.0,7,"woven blanket,cozy throw,modern throw,geometric throw,square pattern,home decor,cabin blanket,rustic decor,living room,gift for him,housewarming,neutral blanket,textured throw",woven blanket,cozy throw,modern throw,geometric throw,square pattern,home decor,cabin blanket,rustic decor,living room,gift for him,housewarming,neutral blanket,textured throw
"Whimsical Woodland Rabbit Woven Throw Blanket, Forest Wall Art Tapestry, Nature Aesthetic Nursery Decor, Maximalist Easter Bunny Accent",https://www.etsy.com/listing/1852771174/whimsical-woodland-rabbit-woven-throw,Knotjustblankets28,https://www.etsy.com/shop/Knotjustblankets28,91.24,0,0,0,0,0,16 Mo.,0,0,10,Home & Living,24,0,0.0,341,"hanging wall art,couch sofa cover,mom birthday gift,easter gift for her,dark moody tapestry,living room accent,jacquard woven throw,whimsical maximalist,woodland blanket,forest animal print,vintage bunny rabbit,rustic cabin decor,nature nursery",hanging wall art,couch sofa cover,mom birthday gift,easter gift for her,dark moody tapestry,living room accent,jacquard woven throw,whimsical maximalist,woodland blanket,forest animal print,vintage bunny rabbit,rustic cabin decor,nature nursery
"Misty Blue Forest Velveteen Plush Blanket, Soft Home Decor Throw Blanket, Boho Cottagecore Decor, Whimsical Nature Serene Peaceful Gift",https://www.etsy.com/listing/4434397338/misty-blue-forest-velveteen-plush,QuietHomeCreations,https://www.etsy.com/shop/QuietHomeCreations,39.00,0,0,0,0,0,4 Mo.,0,0,3,Home & Living,12,0,0.0,460,"gift for mom,gift for host,gift for coworker,camping gift,boyfriend blanket,national park decor,rustic living room,moody green blanket,reading nook blanket,soft snuggle throw,serene nature throw,calming blanket,new apartment gift",gift for mom,gift for host,gift for coworker,camping gift,boyfriend blanket,national park decor,rustic living room,moody green blanket,reading nook blanket,soft snuggle throw,serene nature throw,calming blanket,new apartment gift
"Burnt Orange Glow Plush Blanket | Warm Autumn Tones, Snuggle Throw, Cozy Blanket, Winter Essential, Christmas Gift Idea, Bedroom Blanket",https://www.etsy.com/listing/4415794015/burnt-orange-glow-plush-blanket-warm,IZYMRKT,https://www.etsy.com/shop/IZYMRKT,19.99,0,0,0,0,0,5 Mo.,1,0,24,Home & Living,8,0,0.0,265,"plush blanket,velveteen throw,cozy home,rustic blanket,fall decor,autumn throw,warm blanket,living room,gift for her,housewarming gift,soft throw,boho blanket,cottagecore",plush blanket,velveteen throw,cozy home,rustic blanket,fall decor,autumn throw,warm blanket,living room,gift for her,housewarming gift,soft throw,boho blanket,cottagecore
Brown Floral Throw Blanket Cozy Plush Woodland Neutral Boho Couch Throw Earth Tone Soft  Rustic Home Decor Housewarming Gift,https://www.etsy.com/listing/4481132440/chocolate-brown-floral-throw-blanket,WesternSnugglesCo,https://www.etsy.com/shop/WesternSnugglesCo,25.63,0,0,0,0,0,1 Mo.,1,0,18,Home & Living,5,0,0.0,1,"velveteen throw,cozy brown throw,gift for her,living room throw,housewarming gift,snuggle blanket,boho blanket decor,rustic throw blanket,neutral home decor,farmhouse blanket,earthy home decor,floral throw blanket,cozy couch blanket",velveteen throw,cozy brown throw,gift for her,living room throw,housewarming gift,snuggle blanket,boho blanket decor,rustic throw blanket,neutral home decor,farmhouse blanket,earthy home decor,floral throw blanket,cozy couch blanket
Chicago Elevated Train Blanket,https://www.etsy.com/listing/4459977571/chicago-train-woven-blanket-urban,LittlePlanetPro,https://www.etsy.com/shop/LittlePlanetPro,56.99,0,0,0,0,0,3 Mo.,0,0,23,Home & Living,32,0,0.0,7,"woven blanket,city blanket,urban throw,bridge throw,industrial decor,architectural art,modern throw,home throw,living room,cozy blanket,gift for him,housewarming,rustic blanket",woven blanket,city blanket,urban throw,bridge throw,industrial decor,architectural art,modern throw,home throw,living room,cozy blanket,gift for him,housewarming,rustic blanket
Geometric Herringbone Pattern Velveteen Plush Blanket | Brown Chevron Throw,https://www.etsy.com/listing/4431620832/geometric-herringbone-pattern-velveteen,TOMMYBELICI,https://www.etsy.com/shop/TOMMYBELICI,64.60,0,0,0,0,0,5 Mo.,0,0,3,Home & Living,35,0,0.0,1,"plush blanket,velveteen throw,cozy home,brown blanket,soft throw,living room decor,bedroom blanket,warm throw,gift for her,gift for him,housewarming gift,autumn decor,rustic blanket",plush blanket,velveteen throw,cozy home,brown blanket,soft throw,living room decor,bedroom blanket,warm throw,gift for her,gift for him,housewarming gift,autumn decor,rustic blanket
Horse at Fence Woven Blanket | Vintage Ranch Floral Stable Equestrian Throw | Equestrian Decor,https://www.etsy.com/listing/4458764058/horse-at-fence-woven-blanket-vintage,CoffeeWhileCantering,https://www.etsy.com/shop/CoffeeWhileCantering,89.00,0,0,0,0,0,3 Mo.,0,0,0,Home & Living,9,0,0.0,24,"woven blanket,cozy throw,farmhouse decor,country blanket,equine blanket,horse lover,rustic home,cottagecore,country living,living room,gift for her,ranch decor,gift for horse lover",woven blanket,cozy throw,farmhouse decor,country blanket,equine blanket,horse lover,rustic home,cottagecore,country living,living room,gift for her,ranch decor,gift for horse lover
"Hippo Art Woven Blanket - 100% Cotton Tapestry Throw, Artistic Watercolor Cozy Home Decor",https://www.etsy.com/listing/4410187340/hippo-art-woven-blanket-100-cotton,WovelyArt,https://www.etsy.com/shop/WovelyArt,47.65,0,0,0,0,0,6 Mo.,1,0,6,Home & Living,6,0,0.0,12,"woven blanket,cotton throw,tapestry throw,living room throw,cabin decor,wildlife decor,animal tapestry,woodland art,housewarming gift,gift for dad,cozy decor,rustic lodge,jacquard weave",woven blanket,cotton throw,tapestry throw,living room throw,cabin decor,wildlife decor,animal tapestry,woodland art,housewarming gift,gift for dad,cozy decor,rustic lodge,jacquard weave
"Velveteen Plush Blanket - Crochet Effect Barn on a Grassy Prairie, Cozy Throw for Home Decor, Farmhouse Style Bedding, Rustic Living Room",https://www.etsy.com/listing/1899550683/velveteen-plush-blanket-crochet-effect,PartyThreadsShop,https://www.etsy.com/shop/PartyThreadsShop,30.99,0,0,0,0,0,13 Mo.,0,0,10,Home & Living,72,0,0.0,1342,"crochet effect,barn grassy prairie,cozy home decor,country living,rustic vibes,farmhouse style,winter warmer,housewarming gift,ranch decor blanket,farmhouse bedding,rustic living room,crochet effect throw,country home blanket",crochet effect,barn grassy prairie,cozy home decor,country living,rustic vibes,farmhouse style,winter warmer,housewarming gift,ranch decor blanket,farmhouse bedding,rustic living room,crochet effect throw,country home blanket
Dewy Texas Bluebonnets Bokeh Woven Blanket | Botanical Raindrop Throw,https://www.etsy.com/listing/4484945909/dewy-texas-bluebonnets-bokeh-woven,DovetailContent,https://www.etsy.com/shop/DovetailContent,68.95,0,0,0,0,0,1 Mo.,0,0,2,Home & Living,11,0,0.0,34,"woven blanket,cozy throw,gift for her,nature blanket,bedroom decor,living room,outdoor blanket,housewarming gift,bridal shower,rustic blanket,cottagecore,texas bluebonnets,spring wildflowers",woven blanket,cozy throw,gift for her,nature blanket,bedroom decor,living room,outdoor blanket,housewarming gift,bridal shower,rustic blanket,cottagecore,texas bluebonnets,spring wildflowers
Tribal Eagle Sherpa Fleece Blanket | Brown Native-Inspired Pattern,https://www.etsy.com/listing/4500702143/tribal-eagle-sherpa-fleece-blanket-brown,Madeinthepinesaj,https://www.etsy.com/shop/Madeinthepinesaj,45.99,0,0,0,0,0,1 Mo.,1,0,2,Home & Living,3,0,0.0,18,"tribal eagle,eagle blanket,sherpa blanket,brown throw,native style,boho blanket,cozy cabin decor,outdoor throw,living room throw,rustic home,statement throw,gift for grandpa,gift for dad",tribal eagle,eagle blanket,sherpa blanket,brown throw,native style,boho blanket,cozy cabin decor,outdoor throw,living room throw,rustic home,statement throw,gift for grandpa,gift for dad
"Vintage Pastoral Scene Tapestry | Deer Landscape, French Verdure Wall Hanging, Antique Forest Landscape, Vintage French Country Decor",https://www.etsy.com/listing/4473734915/vintage-pastoral-scene-tapestry-deer,TheGildedPoppyCo,https://www.etsy.com/shop/TheGildedPoppyCo,90.00,0,0,0,0,0,2 Mo.,20,0,247,Home & Living,54,36,0.0,1082,"woven blanket,tapestry throw,vintage blanket,cottagecore decor,rustic throw,boho living,farmhouse throw,living room rug,decorative throw,antique tapestry,cozy home decor,gift for mom,housewarming gift",woven blanket,tapestry throw,vintage blanket,cottagecore decor,rustic throw,boho living,farmhouse throw,living room rug,decorative throw,antique tapestry,cozy home decor,gift for mom,housewarming gift
"Vintage Floral Heart Woven Blanket | Tapestry Throw, Boho Cottagecore",https://www.etsy.com/listing/4504358634/vintage-floral-heart-woven-blanket,AmorieDesign,https://www.etsy.com/shop/AmorieDesign,91.99,0,0,0,0,0,1 Mo.,0,0,17,Home & Living,7,0,0.0,0,"woven blanket,throw blanket,vintage throw,boho blanket,floral throw,cozy home,couch blanket,gift for her,farmhouse decor,living room,rustic throw,queen throw,bridal shower",woven blanket,throw blanket,vintage throw,boho blanket,floral throw,cozy home,couch blanket,gift for her,farmhouse decor,living room,rustic throw,queen throw,bridal shower
"Cozy Autumn Knitted Blanket with Coffee Cups and Pumpkin - Warm Autumn Gift Stardew Fall Pixel Chickens Knitted Blanket, Pixelated Pumpkins",https://www.etsy.com/listing/4496184431/cozy-autumn-knitted-blanket-with-coffee,Manouchecashopstudio,https://www.etsy.com/shop/Manouchecashopstudio,98.99,0,0,0,0,0,1 Mo.,0,0,2,Home & Living,7,0,0.0,9,"woven blanket,boho blanket,tribal throw,cozy throw,rustic decor,southwest throw,fringe blanket,living room,cottagecore,gift for her,housewarming,warm blanket,ethnic pattern",woven blanket,boho blanket,tribal throw,cozy throw,rustic decor,southwest throw,fringe blanket,living room,cottagecore,gift for her,housewarming,warm blanket,ethnic pattern
"Black Watch Tartan Minky Blanket, Cozy Plaid Fleece Throw, Rustic Cabin and Farmhouse Decor, Holiday Gift for Her or Home",https://www.etsy.com/listing/1479508402/black-watch-tartan-minky-blanket-cozy,ScottishCottageShop,https://www.etsy.com/shop/ScottishCottageShop,49.00,0,0,0,0,0,36 Mo.,9,0,291,Home & Living,60,0,0.0,914,"black watch blanket,tartan fleece throw,plaid minky blanket,rustic cabin decor,farmhouse cozy gift,winter home blanket,cozy holiday blanket,soft couch throw,gift for her blanket,warm rustic throw,lodge cabin blanket,christmas gift ideas,living room decor",black watch blanket,tartan fleece throw,plaid minky blanket,rustic cabin decor,farmhouse cozy gift,winter home blanket,cozy holiday blanket,soft couch throw,gift for her blanket,warm rustic throw,lodge cabin blanket,christmas gift ideas,living room decor
Botanical Woven Blanket: 100% Cotton Throw with Fringed Edges,https://www.etsy.com/listing/1892205799/botanical-woven-blanket-100-cotton-throw,ArtStudio905,https://www.etsy.com/shop/ArtStudio905,97.65,0,0,0,0,0,14 Mo.,6,0,28,Home & Living,41,0,0.0,1610,"floral throw blanket,boho home decor,cozy living room,rustic room accent,gift for her,seasonal home accent,warm cozy throw,plants and flowers,textile wall art,homey vibe decor,handwoven blankets,botanical blanket,floral botanical",floral throw blanket,boho home decor,cozy living room,rustic room accent,gift for her,seasonal home accent,warm cozy throw,plants and flowers,textile wall art,homey vibe decor,handwoven blankets,botanical blanket,floral botanical
Fox Couple Woven Blanket: Cozy Cotton Rustic Cabin Throw,https://www.etsy.com/listing/1828444892/fox-couple-woven-blanket-cozy-cotton,ArtStudio905,https://www.etsy.com/shop/ArtStudio905,107.50,0,0,0,4,1,17 Mo.,7,0,58,Home & Living,41,0,6.9,1610,"fox couple,woven blanket,home decor,animal lovers,cozy throw,unique gift,rustic vibe,living room decor,warm and soft,couples gift,farmhouse style,bedroom accessory,gift for her",fox couple,woven blanket,home decor,animal lovers,cozy throw,unique gift,rustic vibe,living room decor,warm and soft,couples gift,farmhouse style,bedroom accessory,gift for her
"Botanical Woven Tapestry Throw Blanket, Vintage Floral Decor",https://www.etsy.com/listing/1829532755/botanical-woven-tapestry-throw-blanket,Teezaro,https://www.etsy.com/shop/Teezaro,80.00,0,0,0,0,0,19 Mo.,0,0,5,Home & Living,28,0,0.0,4628,"woven blanket,tapestry throw,floral tapestry,book lover gift,home decor,cozy blanket,artistic throw,vintage design,living room,rustic decor,decorative blanket,nature tapestry,gift for reader",woven blanket,tapestry throw,floral tapestry,book lover gift,home decor,cozy blanket,artistic throw,vintage design,living room,rustic decor,decorative blanket,nature tapestry,gift for reader
Floral Fox Sherpa Fleece Blanket: Cottagecore Cozy Home Decor,https://www.etsy.com/listing/1873540375/floral-fox-sherpa-fleece-blanket,JustWanderNorth,https://www.etsy.com/shop/JustWanderNorth,87.65,0,0,0,0,0,16 Mo.,3,0,27,Home & Living,24,0,0.0,304,"cozy home decor,floral throw blanket,rustic blanket gift,animal art decor,living room decor,gift for her,home warming gift,fall decor blanket,seasonal decor piece,fox lover,animal throw,cottagecore blanket,forestcore",cozy home decor,floral throw blanket,rustic blanket gift,animal art decor,living room decor,gift for her,home warming gift,fall decor blanket,seasonal decor piece,fox lover,animal throw,cottagecore blanket,forestcore
Southwestern Diamond Pattern Woven Blanket | Tribal Navajo Throw,https://www.etsy.com/listing/4509218988/southwestern-diamond-pattern-woven,GymBaddieLeggings,https://www.etsy.com/shop/GymBaddieLeggings,66.98,0,0,0,0,0,1 Mo.,0,0,0,Home & Living,2,0,0.0,2,"woven blanket,southwest throw,boho blanket,native pattern,rustic decor,cozy throw,bohemian rug,fringe blanket,earth tone decor,living room,gift for mom,camping blanket,textile art",woven blanket,southwest throw,boho blanket,native pattern,rustic decor,cozy throw,bohemian rug,fringe blanket,earth tone decor,living room,gift for mom,camping blanket,textile art
Bohemian Kilim Pattern Woven Blanket | Southwestern Rug Throw,https://www.etsy.com/listing/4521310612/bohemian-kilim-pattern-woven-blanket,SilkRoadcompany,https://www.etsy.com/shop/SilkRoadcompany,58.43,0,0,0,0,0,1 Mo.,0,0,0,Home & Living,18,0,0.0,1,"woven blanket,boho throw,tribal blanket,rustic decor,southwestern rug,cozy throw,earthy home,vintage throw,living room,throw blanket,fringe blanket,bohemian decor,gift for her",woven blanket,boho throw,tribal blanket,rustic decor,southwestern rug,cozy throw,earthy home,vintage throw,living room,throw blanket,fringe blanket,bohemian decor,gift for her
"Cozy Sherpa Fleece Blanket, Soft Comfy Throw for Winter, Perfect Gift for Christmas, Home Decor, Cabin & Camping",https://www.etsy.com/listing/1810299354/cozy-sherpa-fleece-blanket-soft-comfy,WrappingItUp365,https://www.etsy.com/shop/WrappingItUp365,61.48,0,0,0,0,0,2 Mo.,0,0,5,Home & Living,0,0,0.0,12,"cozy home decor,warm throw blanket,holiday decor,winter blanket,tree pattern blanket,gift for her,snuggle blanket,plaid fleece throw,matching living room,holiday gift decor,comfortable blanket,toddler blanket gift,rustic home accent",cozy home decor,warm throw blanket,holiday decor,winter blanket,tree pattern blanket,gift for her,snuggle blanket,plaid fleece throw,matching living room,holiday gift decor,comfortable blanket,toddler blanket gift,rustic home accent
Autumn Fox Woven Blanket | Woodland Fox Tapestry Throw,https://www.etsy.com/listing/4504018470/autumn-fox-woven-blanket-woodland-fox,NathBDeco,https://www.etsy.com/shop/NathBDeco,59.99,0,0,0,0,0,1 Mo.,0,0,0,Home & Living,0,0,0.0,0,"fox woven,woodland blanket,rustic home,cozy throw,animal decor,autumn decor,fox tapestry,gift for her,nature lover,cabin blanket,fall gift,living room,forest vibes",fox woven,woodland blanket,rustic home,cozy throw,animal decor,autumn decor,fox tapestry,gift for her,nature lover,cabin blanket,fall gift,living room,forest vibes
Checkerboard Woven Cotton Blanket: Modern Boho Cottage Decor,https://www.etsy.com/listing/4338059669/checkerboard-woven-cotton-blanket-modern,HirsuteHome,https://www.etsy.com/shop/HirsuteHome,65.72,0,0,0,0,0,10 Mo.,3,0,118,Home & Living,11,0,0.0,60,"checkerboard blanket,earth tones,cottage core,modern boho,cozy home decor,living room accent,rustic blanket,bohemian decor,handwoven throw,farmhouse style,soft blanket,warm home accessory,gift for her",checkerboard blanket,earth tones,cottage core,modern boho,cozy home decor,living room accent,rustic blanket,bohemian decor,handwoven throw,farmhouse style,soft blanket,warm home accessory,gift for her
Floral Woven Blanket: 100% Cotton Throw with Fringed Edges,https://www.etsy.com/listing/1865940158/floral-woven-blanket-100-cotton-throw,RusticBuckleDesigns,https://www.etsy.com/shop/RusticBuckleDesigns,89.98,0,0,0,0,0,15 Mo.,2,0,28,Home & Living,15,0,0.0,10,"floral woven blanket,cozy home decor,gift for her,soft throw blanket,warm blanket gift,decorative blanket,cottage chic decor,rustic living room,comfortable blanket,boho style blanket,artisan crafted gift,indoor relaxation,thoughtful gift idea",floral woven blanket,cozy home decor,gift for her,soft throw blanket,warm blanket gift,decorative blanket,cottage chic decor,rustic living room,comfortable blanket,boho style blanket,artisan crafted gift,indoor relaxation,thoughtful gift idea
Starry Night Sunflowers Sherpa Blanket: Cozy Floral Throw,https://www.etsy.com/listing/1861904270/starry-night-sunflowers-sherpa-blanket,TreasuresofLorelei,https://www.etsy.com/shop/TreasuresofLorelei,51.72,0,0,0,0,0,15 Mo.,0,0,4,Home & Living,127,0,0.0,1,"sherpa blanket,cozy home decor,boho bedroom,nature inspired,sunflower decor,warm throw blanket,rustic living room,gift for her,winter blanket,farmhouse style,night sky theme,soft couch throw,landscape print",sherpa blanket,cozy home decor,boho bedroom,nature inspired,sunflower decor,warm throw blanket,rustic living room,gift for her,winter blanket,farmhouse style,night sky theme,soft couch throw,landscape print
"Misty Evergreen Forest Velveteen Plush Blanket, Soft Home Decor Throw Blanket, Nature Serene Peaceful Foggy Peaks, Lone Boat Japandi/Scandi",https://www.etsy.com/listing/4433922551/misty-evergreen-forest-velveteen-plush,QuietHomeCreations,https://www.etsy.com/shop/QuietHomeCreations,39.00,0,0,0,0,0,4 Mo.,0,0,4,Home & Living,12,0,0.0,460,"gift for mom,gift for host,gift for coworker,camping gift,boyfriend blanket,national park decor,rustic living room,reading nook blanket,serene nature throw,calming blanket,new apartment gift,alpine home decor,black white blanket",gift for mom,gift for host,gift for coworker,camping gift,boyfriend blanket,national park decor,rustic living room,reading nook blanket,serene nature throw,calming blanket,new apartment gift,alpine home decor,black white blanket
"Plush Blanket, Cute Brown Cows and Blue Daisies Background, Cow Lover Gift, Cozy Throw, Farmhouse Decor, Animal Print Bedding",https://www.etsy.com/listing/1852721899/plush-blanket-cute-brown-cows-and-blue,RobotsLoveArt,https://www.etsy.com/shop/RobotsLoveArt,27.56,0,0,0,0,0,4 Mo.,0,0,1,Home & Living,25,0,0.0,1447,"brown cows,daisy print,farmhouse decor,animal lover gift,cozy blanket,unique design,rustic home,country living,gift for her,blanket throw,living room decor,warm and soft,spring decor",brown cows,daisy print,farmhouse decor,animal lover gift,cozy blanket,unique design,rustic home,country living,gift for her,blanket throw,living room decor,warm and soft,spring decor
"Highland Cow Woven Blanket, Cozy Home Throw, Rustic Farmhouse Blanket, Gift for Animal Lovers, Perfect for Winter",https://www.etsy.com/listing/1859629908/highland-cow-woven-blanket-cozy-home,BestQualityDesigned,https://www.etsy.com/shop/BestQualityDesigned,56.02,0,0,0,0,0,3 Mo.,0,0,6,Home & Living,3,0,0.0,0,"cow print blanket,highland cow decor,cozy woven throw,decorative blanket,rustic home decor,gift for her,living room blanket,bedroom blanket,boho blanket decor,artistic woven throw,unique gift idea,blanket for winter,handmade home goods",cow print blanket,highland cow decor,cozy woven throw,decorative blanket,rustic home decor,gift for her,living room blanket,bedroom blanket,boho blanket decor,artistic woven throw,unique gift idea,blanket for winter,handmade home goods
Floral Woven Cotton Blanket: Vintage Style Throw with Fringed Edges,https://www.etsy.com/listing/4391243792/floral-woven-cotton-blanket-vintage,SarashCreativesShop,https://www.etsy.com/shop/SarashCreativesShop,58.43,0,0,0,0,0,1 Mo.,0,0,0,Home & Living,0,0,0.0,1,"floral blanket,cozy home decor,warm throw blanket,boho style blanket,vintage floral throw,gift for her,rustic home accent,spring decor blanket,soft woven throw,home warmth gift,living room decor,comfortable home,decorative throw",floral blanket,cozy home decor,warm throw blanket,boho style blanket,vintage floral throw,gift for her,rustic home accent,spring decor blanket,soft woven throw,home warmth gift,living room decor,comfortable home,decorative throw
Chunky Knit Throw Blanket | Gift for Her | Living Room Throw Blanket | Neutral | Rustic Handmade Decor | Custom Colors,https://www.etsy.com/listing/1807937194/chunky-knit-throw-blanket-gift-for-her,ChunkyComforts,https://www.etsy.com/shop/ChunkyComforts,170.00,0,0,0,0,0,8 Mo.,1,0,58,Home & Living,23,0,0.0,12,"farmhouse,rustic,handmade,winter,christmas,mantle,custom colors,chunky blanket,throw blanket,chunky knit",farmhouse,rustic,handmade,winter,christmas,mantle,custom colors,chunky blanket,throw blanket,chunky knit,--,--,--
Tribal Owl Blanket Boho Sherpa Throw Fleece Bedding Tattoo Art Blanket Aztec Cozy Cover Wildlife Animal Decor,https://www.etsy.com/listing/1864336303/tribal-owl-blanket-boho-sherpa-throw,Lujeana,https://www.etsy.com/shop/Lujeana,65.00,0,0,0,0,0,4 Mo.,0,0,6,Home & Living,5,0,0.0,1,"sherpa fleece,tribal owl,cozy blanket,bohemian decor,winter home,gift for him,gift for her,living room accents,unique bedding,couch throw,rustic style,nature lover gift,housewarming present",sherpa fleece,tribal owl,cozy blanket,bohemian decor,winter home,gift for him,gift for her,living room accents,unique bedding,couch throw,rustic style,nature lover gift,housewarming present
Old Skool Duck Camouflage Fleece Throw Blanket 40x30,https://www.etsy.com/listing/4374236779/old-skool-duck-camouflage-fleece-throw,GrassyCreekCharmVA,https://www.etsy.com/shop/GrassyCreekCharmVA,30.99,0,0,0,0,0,2 Mo.,3,0,106,Home & Living,2,0,0.0,17,"arctic blanket,cabin accessories,camouflage fleece,camping gear,christmas present,cozy living room,duck pattern throw,gift for him,hunting season,nature lover,outdoor adventure,rustic decor,winter home decor",arctic blanket,cabin accessories,camouflage fleece,camping gear,christmas present,cozy living room,duck pattern throw,gift for him,hunting season,nature lover,outdoor adventure,rustic decor,winter home decor
Raven and Skull Woven Blanket | Gothic Bird Throw,https://www.etsy.com/listing/4404370494/raven-and-skull-woven-blanket-gothic,BaldEagleDesignn,https://www.etsy.com/shop/BaldEagleDesignn,70.65,0,0,0,0,0,1 Mo.,0,0,105,Home & Living,1,39,0.0,1,"woven blanket,eagle blanket,native decor,boho throw,rustic throw,wildlife throw,cabin decor,outdoor blanket,mountain decor,gift for him,housewarming gift,living room rug,vintage blanket",woven blanket,eagle blanket,native decor,boho throw,rustic throw,wildlife throw,cabin decor,outdoor blanket,mountain decor,gift for him,housewarming gift,living room rug,vintage blanket
"Manta Sherpa con diseño  de lago y montaña, Patrón azteca para exteriores, manta de camping, regalo de viaje, regalo de montaña",https://www.etsy.com/listing/4406022436/manta-sherpa-con-diseno-de-lago-y,TuristadlvGalery,https://www.etsy.com/shop/TuristadlvGalery,59.00,0,0,0,0,0,6 Mo.,1,0,37,Home & Living,33,0,0.0,1,"sherpa blanket,fleece blanket,cozy throw,boho blanket,southwest throw,camping blanket,travel blanket,mountain decor,gift for hikers,outdoor blanket,rustic home,warm throw,living room",sherpa blanket,fleece blanket,cozy throw,boho blanket,southwest throw,camping blanket,travel blanket,mountain decor,gift for hikers,outdoor blanket,rustic home,warm throw,living room
"Vintage Floral Woven Blanket, Boho Home Decor, Cozy Throw for Living Room, Gift for Mom or Grandma, Handwoven Craft, Rustic Style Cover",https://www.etsy.com/listing/4425206028/vintage-floral-woven-blanket-boho-home,BugrahanArtDesign,https://www.etsy.com/shop/BugrahanArtDesign,124.60,0,0,0,0,0,5 Mo.,0,0,0,Home & Living,55,0,0.0,1748,"vintage floral,boho cozy,living room,mom grandma,handwoven craft,rustic cover,home throw blanket,cozy gift,vintage style decor,floral cozy blanket,boho handwoven craft,rustic home decor,cozy mom gift",vintage floral,boho cozy,living room,mom grandma,handwoven craft,rustic cover,home throw blanket,cozy gift,vintage style decor,floral cozy blanket,boho handwoven craft,rustic home decor,cozy mom gift
"Southwestern Stripe Woven Blanket | Boho Tribal Throw, Fringe Edge",https://www.etsy.com/listing/4441581190/southwestern-stripe-woven-blanket-boho,YeetstorePE,https://www.etsy.com/shop/YeetstorePE,81.80,0,0,0,0,0,1 Mo.,0,0,3,Home & Living,19,0,0.0,134,"woven blanket,boho throw,tribal blanket,fringe throw,earthy home,cozy decor,living room,bedroom throw,handmade vibe,gift for her,housewarming,rustic decor,bohemian rug",woven blanket,boho throw,tribal blanket,fringe throw,earthy home,cozy decor,living room,bedroom throw,handmade vibe,gift for her,housewarming,rustic decor,bohemian rug
Southwestern Tribal Pattern Woven Blanket | Aztec Navajo Throw,https://www.etsy.com/listing/4442340556/southwestern-tribal-pattern-woven,YeetstorePE,https://www.etsy.com/shop/YeetstorePE,81.80,0,0,0,0,0,1 Mo.,0,0,0,Home & Living,19,0,0.0,134,"woven blanket,southwest blanket,boho throw,tribal blanket,fringe throw,camping blanket,aztec throw,cozy home,bohemian decor,rustic decor,living room,gift for mom,housewarming gift",woven blanket,southwest blanket,boho throw,tribal blanket,fringe throw,camping blanket,aztec throw,cozy home,bohemian decor,rustic decor,living room,gift for mom,housewarming gift
Verdant Meadow Landscape Sherpa Blanket | Impressionist Scenic Throw,https://www.etsy.com/listing/4405830293/verdant-meadow-landscape-sherpa-blanket,HPLuxuryDecorDesign,https://www.etsy.com/shop/HPLuxuryDecorDesign,41.26,0,0,0,0,0,6 Mo.,0,0,5,Home & Living,9,0,0.0,9,"sherpa blanket,fleece blanket,cozy throw,landscape throw,nature blanket,living room decor,mountain blanket,gift for her,housewarming gift,bedroom throw,forest blanket,soft sherpa,rustic home",sherpa blanket,fleece blanket,cozy throw,landscape throw,nature blanket,living room decor,mountain blanket,gift for her,housewarming gift,bedroom throw,forest blanket,soft sherpa,rustic home
"Cozy Mountain Pine Tree Throw Blanket, Rustic Winter Cabin Lodge Decor, Soft Warm Woodland Forest Blanket for Sofa or Bed",https://www.etsy.com/listing/4375284272/cozy-mountain-pine-tree-throw-blanket,RyanKMcgurl,https://www.etsy.com/shop/RyanKMcgurl,55.00,0,0,0,0,0,8 Mo.,0,0,7,Home & Living,222,0,0.0,393,"mountain cabin gift,woodland pine throw,rustic cabin blanket,warm winter bed,rustic farmhouse,holiday cabin decor,lodge home decor,pine tree,cozy sofa blanket,woodland forest,decorative accent,warm living room,gift for him",mountain cabin gift,woodland pine throw,rustic cabin blanket,warm winter bed,rustic farmhouse,holiday cabin decor,lodge home decor,pine tree,cozy sofa blanket,woodland forest,decorative accent,warm living room,gift for him
Bonsai Painting Scene Woven Blanket,https://www.etsy.com/listing/4477746262/bonsai-painting-scene-woven-blanket,AngelsFairy,https://www.etsy.com/shop/AngelsFairy,53.45,0,0,0,0,0,2 Mo.,0,0,1,Home & Living,71,0,0.0,8,"woven blanket,cozy throw,home decor,boho blanket,gift for him,cabin decor,living room,warm blanket,bed throw,holiday gift,winter blanket,rustic throw,bonsai tree",woven blanket,cozy throw,home decor,boho blanket,gift for him,cabin decor,living room,warm blanket,bed throw,holiday gift,winter blanket,rustic throw,bonsai tree
"Romantic Woven Blanket | Scripture Verse Throw, Spiritual Home Decor",https://www.etsy.com/listing/4443341378/romantic-woven-blanket-scripture-verse,TheRouxie,https://www.etsy.com/shop/TheRouxie,56.99,0,0,0,0,0,4 Mo.,0,0,1,Home & Living,4,0,0.0,0,"woven blanket,cozy throw,bedroom decor,reading blanket,gift for her,holiday gift,housewarming gift,boho home,cottagecore,rustic decor,christmas gift,soft woven,living room",woven blanket,cozy throw,bedroom decor,reading blanket,gift for her,holiday gift,housewarming gift,boho home,cottagecore,rustic decor,christmas gift,soft woven,living room
"Personalized Western Woven Blanket, Cowboy Pattern Throw, Home Decor Gift",https://www.etsy.com/listing/4427383949/personalized-western-icon-woven-blanket,WordplayArtwork,https://www.etsy.com/shop/WordplayArtwork,109.00,0,0,0,0,0,5 Mo.,0,0,5,Home & Living,28,0,0.0,207,"woven blanket,western decor,cowboy pattern,playful throw,cozy blanket,gift for her,gift for him,rustic style,living room decor,bedroom throw,artistic pattern,name blanket,personalized gift",woven blanket,western decor,cowboy pattern,playful throw,cozy blanket,gift for her,gift for him,rustic style,living room decor,bedroom throw,artistic pattern,name blanket,personalized gift
"Red Panda Woven Cotton Blanket - 100% Cotton Tapestry Throw, Cozy Boho Decor for Living Room, Bed or Wall",https://www.etsy.com/listing/4405969219/red-panda-woven-cotton-blanket-100,WovelyArt,https://www.etsy.com/shop/WovelyArt,47.65,0,0,0,0,0,6 Mo.,2,0,45,Home & Living,6,0,0.0,12,"woven blanket,cotton throw,tapestry blanket,animal tapestry,rustic cabin decor,cozy home decor,living room throw,housewarming gift,gift for mom,boho tapestry,nature inspired,woven cotton,boho blanket",woven blanket,cotton throw,tapestry blanket,animal tapestry,rustic cabin decor,cozy home decor,living room throw,housewarming gift,gift for mom,boho tapestry,nature inspired,woven cotton,boho blanket
"Cow & Calf Woven Blanket - 100% Cotton Rustic Farmhouse Throw, Cozy Tapestry for Cabin and Living Room Decor",https://www.etsy.com/listing/4409293852/cow-calf-woven-blanket-100-cotton-rustic,WovelyArt,https://www.etsy.com/shop/WovelyArt,47.65,0,0,0,0,0,6 Mo.,0,0,7,Home & Living,6,0,0.0,12,"woven blanket,cotton throw,tapestry blanket,farmhouse decor,rustic cabin,barnyard decor,living room throw,gift for mom,housewarming gift,cozy cottage,nature inspired,cabin decor,rustic decor blanket",woven blanket,cotton throw,tapestry blanket,farmhouse decor,rustic cabin,barnyard decor,living room throw,gift for mom,housewarming gift,cozy cottage,nature inspired,cabin decor,rustic decor blanket
Orange Stairs 100% Cotton Throw Blanket - Rustic Cozy Home Decor,https://www.etsy.com/listing/4418414025/orange-stairs-100-cotton-throw-blanket,WovelyArt,https://www.etsy.com/shop/WovelyArt,58.01,0,0,0,0,0,5 Mo.,0,0,2,Home & Living,6,0,0.0,12,"woven blanket,cotton throw,tapestry blanket,living room throw,wall tapestry,burnt orange,brown accents,100 percent cotton,rustic decor,cozy home decor,housewarming gift,gift for mom,organic cotton",woven blanket,cotton throw,tapestry blanket,living room throw,wall tapestry,burnt orange,brown accents,100 percent cotton,rustic decor,cozy home decor,housewarming gift,gift for mom,organic cotton
"Pig Woven Blanket - 100% Cotton Throw, Rustic Farmhouse Cozy Tapestry for Living Room Decor",https://www.etsy.com/listing/4404053046/pig-woven-blanket-100-cotton-throw,WovelyArt,https://www.etsy.com/shop/WovelyArt,47.65,0,0,0,0,0,6 Mo.,0,0,2,Home & Living,6,0,0.0,12,"woven blanket,cotton throw,woven tapestry,pig blanket,farmhouse decor,rustic vibe,sofa throw,wall hanging,housewarming gift,gift for mom,cozy home decor,cottagecore style,livestock art",woven blanket,cotton throw,woven tapestry,pig blanket,farmhouse decor,rustic vibe,sofa throw,wall hanging,housewarming gift,gift for mom,cozy home decor,cottagecore style,livestock art
"Winter Pine Throw Blanket, 100% Cotton Snowy Nature Decor for Cabin & Living Room",https://www.etsy.com/listing/4397479842/winter-pine-throw-blanket-100-cotton,WovelyArt,https://www.etsy.com/shop/WovelyArt,56.00,0,0,0,0,0,6 Mo.,0,0,6,Home & Living,6,0,0.0,12,"woven blanket,cotton throw,living room throw,cabin decor,winter pine,snowy nature,cozy winter,rustic cabin,housewarming gift,gift for mom,cottagecore,woodland pine throw,jacquard weave",woven blanket,cotton throw,living room throw,cabin decor,winter pine,snowy nature,cozy winter,rustic cabin,housewarming gift,gift for mom,cottagecore,woodland pine throw,jacquard weave
"Boho Cotton Woven Blanket - 100% Cotton Throw, Cozy Tapestry Blanket for Living Room & Bedroom Decor",https://www.etsy.com/listing/4400727872/boho-cotton-woven-blanket-100-cotton,WovelyArt,https://www.etsy.com/shop/WovelyArt,56.00,0,0,0,0,0,6 Mo.,0,0,0,Home & Living,6,0,0.0,12,"woven blanket,cotton throw,tapestry blanket,living room throw,bedroom decor,wall tapestry,boho decor,gift for mom,housewarming gift,cozy throw,made to order,rustic style,boho blanket decor",woven blanket,cotton throw,tapestry blanket,living room throw,bedroom decor,wall tapestry,boho decor,gift for mom,housewarming gift,cozy throw,made to order,rustic style,boho blanket decor
Tribal Ikat Pattern Woven Blanket | Boho Diamond Throw,https://www.etsy.com/listing/4487787843/tribal-ikat-pattern-woven-blanket-boho,TheAccessoryCanvas,https://www.etsy.com/shop/TheAccessoryCanvas,41.67,0,0,0,0,0,1 Mo.,0,0,2,Home & Living,4,0,0.0,6,"woven blanket,boho throw,tribal decor,rustic blanket,teal throw,living room,cozy home,textured throw,gift for her,housewarming,bohemian rug,fringe blanket,patterned throw",woven blanket,boho throw,tribal decor,rustic blanket,teal throw,living room,cozy home,textured throw,gift for her,housewarming,bohemian rug,fringe blanket,patterned throw
"Vintage Floral Woven Blanket | Botanical Throw, Fringe Edge",https://www.etsy.com/listing/4477271768/vintage-floral-woven-blanket-botanical,TheAccessoryCanvas,https://www.etsy.com/shop/TheAccessoryCanvas,41.74,0,0,0,0,0,2 Mo.,0,0,0,Home & Living,4,0,0.0,6,"woven blanket,floral throw,boho blanket,cottagecore decor,cozy home,living room throw,bedroom blanket,gift for her,housewarming gift,fall decor,rustic blanket,vintage floral,neutral decor",woven blanket,floral throw,boho blanket,cottagecore decor,cozy home,living room throw,bedroom blanket,gift for her,housewarming gift,fall decor,rustic blanket,vintage floral,neutral decor
Geometric Diamond Pattern Velveteen Plush Blanket | Brown Retro Aztec,https://www.etsy.com/listing/4437376217/geometric-diamond-pattern-velveteen,TOMMYBELICI,https://www.etsy.com/shop/TOMMYBELICI,64.60,0,0,0,0,0,4 Mo.,0,0,4,Home & Living,35,0,0.0,1,"plush blanket,velveteen throw,cozy home,rustic decor,warm blanket,boho throw,geometric throw,earth tone decor,autumn blanket,living room,soft blanket,housewarming gift,gift for her",plush blanket,velveteen throw,cozy home,rustic decor,warm blanket,boho throw,geometric throw,earth tone decor,autumn blanket,living room,soft blanket,housewarming gift,gift for her
Bull in Storm Woven Blanket | Scenic Rustic Throw,https://www.etsy.com/listing/4403748630/bull-in-storm-woven-blanket-scenic,TheBrindleCowgirl,https://www.etsy.com/shop/TheBrindleCowgirl,59.23,0,0,0,0,0,6 Mo.,0,0,8,Home & Living,9,0,0.0,28,"woven blanket,cozy throw,nature blanket,rustic decor,bedroom throw,camping blanket,neutral blanket,boho throw,living room throw,housewarming gift,cattle lover,farm throw,gift for ranchers",woven blanket,cozy throw,nature blanket,rustic decor,bedroom throw,camping blanket,neutral blanket,boho throw,living room throw,housewarming gift,cattle lover,farm throw,gift for ranchers
"Checkerboard Heart Pattern Woven Blanket | Cozy Throw, Rustic Farmhouse",https://www.etsy.com/listing/4451036323/checkerboard-heart-pattern-woven-blanket,AkelasCreation,https://www.etsy.com/shop/AkelasCreation,58.43,0,0,0,0,0,3 Mo.,0,0,3,Home & Living,4,0,0.0,7,"woven blanket,cozy throw,farmhouse decor,rustic blanket,checkered throw,heart pattern,neutral throw,living room,cabin decor,gift for her,housewarming gift,soft woven,boho blanket",woven blanket,cozy throw,farmhouse decor,rustic blanket,checkered throw,heart pattern,neutral throw,living room,cabin decor,gift for her,housewarming gift,soft woven,boho blanket
"Woven Sasquatch Blanket, Bigfoot Tapestry Throw, Rustic Cabin Decor, Mountain Forest Wall Art, Cryptid Gift, Cozy Couch Blanket",https://www.etsy.com/listing/4491330022/woven-sasquatch-blanket-bigfoot-tapestry,SquatchDenShop,https://www.etsy.com/shop/SquatchDenShop,133.00,0,0,0,0,0,1 Mo.,1,0,22,Home & Living,7,0,0.0,2,"woven blanket,mountain blanket,nature throw,scenic throw,outdoor decor,cozy home,cabin blanket,gift for hikers,camping throw,rustic decor,cottagestyle,earthy blanket,living room",woven blanket,mountain blanket,nature throw,scenic throw,outdoor decor,cozy home,cabin blanket,gift for hikers,camping throw,rustic decor,cottagestyle,earthy blanket,living room
Floral Mosaic Fox Woven Blanket | Boho Animal Tapestry Throw,https://www.etsy.com/listing/4492788437/floral-mosaic-fox-woven-blanket-boho,InspireGazette,https://www.etsy.com/shop/InspireGazette,68.28,0,0,0,0,0,1 Mo.,0,0,0,Home & Living,24,0,0.0,6,"woven blanket,boho throw,floral throw,cozy home,bohemian decor,living room decor,rustic blanket,gift for her,autumn decor,cottagecore,bedroom throw,housewarming gift,vintage style",woven blanket,boho throw,floral throw,cozy home,bohemian decor,living room decor,rustic blanket,gift for her,autumn decor,cottagecore,bedroom throw,housewarming gift,vintage style
Animal Print Woven Blanket: Safari Home Decor Throw,https://www.etsy.com/listing/1863245740/animal-print-woven-blanket-safari-home,DiamondDustCreatives,https://www.etsy.com/shop/DiamondDustCreatives,51.72,0,0,0,0,0,15 Mo.,0,0,8,Home & Living,20,0,0.0,23,"animal print,woven blanket,throw blanket,cozy home decor,nature inspired,wildlife lover,rustic interior,home accent,living room decor,cabin decor,nature theme,blanket for couch,warm and cozy",animal print,woven blanket,throw blanket,cozy home decor,nature inspired,wildlife lover,rustic interior,home accent,living room decor,cabin decor,nature theme,blanket for couch,warm and cozy
Throw Blanket Southwestern Tribal Geometric Boho Rustic Aztec Pattern Cozy Warm Stylish Unique Decor for Home Living Room Gift Idea,https://www.etsy.com/listing/1874062867/throw-blanket-southwestern-tribal,OopsICraftedShop,https://www.etsy.com/shop/OopsICraftedShop,96.77,0,0,0,0,0,15 Mo.,60,0,670,Home & Living,16,0,0.0,349,"decorative blanket,aztec blanket,navajo blanket,southwestern blanket,pendleton blanket,geometric blanket,boho blanket,indigenous blanket,tribal blanket,woven blanket,cozy blanket,rustic blanket,fringe blanket",decorative blanket,aztec blanket,navajo blanket,southwestern blanket,pendleton blanket,geometric blanket,boho blanket,indigenous blanket,tribal blanket,woven blanket,cozy blanket,rustic blanket,fringe blanket
Personalized Woven Blanket Custom Initial animal print Throw Neutral Home Decor Monogram Gift for Her Housewarming Gift,https://www.etsy.com/listing/4460559336/personalized-woven-blanket-custom,Cozyloomblanket,https://www.etsy.com/shop/Cozyloomblanket,79.95,0,0,0,0,0,3 Mo.,0,0,3,Home & Living,8,0,0.0,8,"woven blanket,custom blanket,personalized throw,tapestry blanket,plaid blanket,rustic decor,custom woven gift,heirloom blanket,gift for parents,housewarming gift,throw blanket couch,monogram gift,living room decor",woven blanket,custom blanket,personalized throw,tapestry blanket,plaid blanket,rustic decor,custom woven gift,heirloom blanket,gift for parents,housewarming gift,throw blanket couch,monogram gift,living room decor
"Woven Blanket Rust Cotton Throw With Stripes Green Dots, Earthy Cozy Fall Blanket",https://www.etsy.com/listing/4425685320/rust-stripe-cotton-blanket-green-dot,TimelessChicDecor,https://www.etsy.com/shop/TimelessChicDecor,44.50,0,0,0,0,0,5 Mo.,7,0,75,Home & Living,5,0,0.0,27,"woven blanket rust,modern couch throw,rustic stripes throw,earthy home accent,gift for snuggling,christmas cozy gift,living room blanket,rust stripe blanket,rust beige blanket,rust color throw,earthy bed throw,jacquard style rug,airbnb sofa decor",woven blanket rust,modern couch throw,rustic stripes throw,earthy home accent,gift for snuggling,christmas cozy gift,living room blanket,rust stripe blanket,rust beige blanket,rust color throw,earthy bed throw,jacquard style rug,airbnb sofa decor
"Cozy Autumn Sherpa Fleece Blanket, Soft Throw Blanket for Fall Decor, Perfect Gift for Thanksgiving, Home Comfort Item, Floral Design",https://www.etsy.com/listing/4343494479/cozy-autumn-sherpa-fleece-blanket-soft,GothicGraceCreations,https://www.etsy.com/shop/GothicGraceCreations,45.00,0,0,0,0,0,10 Mo.,1,0,6,Home & Living,126,0,0.0,23,"cozy fleece blanket,fall home decor,autumn cozy throw,warm sherpa blanket,gifts for home,floral fleece throw,seasonal home decor,comfort blanket gift,rustic living room,snuggle blanket idea,soft warm blanket,nature lovers gift,outdoor cozy blanket",cozy fleece blanket,fall home decor,autumn cozy throw,warm sherpa blanket,gifts for home,floral fleece throw,seasonal home decor,comfort blanket gift,rustic living room,snuggle blanket idea,soft warm blanket,nature lovers gift,outdoor cozy blanket
"Vintage Floral Throw Blanket, Shabby Chic Accent, Cozy Polyester",https://www.etsy.com/listing/1844230108/vintage-floral-throw-blanket-shabby-chic,SophDHomeScents,https://www.etsy.com/shop/SophDHomeScents,64.99,0,0,0,0,0,16 Mo.,0,0,5,Home & Living,17,0,0.0,75,"shabby chic,cozy home decor,gift for her,living room decor,winter blanket,farmhouse style,warm and cozy,rustic home decor,housewarming gift,couch throw blanket,unique gift idea,vintage style,textile art",shabby chic,cozy home decor,gift for her,living room decor,winter blanket,farmhouse style,warm and cozy,rustic home decor,housewarming gift,couch throw blanket,unique gift idea,vintage style,textile art
"Train Engine Woven Blanket - Railroad Locomotive Design, Cozy Home Decor, Gift for Train Enthusiasts, Engine Lover Blanket, Railway Decor",https://www.etsy.com/listing/1884038107/train-engine-woven-blanket-railroad,EagleEyeHomeandDecor,https://www.etsy.com/shop/EagleEyeHomeandDecor,51.72,0,0,0,0,0,14 Mo.,4,0,79,Home & Living,20,0,0.0,2,"train engine,woven blanket,vintage decor,home decor,train lover gift,gift for him,cozy throw blanket,unique gift,rustic style,living room decor,birthday present,holiday gift,housewarming gift",train engine,woven blanket,vintage decor,home decor,train lover gift,gift for him,cozy throw blanket,unique gift,rustic style,living room decor,birthday present,holiday gift,housewarming gift
Vintage Floral Medallion Woven Blanket | Tapestry Rose Throw,https://www.etsy.com/listing/4455110085/vintage-floral-medallion-woven-blanket,StarrgirllCo,https://www.etsy.com/shop/StarrgirllCo,56.99,0,0,0,0,0,3 Mo.,1,0,14,Home & Living,4,0,0.0,1,"woven blanket,floral throw,vintage blanket,boho decor,cozy throw,living room throw,tapestry throw,cottagecore,gift for mom,housewarming gift,bedroom throw,shabby chic,rustic decor",woven blanket,floral throw,vintage blanket,boho decor,cozy throw,living room throw,tapestry throw,cottagecore,gift for mom,housewarming gift,bedroom throw,shabby chic,rustic decor
"Equestrian | Horse | Cozy Plush Throw Blanket, Living Room, Housewarming Gift",https://www.etsy.com/listing/4376697109/black-leaping-horse-blanket-cozy-luxury,LoriArbelArt,https://www.etsy.com/shop/LoriArbelArt,42.38,0,0,0,0,0,8 Mo.,0,0,3,Home & Living,116,0,0.0,3,"cozy home blanket,living room decor,decorative throw,spring home decor,luxurious home gift,black stallion,gift for horse lover,horse gifts,rustic farmhouse art,horse rider,plush throw blanket,soft throw blankets,equestrian",cozy home blanket,living room decor,decorative throw,spring home decor,luxurious home gift,black stallion,gift for horse lover,horse gifts,rustic farmhouse art,horse rider,plush throw blanket,soft throw blankets,equestrian
"Spring Meadow Antelope Woven Blanket | Wildlife Cotton Throw, Rustic Tapestry Couch Cover",https://www.etsy.com/listing/4479063036/spring-meadow-antelope-woven-blanket-o,MAHouseGifts,https://www.etsy.com/shop/MAHouseGifts,78.30,0,0,0,0,0,2 Mo.,0,0,10,Home & Living,12,0,0.0,9,"woven blanket,desert tapestry,boho home,western decor,cow skull art,rustic throw,southwest style,animal tapestry,earth tone decor,lodge blanket,gift for him,living room throw,bohemian throw",woven blanket,desert tapestry,boho home,western decor,cow skull art,rustic throw,southwest style,animal tapestry,earth tone decor,lodge blanket,gift for him,living room throw,bohemian throw
Tea Cup Island scene Sherpa blanket | surreal teacup landscape throw,https://www.etsy.com/listing/4492486020/tea-cup-island-scene-sherpa-blanket,RobsGeneralFinds,https://www.etsy.com/shop/RobsGeneralFinds,49.95,0,0,0,0,0,1 Mo.,0,0,0,Home & Living,30,0,0.0,69,"sherpa blanket,fleece throw,cozy blanket,warm throw,neutral decor,rustic blanket,coffee art,surreal design,bed throw,living room,gift for her,housewarming gift,relaxing vibes",sherpa blanket,fleece throw,cozy blanket,warm throw,neutral decor,rustic blanket,coffee art,surreal design,bed throw,living room,gift for her,housewarming gift,relaxing vibes
Scottish Highland Cow Gift for Her Cotton Woven Blanket Fringe Edge Farm Animal Throw Rustic Western Tapestry Neutral Cottagecore Decor,https://www.etsy.com/listing/4477240056/highland-cow-woven-blanket-tapestry,ArmindaCasaCo,https://www.etsy.com/shop/ArmindaCasaCo,74.80,0,0,0,0,0,2 Mo.,0,0,4,Home & Living,6,0,0.0,19,"woven blanket,cow throw,boho blanket,western decor,rustic throw,animal blanket,highland cow,neutral throw,farmhouse rug,living room,cozy blanket,gift for her,housewarming",woven blanket,cow throw,boho blanket,western decor,rustic throw,animal blanket,highland cow,neutral throw,farmhouse rug,living room,cozy blanket,gift for her,housewarming
"Boho Santa Fe Fleece Sherpa Blanket - Cozy Southwestern Pattern Throw Blanket, Gift for New Homeowner, Cabin, Winter Night, Bedroom Accent",https://www.etsy.com/listing/4395516321/boho-santa-fe-fleece-sherpa-blanket-cozy,HomeDecorTraditions,https://www.etsy.com/shop/HomeDecorTraditions,50.00,0,0,0,0,0,7 Mo.,0,0,2,Home & Living,40,0,0.0,1576,"boho santa fe,fleece blanket,sherpa throw,southwestern cozy,home textiles,christmas gift,warm bedding,couch blanket,living room,rustic style,gift for her,turquoise green tan,western decor",boho santa fe,fleece blanket,sherpa throw,southwestern cozy,home textiles,christmas gift,warm bedding,couch blanket,living room,rustic style,gift for her,turquoise green tan,western decor
"Sunflower Artwork Woven Blanket | Tapestry Throw, Rustic Floral Home Decor Wall Art Display Housewarming gift",https://www.etsy.com/listing/4455639161/sunflower-artwork-woven-blanket-tapestry,KlutchMerch,https://www.etsy.com/shop/KlutchMerch,74.25,0,0,0,0,0,4 Mo.,0,0,2,Home & Living,37,0,0.0,931,"woven blanket,sunflower blanket,cozy throw,boho blanket,farmhouse decor,cottagecore gift,living room throw,rustic home,autumn decor,floral throw,vintage blanket,gift for her,sunflower decor",woven blanket,sunflower blanket,cozy throw,boho blanket,farmhouse decor,cottagecore gift,living room throw,rustic home,autumn decor,floral throw,vintage blanket,gift for her,sunflower decor
"Winter Deer Blanket: Holiday Fleece Throw, Cozy Christmas Decor",https://www.etsy.com/listing/1828956189/winter-deer-blanket-holiday-fleece-throw,FloweredCharms,https://www.etsy.com/shop/FloweredCharms,35.97,0,0,0,6,2,19 Mo.,12,0,772,Home & Living,22,0,0.78,129,"winter deer,christmas throw,velveteen plush,cozy home decor,holiday gift,warm blanket,rustic throw,festive lap blanket,nature inspired,living room accent,gift for her,christmas present,deer lover gift",winter deer,christmas throw,velveteen plush,cozy home decor,holiday gift,warm blanket,rustic throw,festive lap blanket,nature inspired,living room accent,gift for her,christmas present,deer lover gift
"Floral Goose Woven Blanket | Tapestry Throw, Bird and Flowers",https://www.etsy.com/listing/4447548099/floral-goose-woven-blanket-tapestry,HangwithJT,https://www.etsy.com/shop/HangwithJT,45.99,0,0,0,0,0,5 Mo.,0,0,2,Home & Living,23,0,0.0,218,"woven blanket,floral throw,boho blanket,cozy throw,duck decor,cottage core,rustic home,throw blanket,gift for her,spring decor,living room,bedroom throw,floral decor",woven blanket,floral throw,boho blanket,cozy throw,duck decor,cottage core,rustic home,throw blanket,gift for her,spring decor,living room,bedroom throw,floral decor
Coastal Path Woven Blanket | Scenic Beach Trail Throw,https://www.etsy.com/listing/4477586381/coastal-path-woven-blanket-scenic-beach,1ofaKindbyLeslie,https://www.etsy.com/shop/1ofaKindbyLeslie,59.49,0,0,0,0,0,3 Mo.,0,0,2,Home & Living,42,0,0.0,326,"woven blanket,cozy throw,nature blanket,pixel art throw,landscape throw,gift for her,housewarming gift,rustic blanket,outdoor picnic,boho throw,living room throw,photography art,photo blanket",woven blanket,cozy throw,nature blanket,pixel art throw,landscape throw,gift for her,housewarming gift,rustic blanket,outdoor picnic,boho throw,living room throw,photography art,photo blanket
Western Horses Woven Blanket | Ranch Horse Pattern Throw,https://www.etsy.com/listing/4518186251/western-horses-woven-blanket-ranch-horse,WillieRoseCo,https://www.etsy.com/shop/WillieRoseCo,50.00,0,0,0,0,0,1 Mo.,0,0,6,Home & Living,0,0,0.0,0,"woven blanket,animal print throw,cowboy decor,rustic throw,boho blanket,western blanket,earth tone throw,cozy throw,living room rug,farmhouse throw,gift for him,housewarming gift,cabin decor",woven blanket,animal print throw,cowboy decor,rustic throw,boho blanket,western blanket,earth tone throw,cozy throw,living room rug,farmhouse throw,gift for him,housewarming gift,cabin decor
"Arctic Fox Scandinavian Style Woven Blanket, Cottagecore tapestry, Floral Throw, Mountain Art Lap Quilt, Nature Lover Gift, Icelandic gift",https://www.etsy.com/listing/4319762260/arctic-fox-scandinavian-style-woven,WovenStylez,https://www.etsy.com/shop/WovenStylez,117.41,0,0,0,0,0,12 Mo.,2,0,21,Home & Living,24,0,0.0,327,"woven blanket,arctic fox,cottagecore scandi,floral pattern,mountain landscape,cozy home decor,nature lover gift,unique throw blanket,rustic chic style,hygge living room,fuzzy blanket,gift for her,fox lover gift",woven blanket,arctic fox,cottagecore scandi,floral pattern,mountain landscape,cozy home decor,nature lover gift,unique throw blanket,rustic chic style,hygge living room,fuzzy blanket,gift for her,fox lover gift
Cozy Cotton Woven Blanket: Winter Cabin Decor with Colorful Fringe,https://www.etsy.com/listing/4353975136/cozy-cotton-woven-blanket-winter-cabin,AllTigerTiger,https://www.etsy.com/shop/AllTigerTiger,59.78,0,0,0,0,0,2 Mo.,0,0,0,Home & Living,5,0,0.0,39,"cozy home blanket,artistic woven throw,mountain scene decor,warm living room,blanket for couch,rustic cabin blanket,nature inspired gift,handwoven cozy throw,seasonal decor throw,woven tapestry throw,relaxing atmosphere,cabin style living,family movie night",cozy home blanket,artistic woven throw,mountain scene decor,warm living room,blanket for couch,rustic cabin blanket,nature inspired gift,handwoven cozy throw,seasonal decor throw,woven tapestry throw,relaxing atmosphere,cabin style living,family movie night
Mystic Crow - Wildflower Woven Blanket  - Dark Botanical Raven Tapestry Throw,https://www.etsy.com/listing/4410437938/mystic-crow-wildflower-woven-blanket,Zevoart,https://www.etsy.com/shop/Zevoart,82.99,0,0,0,0,0,2 Mo.,1,0,9,Home & Living,4,0,0.0,18,"woven blanket,bird throw,vintage blanket,floral throw,cottagecore decor,boho throw,living room throw,cozy home decor,gift for her,autumn decor,housewarming gift,bedroom throw,rustic throw",woven blanket,bird throw,vintage blanket,floral throw,cottagecore decor,boho throw,living room throw,cozy home decor,gift for her,autumn decor,housewarming gift,bedroom throw,rustic throw
Scottish Highland Cattle Sherpa Blanket.  2-D Print Hairy coo or fluffy cow | Cozy Farm Animal Throw,https://www.etsy.com/listing/4411890072/scottish-highland-cattle-sherpa-blanket,TiaMichelleUniverse,https://www.etsy.com/shop/TiaMichelleUniverse,77.00,0,0,0,13,4,6 Mo.,37,1,1487,Home & Living,33,66,0.87,612,"fleece blanket,sherpa throw,cozy farmhouse,highland cow,animal blanket,rustic decor,country cottage,warm sherpa,gift for her,housewarming gift,living room throw,cozy blanket,thick blanket",fleece blanket,sherpa throw,cozy farmhouse,highland cow,animal blanket,rustic decor,country cottage,warm sherpa,gift for her,housewarming gift,living room throw,cozy blanket,thick blanket
"Abstract Leaf Collage Woven Blanket | Earth Tone Tapestry Throw from Original Encaustic Copper Collage, Decor for Wall, Sofa, Chair or Bed",https://www.etsy.com/listing/4474296720/abstract-leaf-collage-woven-blanket,SuzysCornerStudio,https://www.etsy.com/shop/SuzysCornerStudio,84.99,0,0,0,0,0,2 Mo.,1,0,3,Home & Living,4,0,0.0,4,"vintage throw,autumn decor,cozy blanket,living room throw,rustic home,earth tone throw,gift for her,housewarming gift,artistic blanket,artisan decor art,boho wall tapestry,mission style art,magical gift texture",vintage throw,autumn decor,cozy blanket,living room throw,rustic home,earth tone throw,gift for her,housewarming gift,artistic blanket,artisan decor art,boho wall tapestry,mission style art,magical gift texture
"Tibetan Mastiff, Majestic Woven Blanket, Cozy Home Décor, Animal Lover Gift, Living Room Throw, Rustic Cabin Style, Perfect for Relaxation",https://www.etsy.com/listing/1905226207/tibetan-mastiff-woven-blanket-100-cotton,WearTheLuv,https://www.etsy.com/shop/WearTheLuv,52.74,0,0,0,3,2,13 Mo.,2,0,94,Home & Living,31,0,3.19,157,"cozy woven blanket,animal motif blanket,living room decor,gift for pet lovers,warm home accessory,fall decor blanket,unique wall art,bear themed gift,cabin style blanket,housewarming gift,dog mom,tibetan mastiff,rare dog breeds",cozy woven blanket,animal motif blanket,living room decor,gift for pet lovers,warm home accessory,fall decor blanket,unique wall art,bear themed gift,cabin style blanket,housewarming gift,dog mom,tibetan mastiff,rare dog breeds
"Brown Cow Print Sherpa Blanket | Fleece Throw, Animal Spot Pattern",https://www.etsy.com/listing/4490904335/brown-cow-print-sherpa-blanket-fleece,WearTheLuv,https://www.etsy.com/shop/WearTheLuv,40.73,0,0,0,0,0,1 Mo.,0,0,3,Home & Living,31,0,0.0,157,"sherpa blanket,fleece blanket,cow print,cozy throw,farmhouse decor,rustic blanket,animal print,warm throw,country home,bedroom decor,gift for her,winter blanket,living room throw",sherpa blanket,fleece blanket,cow print,cozy throw,farmhouse decor,rustic blanket,animal print,warm throw,country home,bedroom decor,gift for her,winter blanket,living room throw
"Personalized Floral Woven Blanket for Cozy Living Space, Custom Family Gift, Home Decor, Blanket for Housewarming, Birthday",https://www.etsy.com/listing/1871225939/personalized-floral-woven-blanket-for,TheInspiredEditCo,https://www.etsy.com/shop/TheInspiredEditCo,79.99,0,0,0,0,0,3 Mo.,1,0,8,Home & Living,7,0,0.0,3,"floral home decor,personalized blanket,family woven throw,rustic living room,boho style blanket,gifts for her,wedding gift idea,unique home gift,sunflower blanket,family name throw,handwoven blanket,cozy fall decor,country style throw",floral home decor,personalized blanket,family woven throw,rustic living room,boho style blanket,gifts for her,wedding gift idea,unique home gift,sunflower blanket,family name throw,handwoven blanket,cozy fall decor,country style throw
"Olive Green Woven Blanket, Rustic Boho Tapestry, Earthy Eclectic Throw, Organic Abstract Motifs Rug, Cozy Chic Blanket Gift, Artistic Design",https://www.etsy.com/listing/4297062783/olive-green-woven-blanket-rustic-boho,ArtIntegrum,https://www.etsy.com/shop/ArtIntegrum,103.53,0,0,0,0,0,13 Mo.,6,0,138,Home & Living,54,0,0.0,43,"woven blanket,cozy home decor,geometric pattern,tapestry blanket,outdoor blankets,artistic throw,gift for her,picnic blanket,olive green blanket,organic motif design,rustic boho tapestry,living room rug,eclectic home design",woven blanket,cozy home decor,geometric pattern,tapestry blanket,outdoor blankets,artistic throw,gift for her,picnic blanket,olive green blanket,organic motif design,rustic boho tapestry,living room rug,eclectic home design
Velveteen Plush Throw Blanket Sage Green & Brown Vintage Checkerboard Cozy Rustic Boho Earth Tone Couch Throw Housewarming Gift Home Decor,https://www.etsy.com/listing/4482646420/velveteen-plush-throw-blanket-sage-green,WesternSnugglesCo,https://www.etsy.com/shop/WesternSnugglesCo,28.15,0,0,0,0,0,1 Mo.,0,0,7,Home & Living,5,0,0.0,1,"plush blanket,cozy throw,green diamond throw,soft home blanket,living room decor,gift for her,housewarming gift,nursery blanket,rustic home decor,sage green blanket,floral throw blanket,velveteen throw,cabin home decor",plush blanket,cozy throw,green diamond throw,soft home blanket,living room decor,gift for her,housewarming gift,nursery blanket,rustic home decor,sage green blanket,floral throw blanket,velveteen throw,cabin home decor
Cozy Plush Couch Blanket Plum Floral Velveteen Throw Neutral Vintage Style Soft Rustic Boho Home Decor Housewarming Gift,https://www.etsy.com/listing/4482798593/plum-floral-velveteen-throw-cozy-plush,WesternSnugglesCo,https://www.etsy.com/shop/WesternSnugglesCo,28.15,0,0,0,0,0,1 Mo.,0,0,8,Home & Living,5,0,0.0,1,"plush blanket,velveteen throw,living room decor,bedroom throw,gift for her,luxe blanket,boho home decor,soft floral throw,cozy earthy colors,rustic purple throw,farmhouse decor,vintage style decor,plum and taupe",plush blanket,velveteen throw,living room decor,bedroom throw,gift for her,luxe blanket,boho home decor,soft floral throw,cozy earthy colors,rustic purple throw,farmhouse decor,vintage style decor,plum and taupe
Vintage Mountain Sun Scenic Blanket | Rustic Abstract Cozy Throw,https://www.etsy.com/listing/4482036759/vintage-mountain-sun-scenic-blanket,WildwaresCanada,https://www.etsy.com/shop/WildwaresCanada,39.97,0,0,0,0,0,1 Mo.,0,0,1,Home & Living,28,0,0.0,1,"vintage blanket,rustic blanket,cozy throw,abstract blanket,cabin decor,camping blanket,boho throw,outdoor blanket,gift for hikers,housewarming gift,autumn blanket,living room throw,bedroom decor",vintage blanket,rustic blanket,cozy throw,abstract blanket,cabin decor,camping blanket,boho throw,outdoor blanket,gift for hikers,housewarming gift,autumn blanket,living room throw,bedroom decor
"Cozy Woven Blanket for Horse Lovers, Equestrian Decor, Home Comfort, Unique Gift for Horse Enthusiasts, Warm Throw for All Seasons",https://www.etsy.com/listing/4310384201/cozy-woven-blanket-for-horse-lovers,TheCNRCollection,https://www.etsy.com/shop/TheCNRCollection,53.40,0,0,0,0,0,6 Mo.,0,0,11,Home & Living,16,0,0.0,38,"cozy home decor,horse lover gift,woven throw blanket,outdoor adventure,rustic living room,western style decor,horse print blanket,warm snuggle throw,country chic style,farmhouse blanket,gift for equestrians,reversible blanket,picnic or camping",cozy home decor,horse lover gift,woven throw blanket,outdoor adventure,rustic living room,western style decor,horse print blanket,warm snuggle throw,country chic style,farmhouse blanket,gift for equestrians,reversible blanket,picnic or camping
"Rust Floral Woven Blanket – Vintage Botanical Throw, Burnt Orange Tapestry Blanket, Autumn Flower Wall Hanging, Cozy Boho Home Decor",https://www.etsy.com/listing/4389029064/rust-floral-woven-blanket-vintage,MulberryCircle,https://www.etsy.com/shop/MulberryCircle,78.80,0,0,0,0,0,2 Mo.,0,0,0,Home & Living,65,0,0.0,91,"cozy home decor,gift for her,wall art blanket,living room decor,gift for mom,birthday gift idea,artistic woven throw,cozy relaxing space,luxury comfy throw,fall autumn,fall blanket,rustic design,wall tapestry",cozy home decor,gift for her,wall art blanket,living room decor,gift for mom,birthday gift idea,artistic woven throw,cozy relaxing space,luxury comfy throw,fall autumn,fall blanket,rustic design,wall tapestry
"Gothic Rose Blanket, Soft Cozy Witchy Throw Blanket, Goth Flower Accent Blanket, Bedding Gift for Witch, Unique Living or Dorm Room Decor",https://www.etsy.com/listing/1566590562/gothic-rose-blanket-soft-cozy-witchy,AbloomDecor,https://www.etsy.com/shop/AbloomDecor,29.80,0,0,0,0,0,19 Mo.,3,0,34,Home & Living,25,0,0.0,585,"rose goth blanket,fun witchy blankets,cute gift for gothic,pink moth aesthetic,rustic living room,black floral bedding,college dorm room,girls room decor,teenager bedroom,cozy soft plush,comfy couch throw,accent blankets,beige purple flower",rose goth blanket,fun witchy blankets,cute gift for gothic,pink moth aesthetic,rustic living room,black floral bedding,college dorm room,girls room decor,teenager bedroom,cozy soft plush,comfy couch throw,accent blankets,beige purple flower
Plaid Tartan Woven Blanket | Rustic Fall Plaid Throw,https://www.etsy.com/listing/4427133194/plaid-tartan-woven-blanket-rustic-fall,FormAndHearth,https://www.etsy.com/shop/FormAndHearth,55.99,0,0,0,0,0,4 Mo.,1,0,70,Home & Living,4,0,0.0,0,"woven blanket,plaid throw,cozy throw,rustic decor,boho blanket,cabin decor,living room,gift for him,gift for her,autumn decor,fall throw,neutral throw,textured blanket",woven blanket,plaid throw,cozy throw,rustic decor,boho blanket,cabin decor,living room,gift for him,gift for her,autumn decor,fall throw,neutral throw,textured blanket
"Blue Orange Plaid Woven Blanket | Reversible Fringe Throw, Rustic Cabin Decor",https://www.etsy.com/listing/4493484758/blue-orange-plaid-woven-blanket,EssentialExspression,https://www.etsy.com/shop/EssentialExspression,56.99,0,0,0,0,0,1 Mo.,0,0,2,Home & Living,29,0,0.0,66,"woven blanket,plaid throw,cozy throw,fringe blanket,couch blanket,living room,home decor,gift for him,gift for her,housewarming gift,autumn blanket,rustic decor,country cottage",woven blanket,plaid throw,cozy throw,fringe blanket,couch blanket,living room,home decor,gift for him,gift for her,housewarming gift,autumn blanket,rustic decor,country cottage
Persian Inspired Bee Garden Tapestry Woven Blanket Boho Floral Throw,https://www.etsy.com/listing/4504916676/persian-inspired-bee-garden-tapestry,AmorieDesign,https://www.etsy.com/shop/AmorieDesign,91.99,0,0,0,0,0,1 Mo.,0,0,2,Home & Living,7,0,0.0,0,"woven blanket,boho blanket,floral throw,vintage blanket,decor throw,cozy throw,living room,bedroom decor,autumn gift,housewarming,gift for her,rustic decor,textured throw",woven blanket,boho blanket,floral throw,vintage blanket,decor throw,cozy throw,living room,bedroom decor,autumn gift,housewarming,gift for her,rustic decor,textured throw
Cowhide Canyon Skull Throw Fleece Throw Blanket (Two size Options),https://www.etsy.com/listing/4404419427/cowhide-canyon-skull-throw-fleece-throw,GrassyCreekCharmVA,https://www.etsy.com/shop/GrassyCreekCharmVA,30.99,0,0,0,0,0,1 Mo.,0,0,0,Home & Living,2,0,0.0,17,"arctic design,cabin throw blanket,cowhide print,cozy blanket,fleece throw,gift for him,living room accent,rustic decor,skull blanket,southwest vibe,unique gift idea,western style,winter home decor",arctic design,cabin throw blanket,cowhide print,cozy blanket,fleece throw,gift for him,living room accent,rustic decor,skull blanket,southwest vibe,unique gift idea,western style,winter home decor
"Sherpa Fleece Blanket: Two-Toned Plush Throw, Decorative Stitching",https://www.etsy.com/listing/4388528625/sherpa-fleece-blanket-two-toned-plush,JanetcsArt,https://www.etsy.com/shop/JanetcsArt,90.42,0,0,0,0,0,2 Mo.,0,0,9,Home & Living,137,0,0.0,18,"cozy sherpa blanket,warm throw blanket,patchwork blanket,home decor blanket,soft plush blanket,two color design,rustic cozy blanket,gift for her,living room decor,fall home decor,outdoor blanket,holiday blanket gift,comfort blanket gift",cozy sherpa blanket,warm throw blanket,patchwork blanket,home decor blanket,soft plush blanket,two color design,rustic cozy blanket,gift for her,living room decor,fall home decor,outdoor blanket,holiday blanket gift,comfort blanket gift
"Velveteen Plush Blanket - Angus Cow & Calf Print, Farmhouse Decor, Cozy Throw, Animal Lover Gift, Home Accent",https://www.etsy.com/listing/4308798211/velveteen-plush-blanket-angus-cow-calf,HeritageCraftsDesign,https://www.etsy.com/shop/HeritageCraftsDesign,29.34,0,0,0,11,1,12 Mo.,2,0,53,Home & Living,115,0,20.75,23,"farmhouse decor,animal print blanket,rustic home,country living,cozy throw,nursery decor,gift for farmer,cute cows,mother's day gift,barnyard animals,soft bedding,living room accent,winter blanket",farmhouse decor,animal print blanket,rustic home,country living,cozy throw,nursery decor,gift for farmer,cute cows,mother's day gift,barnyard animals,soft bedding,living room accent,winter blanket
"Horse Reflection Woven Blanket, Rustic Equestrian Tapestry Throw, Housewarming, Christmas, Gift for Horse Lovers",https://www.etsy.com/listing/4416072764/horse-reflection-woven-blanket-rustic,HorsesDucksNClucks,https://www.etsy.com/shop/HorsesDucksNClucks,70.00,0,0,0,0,0,5 Mo.,3,0,37,Home & Living,10,0,0.0,72,"woven blanket,horse blanket,equestrian decor,farmhouse throw,cozy living room,rustic home,gift for rider,western decor,horse lover,soft throw,bedroom accent,housewarming gift,birthday horse gift",woven blanket,horse blanket,equestrian decor,farmhouse throw,cozy living room,rustic home,gift for rider,western decor,horse lover,soft throw,bedroom accent,housewarming gift,birthday horse gift
Hoa Hoa weather Cozy Woven Blanket - Warm Throw for Fall,https://www.etsy.com/listing/4398176541/hoa-hoa-weather-cozy-woven-blanket-warm,SweetiesDreamcrafts,https://www.etsy.com/shop/SweetiesDreamcrafts,35.00,0,0,0,0,0,2 Mo.,0,0,1,Home & Living,119,0,0.0,1027,"woven blanket,cozy home decor,nature print blanket,warm throw blanket,gift for friends,living room decor,rustic style blanket,soft plush throw,home comfort item,relaxing decor piece,unique gift idea,seasonal decor item,rustic home decor",woven blanket,cozy home decor,nature print blanket,warm throw blanket,gift for friends,living room decor,rustic style blanket,soft plush throw,home comfort item,relaxing decor piece,unique gift idea,seasonal decor item,rustic home decor
Southwestern Geometric Woven Blanket | Aztec Diamond Throw,https://www.etsy.com/listing/4442337652/southwestern-geometric-woven-blanket,YeetstorePE,https://www.etsy.com/shop/YeetstorePE,81.80,0,0,0,0,0,1 Mo.,0,0,1,Home & Living,19,0,0.0,134,"woven blanket,southwest throw,boho blanket,tribal throw,fringe blanket,rustic decor,aztec blanket,cotton throw,living room rug,cozy home,camping blanket,gift for her,housewarming gift",woven blanket,southwest throw,boho blanket,tribal throw,fringe blanket,rustic decor,aztec blanket,cotton throw,living room rug,cozy home,camping blanket,gift for her,housewarming gift
"Woven Cotton Blanket: Tree of Life Sunset Throw, USA Made",https://www.etsy.com/listing/4324031269/woven-cotton-blanket-tree-of-life-sunset,CozyComfyJoy,https://www.etsy.com/shop/CozyComfyJoy,115.90,0,0,0,0,0,6 Mo.,1,0,1,Home & Living,7,0,0.0,12,"nature woven blanket,sunset tree decor,cozy home accent,boho room tapestry,sunset wall hanging,hygge living room,rustic home decor,tree of life throw,camping blanket gift,warm winter blanket,landscape tapestry,fringed blanket,gift for her",nature woven blanket,sunset tree decor,cozy home accent,boho room tapestry,sunset wall hanging,hygge living room,rustic home decor,tree of life throw,camping blanket gift,warm winter blanket,landscape tapestry,fringed blanket,gift for her
"Southwestern Aztec Pattern Woven Blanket | Tribal Throw, Boho Decor",https://www.etsy.com/listing/4457285952/southwestern-aztec-pattern-woven-blanket,ZORYAOfficial,https://www.etsy.com/shop/ZORYAOfficial,58.43,0,0,0,0,0,2 Mo.,0,0,15,Home & Living,3,0,0.0,2,"woven blanket,southwest throw,boho blanket,rustic decor,aztec throw,neutral throw,living room rug,cozy throw,bohemian decor,earth tone rug,bedroom throw,gift for mom,housewarming gift",woven blanket,southwest throw,boho blanket,rustic decor,aztec throw,neutral throw,living room rug,cozy throw,bohemian decor,earth tone rug,bedroom throw,gift for mom,housewarming gift
"Wolf Pack Woven Blanket, Woodland Animal Tapestry Throw",https://www.etsy.com/listing/4448817612/wolf-pack-woven-blanket-woodland-animal,DCHdesignsStore,https://www.etsy.com/shop/DCHdesignsStore,48.89,0,0,0,0,0,4 Mo.,7,0,55,Home & Living,31,0,0.0,325,"woven blanket,wolf blanket,animal throw,cozy decor,rustic blanket,cabin decor,wildlife gift,nature blanket,winter throw,living room,mountain cabin,gift for him,camping blanket",woven blanket,wolf blanket,animal throw,cozy decor,rustic blanket,cabin decor,wildlife gift,nature blanket,winter throw,living room,mountain cabin,gift for him,camping blanket
Nutcracker Pattern Velveteen Blanket | Holiday Toy Soldier Plaid,https://www.etsy.com/listing/4414531116/nutcracker-pattern-velveteen-blanket,SimplyGo2Deb,https://www.etsy.com/shop/SimplyGo2Deb,66.50,0,0,0,0,0,6 Mo.,0,0,0,Home & Living,12,0,0.0,10,"plush blanket,velveteen throw,cozy blanket,holiday blanket,rustic decor,cabin blanket,christmas throw,warm throw,soft throw,gift for mom,living room throw,seasonal decor,winter blanket",plush blanket,velveteen throw,cozy blanket,holiday blanket,rustic decor,cabin blanket,christmas throw,warm throw,soft throw,gift for mom,living room throw,seasonal decor,winter blanket
Vintage Floral Tapestry Woven Blanket | Cottagecore Botanical Throw,https://www.etsy.com/listing/4414600580/vintage-floral-tapestry-woven-blanket,OpalLuxeEmpire,https://www.etsy.com/shop/OpalLuxeEmpire,132.63,0,0,0,0,0,6 Mo.,0,0,4,Home & Living,19,0,0.0,268,"woven blanket,cozy throw,cottagecore decor,botanical throw,living room decor,rustic blanket,gift for her,autumn decor,textured blanket,tapestry throw,botanical blanket,floral tapestry,cottagecore blanket",woven blanket,cozy throw,cottagecore decor,botanical throw,living room decor,rustic blanket,gift for her,autumn decor,textured blanket,tapestry throw,botanical blanket,floral tapestry,cottagecore blanket
"Watercolor Bunny Sherpa Throw Blanket – 2 Rabbits in Flowery Field, Cozy Animal Home Decor Gift",https://www.etsy.com/listing/4412755214/watercolor-bunny-sherpa-throw-blanket-2,ZsArtCollection,https://www.etsy.com/shop/ZsArtCollection,86.00,0,0,0,0,0,7 Mo.,0,0,42,Home & Living,33,0,0.0,121,"watercolor throw,queen size throw,cozy warm blanket,living room throw,unique gift for her,woodland animal,cozy wildlife sherpa,animal print bedding,sherpa throw blanket,quirky animal throw,rustic home decor,white rabbits throw,flowery field decor",watercolor throw,queen size throw,cozy warm blanket,living room throw,unique gift for her,woodland animal,cozy wildlife sherpa,animal print bedding,sherpa throw blanket,quirky animal throw,rustic home decor,white rabbits throw,flowery field decor
Watercolor Skunk Sherpa Throw Blanket – Gentle Woodland Animal Gift – Cozy Nature Home Decor,https://www.etsy.com/listing/4412758072/watercolor-skunk-sherpa-throw-blanket,ZsArtCollection,https://www.etsy.com/shop/ZsArtCollection,72.00,0,0,0,0,0,7 Mo.,0,0,9,Home & Living,33,0,0.0,121,"watercolor throw,cozy warm blanket,living room throw,unique gift for her,woodland animal,cozy wildlife sherpa,unique gift for him,animal print bedding,warm rustic decor,sherpa throw blanket,floral bedroom decor,gentle skunk throw,skunk throw blanket",watercolor throw,cozy warm blanket,living room throw,unique gift for her,woodland animal,cozy wildlife sherpa,unique gift for him,animal print bedding,warm rustic decor,sherpa throw blanket,floral bedroom decor,gentle skunk throw,skunk throw blanket
"Boho Sherpa Fleece Blanket, Mid Century Modern Geometric Throw",https://www.etsy.com/listing/1854534021/boho-sherpa-fleece-blanket-mid-century,SophDHomeScents,https://www.etsy.com/shop/SophDHomeScents,69.99,0,0,0,0,0,16 Mo.,0,0,3,Home & Living,17,0,0.0,75,"boho sherpa,minimalist blanket,cozy home decor,warm throw,hygge gift,rustic interior,soft bedding,gift for her,living room throw,winter must-have,neutral colors,modern bedroom,housewarming gift",boho sherpa,minimalist blanket,cozy home decor,warm throw,hygge gift,rustic interior,soft bedding,gift for her,living room throw,winter must-have,neutral colors,modern bedroom,housewarming gift
"Shabby Chic Pink Floral Sweatshirt Blanket, Cozy Throw",https://www.etsy.com/listing/1858441975/shabby-chic-pink-floral-sweatshirt,SophDHomeScents,https://www.etsy.com/shop/SophDHomeScents,64.99,0,0,0,0,0,16 Mo.,0,0,15,Home & Living,17,0,0.0,75,"shabby chic,cozy home decor,gift for her,living room decor,winter blanket,farmhouse style,warm and cozy,rustic home decor,housewarming gift,couch throw blanket,unique gift idea,vintage style,pink flowers",shabby chic,cozy home decor,gift for her,living room decor,winter blanket,farmhouse style,warm and cozy,rustic home decor,housewarming gift,couch throw blanket,unique gift idea,vintage style,pink flowers
"Shabby Chic Pink Floral Throw Blanket, Cozy Polyester Sweatshirt Blanket",https://www.etsy.com/listing/1858452045/shabby-chic-pink-floral-throw-blanket,SophDHomeScents,https://www.etsy.com/shop/SophDHomeScents,64.99,0,0,0,0,0,16 Mo.,2,0,29,Home & Living,17,0,0.0,75,"shabby chic,cozy home decor,gift for her,living room decor,winter blanket,farmhouse style,warm and cozy,rustic home decor,housewarming gift,couch throw blanket,unique gift idea,vintage style,pink flowers",shabby chic,cozy home decor,gift for her,living room decor,winter blanket,farmhouse style,warm and cozy,rustic home decor,housewarming gift,couch throw blanket,unique gift idea,vintage style,pink flowers
Spiral Woven Cotton Throw Blanket: Fringed Boho Chic Accent,https://www.etsy.com/listing/1892082939/spiral-woven-cotton-throw-blanket,CoolmodiC,https://www.etsy.com/shop/CoolmodiC,66.40,0,0,0,0,0,14 Mo.,0,0,1,Home & Living,48,0,0.0,76,"spiral blue,woven blanket,cozy home decor,gift for her,unique throw blanket,bohemian style,couch accent piece,housewarming gift,dorm room essential,rustic home decor,hygge living space,handwoven design,ocean checkered",spiral blue,woven blanket,cozy home decor,gift for her,unique throw blanket,bohemian style,couch accent piece,housewarming gift,dorm room essential,rustic home decor,hygge living space,handwoven design,ocean checkered
Personalized Woven Blanket Custom Initial animal print Throw Neutral Home Decor Monogram Gift for Her Housewarming Gift,https://www.etsy.com/listing/4460555794/personalized-woven-blanket-custom,Cozyloomblanket,https://www.etsy.com/shop/Cozyloomblanket,79.95,0,0,0,0,0,3 Mo.,0,0,0,Home & Living,8,0,0.0,8,"woven blanket,custom blanket,personalized throw,tapestry blanket,plaid blanket,rustic decor,custom woven gift,heirloom blanket,gift for parents,housewarming gift,throw blanket couch,monogram gift,living room decor",woven blanket,custom blanket,personalized throw,tapestry blanket,plaid blanket,rustic decor,custom woven gift,heirloom blanket,gift for parents,housewarming gift,throw blanket couch,monogram gift,living room decor
"Velveteen Plush Blanket - Wood Grain and Sunflowers Print, Cozy Throw, Home Decor, Gift for Nature Lovers, Floral Blanket, Couch Accent",https://www.etsy.com/listing/1845169247/velveteen-plush-blanket-wood-grain-and,AJGDesignsByAshley,https://www.etsy.com/shop/AJGDesignsByAshley,28.95,0,0,0,0,0,17 Mo.,1,0,10,Home & Living,45,0,0.0,29,"cozy blanket,sunflower home decor,wood grain throw,soft throw blanket,rustic home decor,velvet throw blanket,boho home decor,cozy home accent,bedroom decor,fall home decor,gift for her,housewarming gift,living room decor",cozy blanket,sunflower home decor,wood grain throw,soft throw blanket,rustic home decor,velvet throw blanket,boho home decor,cozy home accent,bedroom decor,fall home decor,gift for her,housewarming gift,living room decor
Sunset Mountain Landscape Woven Blanket | Retro Pixel Lake Scenery,https://www.etsy.com/listing/4415949401/sunset-mountain-landscape-woven-blanket,ALLYAhYah,https://www.etsy.com/shop/ALLYAhYah,63.71,0,0,0,0,0,5 Mo.,0,0,3,Home & Living,6,0,0.0,4,"woven blanket,mountain throw,sunset blanket,cozy decor,boho blanket,living room throw,nature throw,camping blanket,travel blanket,gift for her,housewarming gift,autumn decor,rustic blanket",woven blanket,mountain throw,sunset blanket,cozy decor,boho blanket,living room throw,nature throw,camping blanket,travel blanket,gift for her,housewarming gift,autumn decor,rustic blanket
Scenic Mountain Landscape Woven Blanket | Tapestry Throw,https://www.etsy.com/listing/4456492549/scenic-mountain-landscape-woven-blanket,QuietLightBoutique,https://www.etsy.com/shop/QuietLightBoutique,63.97,0,0,0,0,0,3 Mo.,0,0,1,Home & Living,10,0,0.0,1,"woven blanket,scenic throw,landscape blanket,cozy throw,cottage decor,country throw,vintage blanket,nature throw,living room,mountain decor,rustic blanket,gift for her,housewarming",woven blanket,scenic throw,landscape blanket,cozy throw,cottage decor,country throw,vintage blanket,nature throw,living room,mountain decor,rustic blanket,gift for her,housewarming
"Buchanan Autumn Tartan Fleece Throw Blanket, Cozy Fall Plaid Blanket for Rustic Cabin Decor, Cottage Living, and Gift Giving",https://www.etsy.com/listing/4355509115/buchanan-autumn-tartan-fleece-throw,ScottishCottageShop,https://www.etsy.com/shop/ScottishCottageShop,49.00,0,0,0,0,0,9 Mo.,0,0,9,Home & Living,60,0,0.0,914,"bedroom accessory,home textiles,gift for her,snuggle blanket,throw blanket,tartan plaid,cozy fleece blanket,warm minky throw,living room decor,thanksgiving gift,buchanan autumn,rustic fall decor,holiday cabin decor",bedroom accessory,home textiles,gift for her,snuggle blanket,throw blanket,tartan plaid,cozy fleece blanket,warm minky throw,living room decor,thanksgiving gift,buchanan autumn,rustic fall decor,holiday cabin decor
"Abstract Sunset Waves Woven Blanket | Coastal Tones, Reversible Tapestry Throw",https://www.etsy.com/listing/4473075477/abstract-sunset-waves-woven-blanket,BloomandBlessCo,https://www.etsy.com/shop/BloomandBlessCo,71.58,0,0,0,0,0,2 Mo.,2,0,8,Home & Living,3,0,0.0,2,"woven blanket,sunset blanket,boho throw,abstract throw,cozy home,living room,bedroom decor,housewarming gift,bohemian home,neutral decor,rustic blanket,textured throw,gift for her",woven blanket,sunset blanket,boho throw,abstract throw,cozy home,living room,bedroom decor,housewarming gift,bohemian home,neutral decor,rustic blanket,textured throw,gift for her
William Morris Style Deer Forest Woven Blanket | Woodland Tapestry Throw,https://www.etsy.com/listing/4499706916/william-morris-style-deer-forest-woven,TealandFeathers,https://www.etsy.com/shop/TealandFeathers,110.43,0,0,0,0,0,1 Mo.,0,0,6,Home & Living,2,0,0.0,1,"woven blanket,animal blanket,nature decor,woodland throw,rustic home,cabin blanket,duck decor,outdoor vibe,cozy throw,gift for him,fall decor,living room,farmhouse throw",woven blanket,animal blanket,nature decor,woodland throw,rustic home,cabin blanket,duck decor,outdoor vibe,cozy throw,gift for him,fall decor,living room,farmhouse throw
"Rustic Folk Art Easter Egg Woven Throw Blanket for Farmhouse Living Rooms, Boho Chic Floral Tapestry for Cozy Reading Nooks and Armchairs",https://www.etsy.com/listing/4454933838/rustic-folk-art-easter-egg-woven-throw,PQQPrints,https://www.etsy.com/shop/PQQPrints,83.00,0,0,0,0,0,3 Mo.,0,0,0,Home & Living,47,0,0.0,13,"accent chair blanket,entryway bench throw,outdoor gatherings,pysanka style,slavic inspired,paschal egg,fresh bloom spring,equinox botanical,patterned egg motif,easter egg hunts,festive spring decor,sunday brunch style,family photo prop",accent chair blanket,entryway bench throw,outdoor gatherings,pysanka style,slavic inspired,paschal egg,fresh bloom spring,equinox botanical,patterned egg motif,easter egg hunts,festive spring decor,sunday brunch style,family photo prop
USMC Bronze Bulldog Statue Arctic Fleece 30x40 Blanket | Military Battle Hat Decor,https://www.etsy.com/listing/4469839645/usmc-bronze-bulldog-statue-arctic-fleece,SnarlingCrowStudios,https://www.etsy.com/shop/SnarlingCrowStudios,28.99,0,0,0,0,0,2 Mo.,0,0,33,Home & Living,208,0,0.0,575,"fleece blanket,arctic blanket,cozy throw,warm blanket,bronze art,vintage vibe,rustic decor,animal sculpture,gift for him,man cave decor,bedroom throw,living room throw,cold weather gift",fleece blanket,arctic blanket,cozy throw,warm blanket,bronze art,vintage vibe,rustic decor,animal sculpture,gift for him,man cave decor,bedroom throw,living room throw,cold weather gift
Dark Green Tartan Plaid Sherpa Fleece Blanket | Classic American Old Money Home Decor,https://www.etsy.com/listing/4415353031/dark-green-tartan-plaid-sherpa-fleece,DanonArtCollections,https://www.etsy.com/shop/DanonArtCollections,66.97,0,0,0,4,1,5 Mo.,77,0,1422,Home & Living,47,72,0.28,1234,"sherpa blanket,tartan fleece,green plaid blanket,cozy throw blanket,rustic home decor,cabin living room,plaid sherpa throw,holiday gift blanket,christmas cozy gift,gift for him,gift for her,bedroom throw decor,ralph lauren style",sherpa blanket,tartan fleece,green plaid blanket,cozy throw blanket,rustic home decor,cabin living room,plaid sherpa throw,holiday gift blanket,christmas cozy gift,gift for him,gift for her,bedroom throw decor,ralph lauren style
"Mountain Landscape Woven Blanket | Retro Scenic Throw, Mountain Coast Tapestry",https://www.etsy.com/listing/4468415362/mountain-landscape-woven-blanket-retro,SchaffenUndraArt,https://www.etsy.com/shop/SchaffenUndraArt,58.43,0,0,0,0,0,2 Mo.,0,0,3,Home & Living,5,0,0.0,1,"woven blanket,cozy throw,boho decor,cottagecore,nature blanket,living room,earthy colors,textured throw,gift for her,housewarming,rustic decor,bedroom throw,picnic blanket",woven blanket,cozy throw,boho decor,cottagecore,nature blanket,living room,earthy colors,textured throw,gift for her,housewarming,rustic decor,bedroom throw,picnic blanket
Vintage Floral Damask Woven Blanket Tapestry Throw-William Morris inspired,https://www.etsy.com/listing/4414327570/vintage-floral-damask-woven-blanket,Lovinggiftsbygigi,https://www.etsy.com/shop/Lovinggiftsbygigi,48.95,0,0,0,0,0,6 Mo.,1,0,45,Home & Living,32,0,0.0,1086,"woven blanket,boho throw,vintage throw,floral throw,tapestry throw,decorative throw,living room,cozy blanket,bedroom decor,rustic home,gift for her,housewarming gift,william morris",woven blanket,boho throw,vintage throw,floral throw,tapestry throw,decorative throw,living room,cozy blanket,bedroom decor,rustic home,gift for her,housewarming gift,william morris
Brown Argyle Fleece Sherpa Blanket | Cozy Plaid Throw,https://www.etsy.com/listing/4497590115/brown-argyle-fleece-sherpa-blanket-cozy,MandGConsulting,https://www.etsy.com/shop/MandGConsulting,28.32,0,0,0,0,0,1 Mo.,2,0,12,Home & Living,97,0,0.0,319,"fleece blanket,sherpa throw,argyle blanket,brown cozy throw,cozy home decor,classic argyle,cabin decor blanket,soft living room,gift for him,winter throw blanket,housewarming gift,bedroom throw,rustic home decor",fleece blanket,sherpa throw,argyle blanket,brown cozy throw,cozy home decor,classic argyle,cabin decor blanket,soft living room,gift for him,winter throw blanket,housewarming gift,bedroom throw,rustic home decor
Personalized Couples Wedding Gift Woven Blanket,https://www.etsy.com/listing/4453003532/personalized-couples-wedding-gift-woven,PrintLoopHaven,https://www.etsy.com/shop/PrintLoopHaven,90.00,0,0,0,0,0,3 Mo.,0,0,10,Home & Living,6,0,0.0,0,"name date blanket,rustic throw,woven blanke,gift for her,gift for him,living room rug,boho blanket,anniversary gift,wedding gift,romantic home decor,keepsake blanket,customizable gift,cozy throw",name date blanket,rustic throw,woven blanke,gift for her,gift for him,living room rug,boho blanket,anniversary gift,wedding gift,romantic home decor,keepsake blanket,customizable gift,cozy throw
"Golden Field Serenity Plush Blanket | Field Scene, Snuggle Throw, Cozy Blanket, Winter Essential, Christmas Gift Idea, Bedroom Blanket",https://www.etsy.com/listing/4415807185/golden-field-serenity-plush-blanket,IZYMRKT,https://www.etsy.com/shop/IZYMRKT,19.99,0,0,0,0,0,5 Mo.,0,0,0,Home & Living,8,0,0.0,265,"plush blanket,velveteen throw,cozy home,country landscape,cottage decor,farmhouse gift,housewarming gift,living room decor,bedroom throw,soft snuggle,rustic blanket,autumn decor,gifts for her",plush blanket,velveteen throw,cozy home,country landscape,cottage decor,farmhouse gift,housewarming gift,living room decor,bedroom throw,soft snuggle,rustic blanket,autumn decor,gifts for her
"Boho Floral Medallion Woven Blanket | Tapestry Throw, Fringe Edge",https://www.etsy.com/listing/4446100565/boho-floral-medallion-woven-blanket,ClubHausGifts,https://www.etsy.com/shop/ClubHausGifts,58.43,0,0,0,0,0,4 Mo.,0,0,0,Home & Living,6,0,0.0,0,"woven blanket,boho throw,vintage rug,medallion throw,fringe blanket,bohemian decor,rustic home,cozy throw,living room,bedroom decor,gift for her,housewarming,fall decor",woven blanket,boho throw,vintage rug,medallion throw,fringe blanket,bohemian decor,rustic home,cozy throw,living room,bedroom decor,gift for her,housewarming,fall decor
Gardening Frog Blanket | Farmhouse Cozy Throw,https://www.etsy.com/listing/4483554190/gardening-frog-blanket-farmhouse-cozy,DesignsByMoC,https://www.etsy.com/shop/DesignsByMoC,57.99,0,0,0,0,0,1 Mo.,0,0,3,Home & Living,4,0,0.0,0,"woven blanket,cozy throw,farmhouse decor,rustic blanket,hippie vibes,boho throw,gift for her,living room throw,bedroom decor,fall blanket,housewarming gift,nature blanket,frog gardening",woven blanket,cozy throw,farmhouse decor,rustic blanket,hippie vibes,boho throw,gift for her,living room throw,bedroom decor,fall blanket,housewarming gift,nature blanket,frog gardening
Saguaro Cactus Desert Sunset Woven Blanket | Southwestern Landscape Throw,https://www.etsy.com/listing/4448517284/saguaro-cactus-desert-sunset-woven,MustangMaryPhotos,https://www.etsy.com/shop/MustangMaryPhotos,58.14,0,0,0,0,0,4 Mo.,0,0,14,Home & Living,4,0,0.0,0,"desert blanket,southwest decor,cactus throw,sunset blanket,boho blanket,woven throw,cozy living,rustic home,boho living,room accent,gift for her,housewarming gift,camping blanket",desert blanket,southwest decor,cactus throw,sunset blanket,boho blanket,woven throw,cozy living,rustic home,boho living,room accent,gift for her,housewarming gift,camping blanket
"Black and White Pinto Paint Horse Woven Blanket | Horse Portrait Throw, 100% Cotton",https://www.etsy.com/listing/4472489976/black-and-white-pinto-paint-horse-woven,DovetailContent,https://www.etsy.com/shop/DovetailContent,68.95,0,0,0,0,0,2 Mo.,0,0,5,Home & Living,11,0,0.0,34,"woven blanket,horse blanket,barn decor,equine throw,cozy throw,farmhouse decor,rustic home,gift for her,gift for him,country living,living room,bedroom decor,pinto paint horse",woven blanket,horse blanket,barn decor,equine throw,cozy throw,farmhouse decor,rustic home,gift for her,gift for him,country living,living room,bedroom decor,pinto paint horse
"Christmas throw blanket winter aesthetic seasonal decor, Snuggle blanket gift for kids, Holiday decor living room blanket",https://www.etsy.com/listing/1773375390/christmas-throw-blanket-winter-aesthetic,CraftinintheGrove,https://www.etsy.com/shop/CraftinintheGrove,30.97,0,0,0,0,0,20 Mo.,0,0,27,Home & Living,28,0,0.0,485,"throw blanket,rustic christmas,christmas décor,for living room,christmas throw,christmas blanket,winter aesthetic,seasonal decor,snuggle blanket,gift for kids,holiday decor,living room blanket,farmhouse decor",throw blanket,rustic christmas,christmas décor,for living room,christmas throw,christmas blanket,winter aesthetic,seasonal decor,snuggle blanket,gift for kids,holiday decor,living room blanket,farmhouse decor
Sunflower Throw Woven Blanket | Sunflower Tapestry Blanket Wall Art Display Housewarming gift,https://www.etsy.com/listing/4455636970/sunflower-throw-woven-blanket-sunflower,KlutchMerch,https://www.etsy.com/shop/KlutchMerch,74.25,0,0,0,0,0,4 Mo.,0,0,4,Home & Living,37,0,0.0,931,"woven blanket,sunflower throw,boho throw,cozy home,farmhouse decor,rustic blanket,floral throw,sunflower decor,cottagecore,living room,bedroom throw,gift for her,housewarming",woven blanket,sunflower throw,boho throw,cozy home,farmhouse decor,rustic blanket,floral throw,sunflower decor,cottagecore,living room,bedroom throw,gift for her,housewarming
Deer Print Blanket Toile Woven Cotton Throw Rustic Farmhouse Cabin Lodge Sofa Couch Living Room Decor Botanical Home Accent Gift For Her Him,https://www.etsy.com/listing/4463601781/deer-print-blanket-toile-woven-cotton,StillandDrift,https://www.etsy.com/shop/StillandDrift,89.99,0,0,0,0,0,4 Mo.,0,0,15,Home & Living,180,0,0.0,2734,"deer print blanket,blanket toile,toile woven cotton,cotton throw,throw rustic,rustic farmhouse,farmhouse cabin,cabin lodge sofa,sofa couch living,living room decor,decor botanical,botanical home,gift for her him",deer print blanket,blanket toile,toile woven cotton,cotton throw,throw rustic,rustic farmhouse,farmhouse cabin,cabin lodge sofa,sofa couch living,living room decor,decor botanical,botanical home,gift for her him
Sleeping Horse and Bunny Woven Blanket | Rustic Farmhouse Throw,https://www.etsy.com/listing/4515600619/sleeping-horse-and-bunny-woven-blanket,VanessasPrintStudio,https://www.etsy.com/shop/VanessasPrintStudio,33.03,0,0,0,0,0,1 Mo.,1,0,4,Home & Living,1,0,0.0,4,"woven blanket,horse blanket,farmhouse decor,animal throw,cozy throw,country cottage,rustic blanket,living room,gift for her,equine lover,barnyard decor,vintage style,throw blanket",woven blanket,horse blanket,farmhouse decor,animal throw,cozy throw,country cottage,rustic blanket,living room,gift for her,equine lover,barnyard decor,vintage style,throw blanket
"Southwestern Geometric Woven Blanket, Tribal Tapestry Throw with Rustic Boho Patterns for Cozy Living Room, Cabin Decor, and Bold Wall Art",https://www.etsy.com/listing/4353239337/southwestern-geometric-woven-blanket,RejuvenatePrints,https://www.etsy.com/shop/RejuvenatePrints,80.00,0,0,0,0,0,10 Mo.,6,0,81,Home & Living,22,0,0.0,899,"geometric tribal,earth tones,jewel accents,sophisticated decor,bohemian home,cozy home decor,warm blanket,woven throw blanket,rustic pattern,african tribal,tribal tapstry,dark cottagecore,bold wall art",geometric tribal,earth tones,jewel accents,sophisticated decor,bohemian home,cozy home decor,warm blanket,woven throw blanket,rustic pattern,african tribal,tribal tapstry,dark cottagecore,bold wall art
"Southwestern Patchwork Sherpa Blanket | Aztec Pattern Rust, Olive, Taupe",https://www.etsy.com/listing/4517818903/southwestern-patchwork-sherpa-blanket,emtastudia,https://www.etsy.com/shop/emtastudia,59.99,0,0,0,0,0,1 Mo.,0,0,4,Home & Living,3,0,0.0,17,"sherpa blanket,cozy throw,fleece blanket,boho blanket,tribal throw,rustic blanket,fall decor,camping blanket,gift for her,gift for him,living room decor,bedroom throw,housewarming gift",sherpa blanket,cozy throw,fleece blanket,boho blanket,tribal throw,rustic blanket,fall decor,camping blanket,gift for her,gift for him,living room decor,bedroom throw,housewarming gift
"Lake Blue Ridge Vintage Map Sherpa Fleece Blanket, Cozy Cabin Throw, Rustic Lake House Decor, Travel Gift, Home Accent, Housewarming Present",https://www.etsy.com/listing/4352867615/lake-blue-ridge-vintage-map-sherpa,ShorelineCanvasCo,https://www.etsy.com/shop/ShorelineCanvasCo,50.99,0,0,0,0,0,2 Mo.,0,0,1,Home & Living,3,0,0.0,2,"sherpa blanket,fleece blanket,vintage map,lake blue,cozy home decor,gift for traveler,rustic throw blanket,living room accent,cottagecore vibes,warm and inviting,travel themed decor,custom map design,home comforts",sherpa blanket,fleece blanket,vintage map,lake blue,cozy home decor,gift for traveler,rustic throw blanket,living room accent,cottagecore vibes,warm and inviting,travel themed decor,custom map design,home comforts
"Sherpa Fleece Blanket - Kilim Pattern, Cozy Home Decor, Boho Throw, Tribal Design, Soft Bedding, Gift for Her",https://www.etsy.com/listing/4326541006/sherpa-fleece-blanket-kilim-pattern-cozy,TheCNRCollection,https://www.etsy.com/shop/TheCNRCollection,65.94,0,0,0,0,0,4 Mo.,0,0,3,Home & Living,15,0,0.0,36,"sherpa blanket,cozy home decor,fuzzy throw,warm bedding,soft couch blanket,textured afghan,boho living room,gift for her,housewarming present,rustic bedroom decor,travel blanket,holiday gift idea,hygge interior",sherpa blanket,cozy home decor,fuzzy throw,warm bedding,soft couch blanket,textured afghan,boho living room,gift for her,housewarming present,rustic bedroom decor,travel blanket,holiday gift idea,hygge interior
"Mama Bear Cotton Woven Blanket – Sunflower Decor, Gift for Mom",https://www.etsy.com/listing/4396362902/mama-bear-cotton-woven-blanket-sunflower,AngiBockPaperCo,https://www.etsy.com/shop/AngiBockPaperCo,58.43,0,0,0,0,0,7 Mo.,0,0,0,Home & Living,7,0,0.0,18,"cozy woven blanket,boho home decor,nature lovers gift,rustic cabin style,outdoor cozy blanket,handmade woven throw,gift for her,seasonal decor throw,bear lover accessory,living room blanket,mama bear blanket,gift for mom,blanket for mom",cozy woven blanket,boho home decor,nature lovers gift,rustic cabin style,outdoor cozy blanket,handmade woven throw,gift for her,seasonal decor throw,bear lover accessory,living room blanket,mama bear blanket,gift for mom,blanket for mom
"Highland Cow Woven Blanket | Tartan Fringe Throw, Rustic Farmhouse Decor",https://www.etsy.com/listing/4445403216/highland-cow-woven-blanket-tartan-fringe,RootedtoRenewed,https://www.etsy.com/shop/RootedtoRenewed,56.99,0,0,0,0,0,4 Mo.,0,0,0,Home & Living,4,0,0.0,3,"woven blanket,cow blanket,highland cow,farmhouse decor,cozy throw,rustic throw,animal decor,living room,country home,gift for her,housewarming,holiday gift,winter throw",woven blanket,cow blanket,highland cow,farmhouse decor,cozy throw,rustic throw,animal decor,living room,country home,gift for her,housewarming,holiday gift,winter throw
"Floral Woven Blanket, Custom Name Blanket, Baby Girl Gift, Nursery Blanket, Floral Throw Blanket, Birth Gift,gift for mom, gift for her",https://www.etsy.com/listing/4486639568/floral-woven-blanket-custom-name-blanket,Manouchecashopstudio,https://www.etsy.com/shop/Manouchecashopstudio,98.99,0,0,0,0,0,1 Mo.,0,0,0,Home & Living,7,0,0.0,9,"woven blanket,vintage blanket,gift for her,living room rug,bohemian decor,floral woven blanket,baby girl blanket,manta tejida con motivo floral,folk art blanket,cottagecore throw,cotton woven throw,heritage textile,rustic floral",woven blanket,vintage blanket,gift for her,living room rug,bohemian decor,floral woven blanket,baby girl blanket,manta tejida con motivo floral,folk art blanket,cottagecore throw,cotton woven throw,heritage textile,rustic floral
"Cozy Fleece Blanket: Fall Decor, Thanksgiving Gift",https://www.etsy.com/listing/4348216293/cozy-fleece-blanket-fall-decor,DiamondBlackGoods,https://www.etsy.com/shop/DiamondBlackGoods,54.99,0,0,0,0,0,4 Mo.,0,0,3,Home & Living,38,0,0.0,62,"cozy fleece blanket,fall decor blanket,pumpkin blanket,home comfort blanket,thanksgiving blanket,warm throw blanket,rustic home blanket,pumpkin patch decor,gift for her,living room decor,cottagecore blanket,soft fleece throw,fleece blanket",cozy fleece blanket,fall decor blanket,pumpkin blanket,home comfort blanket,thanksgiving blanket,warm throw blanket,rustic home blanket,pumpkin patch decor,gift for her,living room decor,cottagecore blanket,soft fleece throw,fleece blanket
Butterfly & Tree Woven Blanket: Nature Lover Throw - 100% Cotton,https://www.etsy.com/listing/4352280717/butterfly-tree-woven-blanket-nature,MYMONEYMAKERSTORE,https://www.etsy.com/shop/MYMONEYMAKERSTORE,57.99,0,0,0,0,0,6 Mo.,0,0,1,Home & Living,6,0,0.0,10,"butterfly tree,nature home decor,cozy throw blanket,unique gift idea,living room accent,butterfly lover gift,botanical design,rustic decor,bohemian style,housewarming gift,gift for her,spring decor,blanket with tree",butterfly tree,nature home decor,cozy throw blanket,unique gift idea,living room accent,butterfly lover gift,botanical design,rustic decor,bohemian style,housewarming gift,gift for her,spring decor,blanket with tree
"Boho Mushroom Throw Blanket, Cozy Home Decor, Gift for Nature Lovers, Festival Blanket, Mandala Design, Fall Decor",https://www.etsy.com/listing/4315126375/boho-mushroom-throw-blanket-cozy-home,BritYaunk,https://www.etsy.com/shop/BritYaunk,51.17,0,0,0,0,0,4 Mo.,0,0,1,Home & Living,4,0,0.0,0,"boho throw blanket,mushroom decor,cozy home gift,natural vibe blanket,nature inspired art,floral throw blanket,warm living room,gift for mom,hygge home decor,earthy tones blanket,fall home accessory,bohemian style,rustic throw blanket",boho throw blanket,mushroom decor,cozy home gift,natural vibe blanket,nature inspired art,floral throw blanket,warm living room,gift for mom,hygge home decor,earthy tones blanket,fall home accessory,bohemian style,rustic throw blanket
"Vibrant Highland Cow Art Velveteen Plush Blanket, Cozy Home Decor, Farmhouse Gift, Soft Throw for Living Room, Rustic Blanket",https://www.etsy.com/listing/4341274983/vibrant-highland-cow-art-velveteen-plush,LDModHaven,https://www.etsy.com/shop/LDModHaven,22.99,0,0,0,0,0,3 Mo.,0,0,0,Home & Living,5,0,0.0,44,"plush blanket,cozy gift,farmhouse decor,warm cozy blanket,bedroom decor,snuggle blanket,country style home,cow art decor,gift for her,highland cow throw,dorm room decor,gift for student,christmas gift",plush blanket,cozy gift,farmhouse decor,warm cozy blanket,bedroom decor,snuggle blanket,country style home,cow art decor,gift for her,highland cow throw,dorm room decor,gift for student,christmas gift
"Floral Proverbs Woven Blanket, Cozy Throw for Home Décor, Inspirational Gift, Eco-Friendly Blanket, Modern Tapestry",https://www.etsy.com/listing/1904886615/floral-proverbs-woven-blanket-cozy-throw,NAIASHEAVENLY,https://www.etsy.com/shop/NAIASHEAVENLY,53.30,0,0,0,0,0,3 Mo.,1,0,0,Home & Living,14,0,0.0,6,"floral woven blanket,cozy home decor,christian gift idea,inspirational decor,bible verse gift,warm throw blanket,gift for her,rustic home blanket,boho decor item,home comfort blanket,gift for mom,cozy living room,floral home accents",floral woven blanket,cozy home decor,christian gift idea,inspirational decor,bible verse gift,warm throw blanket,gift for her,rustic home blanket,boho decor item,home comfort blanket,gift for mom,cozy living room,floral home accents
"White Wolf Sherpa Throw Blanket, Rustic Cabin Decor (37x57)",https://www.etsy.com/listing/4376051942/white-wolf-sherpa-throw-blanket-rustic,CutandColorDesigns,https://www.etsy.com/shop/CutandColorDesigns,48.99,0,0,0,0,0,8 Mo.,0,0,7,Home & Living,114,0,0.0,148,"sherpa blanket,sherpa throw,white wolf blanket,wolf portrait,gray wolf decor,woodland decor,cabin decor,rustic home decor,soft warm throw,cozy couch throw,gift for him,nature lover gift,living room decor",sherpa blanket,sherpa throw,white wolf blanket,wolf portrait,gray wolf decor,woodland decor,cabin decor,rustic home decor,soft warm throw,cozy couch throw,gift for him,nature lover gift,living room decor
"Rustic Floral Woven Blanket – Vintage Flower Tapestry Throw, Cottagecore Home Decor, Autumn Botanical Blanket, Boho Wall Hanging",https://www.etsy.com/listing/4389068941/rustic-floral-woven-blanket-vintage,MulberryCircle,https://www.etsy.com/shop/MulberryCircle,78.80,0,0,0,0,0,2 Mo.,0,0,0,Home & Living,65,0,0.0,91,"cozy home decor,gift for her,wall art blanket,living room decor,gift for mom,birthday gift idea,artistic woven throw,cozy relaxing space,luxury comfy throw,rustic florals,vintage botanicals,cozy blanket,autumn winter",cozy home decor,gift for her,wall art blanket,living room decor,gift for mom,birthday gift idea,artistic woven throw,cozy relaxing space,luxury comfy throw,rustic florals,vintage botanicals,cozy blanket,autumn winter
Warm & Cozy deer plaid blanket | Velveteen Plush Blanket,https://www.etsy.com/listing/4418056878/warm-cozy-deer-plaid-blanket-velveteen,Saltysoldier,https://www.etsy.com/shop/Saltysoldier,28.15,0,0,0,0,0,4 Mo.,0,0,0,Home & Living,4,0,0.0,1,"plush blanket,cozy blanket,velveteen throw,warm blanket,holiday blanket,christmas throw,cabin decor,rustic blanket,winter throw,gift for her,gift for him,living room throw,forest blanket",plush blanket,cozy blanket,velveteen throw,warm blanket,holiday blanket,christmas throw,cabin decor,rustic blanket,winter throw,gift for her,gift for him,living room throw,forest blanket
"Whimsical Stained Glass Deer Woven Throw Blanket, Forest Woodland Wall Art Tapestry, Nature Hunter Gift, Maximalist Rustic Cabin Aesthetic",https://www.etsy.com/listing/4309188344/whimsical-stained-glass-deer-woven-throw,Knotjustblankets28,https://www.etsy.com/shop/Knotjustblankets28,91.24,0,0,0,0,0,12 Mo.,0,0,2,Home & Living,24,0,0.0,341,"hanging wall art,couch sofa cover,mom birthday gift,dark moody tapestry,living room accent,jacquard woven throw,woodland blanket,forest animal print,rustic cabin decor,nature nursery decor,gift for hunter,deer art",hanging wall art,couch sofa cover,mom birthday gift,dark moody tapestry,living room accent,jacquard woven throw,woodland blanket,forest animal print,rustic cabin decor,nature nursery decor,gift for hunter,deer art,--
"Mountain View Woven Blanket - Cozy Home Decor, Nature Lover Gift, Landscape Tapestry, Cabin Bedroom Throw, Scenic Wall Art",https://www.etsy.com/listing/4408269807/mountain-view-woven-blanket-cozy-home,ECPrimeDesign,https://www.etsy.com/shop/ECPrimeDesign,44.99,0,0,0,0,0,6 Mo.,1,0,6,Home & Living,39,0,0.0,1104,"mountain view,nature lover,cozy home decor,gift for outdoorsy,rustic home,cabin decor,staycation essential,living room throw,holiday gift idea,camping blanket,scenic getaway,outdoor enthusiast,winter retreat",mountain view,nature lover,cozy home decor,gift for outdoorsy,rustic home,cabin decor,staycation essential,living room throw,holiday gift idea,camping blanket,scenic getaway,outdoor enthusiast,winter retreat
"Cottagecore Crimson Tapestry, Boho, Sherpa Fleece Blanket| Decorative Throw, Bohemian Home Decor",https://www.etsy.com/listing/4406616747/cottagecore-crimson-tapestry-boho-sherpa,Enthusium,https://www.etsy.com/shop/Enthusium,42.98,0,0,0,0,0,6 Mo.,0,0,23,Home & Living,66,0,0.0,557,"sherpa blanket,fleece throw,cozy blanket,boho decor,vintage rug print,warm throw,gift for mom,living room throw,bedroom blanket,housewarming gift,holiday blanket,autumn decor,rustic blanket",sherpa blanket,fleece throw,cozy blanket,boho decor,vintage rug print,warm throw,gift for mom,living room throw,bedroom blanket,housewarming gift,holiday blanket,autumn decor,rustic blanket
"Checkered Woven Throw Blanket, Earth Tones, Fringed Edges",https://www.etsy.com/listing/4393778488/checkered-woven-throw-blanket-earth,CoolmodiC,https://www.etsy.com/shop/CoolmodiC,72.92,0,0,0,0,0,7 Mo.,1,0,14,Home & Living,48,0,0.0,76,"woven blanket,home decor,cozy blanket,checkered pattern,warm throw,earth tones,living room,gift ideas,housewarming gift,bedroom decor,rustic vibes,farmhouse style,gift for her",woven blanket,home decor,cozy blanket,checkered pattern,warm throw,earth tones,living room,gift ideas,housewarming gift,bedroom decor,rustic vibes,farmhouse style,gift for her
"Shabby Chic Rose Throw Blanket, Farmhouse Style, Cozy Polyester",https://www.etsy.com/listing/1845346468/shabby-chic-rose-throw-blanket-farmhouse,SophDHomeScents,https://www.etsy.com/shop/SophDHomeScents,64.99,0,0,0,0,0,16 Mo.,0,0,11,Home & Living,17,0,0.0,75,"shabby chic,cozy home decor,gift for her,living room decor,winter blanket,farmhouse style,warm and cozy,rustic home decor,housewarming gift,couch throw blanket,unique gift idea,vintage style,floral blanket",shabby chic,cozy home decor,gift for her,living room decor,winter blanket,farmhouse style,warm and cozy,rustic home decor,housewarming gift,couch throw blanket,unique gift idea,vintage style,floral blanket
"Vintage Folk Art Rabbit Woven Blanket for Farmhouse Living Rooms, Rustic Bunny, Egg and Laurel Wreath Cotton Throw for Cozy Bedroom Styling",https://www.etsy.com/listing/4476932150/vintage-folk-art-rabbit-woven-blanket,PQQPrints,https://www.etsy.com/shop/PQQPrints,83.00,0,0,0,0,0,2 Mo.,0,0,0,Home & Living,47,0,0.0,13,"cottagecore bedding,nursery accent,navy and red decor,mantle decor,entryway accent,classic child's room,easter home decor,commemorative gift,seasonal heirloom,spring equinox celeb,holiday porch throw,moody americana,easter keepsake",cottagecore bedding,nursery accent,navy and red decor,mantle decor,entryway accent,classic child's room,easter home decor,commemorative gift,seasonal heirloom,spring equinox celeb,holiday porch throw,moody americana,easter keepsake
Sheep and Shepherd Vintage Illustration Velveteen Plush Blanket,https://www.etsy.com/listing/4462480468/sheep-and-shepherd-vintage-illustration,RexNolaShop,https://www.etsy.com/shop/RexNolaShop,25.99,0,0,0,0,0,3 Mo.,0,0,13,Home & Living,29,0,0.0,74,"velveteen blanket,plush throw,vintage sheep,farmhouse decor,cozy blanket,rustic throw,book illustration,warm cuddle,country cottage,soft velveteen,living room decor,autumn decor,gift for her",velveteen blanket,plush throw,vintage sheep,farmhouse decor,cozy blanket,rustic throw,book illustration,warm cuddle,country cottage,soft velveteen,living room decor,autumn decor,gift for her
"Vintage Persian Medallion Cotton Throw Blanket, Boho Decor",https://www.etsy.com/listing/4402369552/vintage-persian-medallion-cotton-throw,Blanketbybusi,https://www.etsy.com/shop/Blanketbybusi,62.00,0,0,0,0,0,6 Mo.,4,0,47,Home & Living,7,0,0.0,124,"vintage persian,medallion design,bohemian home decor,gift for him,bedroom decor,living room throw,ethnic pattern,warm and cozy,rustic home decor,gift for mom,gift for dad,blanket and throw,custom blanket",vintage persian,medallion design,bohemian home decor,gift for him,bedroom decor,living room throw,ethnic pattern,warm and cozy,rustic home decor,gift for mom,gift for dad,blanket and throw,custom blanket
"Bonsai Tree Woven Blanket | Japanese Pine Throw, Tapestry-Style Decor",https://www.etsy.com/listing/4468253345/bonsai-tree-woven-blanket-japanese-pine,StillHollow,https://www.etsy.com/shop/StillHollow,58.43,0,0,0,0,0,2 Mo.,2,0,6,Home & Living,5,0,0.0,0,"woven blanket,tree blanket,bonsai throw,cozy home,nature decor,earthy throw,rustic blanket,living room,neutral decor,zen blanket,meditation gift,housewarming,gift for him",woven blanket,tree blanket,bonsai throw,cozy home,nature decor,earthy throw,rustic blanket,living room,neutral decor,zen blanket,meditation gift,housewarming,gift for him
"Floral Rustic Woven Throw Blanket - 100% Cotton Tapestry for Cabin, Cottage & Living Room Decor",https://www.etsy.com/listing/4456287371/floral-rustic-woven-throw-blanket-100,WovelyArt,https://www.etsy.com/shop/WovelyArt,48.23,0,0,0,0,0,3 Mo.,0,0,0,Home & Living,6,0,0.0,12,"woven throw,cotton throw,jacquard weave,fringe edges,reversible throw,cabin decor,farmhouse throw,couch blanket,home decor blanket,rustic blanket,cozy blanket,boho rustic,home textile",woven throw,cotton throw,jacquard weave,fringe edges,reversible throw,cabin decor,farmhouse throw,couch blanket,home decor blanket,rustic blanket,cozy blanket,boho rustic,home textile
Consistency Horse Two-Tone Sherpa Blanket | Cozy Throw,https://www.etsy.com/listing/4461361788/consistency-horse-two-tone-sherpa,Zentryxz,https://www.etsy.com/shop/Zentryxz,43.00,0,0,0,0,0,3 Mo.,0,0,2,Home & Living,7,0,0.0,0,"sherpa blanket,cozy throw,two tone blanket,horse blanket,equestrian decor,farmhouse throw,barn themed gift,animal lover gift,rustic home decor,living room throw,bedroom throw,cold weather cozy,gift for her",sherpa blanket,cozy throw,two tone blanket,horse blanket,equestrian decor,farmhouse throw,barn themed gift,animal lover gift,rustic home decor,living room throw,bedroom throw,cold weather cozy,gift for her
Southwestern Aztec Diamond Woven Blanket | Western-Inspired Throw,https://www.etsy.com/listing/4410697184/southwestern-aztec-diamond-woven-blanket,SapperDesignGroup,https://www.etsy.com/shop/SapperDesignGroup,150.62,0,0,0,0,0,6 Mo.,1,0,12,Home & Living,6,0,0.0,53,"woven blanket,southwest blanket,boho throw,tribal blanket,aztec throw,cozy home decor,rustic decor,camping blanket,gift for him,housewarming gift,living room rug,bedroom throw,family blanket",woven blanket,southwest blanket,boho throw,tribal blanket,aztec throw,cozy home decor,rustic decor,camping blanket,gift for him,housewarming gift,living room rug,bedroom throw,family blanket
Vintage Woman Skier Woven Blanket | Retro Skiing Throw,https://www.etsy.com/listing/4404651555/vintage-woman-skier-woven-blanket-retro,TheLowellHouse,https://www.etsy.com/shop/TheLowellHouse,79.95,0,0,0,0,0,6 Mo.,2,0,14,Home & Living,7,0,0.0,35,"woven blanket,cozy throw,vintage style,boho blanket,outdoor decor,cottagecore,rustic home,armchair throw,gift for her,housewarming,living room,certified banger,sick woven blanket",woven blanket,cozy throw,vintage style,boho blanket,outdoor decor,cottagecore,rustic home,armchair throw,gift for her,housewarming,living room,certified banger,sick woven blanket
Deer Geometric Blanket | Abstract Throw,https://www.etsy.com/listing/4482029903/deer-geometric-blanket-abstract-throw,WildwaresCanada,https://www.etsy.com/shop/WildwaresCanada,39.97,0,0,0,0,0,1 Mo.,0,0,0,Home & Living,28,0,0.0,1,"cozy deer decor,woodland throw,modern cabin decor,minimalist blanket,nature themed throw,gift for her,housewarming gift,rustic living room,holiday cozy gift,scandinavian throw,outdoor blanket,neutral home decor,deer nursery decor",cozy deer decor,woodland throw,modern cabin decor,minimalist blanket,nature themed throw,gift for her,housewarming gift,rustic living room,holiday cozy gift,scandinavian throw,outdoor blanket,neutral home decor,deer nursery decor
Personalized Pet Portrait Velveteen Plush Blanket | Oil Painting Dog Art,https://www.etsy.com/listing/4434371131/personalized-pet-portrait-velveteen,StudioWhitmore,https://www.etsy.com/shop/StudioWhitmore,17.50,0,0,0,0,0,3 Mo.,0,0,0,Home & Living,3,0,0.0,0,"plush blanket,dog blanket,golden retriever,pet lover gift,cozy throw,velveteen throw,soft blanket,living room decor,animal portrait,housewarming gift,warm throw,gift for dog mom,rustic decor",plush blanket,dog blanket,golden retriever,pet lover gift,cozy throw,velveteen throw,soft blanket,living room decor,animal portrait,housewarming gift,warm throw,gift for dog mom,rustic decor
Vintage Tapestry Blanket | Cotton Throw Woven Blanket,https://www.etsy.com/listing/4455093145/vintage-tapestry-blanket-cotton-throw,RosyBearStudio,https://www.etsy.com/shop/RosyBearStudio,87.67,0,0,0,0,0,3 Mo.,0,0,3,Home & Living,4,0,0.0,62,"woven blanket,cozy throw,vintage blanket,cottagecore decor,rustic home,living room decor,bedroom throw,gift for her,housewarming gift,antique tapestry,large wall tapestry,woven wall hanging,tapestry blanket",woven blanket,cozy throw,vintage blanket,cottagecore decor,rustic home,living room decor,bedroom throw,gift for her,housewarming gift,antique tapestry,large wall tapestry,woven wall hanging,tapestry blanket
Sage Diamond Checker Woven Blanket Mint Checker Tapestry Green Boho Home Decor Art Deco Farmhouse Decor Check Throw Housewarming Gifts,https://www.etsy.com/listing/4309824609/sage-diamond-checker-woven-blanket-mint,NuancedComfort,https://www.etsy.com/shop/NuancedComfort,99.00,0,0,0,0,0,12 Mo.,1,0,8,Home & Living,20,0,0.0,276,"cozy home decor,woven throw blanket,home warming gift,living room decor,gift for her,picnic blanket,rustic home styling,elegant woven design,check throw,checkered home decor,checker blanker,sage blanket,minimalist",cozy home decor,woven throw blanket,home warming gift,living room decor,gift for her,picnic blanket,rustic home styling,elegant woven design,check throw,checkered home decor,checker blanker,sage blanket,minimalist
Southwestern Desert Mountain Geometric Woven Blanket | Boho Aztec Tapestry Throw,https://www.etsy.com/listing/4516176110/southwestern-desert-mountain-geometric,PrettyTrendyTees,https://www.etsy.com/shop/PrettyTrendyTees,78.57,0,0,0,0,0,1 Mo.,0,0,0,Home & Living,50,0,0.0,293,"southwestern blanket,boho woven blanket,aztec tapestry throw,southwest home decor,geometric blanket,cabin decor blanket,boho cabin throw,cozy desert blanket,tribal woven throw,boho living room,gift for hikers,rustic throw blanket,boho picnic blanket",southwestern blanket,boho woven blanket,aztec tapestry throw,southwest home decor,geometric blanket,cabin decor blanket,boho cabin throw,cozy desert blanket,tribal woven throw,boho living room,gift for hikers,rustic throw blanket,boho picnic blanket
Owl Woven Blanket: 100% Cotton Jacquard Loom Tapestry,https://www.etsy.com/listing/1873901692/owl-woven-blanket-100-cotton-jacquard,ArtStudio905,https://www.etsy.com/shop/ArtStudio905,89.65,0,0,0,0,0,14 Mo.,3,0,27,Home & Living,41,0,0.0,1610,"cozy home decor,owl woven blanket,nature inspired gift,fall decor blanket,owl lovers decor,handmade woven throw,living room blanket,boho style blanket,gift for her,rustic home decor,cottagecore throw,owl lovers gift,william morris throw",cozy home decor,owl woven blanket,nature inspired gift,fall decor blanket,owl lovers decor,handmade woven throw,living room blanket,boho style blanket,gift for her,rustic home decor,cottagecore throw,owl lovers gift,william morris throw
Floral Patchwork Chickens Velveteen Blanket | Farmhouse Chicken Pattern,https://www.etsy.com/listing/4464762013/floral-patchwork-chickens-velveteen,JensCritterCorner,https://www.etsy.com/shop/JensCritterCorner,22.00,0,0,0,0,0,3 Mo.,0,0,8,Home & Living,11,0,0.0,16,"microfiber blanket,chicken blanket,farmhouse decor,animal throw,cozy throw,country kitchen,vintage chicks,floral chickens,soft velveteen,rustic home,cute farmhouse,living room throw,gift for her",microfiber blanket,chicken blanket,farmhouse decor,animal throw,cozy throw,country kitchen,vintage chicks,floral chickens,soft velveteen,rustic home,cute farmhouse,living room throw,gift for her
Tranquil Turquoise Western 100% Comfy Cotton Woven Blanket | Southwestern Plaid Throw,https://www.etsy.com/listing/4484912513/tranquil-turquoise-western-100-comfy,CountryHerbalist,https://www.etsy.com/shop/CountryHerbalist,42.35,0,0,0,0,0,1 Mo.,0,0,1,Home & Living,28,0,0.0,76,"woven blanket,cozy throw,boho blanket,modern throw,textured throw,living room,bedroom decor,gift for her,housewarming,neutral decor,throw blanket,couch blanket,rustic home",woven blanket,cozy throw,boho blanket,modern throw,textured throw,living room,bedroom decor,gift for her,housewarming,neutral decor,throw blanket,couch blanket,rustic home
"Golden Haystacks Plush Blanket | Pastoral Throw, Snuggle Throw, Cozy Blanket, Winter Essential, Christmas Gift Idea, Bedroom Blanket",https://www.etsy.com/listing/4415794970/golden-haystacks-plush-blanket-pastoral,IZYMRKT,https://www.etsy.com/shop/IZYMRKT,19.99,0,0,0,0,0,5 Mo.,0,0,0,Home & Living,8,0,0.0,265,"plush blanket,velveteen throw,cozy blanket,sunset blanket,farmhouse decor,rustic blanket,autumn throw,warm throw,gift for her,housewarming gift,living room decor,bedroom throw,soft blanket",plush blanket,velveteen throw,cozy blanket,sunset blanket,farmhouse decor,rustic blanket,autumn throw,warm throw,gift for her,housewarming gift,living room decor,bedroom throw,soft blanket
Blue & Off-White Boho Striped Floral Woven Blanket | Cotton Fringe Abstract Wall Decor,https://www.etsy.com/listing/4441082963/blue-off-white-boho-striped-floral-woven,AzulinaStore,https://www.etsy.com/shop/AzulinaStore,119.65,0,0,0,0,0,4 Mo.,1,0,7,Home & Living,37,0,0.0,920,"boho blanket,woven throw,rustic wall decor,cotton fringe throw,blue striped blanket,off white blanket,boho home decor,floral woven throw,bohemian blanket,living room throw,neutral boho decor,gift for her,housewarming gift",boho blanket,woven throw,rustic wall decor,cotton fringe throw,blue striped blanket,off white blanket,boho home decor,floral woven throw,bohemian blanket,living room throw,neutral boho decor,gift for her,housewarming gift
Vintage Floral Woven Cotton Blanket: Rustic Fringed Throw,https://www.etsy.com/listing/1883491825/vintage-floral-woven-cotton-blanket,TheNumericalGOAT,https://www.etsy.com/shop/TheNumericalGOAT,109.80,0,0,0,0,0,14 Mo.,2,0,29,Home & Living,49,0,0.0,129,"woven throw blanket,cozy home decor,boho home accessory,warm snuggle blanket,vintage style throw,gift for her,homey living space,elegant floral decor,rustic room textile,woven tapestry style,unique gift idea,seasonal home accent,luxury fiber blanket",woven throw blanket,cozy home decor,boho home accessory,warm snuggle blanket,vintage style throw,gift for her,homey living space,elegant floral decor,rustic room textile,woven tapestry style,unique gift idea,seasonal home accent,luxury fiber blanket
Vintage Moth Illustration Woven Blanket | Entomology-Inspired Throw,https://www.etsy.com/listing/4501317252/vintage-moth-illustration-woven-blanket,MakeUpOurMind,https://www.etsy.com/shop/MakeUpOurMind,79.47,0,0,0,0,0,1 Mo.,0,0,3,Home & Living,22,0,0.0,210,"woven blanket,moth blanket,boho throw,insect decor,cozy throw,nature blanket,earthy home,dark aesthetic,rustic decor,bedroom throw,living room rug,gift for her,birthday gift",woven blanket,moth blanket,boho throw,insect decor,cozy throw,nature blanket,earthy home,dark aesthetic,rustic decor,bedroom throw,living room rug,gift for her,birthday gift
Medieval Princess Woven Blanket | Fantasy Castle | Coastal Landscape Throw,https://www.etsy.com/listing/4517807160/woven-blanket-medieval-princess-fantasy,EchoSagebyDrJ,https://www.etsy.com/shop/EchoSagebyDrJ,49.50,0,0,0,0,0,1 Mo.,0,0,5,Home & Living,39,0,0.0,22,"woven blanket,cozy throw,cottagecore decor,nature blanket,rustic home,cabin blanket,outdoor vibe,gift for her,living room,hiking gift,campsite decor,boho throw,autumn decor",woven blanket,cozy throw,cottagecore decor,nature blanket,rustic home,cabin blanket,outdoor vibe,gift for her,living room,hiking gift,campsite decor,boho throw,autumn decor
Horse Pattern Velveteen Blanket Western Girl Gift,https://www.etsy.com/listing/4449627610/horse-pattern-velveteen-blanket,shop3strands,https://www.etsy.com/shop/shop3strands,52.00,0,0,0,0,0,5 Mo.,1,0,20,Home & Living,5,0,0.0,46,"microfiber blanket,velveteen throw,horse blanket,equestrian decor,rustic throw,brown blanket,boho blanket,cozy throw,soft blanket,gift for her,housewarming gift,living room decor,bedroom throw",microfiber blanket,velveteen throw,horse blanket,equestrian decor,rustic throw,brown blanket,boho blanket,cozy throw,soft blanket,gift for her,housewarming gift,living room decor,bedroom throw
Southwestern Icons Woven Blanket | Cactus Sun Sombrero Desert Motifs BLAN0028,https://www.etsy.com/listing/4451390944/southwestern-icons-woven-blanket-cactus,OffTheLoomStore,https://www.etsy.com/shop/OffTheLoomStore,77.99,0,0,0,0,0,4 Mo.,3,0,6,Home & Living,4,0,0.0,11,"woven blanket,desert blanket,southwest decor,boho throw,cactus throw,sun motif,cozy home,living room,bedroom decor,gift for her,housewarming gift,picnic blanket,rustic decor",woven blanket,desert blanket,southwest decor,boho throw,cactus throw,sun motif,cozy home,living room,bedroom decor,gift for her,housewarming gift,picnic blanket,rustic decor
"Desert Landscape Woven Blanket, Southwestern Cactus Tapestry Throw, Wall Art Display, Housewarming gift Decor",https://www.etsy.com/listing/4408567328/desert-landscape-woven-blanket,KlutchMerch,https://www.etsy.com/shop/KlutchMerch,74.25,0,0,0,0,0,7 Mo.,0,0,62,Home & Living,37,0,0.0,957,"woven blanket,desert blanket,southwest decor,cactus throw,sunset blanket,southwest blanket,boho woven,boho blanket,rustic throw,cactus decor,living room throw,cozy home decor,gift for her",woven blanket,desert blanket,southwest decor,cactus throw,sunset blanket,southwest blanket,boho woven,boho blanket,rustic throw,cactus decor,living room throw,cozy home decor,gift for her
"Rustic Wood Print Fleece Blanket | Cozy Home Decor, Soft Throw for Living Room, Cabin Aesthetic, Gift for Him or Her, Perfect for Winter",https://www.etsy.com/listing/4327086751/rustic-wood-print-fleece-blanket-cozy,mysticblooming,https://www.etsy.com/shop/mysticblooming,77.07,0,0,0,0,0,2 Mo.,0,0,2,Home & Living,3,0,0.0,1,"cozy fleece blanket,home decor blanket,warm winter blanket,gift for mom,rustic style blanket,cuddly fleece throw,holiday gift blanket,living room decor,bedtime comfort item,soft plush blanket,wood grain design,seasonal home accent,mood enhancing decor",cozy fleece blanket,home decor blanket,warm winter blanket,gift for mom,rustic style blanket,cuddly fleece throw,holiday gift blanket,living room decor,bedtime comfort item,soft plush blanket,wood grain design,seasonal home accent,mood enhancing decor
"Autumn Tranquility Woven Blanket - Elderly Woman and Fox Under Tree, Fall Decor, Cozy Home Accent, Warm Blanket, Serene Nature Scene",https://www.etsy.com/listing/1859145185/autumn-tranquility-woven-blanket-elderly,EleganceCraftAR,https://www.etsy.com/shop/EleganceCraftAR,64.49,0,0,0,0,0,13 Mo.,0,0,5,Home & Living,24,0,0.0,78,"autumn home decor,warm fall blanket,cozy home accent,tranquil living room,hygge gift idea,cuddle-worthy cover,unique gift for her,rustic home decor,nature lover's gift,cabin cozy throw,retirement gift idea",autumn home decor,warm fall blanket,cozy home accent,tranquil living room,hygge gift idea,cuddle-worthy cover,unique gift for her,rustic home decor,nature lover's gift,cabin cozy throw,retirement gift idea,--,--
Floral Tapestry Pattern Woven Blanket | Vintage Tulip Jacquard Throw,https://www.etsy.com/listing/4449244489/floral-tapestry-pattern-woven-blanket,StarrgirllCo,https://www.etsy.com/shop/StarrgirllCo,56.99,0,0,0,0,0,4 Mo.,0,0,4,Home & Living,4,0,0.0,1,"woven blanket,floral throw,vintage blanket,boho throw,cozy home,couch throw,gift for her,bed throw,victorian decor,living room,rustic blanket,bridal shower,housewarming",woven blanket,floral throw,vintage blanket,boho throw,cozy home,couch throw,gift for her,bed throw,victorian decor,living room,rustic blanket,bridal shower,housewarming
"Personalized Name, Woven Blanket | Retro Horizontal Green Striped Throw | Perfect Custom Gift New Born Baby, Mother, Dad, Grandpa, Grandma",https://www.etsy.com/listing/4493184546/personalized-name-woven-blanket-retro,JDIANStore,https://www.etsy.com/shop/JDIANStore,55.99,0,0,0,0,0,1 Mo.,0,0,5,Home & Living,3,0,0.0,3,"woven blanket,green blanket,neutral throw,living room,bedroom decor,gifts for her,housewarming gift,rustic decor,textured throw,boho blanket,mother gift,new born name,grandfather gift",woven blanket,green blanket,neutral throw,living room,bedroom decor,gifts for her,housewarming gift,rustic decor,textured throw,boho blanket,mother gift,new born name,grandfather gift
"Chunky Knit Blanket 160x210 – Cable Knit Bedspread Throw, Farmhouse Decor, Hypoallergenic Acrylic",https://www.etsy.com/listing/4420168416/lemon-yellow-knit-blanket-romantic-cozy,Uamaisons,https://www.etsy.com/shop/Uamaisons,92.88,0,0,0,0,0,5 Mo.,5,0,31,Home & Living,9,0,0.0,4,"lemon knit blanket,yellow throw blanket,cable knit throw,cozy sofa blanket,hypoallergenic blanket,grandma style knit,chunky knit blanket,modern rustic decor,farmhouse home decor,boho living room,soft acrylic throw,winter home decor,gift for he",lemon knit blanket,yellow throw blanket,cable knit throw,cozy sofa blanket,hypoallergenic blanket,grandma style knit,chunky knit blanket,modern rustic decor,farmhouse home decor,boho living room,soft acrylic throw,winter home decor,gift for he
Southwestern Diamond Pattern Woven Blanket | Aztec Throw Tapestry,https://www.etsy.com/listing/4507903059/southwestern-diamond-pattern-woven,BilgeOzanArtworks,https://www.etsy.com/shop/BilgeOzanArtworks,98.10,0,0,0,0,0,1 Mo.,0,0,0,Home & Living,7,0,0.0,8,"woven blanket,boho blanket,southwestern throw,fringe throw,cozy home decor,rustic blanket,earth tone throw,geometric throw,bohemian throw,living room throw,couch blanket,gift for mom,housewarming gift",woven blanket,boho blanket,southwestern throw,fringe throw,cozy home decor,rustic blanket,earth tone throw,geometric throw,bohemian throw,living room throw,couch blanket,gift for mom,housewarming gift
"Handwoven Cotton Throw Blanket | Dark Floral Tapestry, Botanical Art, Fringed Edges",https://www.etsy.com/listing/4500515675/velvet-dusk-woven-throw-blanket-dark,SweetSullyStudio,https://www.etsy.com/shop/SweetSullyStudio,45.00,0,0,0,0,0,1 Mo.,0,0,18,Home & Living,4,0,0.0,12,"woven blanket,floral throw,boho blanket,vintage throw,cozy blanket,cottagecore decor,bedroom throw,living room decor,gift for her,housewarming gift,bridesmaid gift,rustic home,botanical throw",woven blanket,floral throw,boho blanket,vintage throw,cozy blanket,cottagecore decor,bedroom throw,living room decor,gift for her,housewarming gift,bridesmaid gift,rustic home,botanical throw
Woven Cotton Throw Blanket: Rustic Fringed Home Decor,https://www.etsy.com/listing/1847456515/woven-cotton-throw-blanket-rustic,SheffieldsDeSign,https://www.etsy.com/shop/SheffieldsDeSign,57.26,0,0,0,0,0,10 Mo.,1,0,4,Home & Living,11,0,0.0,64,"cozy home decor,woven throw blanket,rustic living room,boho style blanket,gift for her,fall home decor,blanket for winter,family cozy nights,unique living room,artistic woven throw,cozy blanket gift,handwoven textile,home improvement",cozy home decor,woven throw blanket,rustic living room,boho style blanket,gift for her,fall home decor,blanket for winter,family cozy nights,unique living room,artistic woven throw,cozy blanket gift,handwoven textile,home improvement
"Bohemian Woven Cotton Blanket: Cozy Throw, Modern Tapestry",https://www.etsy.com/listing/4375532570/bohemian-woven-cotton-blanket-cozy-throw,CarnationVDesigns,https://www.etsy.com/shop/CarnationVDesigns,54.78,0,0,0,0,0,3 Mo.,0,0,5,Home & Living,47,0,0.0,4,"cozy home decor,boho woven throw,warm living room,interior design gift,gifts for home,cottage chic style,nature inspired gift,colorful blanket,eco friendly throw,seasonal decor,comfortable blanket,rustic home style,blanket for fall",cozy home decor,boho woven throw,warm living room,interior design gift,gifts for home,cottage chic style,nature inspired gift,colorful blanket,eco friendly throw,seasonal decor,comfortable blanket,rustic home style,blanket for fall
Red Plaid Tartan Woven Blanket | Cozy Fringe Throw,https://www.etsy.com/listing/4407452871/red-plaid-tartan-woven-blanket-cozy,ArtByGOSPEYA,https://www.etsy.com/shop/ArtByGOSPEYA,1.38,0,0,0,0,0,1 Mo.,0,0,0,Home & Living,1,0,0.0,0,"woven blanket,plaid throw,cozy blanket,tartan throw,holiday blanket,christmas throw,cabin decor,rustic blanket,living room throw,warm throw,gift for her,gift for him,winter decor",woven blanket,plaid throw,cozy blanket,tartan throw,holiday blanket,christmas throw,cabin decor,rustic blanket,living room throw,warm throw,gift for her,gift for him,winter decor
"Velveteen Plush Blanket - Highland Cow and Wildflowers Oversize Cozy Throw, Cabin Decor, Farmhouse Chic Bedding, Winter Blanket Gift, Living",https://www.etsy.com/listing/4349416427/velveteen-plush-blanket-highland-cow-and,HearthHavenDesignCo,https://www.etsy.com/shop/HearthHavenDesignCo,50.00,0,0,0,0,0,4 Mo.,0,0,4,Home & Living,27,0,0.0,1,"velveteen blanket,cozy throw,oversize blanket,soft blanket,farmhouse decor,rustic home accents,unique gift idea,floral print blanket,warm and cozy,living room decor,gift for her,christmas gift,housewarming present",velveteen blanket,cozy throw,oversize blanket,soft blanket,farmhouse decor,rustic home accents,unique gift idea,floral print blanket,warm and cozy,living room decor,gift for her,christmas gift,housewarming present
"Sunflower Red Gingham Woven Blanket | Cozy Throw, Farmhouse Decor",https://www.etsy.com/listing/4451500450/sunflower-red-gingham-woven-blanket-cozy,JagiBoutique,https://www.etsy.com/shop/JagiBoutique,37.50,0,0,0,0,0,2 Mo.,0,0,0,Home & Living,35,0,0.0,301,"woven blanket,sunflower throw,cozy home,plaid blanket,boho throw,autumn decor,farmhouse throw,rustic blanket,cottagecore,gift for her,living room throw,bohemian rug,fall blanket",woven blanket,sunflower throw,cozy home,plaid blanket,boho throw,autumn decor,farmhouse throw,rustic blanket,cottagecore,gift for her,living room throw,bohemian rug,fall blanket
Woven Picnic Blanket Cozy Cotton Throw Cottagecore & Dark Academia Home Decor,https://www.etsy.com/listing/4483657879/woven-picnic-blanket-cozy-cotton-throw,Un1qu3ByJimmy,https://www.etsy.com/shop/Un1qu3ByJimmy,83.48,0,0,0,0,0,1 Mo.,0,0,29,Home & Living,0,0,0.0,1,"woven blanket,floral blanket,vintage throw,boho blanket,cozy throw,decorative throw,cottagecore,bedroom decor,gift for her,housewarming,living room,shabby chic,rustic decor",woven blanket,floral blanket,vintage throw,boho blanket,cozy throw,decorative throw,cottagecore,bedroom decor,gift for her,housewarming,living room,shabby chic,rustic decor
Abstract Mosaic Tapestry Woven Blanket | Colorful Geometric Throw,https://www.etsy.com/listing/4482969628/abstract-mosaic-tapestry-woven-blanket,RouxenCo,https://www.etsy.com/shop/RouxenCo,112.36,0,0,0,0,0,1 Mo.,0,0,24,Home & Living,13,0,0.0,16,"woven blanket,boho throw,cozy throw,living room,rustic decor,textured throw,vintage style,earth tone decor,bohemian rug,gift for her,neutral blanket,home accent,couch blanket",woven blanket,boho throw,cozy throw,living room,rustic decor,textured throw,vintage style,earth tone decor,bohemian rug,gift for her,neutral blanket,home accent,couch blanket
"Appaloosa Horse Portrait Woven Blanket | Horse Tapestry Throw, 100% Cotton Blanket",https://www.etsy.com/listing/4469995862/appaloosa-horse-portrait-woven-blanket,DovetailContent,https://www.etsy.com/shop/DovetailContent,68.95,0,0,0,0,0,2 Mo.,0,0,1,Home & Living,11,0,0.0,34,"horse blanket,woven blanket,western decor,farmhouse gift,equine decor,country home,rustic throw,stall gift,barn decor,living room,gift for her,appaloosa blanket,rodeo gift",horse blanket,woven blanket,western decor,farmhouse gift,equine decor,country home,rustic throw,stall gift,barn decor,living room,gift for her,appaloosa blanket,rodeo gift
Vintage Holly Mosaic Woven Blanket | Holiday Tapestry Throw,https://www.etsy.com/listing/4400522229/vintage-holly-mosaic-woven-blanket,WHENYOUStore,https://www.etsy.com/shop/WHENYOUStore,58.43,0,0,0,0,0,1 Mo.,0,0,0,Home & Living,2,0,0.0,0,"woven blanket,holiday throw,cozy cabin,rustic decor,christmas throw,living room,cottagecore,vintage blanket,rust colored,botanical print,gift for her,home accent,autumn decor",woven blanket,holiday throw,cozy cabin,rustic decor,christmas throw,living room,cottagecore,vintage blanket,rust colored,botanical print,gift for her,home accent,autumn decor
"Retro Christmas Blanket, Holiday Throw Blanket, Rustic Festive Couch Accent Blanket, Seasonal Gift for Grandma, Cute Classic Christmas Decor",https://www.etsy.com/listing/1561920683/retro-christmas-blanket-holiday-throw,AbloomDecor,https://www.etsy.com/shop/AbloomDecor,29.80,0,0,0,0,0,25 Mo.,1,0,11,Home & Living,30,0,0.0,622,"christmas blanket,retro holiday decor,indoor seasonal,cute couch accent,living room gift,bedroom bedding,festive decorations,rustic and greenery,holly soft cozy,velvet plush present,fireplace throw,college dorm room,gift for grandma",christmas blanket,retro holiday decor,indoor seasonal,cute couch accent,living room gift,bedroom bedding,festive decorations,rustic and greenery,holly soft cozy,velvet plush present,fireplace throw,college dorm room,gift for grandma
Abstract Desert Sunset Woven Blanket | Geometric Mountain Tapestry Throw,https://www.etsy.com/listing/4441590643/abstract-desert-sunset-woven-blanket,YeetstorePE,https://www.etsy.com/shop/YeetstorePE,81.80,0,0,0,0,0,1 Mo.,1,0,3,Home & Living,19,0,0.0,134,"woven blanket,boho throw,desert decor,sunset blanket,earthy throw,mountain decor,bohemian throw,cozy home decor,gift for her,living room throw,boho wall art,rustic blanket,autumn decor",woven blanket,boho throw,desert decor,sunset blanket,earthy throw,mountain decor,bohemian throw,cozy home decor,gift for her,living room throw,boho wall art,rustic blanket,autumn decor
"Forest Woven Cotton Blanket - 100% Cotton Boho Tapestry Throw, Cozy Woven Throw for Living Room & Wall Decor",https://www.etsy.com/listing/4440913828/forest-woven-cotton-blanket-100-cotton,WovelyArt,https://www.etsy.com/shop/WovelyArt,58.01,0,0,0,0,0,4 Mo.,1,0,0,Home & Living,6,0,0.0,12,"woven blanket,cotton throw,boho tapestry,wall tapestry,living room decor,cozy home decor,gift for mom,natural cotton,fringed edges,cottagecore style,rustic decor,aesthetic decor,handcrafted",woven blanket,cotton throw,boho tapestry,wall tapestry,living room decor,cozy home decor,gift for mom,natural cotton,fringed edges,cottagecore style,rustic decor,aesthetic decor,handcrafted
"River Reflection Woven Cotton Blanket - 100% Cotton Cozy Throw for Lake House, Coastal & Cabin Home Decor",https://www.etsy.com/listing/4437664954/river-reflection-woven-cotton-blanket,WovelyArt,https://www.etsy.com/shop/WovelyArt,48.44,0,0,0,0,0,4 Mo.,0,0,1,Home & Living,6,0,0.0,12,"woven blanket,cotton throw,woven tapestry,river reflection,lake house decor,coastal throw,living room throw,rustic cabin decor,housewarming gift,gift for mom,cozy home decor,nature inspired,lake life vibes",woven blanket,cotton throw,woven tapestry,river reflection,lake house decor,coastal throw,living room throw,rustic cabin decor,housewarming gift,gift for mom,cozy home decor,nature inspired,lake life vibes
Painted Calf Woven Blanket - 100% Cotton Cozy Farmhouse Throw,https://www.etsy.com/listing/4409300697/painted-calf-woven-blanket-100-cotton,WovelyArt,https://www.etsy.com/shop/WovelyArt,47.65,0,0,0,0,0,6 Mo.,0,0,8,Home & Living,6,0,0.0,12,"woven blanket,cotton throw,farmhouse throw,cozy home decor,living room throw,nursery decor,housewarming gift,gift for mom,wall tapestry,rustic decor,animal lover gift,cottagecore style,painted calf",woven blanket,cotton throw,farmhouse throw,cozy home decor,living room throw,nursery decor,housewarming gift,gift for mom,wall tapestry,rustic decor,animal lover gift,cottagecore style,painted calf
Custom name floral wreath Woven Blanket | personalized name throw,https://www.etsy.com/listing/4445624419/olivia-name-floral-wreath-woven-blanket,Suprimely,https://www.etsy.com/shop/Suprimely,58.43,0,0,0,0,0,4 Mo.,0,0,3,Home & Living,10,0,0.0,2,"woven blanket,personalized throw,name blanket,floral blanket,custom blanket,gift for her,cozy home,nursery decor,rustic decor,boho blanket,bridal shower,mother gift,living room",woven blanket,personalized throw,name blanket,floral blanket,custom blanket,gift for her,cozy home,nursery decor,rustic decor,boho blanket,bridal shower,mother gift,living room
"Plaid Pattern Woven Blanket | Rustic Tartan Throw, Cozy Home Decor original plaid 52 inches by 37 inches",https://www.etsy.com/listing/4472412031/plaid-pattern-woven-blanket-rustic,KareeleemoArt,https://www.etsy.com/shop/KareeleemoArt,59.00,0,0,0,0,0,2 Mo.,0,0,16,Home & Living,7,0,0.0,5,"woven blanket,plaid throw,cozy home,rustic decor,farmhouse throw,cottage cozy,neutral plaid,autumn blanket,living room,sofa blanket,gift for her,housewarming gift,earth tone blanket",woven blanket,plaid throw,cozy home,rustic decor,farmhouse throw,cottage cozy,neutral plaid,autumn blanket,living room,sofa blanket,gift for her,housewarming gift,earth tone blanket
Vintage Cowboy Western Wild Mustangs Desert Scene Woven Blanket | Southwestern Nevada Landscape Throw,https://www.etsy.com/listing/4440206565/vintage-cowboy-western-wild-mustangs,CountryHerbalist,https://www.etsy.com/shop/CountryHerbalist,101.82,0,0,0,0,0,4 Mo.,22,0,201,Home & Living,28,25,0.0,76,"woven blanket,desert blanket,horse blanket,southwest decor,western throw,boho woven,rustic throw,gift for her,cozy home,living room,bedroom decor,housewarming,farmhouse",woven blanket,desert blanket,horse blanket,southwest decor,western throw,boho woven,rustic throw,gift for her,cozy home,living room,bedroom decor,housewarming,farmhouse
Vintage Western Cowboy Woven Wall Tapestry Rustic Ranch Blanket Horse Wall Hanging Boho Throw Country Cabin Decor Bed Sofa Cover Home Decor,https://www.etsy.com/listing/4392199844/vintage-western-cowboy-woven-wall,StudioFernFrame,https://www.etsy.com/shop/StudioFernFrame,90.00,0,0,0,0,0,7 Mo.,1,0,23,Home & Living,7,0,0.0,117,"woven blanket,cowboy decor,rustic home,western style,cozy throw,gift for him,bohemian decor,western art,woven tapestry,large wall tapestry,bedroom decor,living room decor,tapestry verdure",woven blanket,cowboy decor,rustic home,western style,cozy throw,gift for him,bohemian decor,western art,woven tapestry,large wall tapestry,bedroom decor,living room decor,tapestry verdure
Mushroom Woven Blanket | Nautical Scuba Throw,https://www.etsy.com/listing/4417018649/mushroom-woven-blanket-nautical-scuba,TheBlanketSociety,https://www.etsy.com/shop/TheBlanketSociety,109.90,0,0,0,0,0,4 Mo.,0,0,4,Home & Living,5,0,0.0,0,"woven blanket,cozy throw,boho blanket,living room,rustic decor,earth tone throw,fringe blanket,gift for her,housewarming gift,vintage style,camping blanket,autumn decor",woven blanket,cozy throw,boho blanket,living room,rustic decor,earth tone throw,fringe blanket,gift for her,housewarming gift,vintage style,camping blanket,autumn decor,--
"Personalized Cowboy Boots Woven Blanket, Rustic Western Throw",https://www.etsy.com/listing/4427388362/personalized-western-boots-woven-blanket,WordplayArtwork,https://www.etsy.com/shop/WordplayArtwork,109.00,0,0,0,0,0,5 Mo.,0,0,5,Home & Living,28,0,0.0,207,"woven blanket,western decor,cowboy boots,rustic throw,country style,gift for her,gift for him,cozy blanket,western gift,home decor throw,living room decor,name blanket,personalized gift",woven blanket,western decor,cowboy boots,rustic throw,country style,gift for her,gift for him,cozy blanket,western gift,home decor throw,living room decor,name blanket,personalized gift
Southwestern Horse Pattern Woven Blanket | Aztec Navajo Throw,https://www.etsy.com/listing/4486505443/southwestern-horse-pattern-woven-blanket,AlyDigiVerse,https://www.etsy.com/shop/AlyDigiVerse,169.80,0,0,0,0,0,1 Mo.,1,0,9,Home & Living,6,0,0.0,58,"woven blanket,horse throw,southwest blanket,boho throw,rustic decor,cozy blanket,fringe throw,western decor,earth tone throw,tribal blanket,gift for her,living room throw,farmhouse throw",woven blanket,horse throw,southwest blanket,boho throw,rustic decor,cozy blanket,fringe throw,western decor,earth tone throw,tribal blanket,gift for her,living room throw,farmhouse throw
"Rustic Dress Watch Tartan Fleece Throw Blanket, Green Blue Plaid Minky Blanket for Living Room or Bedroom, Cozy Cabin Home Decor Gift",https://www.etsy.com/listing/1760938542/rustic-dress-watch-tartan-fleece-throw,ScottishCottageShop,https://www.etsy.com/shop/ScottishCottageShop,49.00,0,0,0,0,0,21 Mo.,1,0,15,Home & Living,60,0,0.0,910,"tartan throw blanket,plaid minky blanket,rustic fleece throw,cabin decor blanket,cozy home throw,green blue plaid,lodge decor accent,farmhouse throw,soft minky fleece,living room blanket,winter throw blanket,christmas gift,masculine decoration",tartan throw blanket,plaid minky blanket,rustic fleece throw,cabin decor blanket,cozy home throw,green blue plaid,lodge decor accent,farmhouse throw,soft minky fleece,living room blanket,winter throw blanket,christmas gift,masculine decoration
"Cairngorm Yellow Plaid Throw Blanket, Cozy Cottagecore Sofa Throw, Farmhouse Living Room Decor, Rustic Country Bedding Accent, Gift for Home",https://www.etsy.com/listing/1542367173/cairngorm-yellow-plaid-throw-blanket,ScottishCottageShop,https://www.etsy.com/shop/ScottishCottageShop,49.00,0,0,0,0,0,33 Mo.,0,0,21,Home & Living,60,0,0.0,910,"yellow plaid throw,cottagecore blanket,farmhouse throw,cozy sofa blanket,rustic home decor,country bedding,plaid home accent,fall living decor,housewarming gift,cabin style throw,couch blanket decor,warm cozy blanket,cairngorm tartan",yellow plaid throw,cottagecore blanket,farmhouse throw,cozy sofa blanket,rustic home decor,country bedding,plaid home accent,fall living decor,housewarming gift,cabin style throw,couch blanket decor,warm cozy blanket,cairngorm tartan
"Gordon Modern Velveteen Minky Blanket, Tartan Home Decor, Plaid Fleece Throw Blanket",https://www.etsy.com/listing/1542390743/gordon-modern-velveteen-minky-blanket,ScottishCottageShop,https://www.etsy.com/shop/ScottishCottageShop,49.00,0,0,0,0,0,33 Mo.,6,0,95,Home & Living,60,0,0.0,910,"plaid throw blanket,fleece blanket,gordon modern,tartan minky blanket,tartan home decor,rustic lodge decor,cozy bedroom decor,living room decor,decorative accents,college student gift,gift for him,christmas gift ideas,man cave decor",plaid throw blanket,fleece blanket,gordon modern,tartan minky blanket,tartan home decor,rustic lodge decor,cozy bedroom decor,living room decor,decorative accents,college student gift,gift for him,christmas gift ideas,man cave decor
Geometric Floral Medallion Patterned Woven Blanket 100% Cotton | Boho Stripe Floral Tapestry Throw Blanket,https://www.etsy.com/listing/4507505511/geometric-floral-medallion-patterned,CalmDaysStudio,https://www.etsy.com/shop/CalmDaysStudio,107.00,0,0,0,0,0,1 Mo.,0,0,0,Home & Living,28,0,0.0,68,"woven blanket,cozy throw,boho blanket,fringe throw,living room,neutral decor,cottagecore,vintage style,bedroom decor,sofa throw,gift for her,housewarming,rustic home",woven blanket,cozy throw,boho blanket,fringe throw,living room,neutral decor,cottagecore,vintage style,bedroom decor,sofa throw,gift for her,housewarming,rustic home
"William Morris Floral Bird Woven Cotton Blanket, Vintage Botanical Throw, Cottagecore Home Decor",https://www.etsy.com/listing/4498607867/william-morris-floral-bird-woven-cotton,TealandFeathers,https://www.etsy.com/shop/TealandFeathers,216.83,0,0,0,0,0,1 Mo.,0,0,2,Home & Living,2,0,0.0,1,"woven blanket,floral throw,bird blanket,vintage decor,cottagecore throw,boho blanket,cozy home,living room throw,green floral,gift for her,spring decor,patterned throw,rustic blanket",woven blanket,floral throw,bird blanket,vintage decor,cottagecore throw,boho blanket,cozy home,living room throw,green floral,gift for her,spring decor,patterned throw,rustic blanket
"Woodland Owl Sherpa Fleece Blanket - Nature Blanket, Cottage Core Home Decor, Cozy Sofa Throw, Owl Lover Gift, Winter Blanket",https://www.etsy.com/listing/1797913034/woodland-owl-sherpa-fleece-blanket,LawrencegiftDesigns,https://www.etsy.com/shop/LawrencegiftDesigns,47.55,0,0,0,8,2,19 Mo.,14,0,856,Home & Living,34,25,0.93,1944,"nature blanket,sherpa throw,cottage core,woodland owl,home decor,cozy blanket,winter gift,animal lover,rustic decor,living room,gift for her,birthday present,christmas gift",nature blanket,sherpa throw,cottage core,woodland owl,home decor,cozy blanket,winter gift,animal lover,rustic decor,living room,gift for her,birthday present,christmas gift
"Floral Sherpa Throw Blanket, Shabby Chic, Boho Home Decor",https://www.etsy.com/listing/1845337254/floral-sherpa-throw-blanket-shabby-chic,SophDHomeScents,https://www.etsy.com/shop/SophDHomeScents,69.99,0,0,0,0,0,16 Mo.,0,0,38,Home & Living,17,0,0.0,75,"shabby chic,sherpa blanket,cozy home decor,rustic blanket,warm throw,neutral colors,winter gift,living room decor,farmhouse style,soft and cozy,cottagecore vibes,gift for her,housewarming present",shabby chic,sherpa blanket,cozy home decor,rustic blanket,warm throw,neutral colors,winter gift,living room decor,farmhouse style,soft and cozy,cottagecore vibes,gift for her,housewarming present
"Shabby Chic Green Rose Blanket, Cottagecore Home Decor",https://www.etsy.com/listing/1845344354/shabby-chic-green-rose-blanket,SophDHomeScents,https://www.etsy.com/shop/SophDHomeScents,64.99,0,0,0,0,0,16 Mo.,1,0,76,Home & Living,17,0,0.0,75,"shabby chic,cozy home decor,gift for her,living room decor,winter blanket,farmhouse style,warm and cozy,rustic home decor,housewarming gift,couch throw blanket,unique gift idea,vintage style,green decor",shabby chic,cozy home decor,gift for her,living room decor,winter blanket,farmhouse style,warm and cozy,rustic home decor,housewarming gift,couch throw blanket,unique gift idea,vintage style,green decor
"Enchanted Forest Rabbit Woven Blanket 100% Cotton, Nature Tapestry, Woodland Cozy Throw",https://www.etsy.com/listing/4423954619/woodland-rabbit-woven-blanket-100-cotton,NovaBlanket,https://www.etsy.com/shop/NovaBlanket,92.20,0,0,0,0,0,5 Mo.,2,0,32,Home & Living,7,0,0.0,10,"rabbit gift,rabbit woven blanket,gift for friend,cozy forest decor,housewarming gift,nature lover gift,cozy living room,gift for him,wall hanging throw,bunny forest blanket,neutral home decor,cottagecore gift,rustic wall decor",rabbit gift,rabbit woven blanket,gift for friend,cozy forest decor,housewarming gift,nature lover gift,cozy living room,gift for him,wall hanging throw,bunny forest blanket,neutral home decor,cottagecore gift,rustic wall decor
Frankfort Michigan Lighthouse Woven Blanket. Personalizable. 3 size options. Multiple color options,https://www.etsy.com/listing/4410111019/frankfort-michigan-lighthouse-woven,MichiganMadeNative,https://www.etsy.com/shop/MichiganMadeNative,60.00,0,0,0,0,0,6 Mo.,0,0,14,Home & Living,6,0,0.0,2,"woven blanket,cozy throw,lake blanket,gift for him,vintage beach,rustic blanket,travel keepsake,men gift idea,shoreline art,living room,outdoor blanket,lighthouse,michigan",woven blanket,cozy throw,lake blanket,gift for him,vintage beach,rustic blanket,travel keepsake,men gift idea,shoreline art,living room,outdoor blanket,lighthouse,michigan
Personalized Woven Blanket Custom Initial animal print Throw Neutral Home Decor Monogram Gift for Her Housewarming Gift,https://www.etsy.com/listing/4460553263/personalized-woven-blanket-custom,Cozyloomblanket,https://www.etsy.com/shop/Cozyloomblanket,79.95,0,0,0,0,0,3 Mo.,0,0,0,Home & Living,8,0,0.0,8,"woven blanket,custom blanket,personalized throw,tapestry blanket,plaid blanket,rustic decor,custom woven gift,heirloom blanket,gift for parents,housewarming gift,throw blanket couch,monogram gift,living room decor",woven blanket,custom blanket,personalized throw,tapestry blanket,plaid blanket,rustic decor,custom woven gift,heirloom blanket,gift for parents,housewarming gift,throw blanket couch,monogram gift,living room decor
Personalized Woven Blanket Custom Initial Zebra Throw Neutral Home Decor Monogram Gift for Her Housewarming Gift,https://www.etsy.com/listing/4460554848/personalized-woven-blanket-custom,Cozyloomblanket,https://www.etsy.com/shop/Cozyloomblanket,79.95,0,0,0,0,0,3 Mo.,0,0,0,Home & Living,8,0,0.0,8,"woven blanket,custom blanket,personalized throw,tapestry blanket,plaid blanket,rustic decor,custom woven gift,heirloom blanket,gift for parents,housewarming gift,throw blanket couch,monogram gift,living room decor",woven blanket,custom blanket,personalized throw,tapestry blanket,plaid blanket,rustic decor,custom woven gift,heirloom blanket,gift for parents,housewarming gift,throw blanket couch,monogram gift,living room decor
Personalized Woven Blanket Custom Initial Zebra Throw Neutral Home Decor Monogram Gift for Her Housewarming Gift,https://www.etsy.com/listing/4460549956/personalized-woven-blanket-custom,Cozyloomblanket,https://www.etsy.com/shop/Cozyloomblanket,79.95,0,0,0,0,0,3 Mo.,0,0,0,Home & Living,8,0,0.0,8,"woven blanket,custom blanket,personalized throw,tapestry blanket,plaid blanket,rustic decor,custom woven gift,heirloom blanket,gift for parents,housewarming gift,throw blanket couch,monogram gift,living room decor",woven blanket,custom blanket,personalized throw,tapestry blanket,plaid blanket,rustic decor,custom woven gift,heirloom blanket,gift for parents,housewarming gift,throw blanket couch,monogram gift,living room decor
Cabin Woven Blanket Mallard Ducks Cozy Cabin Cotton Blanket Hunter Throw Blanket Dad Gift Wilderness Gift for Husband Rustic Woodland Decor,https://www.etsy.com/listing/4447222644/cabin-woven-blanket-mallard-ducks-cozy,HoneyWearDesigns,https://www.etsy.com/shop/HoneyWearDesigns,72.99,0,0,0,0,0,4 Mo.,2,0,20,Home & Living,4,0,0.0,0,"woven blanket,duck blanket,wildlife throw,rustic home,cabin decor,nature throw,animal tapestry,living room,outdoor blanket,ducks decor,cozy throw,gift for him,fishing decor",woven blanket,duck blanket,wildlife throw,rustic home,cabin decor,nature throw,animal tapestry,living room,outdoor blanket,ducks decor,cozy throw,gift for him,fishing decor
Majestic White Tiger & Cubs Woven Throw Blanket - Winter Wildlife Tapestry Throw,https://www.etsy.com/listing/4457660187/majestic-white-tiger-cubs-woven-throw,Intandemshoppe,https://www.etsy.com/shop/Intandemshoppe,68.43,0,0,0,0,0,3 Mo.,0,0,0,Home & Living,3,0,0.0,3,"woven blanket,tiger blanket,animal throw,cozy throw,wildlife decor,snow tiger art,living room throw,rustic farmhouse,nature gift,winter decor,gift for him,gift for her,bedroom throw",woven blanket,tiger blanket,animal throw,cozy throw,wildlife decor,snow tiger art,living room throw,rustic farmhouse,nature gift,winter decor,gift for him,gift for her,bedroom throw
Black Boxer Moonlight Woven Blanket - Cozy Woven Throw For Dog Lovers,https://www.etsy.com/listing/4457695368/black-boxer-moonlight-woven-blanket-cozy,Intandemshoppe,https://www.etsy.com/shop/Intandemshoppe,68.43,0,0,0,0,0,3 Mo.,0,0,1,Home & Living,3,0,0.0,3,"woven blanket,dog throw,cozy home decor,pet lover gift,animal throw,living room throw,gift for dog mom,snuggle blanket,bedroom accent,rustic home gift,boxer dog throw,gift for dog dad,bedroom decor",woven blanket,dog throw,cozy home decor,pet lover gift,animal throw,living room throw,gift for dog mom,snuggle blanket,bedroom accent,rustic home gift,boxer dog throw,gift for dog dad,bedroom decor
Southwestern Aztec Pattern Woven Blanket | Geometric Tribal Throw,https://www.etsy.com/listing/4473878086/southwestern-aztec-pattern-woven-blanket,UGArtCO,https://www.etsy.com/shop/UGArtCO,118.32,0,0,0,0,0,2 Mo.,0,0,0,Home & Living,3,0,0.0,0,"woven blanket,boho throw,cozy throw,tribal blanket,rustic decor,living room,cabin decor,bohemian rug,camping blanket,gift for her,winter blanket,fringe throw,earth tone decor",woven blanket,boho throw,cozy throw,tribal blanket,rustic decor,living room,cabin decor,bohemian rug,camping blanket,gift for her,winter blanket,fringe throw,earth tone decor
Cotton Woven Throw Blanket: Boho Fringe Decor,https://www.etsy.com/listing/4325292558/cotton-woven-throw-blanket-boho-fringe,Shannon843Crafts,https://www.etsy.com/shop/Shannon843Crafts,66.40,0,0,0,0,0,11 Mo.,0,0,22,Home & Living,14,0,0.0,65,"woven blanket,cozy home decor,rustic style,warm throws,gifts for home,living room textile,chic bedroom,decorative blanket,boho blanket,comfortable living,unique home gifts,seasonal decor,home snuggle",woven blanket,cozy home decor,rustic style,warm throws,gifts for home,living room textile,chic bedroom,decorative blanket,boho blanket,comfortable living,unique home gifts,seasonal decor,home snuggle
"Highland Romance Velveteen Throw Blanket, Tartan Fleece Blanket, Rustic Cottagecore Home Decor",https://www.etsy.com/listing/1542375155/highland-romance-velveteen-throw-blanket,ScottishCottageShop,https://www.etsy.com/shop/ScottishCottageShop,49.00,0,0,0,0,0,33 Mo.,3,0,95,Home & Living,60,0,0.0,914,"highland romance,tartan minky blanket,plaid throw blanket,rustic lodge decor,cozy cottagecore,living room decor,bedroom decor,farmhouse style,lake house decor,decorative accents,dorm room decor,mom gift,gift for her",highland romance,tartan minky blanket,plaid throw blanket,rustic lodge decor,cozy cottagecore,living room decor,bedroom decor,farmhouse style,lake house decor,decorative accents,dorm room decor,mom gift,gift for her
Warm Autumn Woodland Wall Tapestry & Fabric Wall Art – Premium Woven Vintage Home Decor for Earthy Bohemian Interiors,https://www.etsy.com/listing/4432039657/warm-autumn-woodland-wall-tapestry,Ashvorn,https://www.etsy.com/shop/Ashvorn,99.99,0,0,0,0,0,5 Mo.,0,0,14,Home & Living,8,0,0.0,10,"woven blanket,cozy throw,autumn blanket,earth tone decor,tree landscape,rustic throw,boho blanket,living room throw,gift for her,housewarming gift,cabin decor,fall home decor,bedroom throw",woven blanket,cozy throw,autumn blanket,earth tone decor,tree landscape,rustic throw,boho blanket,living room throw,gift for her,housewarming gift,cabin decor,fall home decor,bedroom throw
Abstract Tiger Mosaic Woven Blanket | Rustic Boho Animal Throw,https://www.etsy.com/listing/4463208652/abstract-tiger-mosaic-woven-blanket,EstudioAuraDesigns,https://www.etsy.com/shop/EstudioAuraDesigns,50.43,0,0,0,0,0,3 Mo.,0,0,4,Home & Living,4,0,0.0,0,"woven blanket,lion blanket,tiger throw,animal throw,boho home,rustic decor,masculine gift,living room,cozy blanket,statement decor,gift for him,textured throw,ombre blanket",woven blanket,lion blanket,tiger throw,animal throw,boho home,rustic decor,masculine gift,living room,cozy blanket,statement decor,gift for him,textured throw,ombre blanket
Abstract Agate Mosaic Woven Blanket | Blue Green Stone Pattern,https://www.etsy.com/listing/4488632032/abstract-agate-mosaic-woven-blanket-blue,riibcaage,https://www.etsy.com/shop/riibcaage,65.00,0,0,0,0,0,1 Mo.,1,0,4,Home & Living,6,0,0.0,10,"woven blanket,boho throw,cozy throw,home decor,cottagecore,gift for her,living room,bed throw,textured throw,earthy decor,rustic throw,winter blanket,neutral blanket",woven blanket,boho throw,cozy throw,home decor,cottagecore,gift for her,living room,bed throw,textured throw,earthy decor,rustic throw,winter blanket,neutral blanket
Christmas Orchard Woven Blanket | Vintage Floral Tapestry Throw for Rustic Holiday Decor,https://www.etsy.com/listing/4404443594/christmas-orchard-woven-blanket-vintage,NeuraHaus,https://www.etsy.com/shop/NeuraHaus,57.99,0,0,0,0,0,7 Mo.,0,0,13,Home & Living,7,0,0.0,0,"woven blanket,cozy throw,boho blanket,vintage throw,rustic decor,earth tone throw,living room,bedroom decor,gift for her,housewarming,autumn decor,textured throw,cottagecore",woven blanket,cozy throw,boho blanket,vintage throw,rustic decor,earth tone throw,living room,bedroom decor,gift for her,housewarming,autumn decor,textured throw,cottagecore
"Southwestern Aztec Cotton Blanket | Rustic Desert Throw, Woven Tapestry, Handmade",https://www.etsy.com/listing/4518570447/southwestern-aztec-cotton-blanket-rustic,EarthAndFernStudio,https://www.etsy.com/shop/EarthAndFernStudio,59.99,0,0,0,0,0,1 Mo.,2,0,7,Home & Living,5,0,0.0,152,"woven blanket,southwest throw,boho home,tribal decor,aztec blanket,cozy throw,living room,bohemian rug,rustic blanket,earthy decor,couch blanket,bed throw,gift for her",woven blanket,southwest throw,boho home,tribal decor,aztec blanket,cozy throw,living room,bohemian rug,rustic blanket,earthy decor,couch blanket,bed throw,gift for her
Spring Floral Pattern Sherpa Blanket | Cozy Cottagecore Peony Design,https://www.etsy.com/listing/4507871556/spring-floral-pattern-sherpa-blanket,TheBotanyDept,https://www.etsy.com/shop/TheBotanyDept,42.23,0,0,0,0,0,1 Mo.,0,0,0,Home & Living,6,0,0.0,54,"sherpa blanket,cozy throw,floral throw,boho blanket,bedroom decor,gift for her,warm throw,rustic decor,cottagecore,living room,housewarming gift,soft sherpa,peony art",sherpa blanket,cozy throw,floral throw,boho blanket,bedroom decor,gift for her,warm throw,rustic decor,cottagecore,living room,housewarming gift,soft sherpa,peony art
Pretty Country Blanket | Western Pattern Throw,https://www.etsy.com/listing/4426567082/pretty-country-blanket-western-pattern,DesignontheFritts,https://www.etsy.com/shop/DesignontheFritts,60.00,0,0,0,0,0,3 Mo.,0,0,1,Home & Living,4,0,0.0,0,"sherpa blanket,fleece throw,cozy blanket,holiday blanket,neutral decor,rustic home,farmhouse gift,winter throw,soft sherpa,living room,bedroom decor,gift for her,western home decor",sherpa blanket,fleece throw,cozy blanket,holiday blanket,neutral decor,rustic home,farmhouse gift,winter throw,soft sherpa,living room,bedroom decor,gift for her,western home decor
"Checkered Neutral Woven Blanket - Cozy Home Decor, Plaid Throw Blanket, Soft Bedding, Stylish Textile Art, Modern Lap Quilt",https://www.etsy.com/listing/1851076160/checkered-neutral-woven-blanket-cozy,RvlryDesign,https://www.etsy.com/shop/RvlryDesign,53.30,0,0,0,0,0,1 Mo.,0,0,7,Home & Living,3,0,0.0,1,"checkered blanket,neutral home decor,cozy throw blanket,plaid bedding,picnic blanket,gift for mom,rustic cabin decor,housewarming gift,christmas gift idea,soft couch throw,living room accent,warm bedroom decor,neutral color scheme",checkered blanket,neutral home decor,cozy throw blanket,plaid bedding,picnic blanket,gift for mom,rustic cabin decor,housewarming gift,christmas gift idea,soft couch throw,living room accent,warm bedroom decor,neutral color scheme
"Highland Cow Woven Blanket, Farmhouse Cozy Throw, 100% Cotton Tapestry",https://www.etsy.com/listing/4472994218/highland-cow-woven-blanket-farmhouse,XpressiveArtwear,https://www.etsy.com/shop/XpressiveArtwear,89.99,0,0,0,0,0,2 Mo.,0,0,1,Home & Living,132,0,0.0,18,"woven blanket,cow blanket,highland cow,farmhouse decor,cozy throw,animal tapestry,rustic blanket,living room throw,country decor,gift for her,housewarming gift,boho blanket,highland cow blanket",woven blanket,cow blanket,highland cow,farmhouse decor,cozy throw,animal tapestry,rustic blanket,living room throw,country decor,gift for her,housewarming gift,boho blanket,highland cow blanket
"Southwestern Aztec Pattern Velveteen Plush Blanket, Boho Throw, Gift for her, Mom home decor gift",https://www.etsy.com/listing/4447669461/southwestern-aztec-pattern-velveteen,BlackSheepCommodity,https://www.etsy.com/shop/BlackSheepCommodity,23.00,0,0,0,0,0,4 Mo.,0,0,7,Home & Living,7,0,0.0,5,"velveteen blanket,southwestern blanket,navajo blanket,living room throw,bedroom blanket,gift for her,housewarming gift,boho nursery decor,rustic decor blanket,warm cozy blanket,aztec plush throw,southwest home decor",velveteen blanket,southwestern blanket,navajo blanket,living room throw,bedroom blanket,gift for her,housewarming gift,boho nursery decor,rustic decor blanket,warm cozy blanket,aztec plush throw,southwest home decor,--
Deer Geometric Blanket | Abstract Throw,https://www.etsy.com/listing/4482030451/deer-geometric-blanket-abstract-throw,WildwaresCanada,https://www.etsy.com/shop/WildwaresCanada,39.97,0,0,0,0,0,1 Mo.,0,0,1,Home & Living,28,0,0.0,1,"cozy deer decor,woodland throw,modern cabin decor,minimalist blanket,nature themed throw,gift for her,housewarming gift,rustic living room,holiday cozy gift,scandinavian throw,outdoor blanket,neutral home decor,deer nursery decor",cozy deer decor,woodland throw,modern cabin decor,minimalist blanket,nature themed throw,gift for her,housewarming gift,rustic living room,holiday cozy gift,scandinavian throw,outdoor blanket,neutral home decor,deer nursery decor
"Floral Woven Blanket for Mother&#39;s Day Celebration, Cozy Gift for Mom, Home Decor, Warm Throw, Elegant Wall Tapestry, Special Occasion",https://www.etsy.com/listing/4299901550/floral-woven-blanket-for-mothers-day,KOiiSAS,https://www.etsy.com/shop/KOiiSAS,53.30,0,0,0,0,0,1 Mo.,0,0,0,Home & Living,1,0,0.0,0,"woven blanket,home decor,cozy living,gift for her,floral design,mother's day gift,personalized throw,warm home,boho blanket,rustic decor,living room decor,colorful throw,eco friendly",woven blanket,home decor,cozy living,gift for her,floral design,mother's day gift,personalized throw,warm home,boho blanket,rustic decor,living room decor,colorful throw,eco friendly
"Autumn Mushroom Velveteen Plush Blanket, Cozy Fall Decor",https://www.etsy.com/listing/4388460830/autumn-mushroom-velveteen-plush-blanket,ModernMomsClosetShop,https://www.etsy.com/shop/ModernMomsClosetShop,20.20,0,0,0,0,0,6 Mo.,0,0,0,Home & Living,17,0,0.0,20,"velveteen blanket,plush blanket,autumn blanket,mushrooms blanket,cozy home decor,fall home accents,nature lover gift,warm throw blanket,hygge living room,gift for her,fall season decor,rustic home gifts,cottagecore",velveteen blanket,plush blanket,autumn blanket,mushrooms blanket,cozy home decor,fall home accents,nature lover gift,warm throw blanket,hygge living room,gift for her,fall season decor,rustic home gifts,cottagecore
Grandma Bear Sunflower Woven Blanket | Cozy Cotton Throw,https://www.etsy.com/listing/4396343280/grandma-bear-sunflower-woven-blanket,AngiBockPaperCo,https://www.etsy.com/shop/AngiBockPaperCo,58.43,0,0,0,0,0,7 Mo.,0,0,4,Home & Living,7,0,0.0,18,"cozy home decor,bear woven blanket,nature inspired gift,comfortable blanket,boho home accents,rustic cabin decor,animal print decor,unique woven throws,living room comfort,gift for grandma,grandma bear,gram gift,cotton blanket",cozy home decor,bear woven blanket,nature inspired gift,comfortable blanket,boho home accents,rustic cabin decor,animal print decor,unique woven throws,living room comfort,gift for grandma,grandma bear,gram gift,cotton blanket
Abstract Geometric Square Pattern Woven Blanket | Colorblock Throw,https://www.etsy.com/listing/4466635901/abstract-geometric-square-pattern-woven,PlushPatternBlankets,https://www.etsy.com/shop/PlushPatternBlankets,58.43,0,0,0,0,0,2 Mo.,0,0,0,Home & Living,5,0,0.0,2,"woven blanket,boho throw,cozy blanket,rustic decor,earth tone throw,modern throw,bohemian blanket,couch throw,living room,gift for mom,housewarming,autumn decor,mid century",woven blanket,boho throw,cozy blanket,rustic decor,earth tone throw,modern throw,bohemian blanket,couch throw,living room,gift for mom,housewarming,autumn decor,mid century
Desert Cactus Landscape Woven Blanket | Southwestern Tapestry Throw,https://www.etsy.com/listing/4449941613/desert-cactus-landscape-woven-blanket,GracefullyyoursCA,https://www.etsy.com/shop/GracefullyyoursCA,87.68,0,0,0,0,0,4 Mo.,1,0,3,Home & Living,44,0,0.0,694,"woven blanket,desert blanket,cactus throw,southwest decor,boho throw,cozy throw,living room decor,bohemian blanket,sunset blanket,cactus decor,earth tone throw,rustic blanket,gift for her",woven blanket,desert blanket,cactus throw,southwest decor,boho throw,cozy throw,living room decor,bohemian blanket,sunset blanket,cactus decor,earth tone throw,rustic blanket,gift for her
"Floral Shabby Chic Throw Blanket, Rustic Home Decor",https://www.etsy.com/listing/1859550177/floral-shabby-chic-throw-blanket-rustic,SophDHomeScents,https://www.etsy.com/shop/SophDHomeScents,64.99,0,0,0,0,0,16 Mo.,0,0,12,Home & Living,17,0,0.0,75,"shabby chic,cozy home decor,gift for her,living room decor,winter blanket,farmhouse style,warm and cozy,rustic home decor,housewarming gift,couch throw blanket,unique gift idea,vintage style,textile art",shabby chic,cozy home decor,gift for her,living room decor,winter blanket,farmhouse style,warm and cozy,rustic home decor,housewarming gift,couch throw blanket,unique gift idea,vintage style,textile art
Autumn Street Woven Cotton Blanket: Cozy Fall Decor,https://www.etsy.com/listing/4360051931/autumn-street-woven-cotton-blanket-cozy,CozyComfyJoy,https://www.etsy.com/shop/CozyComfyJoy,115.90,0,0,0,0,0,4 Mo.,0,0,1,Home & Living,7,0,0.0,12,"cozy blanket,autumn home decor,fall throw,warm living room,seasonal coziness,home textile,hygge vibes,gift for her,sofa throw,couch blanket,housewarming gift,rustic decor,snuggle up",cozy blanket,autumn home decor,fall throw,warm living room,seasonal coziness,home textile,hygge vibes,gift for her,sofa throw,couch blanket,housewarming gift,rustic decor,snuggle up
Mountain Landscape Woven Cotton Throw Blanket | Fringed Edges,https://www.etsy.com/listing/4416175535/mountain-landscape-woven-cotton-throw,DigitalsbySaraCo,https://www.etsy.com/shop/DigitalsbySaraCo,64.43,0,0,0,0,0,2 Mo.,0,0,11,Home & Living,8,0,0.0,2,"mountain blanket,watercolor blanket,woven throw,cozy mountain,nature home decor,rustic throw,cabin blanket,outdoor vibes,boho throw,gift for hikers,living room throw,bedroom decor,camper blanket",mountain blanket,watercolor blanket,woven throw,cozy mountain,nature home decor,rustic throw,cabin blanket,outdoor vibes,boho throw,gift for hikers,living room throw,bedroom decor,camper blanket
"Wool Carpet Boho Chic Area Rug, Gray Rustic Modern Bedroom Rug, Minimal Woven Throw for Living Room, Cozy Wool Blanket New Home Gift",https://www.etsy.com/listing/1626284768/wool-carpet-boho-chic-area-rug-gray,MAPICOshop,https://www.etsy.com/shop/MAPICOshop,766.24,0,0,0,0,0,29 Mo.,6,0,150,Home & Living,62,0,0.0,308,"wool carpet,boho carpet,chic rug,area rug,bedroom rug,modern rug,rustic rug,cozy throw,woven throw,living room,minimal rug,wool blanket,new home gift",wool carpet,boho carpet,chic rug,area rug,bedroom rug,modern rug,rustic rug,cozy throw,woven throw,living room,minimal rug,wool blanket,new home gift
"Mr. Darcy Quote, Woven Blanket, Gift for Literature Lovers",https://www.etsy.com/listing/4469653183/mr-darcy-quote-woven-blanket-gift-for,WhymWandrArt,https://www.etsy.com/shop/WhymWandrArt,57.99,0,0,0,0,0,2 Mo.,0,0,4,Home & Living,27,0,0.0,103,"woven blanket,cozy home decor,gift for her,unique throw blanket,romantic gift idea,personalized blanket,quote wall art,handcrafted blanket,blanket for couples,rustic living room,chic bedroom decor,sentimental home,textile gift",woven blanket,cozy home decor,gift for her,unique throw blanket,romantic gift idea,personalized blanket,quote wall art,handcrafted blanket,blanket for couples,rustic living room,chic bedroom decor,sentimental home,textile gift
Southwestern Geometric Pattern Woven Blanket | Aztec Patchwork Throw,https://www.etsy.com/listing/4460506793/southwestern-geometric-pattern-woven,CreativFlair,https://www.etsy.com/shop/CreativFlair,56.99,0,0,0,0,0,3 Mo.,1,0,10,Home & Living,124,0,0.0,680,"woven blanket,boho throw,aztec throw,cozy home,living room,earth tone decor,textured throw,gift for her,modern rustic,cottagecore decor,housewarming,autumn gift,bohemian decor",woven blanket,boho throw,aztec throw,cozy home,living room,earth tone decor,textured throw,gift for her,modern rustic,cottagecore decor,housewarming,autumn gift,bohemian decor
Cozy Velveteen Plush Blanket: Soft Throw for Snuggling,https://www.etsy.com/listing/4366562172/cozy-velveteen-plush-blanket-soft-throw,TheGroovyCraftHouse,https://www.etsy.com/shop/TheGroovyCraftHouse,16.16,0,0,0,0,0,4 Mo.,0,0,4,Home & Living,60,0,0.0,4,"cozy throw blanket,soft plush blanket,warm home decor,gift for her,kids plush blanket,home comfort decor,cuddle blanket gift,seasonal home decor,floral print blanket,living room blanket,bedroom essentials,rustic home decor,blanket for babies",cozy throw blanket,soft plush blanket,warm home decor,gift for her,kids plush blanket,home comfort decor,cuddle blanket gift,seasonal home decor,floral print blanket,living room blanket,bedroom essentials,rustic home decor,blanket for babies
"Golden Thistle Woven Blanket – Rustic Boho Botanical Throw, Vintage Floral Tapestry Blanket, Autumn Earth Tone Decor, browns, creams, greens",https://www.etsy.com/listing/4387065750/golden-thistle-woven-blanket-rustic-boho,MulberryCircle,https://www.etsy.com/shop/MulberryCircle,78.80,0,0,0,0,0,2 Mo.,1,0,0,Home & Living,65,0,0.0,91,"cozy home decor,gift for her,wall art blanket,living room decor,gift for mom,birthday gift idea,artistic woven throw,cozy relaxing space,luxury comfy throw,rustic design,botanical blanket,autumn blanket,cozy vibes",cozy home decor,gift for her,wall art blanket,living room decor,gift for mom,birthday gift idea,artistic woven throw,cozy relaxing space,luxury comfy throw,rustic design,botanical blanket,autumn blanket,cozy vibes
Colorado Lilly Floral Sherpa Fleece Blanket: Cozy Plush Throw,https://www.etsy.com/listing/1867411788/colorado-lilly-floral-sherpa-fleece,TheRockyMountainBee,https://www.etsy.com/shop/TheRockyMountainBee,48.67,0,0,0,0,0,10 Mo.,0,0,9,Home & Living,11,0,0.0,40,"sherpa blanket,cozy home decor,floral fleece throw,rocky mountain vibes,camping blanket,hygge living room,rustic cabin decor,cozy winter gift,lillie blanket,garden lover blanket,gardening lover gift,flower lover gift,gift for her",sherpa blanket,cozy home decor,floral fleece throw,rocky mountain vibes,camping blanket,hygge living room,rustic cabin decor,cozy winter gift,lillie blanket,garden lover blanket,gardening lover gift,flower lover gift,gift for her
"Plaid Woven Cotton Throw Blanket | Rustic Plaid Tartan Pattern, Cozy Home Decor",https://www.etsy.com/listing/4413685042/plaid-woven-cotton-throw-blanket-rustic,CottonCutCo,https://www.etsy.com/shop/CottonCutCo,106.68,0,0,0,0,0,2 Mo.,1,0,17,Home & Living,28,0,0.0,1329,"woven blanket,plaid throw,fringe blanket,cabin blanket,plaid blanket,rustic throw,living room throw,gift for her,ralph lauren,traditional holiday,christmas tartan,tartan decor,cotton throw",woven blanket,plaid throw,fringe blanket,cabin blanket,plaid blanket,rustic throw,living room throw,gift for her,ralph lauren,traditional holiday,christmas tartan,tartan decor,cotton throw
Deep Green Dark Floral Damask Woven Throw Blanket | Vintage Gothmas Holiday Scroll Pattern,https://www.etsy.com/listing/4415199489/deep-green-dark-floral-damask-woven,CottonCutCo,https://www.etsy.com/shop/CottonCutCo,106.68,0,0,0,0,0,1 Mo.,2,0,59,Home & Living,28,25,0.0,1329,"woven blanket,cozy throw,dark floral,vintage home,living room,bedroom decor,gift for her,holiday gift,rustic throw,textured throw,gothmas,dark christmas,moody holiday",woven blanket,cozy throw,dark floral,vintage home,living room,bedroom decor,gift for her,holiday gift,rustic throw,textured throw,gothmas,dark christmas,moody holiday
Personalized Woven Blanket: Mushroom & Fern Woodland Design,https://www.etsy.com/listing/4311614117/personalized-woven-blanket-mushroom-fern,StevensandBall,https://www.etsy.com/shop/StevensandBall,133.88,0,0,0,0,0,9 Mo.,0,0,18,Home & Living,34,0,0.0,344,"woodland blanket,personalized throw,forest home decor,rustic living room,nature lover gift,cozy couch throw,customized bedding,camping blanket,warm and cozy throw,fungi lover gift,fall home accent,custom nature gift,gift for hiker",woodland blanket,personalized throw,forest home decor,rustic living room,nature lover gift,cozy couch throw,customized bedding,camping blanket,warm and cozy throw,fungi lover gift,fall home accent,custom nature gift,gift for hiker
Majestic Elk Woven Blanket Animal Portrait Throw Rug Rustic Birthday Gift for Dad Husband Lodge Decor Forest Landscape Wall Hanging 414,https://www.etsy.com/listing/4462741269/majestic-elk-woven-blanket-animal,KateKateDesign,https://www.etsy.com/shop/KateKateDesign,79.00,0,0,0,0,0,3 Mo.,1,0,2,Home & Living,11,0,0.0,66,"woven blanket,birthday gift,gift for dad,husband gift,elk portrait,lodge decoration,forest throw,wall hanging,rustic bedding,masculine gift,elk wall art,woven tapestry,cabin living room",woven blanket,birthday gift,gift for dad,husband gift,elk portrait,lodge decoration,forest throw,wall hanging,rustic bedding,masculine gift,elk wall art,woven tapestry,cabin living room
"Red Panda Animal Art Woven Cotton Blanket - 100% Cotton Animal Tapestry Throw, Cozy Rustic Cabin Decor",https://www.etsy.com/listing/4405959182/red-panda-animal-art-woven-cotton,WovelyArt,https://www.etsy.com/shop/WovelyArt,47.65,0,0,0,0,0,6 Mo.,0,0,1,Home & Living,6,0,0.0,12,"woven blanket,cotton throw,tapestry throw,living room decor,wall tapestry,wildlife tapestry,animal art,nature lodge,housewarming gift,gift for dad,rustic decor,jacquard weave,fringed edges",woven blanket,cotton throw,tapestry throw,living room decor,wall tapestry,wildlife tapestry,animal art,nature lodge,housewarming gift,gift for dad,rustic decor,jacquard weave,fringed edges
"Watercolor Sheep Woven Blanket - 100% Cotton Cottagecore Throw, Cozy Rustic Farmhouse Tapestry",https://www.etsy.com/listing/4408379264/watercolor-sheep-woven-blanket-100,WovelyArt,https://www.etsy.com/shop/WovelyArt,47.65,0,0,0,0,0,6 Mo.,0,0,3,Home & Living,6,0,0.0,12,"woven blanket,cotton throw,watercolor sheep,cottagecore,rustic decor,wall tapestry,living room throw,gift for mom,housewarming gift,nature inspired,farmhouse decor,animal art,sheep decor",woven blanket,cotton throw,watercolor sheep,cottagecore,rustic decor,wall tapestry,living room throw,gift for mom,housewarming gift,nature inspired,farmhouse decor,animal art,sheep decor
"Watercolor Barn Woven Blanket - 100% Cotton Throw, Rustic Artistic Tapestry for Cozy Living Room",https://www.etsy.com/listing/4408385569/watercolor-barn-woven-blanket-100-cotton,WovelyArt,https://www.etsy.com/shop/WovelyArt,47.65,0,0,0,0,0,6 Mo.,0,0,8,Home & Living,6,0,0.0,12,"woven blanket,cotton throw,tapestry throw,living room decor,wall tapestry,watercolor barn,rustic farmhouse,housewarming gift,gift for mom,cozy home decor,cottagecore style,art inspired,farmhouse throw",woven blanket,cotton throw,tapestry throw,living room decor,wall tapestry,watercolor barn,rustic farmhouse,housewarming gift,gift for mom,cozy home decor,cottagecore style,art inspired,farmhouse throw
"Hippo Sunset Woven Blanket - 100% Cotton Throw, Coastal Tapestry for Beach House, Cozy Living Room Decor",https://www.etsy.com/listing/4410189910/hippo-sunset-woven-blanket-100-cotton,WovelyArt,https://www.etsy.com/shop/WovelyArt,47.65,0,0,0,0,0,6 Mo.,0,0,1,Home & Living,6,0,0.0,12,"woven blanket,cotton throw,tapestry throw,living room throw,cabin decor,wildlife decor,animal tapestry,woodland art,housewarming gift,gift for dad,cozy decor,rustic lodge,hippo blanket",woven blanket,cotton throw,tapestry throw,living room throw,cabin decor,wildlife decor,animal tapestry,woodland art,housewarming gift,gift for dad,cozy decor,rustic lodge,hippo blanket
"Hippo Woven Cotton Blanket - 100% Cotton Tapestry Throw, Cozy Boho Sofa, Bed & Wall Hanging Decor",https://www.etsy.com/listing/4410202711/hippo-woven-cotton-blanket-100-cotton,WovelyArt,https://www.etsy.com/shop/WovelyArt,47.65,0,0,0,0,0,6 Mo.,0,0,7,Home & Living,6,0,0.0,12,"woven blanket,cotton throw,tapestry throw,living room throw,cabin decor,wildlife decor,animal tapestry,woodland art,housewarming gift,gift for dad,cozy decor,rustic lodge,hippo blanket",woven blanket,cotton throw,tapestry throw,living room throw,cabin decor,wildlife decor,animal tapestry,woodland art,housewarming gift,gift for dad,cozy decor,rustic lodge,hippo blanket
Birds and Cherries Floral Folk Art Flannel Blanket,https://www.etsy.com/listing/4473159332/birds-and-cherries-floral-folk-art,3LittleBearsStore,https://www.etsy.com/shop/3LittleBearsStore,32.73,0,0,0,0,0,2 Mo.,1,0,33,Home & Living,70,0,0.0,348,"folk art blanket,flannel throw,cozy home decor,bird pattern blanket,floral throw blanket,cottagecore decor,rustic style blanket,gift for home lovers,living room blanket,bed and sofa throw,folk art flannel,housewarming blanket,mother's day blanket",folk art blanket,flannel throw,cozy home decor,bird pattern blanket,floral throw blanket,cottagecore decor,rustic style blanket,gift for home lovers,living room blanket,bed and sofa throw,folk art flannel,housewarming blanket,mother's day blanket
Autumn Confetti Woven Blanket | Rust Brown Tossed Dot Throw,https://www.etsy.com/listing/4499620412/autumn-confetti-woven-blanket-rust-brown,AmorieDesign,https://www.etsy.com/shop/AmorieDesign,91.99,0,0,0,0,0,1 Mo.,0,0,3,Home & Living,7,0,0.0,0,"woven blanket,cozy throw,autumn decor,boho blanket,rustic throw,living room,earth tone,gift for her,housewarming gift,fall blanket,textured throw,sofa blanket,warm throw",woven blanket,cozy throw,autumn decor,boho blanket,rustic throw,living room,earth tone,gift for her,housewarming gift,fall blanket,textured throw,sofa blanket,warm throw
Tartan Plaid Woven Blanket | Cozy Fringe Throw,https://www.etsy.com/listing/4477880671/tartan-plaid-woven-blanket-cozy-fringe,digitaldownloadude,https://www.etsy.com/shop/digitaldownloadude,58.43,0,0,0,0,0,1 Mo.,0,0,2,Home & Living,20,0,0.0,1,"woven blanket,plaid throw,tartan blanket,cozy throw,couch blanket,living room decor,autumn decor,rustic throw,gift for him,housewarming gift,holiday throw,christmas blanket,camping blanket",woven blanket,plaid throw,tartan blanket,cozy throw,couch blanket,living room decor,autumn decor,rustic throw,gift for him,housewarming gift,holiday throw,christmas blanket,camping blanket
"Personalized Western Baby Blanket, Custom Name Woven Throw, Cowboy Nursery Crib Blanket, Southwest Patchwork Baby Gift, Rustic Western Decor",https://www.etsy.com/listing/4453793810/personalized-western-baby-blanket-custom,HoneyWearDesigns,https://www.etsy.com/shop/HoneyWearDesigns,72.99,0,0,0,0,0,3 Mo.,0,0,10,Home & Living,4,0,0.0,0,"woven blanket,southwestern blanket,cowhide blanket,boho throw,personalized throw,custom name gift,rustic home decor,living room throw,cowboy decor,farmhouse throw,housewarming gift,bohemian blanket,throw for couch",woven blanket,southwestern blanket,cowhide blanket,boho throw,personalized throw,custom name gift,rustic home decor,living room throw,cowboy decor,farmhouse throw,housewarming gift,bohemian blanket,throw for couch
Neutral Floral Pattern Woven Blanket | Reversible Botanical Throw,https://www.etsy.com/listing/4479915704/neutral-floral-pattern-woven-blanket,TheAccessoryCanvas,https://www.etsy.com/shop/TheAccessoryCanvas,41.74,0,0,0,0,0,2 Mo.,0,0,1,Home & Living,4,0,0.0,6,"woven blanket,floral throw,cozy blanket,boho blanket,neutral decor,living room,bedroom throw,rustic home,gift for her,housewarming gift,bohemian decor,soft throw,cottagecore",woven blanket,floral throw,cozy blanket,boho blanket,neutral decor,living room,bedroom throw,rustic home,gift for her,housewarming gift,bohemian decor,soft throw,cottagecore
"Highland Cow Woven Blanket | Tapestry Throw, Farmhouse Decor",https://www.etsy.com/listing/4497430118/highland-cow-woven-blanket-tapestry,OffScriptChaos,https://www.etsy.com/shop/OffScriptChaos,54.99,0,0,0,0,0,1 Mo.,0,0,0,Home & Living,4,0,0.0,3,"woven blanket,cow blanket,animal throw,farmhouse decor,highland cow,cozy throw,rustic blanket,living room,country chic,gift for mom,housewarming gift,cottagecore,soft woven",woven blanket,cow blanket,animal throw,farmhouse decor,highland cow,cozy throw,rustic blanket,living room,country chic,gift for mom,housewarming gift,cottagecore,soft woven
Abstract Rustic Tile Pattern Woven Blanket | Vintage Mosaic Throw,https://www.etsy.com/listing/4469633908/abstract-rustic-tile-pattern-woven,BeauByBessie,https://www.etsy.com/shop/BeauByBessie,90.71,0,0,0,0,0,1 Mo.,0,0,3,Home & Living,2,0,0.0,0,"woven blanket,cozy throw,rustic decor,boho blanket,earth tone throw,vintage style,living room,gift for mom,textured throw,retro blanket,autumn decor,boho home,warm throw",woven blanket,cozy throw,rustic decor,boho blanket,earth tone throw,vintage style,living room,gift for mom,textured throw,retro blanket,autumn decor,boho home,warm throw
"Texas Western Woven Blanket: Cowboy Boots, Hats, Horns - Southwest Decor",https://www.etsy.com/listing/4328446771/texas-western-woven-blanket-cowboy-boots,SBDesignsForYou,https://www.etsy.com/shop/SBDesignsForYou,62.00,0,0,0,0,0,10 Mo.,0,0,24,Home & Living,92,0,0.0,211,"western decor,texas theme,cowboy home,blanket gift,southwest style,country living,rustic design,home accent,unique textile,bohemian vibe,gift for him,living room throw",western decor,texas theme,cowboy home,blanket gift,southwest style,country living,rustic design,home accent,unique textile,bohemian vibe,gift for him,living room throw,--
Southwestern Woven Blanket | Aztec Pattern Throw tapestry,https://www.etsy.com/listing/4479284895/southwestern-woven-blanket-aztec-pattern,DesignsByMoC,https://www.etsy.com/shop/DesignsByMoC,58.99,0,0,0,0,0,2 Mo.,0,0,0,Home & Living,4,0,0.0,0,"woven blanket,southwest throw,aztec throw,tribal blanket,cozy home decor,bohemian decor,camping blanket,rustic throw,living room rug,couch blanket,gift for him,housewarming gift,tapestry wall decor",woven blanket,southwest throw,aztec throw,tribal blanket,cozy home decor,bohemian decor,camping blanket,rustic throw,living room rug,couch blanket,gift for him,housewarming gift,tapestry wall decor
Gift for Pilots Aviation Navajo Pattern Woven Blanket | Southwestern Military Aircraft Throw,https://www.etsy.com/listing/4497046995/gift-for-pilots-aviation-navajo-pattern,CaptainsComfort,https://www.etsy.com/shop/CaptainsComfort,69.99,0,0,0,0,0,1 Mo.,0,0,5,Home & Living,3,0,0.0,1,"woven blanket,southwest throw,navy decor,boho blanket,geometric throw,plane blanket,vintage woven,rustic throw,living room,cozy home,cabin decor,airforce gift,gift for pilot",woven blanket,southwest throw,navy decor,boho blanket,geometric throw,plane blanket,vintage woven,rustic throw,living room,cozy home,cabin decor,airforce gift,gift for pilot
Throw Blanket Western Desert Cowboy Horses Southwestern Scene Rustic Wild West Decor Cozy Warm for Cabin Home Living Room Bedroom Gift,https://www.etsy.com/listing/1860357510/throw-blanket-western-desert-cowboy,OopsICraftedShop,https://www.etsy.com/shop/OopsICraftedShop,96.77,0,0,0,0,0,15 Mo.,7,0,170,Home & Living,16,0,0.0,349,"western blanket,southwestern throw,cowboy scene,desert blanket,horse blanket,rustic decor,cabin decor,wild west throw,cozy blanket,large throw,decorative blanket,country decor,western decor",western blanket,southwestern throw,cowboy scene,desert blanket,horse blanket,rustic decor,cabin decor,wild west throw,cozy blanket,large throw,decorative blanket,country decor,western decor
Throw Blanket Southwestern Floral Skull Desert Cactus Flowers Boho Wild West Rustic Decor Cozy Warm for Home Living Room Gift Idea,https://www.etsy.com/listing/1860349572/throw-blanket-southwestern-floral-skull,OopsICraftedShop,https://www.etsy.com/shop/OopsICraftedShop,96.77,0,0,0,3,1,15 Mo.,7,0,0,Home & Living,16,0,0.0,349,"floral blanket,skulls and flowers,boho decor,rustic throw,cactus design,unique gift,wild west art,artistic blanket,desert flowers,bohemian style,southwestern decor,southwestern,bone decor",floral blanket,skulls and flowers,boho decor,rustic throw,cactus design,unique gift,wild west art,artistic blanket,desert flowers,bohemian style,southwestern decor,southwestern,bone decor
"Rust Plaid Woven Blanket | Cozy Tartan Throw, Fringe Edge",https://www.etsy.com/listing/4493729034/rust-plaid-woven-blanket-cozy-tartan,EvokeMind,https://www.etsy.com/shop/EvokeMind,58.43,0,0,0,0,0,1 Mo.,0,0,23,Home & Living,17,0,0.0,1,"woven blanket,plaid throw,cozy home,neutral decor,fall blanket,tartan throw,living room,rustic decor,gift for him,cabin decor,autumn gift,warm throw,throw blanket",woven blanket,plaid throw,cozy home,neutral decor,fall blanket,tartan throw,living room,rustic decor,gift for him,cabin decor,autumn gift,warm throw,throw blanket
"Personalized Red Gingham Blanket, Checkered Woven Throw, Cotton Fringed Edges",https://www.etsy.com/listing/4427389066/personalized-red-gingham-woven-blanket,WordplayArtwork,https://www.etsy.com/shop/WordplayArtwork,109.00,0,0,0,0,0,5 Mo.,0,0,14,Home & Living,28,0,0.0,207,"woven blanket,gingham decor,checkered pattern,classic throw,cozy home decor,gift for her,gift for him,bedroom throw,living room decor,timeless style,rustic accent,name blanket,personalized gift",woven blanket,gingham decor,checkered pattern,classic throw,cozy home decor,gift for her,gift for him,bedroom throw,living room decor,timeless style,rustic accent,name blanket,personalized gift
"Floral Bee Woven Blanket - Cozy Home Decor, Perfect Gift for Nature Lovers, Boho Style, Picnic Essential, Floral Tapestry",https://www.etsy.com/listing/4313387588/floral-bee-woven-blanket-cozy-home-decor,AnewLovingConcept,https://www.etsy.com/shop/AnewLovingConcept,189.22,0,0,0,0,0,12 Mo.,0,0,9,Home & Living,38,0,0.0,41,"woven blanket,floral throw,cozy home decor,artistic blanket,nature inspired,gift for her,living room decor,bedspread blanket,summer blanket,rustic decor,handwoven item,garden themed,relaxation throw",woven blanket,floral throw,cozy home decor,artistic blanket,nature inspired,gift for her,living room decor,bedspread blanket,summer blanket,rustic decor,handwoven item,garden themed,relaxation throw
"Montana Elk Big Sky Country Woven Blanket - Cozy Home Decor, Cabin Throw, Wildlife Lover Gift, Rustic Décor Accent, Nature Inspired Bedding",https://www.etsy.com/listing/1844871087/montana-elk-big-sky-country-woven,RootandRoamGifts,https://www.etsy.com/shop/RootandRoamGifts,66.00,0,0,0,5,1,17 Mo.,7,0,139,Home & Living,35,0,3.6,950,"elk blanket,montana decor,big sky country,rustic home,cabin style,cozy throw,nature lover gift,mountain retreat,living room decor,outdoor enthusiast,wildlife inspired,gift for him,camping adventure",elk blanket,montana decor,big sky country,rustic home,cabin style,cozy throw,nature lover gift,mountain retreat,living room decor,outdoor enthusiast,wildlife inspired,gift for him,camping adventure
"Patchwork Floral Plaid Woven Blanket | Cozy Throw, Decorative Home Accent",https://www.etsy.com/listing/4403100491/patchwork-floral-plaid-woven-blanket,CaffeinatedSerenity,https://www.etsy.com/shop/CaffeinatedSerenity,59.00,0,0,0,0,0,6 Mo.,0,0,14,Home & Living,13,0,0.0,92,"woven blanket,cozy throw,patchwork throw,plaid blanket,cottagecore decor,rustic home,earth tone decor,gift for her,winter blanket,boho throw,living room decor,bedroom throw,holiday gift",woven blanket,cozy throw,patchwork throw,plaid blanket,cottagecore decor,rustic home,earth tone decor,gift for her,winter blanket,boho throw,living room decor,bedroom throw,holiday gift
"Rustic Wildlife Throw Blanket | Velveteen Cabin Decor Couch Blanket, Cozy Lodge Plaid Accent Gift",https://www.etsy.com/listing/4461331592/rustic-wildlife-throw-blanket-velveteen,CreekHavenOutfitters,https://www.etsy.com/shop/CreekHavenOutfitters,58.99,0,0,0,0,0,3 Mo.,2,0,36,Home & Living,7,0,0.0,8,"throw blanket,cozy blanket,couch throw,sofa blanket,bed throw,living room decor,home decor,rustic decor,farmhouse blanket,soft blanket,warm throw,decorative blanket,gift for her",throw blanket,cozy blanket,couch throw,sofa blanket,bed throw,living room decor,home decor,rustic decor,farmhouse blanket,soft blanket,warm throw,decorative blanket,gift for her
Tiger Woven Blanket | Earth Tone and Teal Throw,https://www.etsy.com/listing/4507608418/tiger-woven-blanket-earth-tone-and-teal,HuwHuw,https://www.etsy.com/shop/HuwHuw,36.00,0,0,0,0,0,1 Mo.,0,0,4,Home & Living,0,0,0.0,0,"woven blanket,cozy throw,textured throw,earth tone decor,living room throw,gift for her,bohemian decor,warm throw blanket,bedroom accent,housewarming gift,fall home decor,rustic blanket,tiger",woven blanket,cozy throw,textured throw,earth tone decor,living room throw,gift for her,bohemian decor,warm throw blanket,bedroom accent,housewarming gift,fall home decor,rustic blanket,tiger
Silhouette Rose Woven Blanket | Floral Shadow Throw,https://www.etsy.com/listing/4491293978/silhouette-rose-woven-blanket-floral,ByBesDesigns,https://www.etsy.com/shop/ByBesDesigns,42.57,0,0,0,0,0,1 Mo.,0,0,3,Home & Living,29,0,0.0,0,"woven blanket,cozy throw,neutral decor,boho blanket,textured throw,gift for her,living room decor,bedroom throw,housewarming gift,modern farmhouse,rustic blanket,soft woven,anniversary gift",woven blanket,cozy throw,neutral decor,boho blanket,textured throw,gift for her,living room decor,bedroom throw,housewarming gift,modern farmhouse,rustic blanket,soft woven,anniversary gift
"Mountain Wildflowers Sherpa Blanket, Floral Fleece Blanket, Flower Throw Blanket, Bedding, Gift Idea, Cottagecore Country Chic 50x60, 60x80",https://www.etsy.com/listing/4383455826/mountain-wildflowers-sherpa-blanket,ZigAndWillow,https://www.etsy.com/shop/ZigAndWillow,50.00,0,0,0,0,0,7 Mo.,1,0,21,Home & Living,29,0,0.0,591,"throw blanket,60x80 50x60,comfy soft blanket,sherpa blanket,gift for mom wife,fleece blanket fuzzy,living room decor,gift for friend,mountain wildflowers,cottagecore decor,country chic rustic,floral blanket,pretty rustic scene",throw blanket,60x80 50x60,comfy soft blanket,sherpa blanket,gift for mom wife,fleece blanket fuzzy,living room decor,gift for friend,mountain wildflowers,cottagecore decor,country chic rustic,floral blanket,pretty rustic scene
Watercolor Porcupine Sherpa Throw Blanket – Woodland Animal on Log – Rustic Nature Home Decor Gift,https://www.etsy.com/listing/4412742498/watercolor-porcupine-sherpa-throw,ZsArtCollection,https://www.etsy.com/shop/ZsArtCollection,72.00,0,0,0,0,0,7 Mo.,0,0,8,Home & Living,33,0,0.0,121,"watercolor throw,queen size throw,cozy warm blanket,living room throw,unique gift for her,woodland animal,cozy wildlife sherpa,unique gift for him,animal print bedding,sherpa throw blanket,porcupine blanket,quirky animal throw,rustic home decor",watercolor throw,queen size throw,cozy warm blanket,living room throw,unique gift for her,woodland animal,cozy wildlife sherpa,unique gift for him,animal print bedding,sherpa throw blanket,porcupine blanket,quirky animal throw,rustic home decor
"Abstract Mountain Sun Woven Blanket | Scenic Landscape Throw, Floral Accents BLAN0034",https://www.etsy.com/listing/4451728758/abstract-mountain-sun-woven-blanket,OffTheLoomStore,https://www.etsy.com/shop/OffTheLoomStore,77.99,0,0,0,0,0,4 Mo.,0,0,3,Home & Living,4,0,0.0,11,"woven blanket,mountain throw,boho blanket,sunset throw,cozy throw,rustic decor,camping blanket,living room throw,gift for her,bohemian decor,outdoor blanket,floral blanket,earth tone throw",woven blanket,mountain throw,boho blanket,sunset throw,cozy throw,rustic decor,camping blanket,living room throw,gift for her,bohemian decor,outdoor blanket,floral blanket,earth tone throw
"Gnome Gardener Blanket, Home Decor, Cozy Throw, Farmhouse Style, Lap Blanket, Gift for Gardeners",https://www.etsy.com/listing/1870349911/gnome-gardener-blanket-home-decor-cozy,GoodfellowsGifts,https://www.etsy.com/shop/GoodfellowsGifts,66.40,0,0,0,0,0,3 Mo.,1,0,3,Home & Living,5,0,0.0,19,"woven blanket,cozy home decor,gardening gift,farmhouse style,unique throw blanket,whimsical decor,gift for her,rustic home accent,living room decor,housewarming gift,outdoor enthusiast,christmas present,gnome",woven blanket,cozy home decor,gardening gift,farmhouse style,unique throw blanket,whimsical decor,gift for her,rustic home accent,living room decor,housewarming gift,outdoor enthusiast,christmas present,gnome
"Taurus Boho Zodiac Vintage Skeleton Tarot Card Woven Blanket - Cozy Decor, Gift for Home,  Ideal for Festivals, Astrology Birthday Gift",https://www.etsy.com/listing/4310384016/taurus-boho-zodiac-vintage-skeleton,TrixySparkle,https://www.etsy.com/shop/TrixySparkle,58.99,0,0,0,0,0,7 Mo.,0,0,2,Home & Living,12,0,0.0,10,"woven blanket,aztec home decor,cozy living room,boho style throw,cultural textile art,gift for her,unique wall art,festival decor,modern home accent,comfy couch throw,rustic cabin decor,eco friendly gift,warm cozy nights",woven blanket,aztec home decor,cozy living room,boho style throw,cultural textile art,gift for her,unique wall art,festival decor,modern home accent,comfy couch throw,rustic cabin decor,eco friendly gift,warm cozy nights
"Vintage Floral Tapestry Woven Blanket | Dark Rose Pattern, Home Throw",https://www.etsy.com/listing/4466991124/vintage-floral-tapestry-woven-blanket,WovenHeritageCo,https://www.etsy.com/shop/WovenHeritageCo,56.99,0,0,0,0,0,2 Mo.,7,0,114,Home & Living,9,25,0.0,212,"woven blanket,floral throw,vintage blanket,cozy throw,boho blanket,cottagecore decor,living room throw,bedroom blanket,gift for her,housewarming gift,rustic home,soft woven,dorm room decor",woven blanket,floral throw,vintage blanket,cozy throw,boho blanket,cottagecore decor,living room throw,bedroom blanket,gift for her,housewarming gift,rustic home,soft woven,dorm room decor
"DUCKMAN, Favorite Country Music Collage Blanket, Velveteen Microfiber",https://www.etsy.com/listing/4439605120/duckman-want-you-in-the-worst-way,HomeLandsDesigns,https://www.etsy.com/shop/HomeLandsDesigns,36.65,0,0,0,0,0,4 Mo.,1,0,19,Home & Living,26,0,0.0,526,"two sided blanket,velveteen throw,vintage collage,cozy living room,dad birthday gift,rustic farmhouse,riley,green,country music,worst way,gift for her,sexiest man alive,sexy country singer",two sided blanket,velveteen throw,vintage collage,cozy living room,dad birthday gift,rustic farmhouse,riley,green,country music,worst way,gift for her,sexiest man alive,sexy country singer
Vintage Floral Medallion Woven Blanket | Boho Tapestry Throw,https://www.etsy.com/listing/4473891741/vintage-floral-medallion-woven-blanket,UGArtCO,https://www.etsy.com/shop/UGArtCO,118.32,0,0,0,0,0,2 Mo.,0,0,1,Home & Living,3,0,0.0,0,"woven blanket,boho blanket,floral throw,vintage throw,cozy throw,decorative throw,living room decor,bohemian decor,rustic blanket,bedroom throw,gift for her,housewarming gift,fall decor",woven blanket,boho blanket,floral throw,vintage throw,cozy throw,decorative throw,living room decor,bohemian decor,rustic blanket,bedroom throw,gift for her,housewarming gift,fall decor
Mountain Peak Illustration Climbing Quote Sherpa Fleece Blanket | Inspirational Outdoors,https://www.etsy.com/listing/4470376506/mountain-peak-illustration-climbing,MissionMadeDesigns,https://www.etsy.com/shop/MissionMadeDesigns,44.99,0,0,0,0,0,2 Mo.,0,0,0,Home & Living,13,0,0.0,1,"sherpa blanket,fleece blanket,mountain decor,inspirational gift,cozy throw,pink blanket,boho blanket,motivational gift,camping blanket,living room throw,gift for her,hiking lover,rustic home",sherpa blanket,fleece blanket,mountain decor,inspirational gift,cozy throw,pink blanket,boho blanket,motivational gift,camping blanket,living room throw,gift for her,hiking lover,rustic home
Cow in Bluebonnets Woven Blanket | Calf Floral Throw,https://www.etsy.com/listing/4492618186/cow-in-bluebonnets-woven-blanket-calf,DovetailContent,https://www.etsy.com/shop/DovetailContent,68.95,0,0,0,0,0,1 Mo.,0,0,1,Home & Living,11,0,0.0,34,"woven blanket,cow throw,farmhouse decor,rustic throw,living room throw,country home,nursery blanket,spring decor,gift for her,farm animal art,cozy home decor,cottagecore decor,texas bluebonnets",woven blanket,cow throw,farmhouse decor,rustic throw,living room throw,country home,nursery blanket,spring decor,gift for her,farm animal art,cozy home decor,cottagecore decor,texas bluebonnets
Woven Blanket | Mountain Range | Rustic Throw,https://www.etsy.com/listing/4458283792/pixelated-mountain-landscape-woven,ApexModsGarage,https://www.etsy.com/shop/ApexModsGarage,66.98,0,0,0,0,0,3 Mo.,0,0,13,Home & Living,3,0,0.0,4,"woven blanket,mountain throw,rustic decor,camping blanket,cozy throw,cabin blanket,outdoor throw,hiking gift,nature blanket,forest decor,boho blanket,gift for him,living room throw",woven blanket,mountain throw,rustic decor,camping blanket,cozy throw,cabin blanket,outdoor throw,hiking gift,nature blanket,forest decor,boho blanket,gift for him,living room throw
Cow Cactus Plush Blanket Design Monochrome Throw Farm Animal Home Decor Southwest Style Bedding Cozy Winter Blanket Gift for him,https://www.etsy.com/listing/1843957871/cow-cactus-plush-blanket-design,MissHazelPrintCo,https://www.etsy.com/shop/MissHazelPrintCo,24.35,0,0,0,0,0,4 Mo.,0,0,6,Home & Living,7,0,0.0,6,"velveteen blanket,cozy home decor,farmhouse style,black white decor,western theme,rustic charm,animal lover gift,southwest design,living room accent,country chic,gift for her,cow print decor,unique throw blanket",velveteen blanket,cozy home decor,farmhouse style,black white decor,western theme,rustic charm,animal lover gift,southwest design,living room accent,country chic,gift for her,cow print decor,unique throw blanket
Bees Blanket Throw Farmhouse aesthetic Cozy Home Decor Bee Lover Gift Soft Blanket Honey Bee Blanket Country Chic Bedding,https://www.etsy.com/listing/1827854197/bees-blanket-throw-farmhouse-aesthetic,MissHazelPrintCo,https://www.etsy.com/shop/MissHazelPrintCo,25.24,0,0,0,0,0,4 Mo.,3,0,53,Home & Living,7,0,0.0,6,"farmhouse decor,velveteen blanket,bee design,cozy blanket,rustic home,home decor,gift for her,spring decor,living room,housewarming gift,country chic,warm throw,honey bee decor",farmhouse decor,velveteen blanket,bee design,cozy blanket,rustic home,home decor,gift for her,spring decor,living room,housewarming gift,country chic,warm throw,honey bee decor
"Scenic Woven Blanket | Cozy Home Decor for Nature Lovers | Great for Gifting, Camping, Picnics, and Holidays",https://www.etsy.com/listing/1880142735/scenic-woven-blanket-cozy-home-decor-for,BMJShirtsNStuff,https://www.etsy.com/shop/BMJShirtsNStuff,37.19,0,0,0,0,0,2 Mo.,0,0,1,Home & Living,2,0,0.0,0,"cozy home decor,nature scene throw,artistic woven throw,warm living room,comfortable gift,lounge blanket,rustic decor piece,relaxing cozy vibe,home textile decor,reminder of nature,perfect for couch,gift for art lover,indoor comfort item",cozy home decor,nature scene throw,artistic woven throw,warm living room,comfortable gift,lounge blanket,rustic decor piece,relaxing cozy vibe,home textile decor,reminder of nature,perfect for couch,gift for art lover,indoor comfort item
Starry Night Mosaic Woven Blanket | Dark Celestial Snowflake Pattern,https://www.etsy.com/listing/4406326781/starry-night-mosaic-woven-blanket-dark,MySimpul,https://www.etsy.com/shop/MySimpul,13.16,0,0,0,0,0,1 Mo.,0,0,6,Home & Living,10,0,0.0,4,"woven blanket,cozy throw,boho blanket,dark decor,holiday throw,gift for her,winter blanket,living room,bohemian rug,fringe blanket,bedroom decor,warm throw,rustic home",woven blanket,cozy throw,boho blanket,dark decor,holiday throw,gift for her,winter blanket,living room,bohemian rug,fringe blanket,bedroom decor,warm throw,rustic home
"Vintage Rose Tapestry Woven Blanket | Floral Throw, Dark Botanical Pattern",https://www.etsy.com/listing/4421378087/vintage-rose-tapestry-woven-blanket,VintageKraftAU,https://www.etsy.com/shop/VintageKraftAU,40.83,0,0,0,0,0,4 Mo.,1,0,7,Home & Living,4,0,0.0,0,"woven blanket,floral throw,vintage blanket,rose tapestry,cozy throw,cottagecore decor,shabby chic,bedroom throw,living room rug,rustic home,gift for her,country decor,throw blanket",woven blanket,floral throw,vintage blanket,rose tapestry,cozy throw,cottagecore decor,shabby chic,bedroom throw,living room rug,rustic home,gift for her,country decor,throw blanket
"Woven Cotton Deer Blanket: Cozy Cabin Decor, Nature Lover Gift",https://www.etsy.com/listing/4350431314/woven-cotton-deer-blanket-cozy-cabin,thesunnygooseco,https://www.etsy.com/shop/thesunnygooseco,77.00,0,0,0,0,0,1 Mo.,0,0,2,Home & Living,2,0,0.0,1,"woven blanket,cozy home decor,nature themed gift,warm throw blanket,rustic living room,wildlife blanket,gift for her,camping decor,outdoor enthusiast,seasonal decor,blankets for winter,lodge style blanket,woodland deer",woven blanket,cozy home decor,nature themed gift,warm throw blanket,rustic living room,wildlife blanket,gift for her,camping decor,outdoor enthusiast,seasonal decor,blankets for winter,lodge style blanket,woodland deer
Vintage Home for Christmas Woven Blanket | Holiday Cabin Tapestry Throw,https://www.etsy.com/listing/4415929063/vintage-home-for-christmas-woven-blanket,AspenEmbers,https://www.etsy.com/shop/AspenEmbers,58.43,0,0,0,0,0,1 Mo.,0,0,0,Home & Living,3,0,0.0,6,"woven blanket,christmas throw,holiday blanket,cozy throw,cottage decor,winter throw,festive decor,home for christmas,vintage blanket,rustic blanket,seasonal throw,living room decor,cottagecore",woven blanket,christmas throw,holiday blanket,cozy throw,cottage decor,winter throw,festive decor,home for christmas,vintage blanket,rustic blanket,seasonal throw,living room decor,cottagecore
"Romantic Floral Woven Blanket - Cozy Decor, Perfect for Gifts, Home Essentials, Wedding Decor, and More!",https://www.etsy.com/listing/4325262780/romantic-floral-woven-blanket-cozy-decor,Lunarablossom,https://www.etsy.com/shop/Lunarablossom,50.00,0,0,0,0,0,11 Mo.,0,0,2,Home & Living,15,0,0.0,37,"woven blanket,floral throw,cozy home decor,gifts for her,boho blanket,artistic throw,bedroom accessory,home warming gift,living room decor,traditional tapestry,seasonal decor,rustic home items,handwoven fabric",woven blanket,floral throw,cozy home decor,gifts for her,boho blanket,artistic throw,bedroom accessory,home warming gift,living room decor,traditional tapestry,seasonal decor,rustic home items,handwoven fabric
Rustic Cross Woven Blanket: Cozy Cotton Home Decor,https://www.etsy.com/listing/1880892417/rustic-cross-woven-blanket-cozy-cotton,RusticBuckleDesigns,https://www.etsy.com/shop/RusticBuckleDesigns,89.98,0,0,0,0,0,15 Mo.,0,0,7,Home & Living,15,0,0.0,10,"cozy home decor,rustic woven blanket,warm throw blanket,gift for him,gift for her,cross design throw,boho living room,outdoor cozy blanket,comforting home gift,comfort for family,stylish bed blanket,unique gift idea",cozy home decor,rustic woven blanket,warm throw blanket,gift for him,gift for her,cross design throw,boho living room,outdoor cozy blanket,comforting home gift,comfort for family,stylish bed blanket,unique gift idea,--
"Misty Evergreen Forest Velveteen Plush Blanket, Soft Home Decor Throw Blanket, Boho Cottagecore Decor, Whimsical Nature Serene Peaceful Gift",https://www.etsy.com/listing/4433522846/misty-evergreen-forest-velveteen-plush,QuietHomeCreations,https://www.etsy.com/shop/QuietHomeCreations,39.00,0,0,0,0,0,5 Mo.,0,0,17,Home & Living,12,0,0.0,460,"gift for mom,gift for host,gift for coworker,camping gift,boyfriend blanket,national park decor,rustic living room,moody green blanket,reading nook blanket,soft snuggle throw,serene nature throw,calming blanket,new apartment gift",gift for mom,gift for host,gift for coworker,camping gift,boyfriend blanket,national park decor,rustic living room,moody green blanket,reading nook blanket,soft snuggle throw,serene nature throw,calming blanket,new apartment gift
"Camping Raccoon Blanket | Velveteen Campfire Throw, Rustic Cabin Decor, Cozy Wildlife Adventure Gift",https://www.etsy.com/listing/4460903792/camping-raccoon-blanket-velveteen,CreekHavenOutfitters,https://www.etsy.com/shop/CreekHavenOutfitters,62.50,0,0,0,0,0,3 Mo.,0,0,23,Home & Living,7,0,0.0,8,"throw blanket,cozy blanket,couch throw,sofa blanket,bed throw,living room decor,home decor,rustic decor,farmhouse blanket,soft blanket,warm throw,decorative blanket,gift for her",throw blanket,cozy blanket,couch throw,sofa blanket,bed throw,living room decor,home decor,rustic decor,farmhouse blanket,soft blanket,warm throw,decorative blanket,gift for her
"Southwestern Geometric Fleece Blanket - Rustic Tribal-Inspired Throw for Boho Living Room or Bedroom Decor, Cottagecore",https://www.etsy.com/listing/4345104142/southwestern-geometric-fleece-blanket,GSFabricArts,https://www.etsy.com/shop/GSFabricArts,35.28,0,0,0,0,0,9 Mo.,0,0,17,Home & Living,63,0,0.0,8249,"southwestern blanket,tribal decor blanket,rustic style throw,earthy tones blanket,cozy tribal throw,bohemian home decor,warm fleece blanket,geometric fleece,boho living room,rustic blanket,patterned blanket,artistic tribal,fleece blanket",southwestern blanket,tribal decor blanket,rustic style throw,earthy tones blanket,cozy tribal throw,bohemian home decor,warm fleece blanket,geometric fleece,boho living room,rustic blanket,patterned blanket,artistic tribal,fleece blanket
"The Sun King Fleece Blanket, Cozy Home Decor, Vintage Style Throw, Perfect for Wall, Housewarming Gifts, Warm and Comfy",https://www.etsy.com/listing/4402096995/the-sun-king-fleece-blanket-cozy-home,GSFabricArts,https://www.etsy.com/shop/GSFabricArts,35.28,0,0,0,0,0,6 Mo.,0,0,2,Home & Living,63,0,0.0,8249,"fleece blanket,warm home decor,bohemian style,rustic farmhouse,cozy living room,vintage home accents,gift for her,seasonal home decor,comfortable throw,elegant wall art,mother's day gift,couch accessories,the sun king",fleece blanket,warm home decor,bohemian style,rustic farmhouse,cozy living room,vintage home accents,gift for her,seasonal home decor,comfortable throw,elegant wall art,mother's day gift,couch accessories,the sun king
Elven Castle Woven Blanket: Dark Fantasy Medieval Tapestry,https://www.etsy.com/listing/4446026695/elven-castle-woven-blanket-dark-fantasy,AltivusShop,https://www.etsy.com/shop/AltivusShop,76.66,0,0,0,0,0,4 Mo.,3,0,35,Home & Living,4,0,0.0,7,"woven blanket,living room,warm blanket,gift for her,cabin decor,rustic home,cozy gift,autumn decor,neutral throw,dark fantasy,medieval castle,fantasy book gift,fantasy home decor",woven blanket,living room,warm blanket,gift for her,cabin decor,rustic home,cozy gift,autumn decor,neutral throw,dark fantasy,medieval castle,fantasy book gift,fantasy home decor
Custom Woven Blanket Wedding Gift Personalised Heirloom Throw Engagement Couple Name Blanket Anniversary botanical Vintage Style Throw,https://www.etsy.com/listing/4498893619/custom-woven-blanket-wedding-gift,MaisonandMera,https://www.etsy.com/shop/MaisonandMera,79.48,0,0,0,0,0,1 Mo.,0,0,4,Home & Living,7,0,0.0,120,"woven blanket,throw blanket,boho throw,vintage decor,cottage core,floral throw,living room,cozy blanket,gift for her,housewarming,bedroom decor,rustic home,textured throw",woven blanket,throw blanket,boho throw,vintage decor,cottage core,floral throw,living room,cozy blanket,gift for her,housewarming,bedroom decor,rustic home,textured throw
"Pink Lily Floral Woven Blanket | Botanical Throw, Flower Tapestry",https://www.etsy.com/listing/4486841094/pink-lily-floral-woven-blanket-botanical,ALLYAhYah,https://www.etsy.com/shop/ALLYAhYah,63.71,0,0,0,0,0,1 Mo.,0,0,12,Home & Living,6,0,0.0,4,"woven blanket,floral throw,cozy throw,living room,bedroom decor,botanical art,cottagecore,rustic home,gift for her,mother's day,housewarming,garden lovers,boho decor",woven blanket,floral throw,cozy throw,living room,bedroom decor,botanical art,cottagecore,rustic home,gift for her,mother's day,housewarming,garden lovers,boho decor
"Tigers at rest, Rustic River Rocks Blanket Cotton Woven Tapestry Throw, Nature Landscape Tiger",https://www.etsy.com/listing/4501218349/tigers-at-rest-rustic-river-rocks,ALLYAhYah,https://www.etsy.com/shop/ALLYAhYah,63.71,0,0,0,0,0,1 Mo.,0,0,0,Home & Living,6,0,0.0,4,"woven blanket,cozy throw,rustic decor,nature blanket,outdoor throw,earth tone decor,boho blanket,cabin blanket,living room throw,gift for hikers,camping blanket,winter throw,bohemian throw",woven blanket,cozy throw,rustic decor,nature blanket,outdoor throw,earth tone decor,boho blanket,cabin blanket,living room throw,gift for hikers,camping blanket,winter throw,bohemian throw
Deer Geometric Blanket | Abstract Throw,https://www.etsy.com/listing/4482037232/deer-geometric-blanket-abstract-throw,WildwaresCanada,https://www.etsy.com/shop/WildwaresCanada,39.97,0,0,0,0,0,1 Mo.,0,0,0,Home & Living,28,0,0.0,1,"cozy deer decor,woodland throw,modern cabin decor,minimalist blanket,nature themed throw,gift for her,housewarming gift,rustic living room,holiday cozy gift,scandinavian throw,outdoor blanket,neutral home decor,deer nursery decor",cozy deer decor,woodland throw,modern cabin decor,minimalist blanket,nature themed throw,gift for her,housewarming gift,rustic living room,holiday cozy gift,scandinavian throw,outdoor blanket,neutral home decor,deer nursery decor
Mount Fuji Scenic Woven Blanket | Japanese Pagoda Landscape Throw,https://www.etsy.com/listing/4468172827/mount-fuji-scenic-woven-blanket-japanese,StillHollow,https://www.etsy.com/shop/StillHollow,58.43,0,0,0,0,0,2 Mo.,0,0,3,Home & Living,5,0,0.0,0,"woven blanket,japanese blanket,mountain throw,cozy home,boho throw,living room decor,bedroom throw,rustic blanket,tatami room decor,zen decor,gift for her,housewarming gift,autumn decor",woven blanket,japanese blanket,mountain throw,cozy home,boho throw,living room decor,bedroom throw,rustic blanket,tatami room decor,zen decor,gift for her,housewarming gift,autumn decor
"Staircase Woven Cotton Blanket - 100% Cotton Throw, Modern Industrial Cozy Decor for Sofa & Wall",https://www.etsy.com/listing/4416806271/staircase-woven-cotton-blanket-100,WovelyArt,https://www.etsy.com/shop/WovelyArt,58.01,0,0,0,0,0,5 Mo.,0,0,0,Home & Living,6,0,0.0,12,"woven blanket,cotton throw,tapestry blanket,wall tapestry,sofa throw,boho decor,housewarming gift,gift for mom,living room decor,cottagecore,pure cotton,rustic home,industrial blanket",woven blanket,cotton throw,tapestry blanket,wall tapestry,sofa throw,boho decor,housewarming gift,gift for mom,living room decor,cottagecore,pure cotton,rustic home,industrial blanket
"Quokka Woodland Throw Woven Blanket - 100% Cotton, Rustic Cozy Cabin Tapestry",https://www.etsy.com/listing/4405964156/quokka-woodland-throw-woven-blanket-100,WovelyArt,https://www.etsy.com/shop/WovelyArt,47.65,0,0,0,0,0,6 Mo.,2,0,6,Home & Living,6,0,0.0,12,"woven blanket,cotton throw,tapestry blanket,woodland animals,rustic cabin,cozy home decor,cottagecore style,wall tapestry,living room throw,housewarming gift,gift for dad,nature inspired,woodland throw",woven blanket,cotton throw,tapestry blanket,woodland animals,rustic cabin,cozy home decor,cottagecore style,wall tapestry,living room throw,housewarming gift,gift for dad,nature inspired,woodland throw
Dachshund dog Blanket woven tapestry blanket dog mom gift Sausage dog gifts for dog lover gift Cottagecore blanket Dog throw Wiener dog gift,https://www.etsy.com/listing/4464817548/dachshund-dog-blanket-woven-tapestry,ArtaloveLYlab,https://www.etsy.com/shop/ArtaloveLYlab,132.98,0,0,0,0,0,3 Mo.,5,0,71,Home & Living,15,0,0.0,1676,"woven blanket,living room throw,cottagecore blanket,hunting cabin decor,rustic cabin decor,blanket for mom,wiener dog,dachshund dog,dachshund blanket,dog mom gift,sausage dog birthday,dog blanket,dog lover gifts",woven blanket,living room throw,cottagecore blanket,hunting cabin decor,rustic cabin decor,blanket for mom,wiener dog,dachshund dog,dachshund blanket,dog mom gift,sausage dog birthday,dog blanket,dog lover gifts
"70s Retro Vintage Geometric Woven Throw Blanket, Groovy Patchwork Couch Blanket, Boho Retro Sofa Throw, Textured Tapestry Blanket",https://www.etsy.com/listing/4446191204/70s-retro-vintage-geometric-woven-throw,InkedCanvasStudioArt,https://www.etsy.com/shop/InkedCanvasStudioArt,63.74,0,0,0,0,0,4 Mo.,0,0,40,Home & Living,8,0,0.0,140,"woven blanket,boho throw,cozy throw,living room,textured throw,fall decor,earth tone decor,gift for her,home accent,sofa blanket,cottagecore,rustic throw,autumn blanket",woven blanket,boho throw,cozy throw,living room,textured throw,fall decor,earth tone decor,gift for her,home accent,sofa blanket,cottagecore,rustic throw,autumn blanket
"Hand drawn Chicago City Flag Stars Woven Blanket | Retro Flag Pattern, Fringe Throw",https://www.etsy.com/listing/4500951810/hand-drawn-chicago-city-flag-stars-woven,EvergreenGearUS,https://www.etsy.com/shop/EvergreenGearUS,60.00,0,0,0,0,0,1 Mo.,0,0,0,Home & Living,4,0,0.0,15,"woven blanket,boho throw,star blanket,fringe throw,rustic decor,southwest throw,cozy blanket,living room throw,gift for her,cabin decor,neutral blanket,farmhouse throw,bohemian decor",woven blanket,boho throw,star blanket,fringe throw,rustic decor,southwest throw,cozy blanket,living room throw,gift for her,cabin decor,neutral blanket,farmhouse throw,bohemian decor
"Southwestern Aztec Cotton Blanket | Rustic Desert Throw, Woven Tapestry, Handmade",https://www.etsy.com/listing/4518486384/southwestern-aztec-cotton-blanket-rustic,EarthAndFernStudio,https://www.etsy.com/shop/EarthAndFernStudio,59.99,0,0,0,0,0,1 Mo.,3,0,8,Home & Living,5,0,0.0,152,"woven blanket,southwest throw,boho home,tribal decor,aztec blanket,cozy throw,living room,bohemian rug,rustic blanket,earthy decor,couch blanket,bed throw,gift for her",woven blanket,southwest throw,boho home,tribal decor,aztec blanket,cozy throw,living room,bohemian rug,rustic blanket,earthy decor,couch blanket,bed throw,gift for her
"Goose band Woven Blanket | Goose Tapestry Throw, Tumble",https://www.etsy.com/listing/4417270991/goose-band-woven-blanket-goose-tapestry,SilverLiningMarket,https://www.etsy.com/shop/SilverLiningMarket,45.00,0,0,0,0,0,5 Mo.,2,0,47,Home & Living,123,0,0.0,5964,"woven blanket,goose throw,goose blanket,animal tapestry,cozy goose gift,bird lover gift,cottagecore decor,nature home decor,throw for couch,rustic living room,soft woven throw,goose fan gift,tumble",woven blanket,goose throw,goose blanket,animal tapestry,cozy goose gift,bird lover gift,cottagecore decor,nature home decor,throw for couch,rustic living room,soft woven throw,goose fan gift,tumble
Painted Palomino Horse Woven Blanket | Southwestern Horse Throw,https://www.etsy.com/listing/4446837997/painted-palomino-horse-woven-blanket,CraftedReverie,https://www.etsy.com/shop/CraftedReverie,64.50,0,0,0,0,0,4 Mo.,0,0,4,Home & Living,159,0,0.0,104,"woven blanket,horse blanket,western decor,boho throw,animal throw,cozy home,equine gift,living room,bedroom throw,farmhouse art,stall decor,rustic throw,gift for her",woven blanket,horse blanket,western decor,boho throw,animal throw,cozy home,equine gift,living room,bedroom throw,farmhouse art,stall decor,rustic throw,gift for her
"European Castle Landscape Woven Blanket | Scenic Tapestry Throw, Mountain River Scene",https://www.etsy.com/listing/4475885880/european-castle-landscape-woven-blanket,WhisperloomCrafts,https://www.etsy.com/shop/WhisperloomCrafts,69.95,0,0,0,0,0,2 Mo.,0,0,17,Home & Living,2,0,0.0,2,"woven blanket,tapestry throw,vintage blanket,landscape throw,cozy throw,cottagecore decor,living room decor,bedroom throw,rustic home,castle tapestry,gift for her,housewarming gift,autumn decor",woven blanket,tapestry throw,vintage blanket,landscape throw,cozy throw,cottagecore decor,living room decor,bedroom throw,rustic home,castle tapestry,gift for her,housewarming gift,autumn decor
Cozy Farmhouse Plaid Blanket Muted Dusty Rose Soft Throw Rustic Cottagecore Decor Large Woven Fleece Blanket Aesthetic Valentine&#39;s Gift,https://www.etsy.com/listing/4452797149/cozy-farmhouse-plaid-blanket-muted-dusty,SimplyDigitals46,https://www.etsy.com/shop/SimplyDigitals46,25.99,0,0,0,0,0,3 Mo.,1,0,36,Home & Living,20,0,0.0,30,"cozy home decor,bedroom throw,living room throw,holiday gift,mother's day gift,housewarming gift,winter throw,farmhouse blanket,cottagecore decor,rustic plaid,cozy gift for women,valentine gift",cozy home decor,bedroom throw,living room throw,holiday gift,mother's day gift,housewarming gift,winter throw,farmhouse blanket,cottagecore decor,rustic plaid,cozy gift for women,valentine gift,--
"Patriotic Moose Fleece Throw Blanket, US Flag Cabin Decor",https://www.etsy.com/listing/1885519643/patriotic-moose-fleece-throw-blanket-us,USGritDesigns,https://www.etsy.com/shop/USGritDesigns,28.54,0,0,0,0,0,14 Mo.,1,0,73,Home & Living,15,0,0.0,33,"cozy blanket,american flag,wildlife decor,moose lover gift,patriotic home,cabin decor,usa wildlife,soft throw,rustic blanket,fleece bedding,home accent,gift for him,living room decor",cozy blanket,american flag,wildlife decor,moose lover gift,patriotic home,cabin decor,usa wildlife,soft throw,rustic blanket,fleece bedding,home accent,gift for him,living room decor
Gray Horse in Snow Velveteen Plush Blanket | Winter Equine Scene,https://www.etsy.com/listing/4424207586/gray-horse-in-snow-velveteen-plush,KrisDigitalDoodle,https://www.etsy.com/shop/KrisDigitalDoodle,41.97,0,0,0,0,0,5 Mo.,2,0,5,Home & Living,10,0,0.0,62,"plush blanket,horse blanket,velveteen throw,cozy home decor,animal blanket,winter throw,soft blanket,equestrian gift,barn decor,rustic blanket,gifts for her,holiday gift,living room throw",plush blanket,horse blanket,velveteen throw,cozy home decor,animal blanket,winter throw,soft blanket,equestrian gift,barn decor,rustic blanket,gifts for her,holiday gift,living room throw
"Mystical Forest Woven Blanket, Nature-Inspired Decor, Cozy Throw for Living Room, Rustic Bedroom Accent, Unique Gift for Nature Lovers",https://www.etsy.com/listing/4424925850/mystical-forest-woven-blanket-nature,BugrahanArtDesign,https://www.etsy.com/shop/BugrahanArtDesign,124.60,0,0,0,0,0,5 Mo.,0,0,1,Home & Living,55,0,0.0,1748,"forest decor,cozy throw,nature lovers,rustic bedroom,unique gift,living room,mystical blanket,nature-inspired,cozy accent,room decor,rustic throw,blanket gift,cozy bedroom",forest decor,cozy throw,nature lovers,rustic bedroom,unique gift,living room,mystical blanket,nature-inspired,cozy accent,room decor,rustic throw,blanket gift,cozy bedroom
"Swan Rose Garden Woven Blanket, Vintage Black Swans Tapestry Throw",https://www.etsy.com/listing/4500963619/swan-rose-garden-woven-blanket-vintage,TealandFeathers,https://www.etsy.com/shop/TealandFeathers,111.51,0,0,0,0,0,1 Mo.,0,0,0,Home & Living,2,0,0.0,1,"woven blanket,cozy throw,vintage decor,cottagecore throw,boho blanket,rustic home,autumn blanket,reading nook,gift for her,housewarming gift,bedroom throw,living room decor,textured throw",woven blanket,cozy throw,vintage decor,cottagecore throw,boho blanket,rustic home,autumn blanket,reading nook,gift for her,housewarming gift,bedroom throw,living room decor,textured throw
Leopard Pattern Woven Blanket | 100% Cotton Throw,https://www.etsy.com/listing/4433707378/leopard-pattern-woven-blanket-100-cotton,sprucefernprints,https://www.etsy.com/shop/sprucefernprints,72.36,0,0,0,0,0,5 Mo.,2,0,16,Home & Living,10,0,0.0,170,"woven blanket,cozy throw,fringe blanket,boho throw,neutral decor,living room,bedroom throw,textured blanket,gift for her,housewarming,modern throw,rustic decor,holiday gift",woven blanket,cozy throw,fringe blanket,boho throw,neutral decor,living room,bedroom throw,textured blanket,gift for her,housewarming,modern throw,rustic decor,holiday gift
"Blue Leaf Pattern Woven Blanket | Reversible Throw, Neutral Boho Texture",https://www.etsy.com/listing/4466025231/blue-leaf-pattern-woven-blanket,coteandcolor,https://www.etsy.com/shop/coteandcolor,58.43,0,0,0,0,0,2 Mo.,0,0,6,Home & Living,4,0,0.0,0,"woven blanket,cozy throw,living room,boho decor,neutral throw,textured blanket,fringe edge,cottagecore,autumn decor,gift for her,bedroom throw,rustic blanket,small blanket",woven blanket,cozy throw,living room,boho decor,neutral throw,textured blanket,fringe edge,cottagecore,autumn decor,gift for her,bedroom throw,rustic blanket,small blanket
Watercolor Great Horned Owl Sherpa Throw Blanket – Cozy Woodland Art Plush Throw 3 Sizes,https://www.etsy.com/listing/4413909863/watercolor-great-horned-owl-sherpa-throw,ZsArtCollection,https://www.etsy.com/shop/ZsArtCollection,72.00,0,0,0,0,0,7 Mo.,0,0,13,Home & Living,33,0,0.0,121,"owl sherpa blanket,watercolor owl throw,great horned owl,cozy couch throw,forest animal gift,soft sherpa throw,nature lover gift,unique gift for her,unique gift for him,living room decor,bedroom home decor,warm rustic blanket,sherpa throw blanket",owl sherpa blanket,watercolor owl throw,great horned owl,cozy couch throw,forest animal gift,soft sherpa throw,nature lover gift,unique gift for her,unique gift for him,living room decor,bedroom home decor,warm rustic blanket,sherpa throw blanket
Watercolor Mother & Baby Raccoon Sherpa Throw Blanket – Woodland Animals Floral Field – Cozy Decor Gift,https://www.etsy.com/listing/4412748327/watercolor-mother-baby-raccoon-sherpa,ZsArtCollection,https://www.etsy.com/shop/ZsArtCollection,72.00,0,0,0,0,0,7 Mo.,0,0,16,Home & Living,33,0,0.0,121,"watercolor throw,cozy warm blanket,living room throw,unique gift for her,woodland animal,cozy wildlife sherpa,unique gift for him,animal print bedding,warm rustic decor,sherpa throw blanket,mother and baby art,floral bedroom decor,floral home decor",watercolor throw,cozy warm blanket,living room throw,unique gift for her,woodland animal,cozy wildlife sherpa,unique gift for him,animal print bedding,warm rustic decor,sherpa throw blanket,mother and baby art,floral bedroom decor,floral home decor
