Product Name,Product Link,Shop Name,Shop Link,Price,Est. Sales,Est. Revenue,Growth Rate,Est. Total Sales,Total Reviews,Listing Age,Total Favorites,Avg. Reviews,Total Views,Category,Shop Age,Visibility Score,Conversion Rate,Total Shop Sales,Tags,Tag 1,Tag 2,Tag 3,Tag 4,Tag 5,Tag 6,Tag 7,Tag 8,Tag 9,Tag 10,Tag 11,Tag 12,Tag 13
"WIFi Password Sign, Internet Sign For Home, Airbnb, Rental, Small Business, Salon, Restaurant Hotel, Dry erase Wifi Sign, housewarming gift",https://www.etsy.com/listing/1749918734/wifi-password-sign-internet-sign-for,RusticBarnDecorCo,https://www.etsy.com/shop/RusticBarnDecorCo,24.00,6,144,0,17,5,22 Mo.,40,0,687,Home & Living,68,0,2.47,13135,"wifi sign dry erase,guest wifi sign,wifi whiteboard,real estate agent,realtor homeowner,hotel accessories,airbnb accessories,wifi sign for home,dry erase wifi sign,wifi password sign,farmhouse decor,new homeowner gift,guests bedroom sign",wifi sign dry erase,guest wifi sign,wifi whiteboard,real estate agent,realtor homeowner,hotel accessories,airbnb accessories,wifi sign for home,dry erase wifi sign,wifi password sign,farmhouse decor,new homeowner gift,guests bedroom sign
"Custom Acrylic Hanging Door Sign, Personalized Sign, Business Name Sign, Wall Hanging Home Decor, Housewarming Gift Idea",https://www.etsy.com/listing/4308315242/custom-acrylic-hanging-door-sign,DestanyDesignDecor,https://www.etsy.com/shop/DestanyDesignDecor,22.00,6,132,0,15,5,12 Mo.,23,0,778,Home & Living,50,30,1.93,1938,"bedroom door sign,office decor sign,custom name sign,personalized acrylic,welcome door hanger,no soliciting sign,wifi air bnb sign,small business hours,do not disturb sign,therapy in session,front door display,password cute sign,housewarming gift",bedroom door sign,office decor sign,custom name sign,personalized acrylic,welcome door hanger,no soliciting sign,wifi air bnb sign,small business hours,do not disturb sign,therapy in session,front door display,password cute sign,housewarming gift
"Rustic Wood Wifi QR Code Sign – Airbnb, Mountain or Cabin Guest Decor",https://www.etsy.com/listing/1901191741/rustic-wood-wifi-qr-code-sign-airbnb,LigninAndLight,https://www.etsy.com/shop/LigninAndLight,25.00,4,100,100,21,6,13 Mo.,85,0,1156,Home & Living,84,33,1.82,4893,"wifi sign,wifi password,wifi qr code,airbnb wifi,rental home sign,vacation wifi sign,wifi scan sign,guest bedroom,internet password,cabin sign,housewarming gift,mountain rustic,vrbo vacation rental",wifi sign,wifi password,wifi qr code,airbnb wifi,rental home sign,vacation wifi sign,wifi scan sign,guest bedroom,internet password,cabin sign,housewarming gift,mountain rustic,vrbo vacation rental
Housewarming Gift First Home BOX ONLY - Home Sweet Home - New Home Gift - Closing Gift - New House  - Moving Gift - New Neighbor Gift,https://www.etsy.com/listing/646929635/housewarming-gift-first-home-box-only,WhiteConfettiBox,https://www.etsy.com/shop/WhiteConfettiBox,14.00,6,84,-100,68,12,92 Mo.,228,0,8849,Paper & Party Supplies,115,36,0.77,249500,"new home,new house,housewarming,new home gift,housewarming gift,new house gift,first home gift,congrats new home,new neighbor,new neighbor gift,house warming,home sweet home,wifi password sign",new home,new house,housewarming,new home gift,housewarming gift,new house gift,first home gift,congrats new home,new neighbor,new neighbor gift,house warming,home sweet home,wifi password sign
Custom Acrylic Wi-Fi Password Sign: House-Shaped Guest Network Display,https://www.etsy.com/listing/1775817480/custom-acrylic-wi-fi-password-sign-house,Island2Mountain,https://www.etsy.com/shop/Island2Mountain,16.00,5,80,0,65,13,20 Mo.,65,1,1711,Weddings,97,33,3.8,8083,"housewarming gift,island 2 mountain,guest room decor,home office sign,internet password,home network sign,personalized gift,custom sign,business wifi,welcome sign,wifi details,office decor,cabin wifi sign",housewarming gift,island 2 mountain,guest room decor,home office sign,internet password,home network sign,personalized gift,custom sign,business wifi,welcome sign,wifi details,office decor,cabin wifi sign
Wifi Password Details Sign With 3D Barcode House Warming Gift Home Internet Sign,https://www.etsy.com/listing/805634500/wifi-password-details-sign-with-3d,LoveThisItem,https://www.etsy.com/shop/LoveThisItem,9.98,6,60,0,37,7,71 Mo.,48,0,1565,Home & Living,147,0,2.36,19845,"internet sign,wi-fi sign,wi-fi details,wi-fi,wifi,be our guest sign,but first wifi,wifi sign template,wifi password",internet sign,wi-fi sign,wi-fi details,wi-fi,wifi,be our guest sign,but first wifi,wifi sign template,wifi password,--,--,--,--
Custom Wi-Fi Password Magnet: QR Code Guest Sign for Home or Airbnb,https://www.etsy.com/listing/1764840286/custom-wi-fi-password-magnet-qr-code,HuntingtonCreationCo,https://www.etsy.com/shop/HuntingtonCreationCo,10.00,4,40,0,12,6,21 Mo.,11,0,208,Home & Living,104,0,5.77,241,"custom wifi magnet,wifi password magnet,guest wifi sign,fridge wifi sign,wifi fidge magnet,guest room decor,housewarming gift,airbnb host gift,wifi sign,personalized wifi,wifi code sign,guest wifi,airbnb wifi magnet",custom wifi magnet,wifi password magnet,guest wifi sign,fridge wifi sign,wifi fidge magnet,guest room decor,housewarming gift,airbnb host gift,wifi sign,personalized wifi,wifi code sign,guest wifi,airbnb wifi magnet
Custom Wi-Fi Password Magnet: Modern Guest Sign for Home or Airbnb,https://www.etsy.com/listing/1858707395/custom-wi-fi-password-magnet-modern,HuntingtonCreationCo,https://www.etsy.com/shop/HuntingtonCreationCo,10.00,4,40,0,2,1,16 Mo.,11,0,164,Home & Living,104,0,1.22,241,"custom wifi magnet,wifi password magnet,guest wifi sign,airbnb wifi magnet,fridge wifi sign,wifi fidge magnet,guest room decor,housewarming gift,airbnb host gift,wifi sign,personalized wifi,wifi code sign,guest wifi",custom wifi magnet,wifi password magnet,guest wifi sign,airbnb wifi magnet,fridge wifi sign,wifi fidge magnet,guest room decor,housewarming gift,airbnb host gift,wifi sign,personalized wifi,wifi code sign,guest wifi
"WiFi password sign, WiFi network sign, Dry erase sign, Tiered tray sign, Farmhouse sign, Farmhouse decor, Tier tray decor",https://www.etsy.com/listing/1245307958/wifi-password-sign-wifi-network-sign-dry,ByHISHandWoodDesigns,https://www.etsy.com/shop/ByHISHandWoodDesigns,12.00,2,24,-100,57,16,47 Mo.,118,0,1725,Home & Living,54,0,3.3,1415,"dry erase,mini sign,wifi,password,network,erasable,internet,air bnb,guest room,stocking stuffer,housewarming,hostess gift,gifts under 20",dry erase,mini sign,wifi,password,network,erasable,internet,air bnb,guest room,stocking stuffer,housewarming,hostess gift,gifts under 20
"Wooden WiFi Password Sign House Shaped Fridge Magnet | Laser Engraved Plywood Network Decor for Airbnb, Home, Guest WiFi Display",https://www.etsy.com/listing/1890483510/wooden-wifi-password-sign-house-shaped,PejsCrafts,https://www.etsy.com/shop/PejsCrafts,6.72,2,13,-100,7,3,13 Mo.,9,0,210,Home & Living,13,0,3.33,153,"wifi password sign,wooden wifi sign,house fridge magnet,guest wifi decor,wifi magnet sign,airbnb wifi sign,laser cut magnet,plywood fridge art,home network sign,housewarming gift,fridge decor wifi,wifi decor wood,network password",wifi password sign,wooden wifi sign,house fridge magnet,guest wifi decor,wifi magnet sign,airbnb wifi sign,laser cut magnet,plywood fridge art,home network sign,housewarming gift,fridge decor wifi,wifi decor wood,network password
WiFi Sign,https://www.etsy.com/listing/1204365972/wifi-sign,TheBlackCatCoCrafts,https://www.etsy.com/shop/TheBlackCatCoCrafts,16.99,0,0,0,0,0,39 Mo.,1,0,20,Home & Living,104,0,0.0,406,"wifi sign,wifi password sign,wall sign,housewarming gift,new home gift,internet password,network password,custom wall sign,laser engraved sign,wedding gift,gift for him,gift for her,couple gift",wifi sign,wifi password sign,wall sign,housewarming gift,new home gift,internet password,network password,custom wall sign,laser engraved sign,wedding gift,gift for him,gift for her,couple gift
Personalised Wooden WiFi QR Code Sign – Scan & Connect,https://www.etsy.com/listing/4455043569/personalised-wooden-wifi-qr-code-sign,WoodFoxProducts,https://www.etsy.com/shop/WoodFoxProducts,17.52,0,0,0,0,0,3 Mo.,0,0,19,Home & Living,3,0,0.0,0,"wifi sign,qr code wifi,housewarming gift,guest room decor,smart home accessory,wifi password holder",wifi sign,qr code wifi,housewarming gift,guest room decor,smart home accessory,wifi password holder,--,--,--,--,--,--,--
Custom 3D Printed WiFi QR Code Sign | Personalized Colors & Text,https://www.etsy.com/listing/4422523896/custom-3d-printed-wifi-qr-code-sign,ThatCFIStore,https://www.etsy.com/shop/ThatCFIStore,20.00,0,0,0,0,0,5 Mo.,2,0,28,Home & Living,23,0,0.0,0,"wifi qr code,wifi password sign,custom wifi sign,internet sign,scan to connect,wifi network sign,superhost decor,new home gift,housewarming gift,tech gift,3d printed decor,personalized gift,custom qr code",wifi qr code,wifi password sign,custom wifi sign,internet sign,scan to connect,wifi network sign,superhost decor,new home gift,housewarming gift,tech gift,3d printed decor,personalized gift,custom qr code
"Personalized WiFi Acrylic Block with Network Name, Password and Scannable QR Code for Hotel, Home, Office, Coffee Shop, Internet Cafe, Lobby",https://www.etsy.com/listing/1856037468/personalized-wifi-acrylic-block-with,Modetsyshoponline,https://www.etsy.com/shop/Modetsyshoponline,10.72,0,0,0,23,4,15 Mo.,8,0,591,Home & Living,30,0,3.89,17730,"home decor,personlized gifts,acrylic plaque,housewarming gift,small wifi signs,custom wifi sign,wifi plaque sign,wifi password sign,wifi qr code sign,new home decoration,home wifi logo,reception sign,home wifi qr fridge",home decor,personlized gifts,acrylic plaque,housewarming gift,small wifi signs,custom wifi sign,wifi plaque sign,wifi password sign,wifi qr code sign,new home decoration,home wifi logo,reception sign,home wifi qr fridge
Chalkboard Wifi Password Sign: Welcome to Our Home Decor,https://www.etsy.com/listing/781899378/chalkboard-wifi-password-sign-welcome-to,NigelandCoShop,https://www.etsy.com/shop/NigelandCoShop,36.00,0,0,0,0,0,73 Mo.,1,0,59,Home & Living,99,0,0.0,3296,"wifi password sign,wifi sign,welcome sign,housewarming gift,realtor gift,guest decor,wood guest decor,chalkboard sign,wifi chalkboard",wifi password sign,wifi sign,welcome sign,housewarming gift,realtor gift,guest decor,wood guest decor,chalkboard sign,wifi chalkboard,--,--,--,--
Housewarming Gift First Home BOX ONLY - Home Sweet Home - New Home Gift - Closing Gift - New House  - Moving Gift - New Neighbor Gift,https://www.etsy.com/listing/646929145/housewarming-gift-first-home-box-only,WhiteConfettiBox,https://www.etsy.com/shop/WhiteConfettiBox,14.00,0,0,0,39,7,92 Mo.,73,0,2227,Paper & Party Supplies,115,0,1.75,249500,"new home,new house,housewarming,new home gift,housewarming gift,new house gift,first home gift,congrats new home,new neighbor,new neighbor gift,house warming,home sweet home,wifi password sign",new home,new house,housewarming,new home gift,housewarming gift,new house gift,first home gift,congrats new home,new neighbor,new neighbor gift,house warming,home sweet home,wifi password sign
"WiFi Sign With QR Code, Farmhouse WiFi Password Sign, Personalized Network & Password, Freestanding or Wall Hanging, Housewarming Gift",https://www.etsy.com/listing/4445778745/wifi-sign-with-qr-code-farmhouse-wifi,ProonAndIvy,https://www.etsy.com/shop/ProonAndIvy,25.95,0,0,0,0,0,4 Mo.,0,0,9,Home & Living,51,0,0.0,5299,"wifi sign,password sign,qr code sign,airbnb wifi,wifi qr code,bed and breakfast,scan code for wifi,password for guests,easy wifi access,wireless internet,scannable wifi qr,qr sign,vrbo sign",wifi sign,password sign,qr code sign,airbnb wifi,wifi qr code,bed and breakfast,scan code for wifi,password for guests,easy wifi access,wireless internet,scannable wifi qr,qr sign,vrbo sign
Not All Who Wander Are Lost Wooden Wifi Password Display Sign with mini clip - Wedding Gift - Housewarming Gift,https://www.etsy.com/listing/738729883/not-all-who-wander-are-lost-wooden-wifi,HomespunSignCo,https://www.etsy.com/shop/HomespunSignCo,25.00,0,0,0,0,0,67 Mo.,5,0,184,Home & Living,97,0,0.0,1949,"gift idea,network pass code,wifi password clip,office decor,housewarming gift,home wifi display,password display,internet sign,wifi password,wedding shower gift,mini clip frame,home decor,wooden sign",gift idea,network pass code,wifi password clip,office decor,housewarming gift,home wifi display,password display,internet sign,wifi password,wedding shower gift,mini clip frame,home decor,wooden sign
Wifi Password Details Sign House Warming Gift Home Internet Sign,https://www.etsy.com/listing/1184902084/wifi-password-details-sign-house-warming,LoveThisItem,https://www.etsy.com/shop/LoveThisItem,7.99,0,0,0,27,5,50 Mo.,15,0,467,Home & Living,147,0,5.78,19845,"internet sign,wi-fi sign,wi-fi details,wi-fi,wifi,be our guest sign,but first wifi,wifi sign template,wifi password,free wifi",internet sign,wi-fi sign,wi-fi details,wi-fi,wifi,be our guest sign,but first wifi,wifi sign template,wifi password,free wifi,--,--,--
"wifi sign, wifi print, digital wifi, house warming gift, guest room sign, air bnb sign, wifi password sign, wifi password",https://www.etsy.com/listing/1512237737/wifi-sign-wifi-print-digital-wifi-house,HavenDigitalDesignCo,https://www.etsy.com/shop/HavenDigitalDesignCo,6.48,0,0,0,0,0,26 Mo.,0,0,10,Art & Collectibles,26,0,0.0,206,"wifi sign,wifi print,digital wifi,house warming gift,guest room sign,air bnb sign,wifi password sign,wifi password,digital download,custom wifi sign,air bnb decor,guest room decor,wedding gift",wifi sign,wifi print,digital wifi,house warming gift,guest room sign,air bnb sign,wifi password sign,wifi password,digital download,custom wifi sign,air bnb decor,guest room decor,wedding gift
WiFi Network and Password Sign // Modern Farmhouse WiFi Network Sign // Dry Erase Guest WiFi Display with Stand // Home or Airbnb Decor,https://www.etsy.com/listing/4384830024/wifi-network-and-password-sign-modern,WintuckHome,https://www.etsy.com/shop/WintuckHome,16.00,0,0,0,0,0,7 Mo.,16,0,173,Home & Living,69,0,0.0,31773,"wifi password sign,wifi network sign,dry erase sign,guest wifi sign,wifi display,modern farmhouse,airbnb decor,rental host gift,guest room decor,housewarming gift,office desk sign,countertop sign,reusable wifi sign",wifi password sign,wifi network sign,dry erase sign,guest wifi sign,wifi display,modern farmhouse,airbnb decor,rental host gift,guest room decor,housewarming gift,office desk sign,countertop sign,reusable wifi sign
Be Strong - Me to WiFi Printable WiFi Sign,https://www.etsy.com/listing/669350151/be-strong-me-to-wifi-printable-wifi-sign,WeeHoursDesigns,https://www.etsy.com/shop/WeeHoursDesigns,2.99,0,0,0,2,1,89 Mo.,13,0,186,Home & Living,174,0,1.08,222,"wifi sign,wifi password,housewarming gift,home decor,be strong,wifi password sign,internet password,guest room,digital prints,printable download,quotes,wall art,airbnb",wifi sign,wifi password,housewarming gift,home decor,be strong,wifi password sign,internet password,guest room,digital prints,printable download,quotes,wall art,airbnb
"Welcome Sign, WiFi password sign, Internet password sign, Housewarming Gift, Patio SignFast Shipping",https://www.etsy.com/listing/621003602/welcome-sign-wifi-password-sign-internet,Sammieslettering,https://www.etsy.com/shop/Sammieslettering,14.99,0,0,0,4,1,93 Mo.,19,0,504,Home & Living,147,0,0.79,32586,"wifi password,welcome sign,internet password,wifi,password sign,wifi passcode,welcome to,patio sign,porch sign,garage sign,front door sign,housewarming gift",wifi password,welcome sign,internet password,wifi,password sign,wifi passcode,welcome to,patio sign,porch sign,garage sign,front door sign,housewarming gift,--
Hey Y&#39;all Wifi Password Sign: Chalkboard Guest Decor,https://www.etsy.com/listing/753110494/hey-yall-wifi-password-sign-chalkboard,NigelandCoShop,https://www.etsy.com/shop/NigelandCoShop,36.00,0,0,0,6,2,76 Mo.,24,0,336,Home & Living,99,0,1.79,3296,"wifi password sign,wifi sign,welcome sign,housewarming gift,realtor gift,guest decor,wood guest decor,chalkboard sign,wifi chalkboard,be our guest,disney wifi",wifi password sign,wifi sign,welcome sign,housewarming gift,realtor gift,guest decor,wood guest decor,chalkboard sign,wifi chalkboard,be our guest,disney wifi,--,--
"Wifi password sign, Be our guest Disney, chalkboard wifi, wifi sign, welcome sign, chalkboard paint sign, closing gift, editable reusable",https://www.etsy.com/listing/753109646/wifi-password-sign-be-our-guest-disney,NigelandCoShop,https://www.etsy.com/shop/NigelandCoShop,36.00,0,0,0,6,2,76 Mo.,40,0,673,Home & Living,99,0,0.89,3296,"wifi password sign,wifi sign,welcome sign,housewarming gift,realtor gift,guest decor,wood guest decor,chalkboard sign,wifi chalkboard,be our guest,disney wifi",wifi password sign,wifi sign,welcome sign,housewarming gift,realtor gift,guest decor,wood guest decor,chalkboard sign,wifi chalkboard,be our guest,disney wifi,--,--
Customizable Guest Internet WiFi Password Sign - Write in your password! - Home Decor Printable Wall Art AirBNB - Great housewarming gift!,https://www.etsy.com/listing/272497752/customizable-guest-internet-wifi,RosebudPrintCo,https://www.etsy.com/shop/RosebudPrintCo,5.00,0,0,0,0,0,122 Mo.,27,0,454,Art & Collectibles,123,0,0.0,2503,"printable,wifi,guestroom,guest,internet,8x10,frameable,instant,download,customize,home,decor,diy",printable,wifi,guestroom,guest,internet,8x10,frameable,instant,download,customize,home,decor,diy
"Wifi is on the House Sign, Wifi Sign, Wifi Guest Sign, Wifi Password Sign, House warming gift",https://www.etsy.com/listing/1026549930/wifi-is-on-the-house-sign-wifi-sign-wifi,Addelli,https://www.etsy.com/shop/Addelli,14.99,0,0,0,28,5,53 Mo.,22,0,578,Home & Living,94,0,4.84,670,"wifi is on the house,sign,wifi sign,wifi password sign,wifi guest sign,house warming gift,addelli,farmhouse decor,newlywed gift,wedding gift,living room decor,engagement gift,guest bedroom decor",wifi is on the house,sign,wifi sign,wifi password sign,wifi guest sign,house warming gift,addelli,farmhouse decor,newlywed gift,wedding gift,living room decor,engagement gift,guest bedroom decor
Personalised 3D Wooden WIFI Password Sign: Home or Business Signage,https://www.etsy.com/listing/1647065902/personalised-3d-wooden-wifi-password,TheWoodGroveDesign,https://www.etsy.com/shop/TheWoodGroveDesign,13.64,0,0,0,9,2,25 Mo.,12,0,287,Home & Living,69,0,3.14,29013,"wifi code,wifi password,wifi passcode,wifi sign,wifi plaque,personalised sign,housewarming gift,home plaque,house sign,office sign,company wifi sign,company wifi code,password sign",wifi code,wifi password,wifi passcode,wifi sign,wifi plaque,personalised sign,housewarming gift,home plaque,house sign,office sign,company wifi sign,company wifi code,password sign
"Wifi Password Sign Template, Editable Wifi Sign for Guest Room, Printable Wifi Sign for Guests, House Warming Gift, Wifi Network Rental Sign",https://www.etsy.com/listing/1017418565/wifi-password-sign-template-editable,PrintableMoment,https://www.etsy.com/shop/PrintableMoment,5.99,0,0,0,0,0,60 Mo.,5,0,116,Home & Living,129,0,0.0,89089,"instant download,editable template,wifi sign,guest room sign,questroom sign,wifi password sign,house warming gift,editable wifi sign,printable wifi sign,personalized wifi,house rental sign,air bnb sign,wifi network sign",instant download,editable template,wifi sign,guest room sign,questroom sign,wifi password sign,house warming gift,editable wifi sign,printable wifi sign,personalized wifi,house rental sign,air bnb sign,wifi network sign
Wood Wifi Sign | Wifi Password Sign | Home Sign | Home Office Sign | Wifi is on the House,https://www.etsy.com/listing/1330293871/wood-wifi-sign-wifi-password-sign-home,TinyCactusLLC,https://www.etsy.com/shop/TinyCactusLLC,17.00,0,0,0,0,0,43 Mo.,5,0,65,Weddings,63,0,0.0,11970,"dry erase sign,wifi,free wifi,home decor,home office sign,office sign,wifi password,house warming gift,network password",dry erase sign,wifi,free wifi,home decor,home office sign,office sign,wifi password,house warming gift,network password,--,--,--,--
Custom WiFi QR Code Sign | Engraved Pine Wood Password Plaque | Scan for Wi-Fi Guest Network Decor,https://www.etsy.com/listing/4448042181/custom-wifi-qr-code-sign-engraved-pine,atwoodlv,https://www.etsy.com/shop/atwoodlv,25.58,0,0,0,0,0,5 Mo.,3,0,86,Home & Living,56,0,0.0,5014,"wifi qr code sign,guest wifi sign,custom wifi plaque,airbnb wifi sign,wooden wifi decor,scan for wifi sign,pine wood sign,wifi password sign,housewarming gift,minimal home decor,engraved wood sign,smart home decor,custom qr code",wifi qr code sign,guest wifi sign,custom wifi plaque,airbnb wifi sign,wooden wifi decor,scan for wifi sign,pine wood sign,wifi password sign,housewarming gift,minimal home decor,engraved wood sign,smart home decor,custom qr code
WiFi Sign QR Code Sign Personalized WiFi Password Sign with QR Modern Acrylic WiFi Sign for Home Airbnb Sign Office Guest Room Sign Business,https://www.etsy.com/listing/4295732783/wifi-sign-qr-code-sign-personalized-wifi,nidageedesign,https://www.etsy.com/shop/nidageedesign,22.99,0,0,0,7,2,8 Mo.,134,0,2538,Home & Living,21,78,0.28,1904,"wifi sign,wifi password,wifi qr code sign,wifi password sign,acrylic wifi sign,airbnb decor,guest room sign,custom wifi sign,wifi airbnb sign,housewarming gift,qr code sign,guest wifi",wifi sign,wifi password,wifi qr code sign,wifi password sign,acrylic wifi sign,airbnb decor,guest room sign,custom wifi sign,wifi airbnb sign,housewarming gift,qr code sign,guest wifi,--
Personalized Acrylic WiFi Sign: Choice of Colors & Shapes,https://www.etsy.com/listing/1247029942/personalized-acrylic-wifi-sign-choice-of,ChlojoCreates,https://www.etsy.com/shop/ChlojoCreates,16.35,0,0,0,16,4,43 Mo.,13,0,293,Home & Living,57,0,5.46,663,"wifi sign,custom wifi sign,wifi password sign,home wifi sign,guest wifi sign,personalised sign,hand painted sign,network sign,internet sign,airbnb wifi sign,wifi decor,housewarming gift,wifi name sign",wifi sign,custom wifi sign,wifi password sign,home wifi sign,guest wifi sign,personalised sign,hand painted sign,network sign,internet sign,airbnb wifi sign,wifi decor,housewarming gift,wifi name sign
3D Wi-Fi Password Sign: Modern Guest Network Display,https://www.etsy.com/listing/4369125677/3d-wi-fi-password-sign-modern-guest,PrecisionWoodcraft4U,https://www.etsy.com/shop/PrecisionWoodcraft4U,15.00,0,0,0,0,0,1 Mo.,0,0,0,Home & Living,3,0,0.0,0,"wifi password sign,wifi login sign,wifi home sign,guest room wifi,wifi info sign,airbnb wifi sign,router password sign,wall art,wall decor,home decor,wifi sign,housewarming gift,office decor",wifi password sign,wifi login sign,wifi home sign,guest room wifi,wifi info sign,airbnb wifi sign,router password sign,wall art,wall decor,home decor,wifi sign,housewarming gift,office decor
Wifi Sign | Wifi Password Sign | Home Sign | Home Office Sign | Wifi is on the House,https://www.etsy.com/listing/1316319696/wifi-sign-wifi-password-sign-home-sign,TinyCactusLLC,https://www.etsy.com/shop/TinyCactusLLC,19.00,0,0,0,13,3,43 Mo.,28,0,560,Weddings,63,0,2.32,11970,"dry erase sign,wifi,free wifi,home decor,home office sign,office sign,wifi password,house warming gift,network password",dry erase sign,wifi,free wifi,home decor,home office sign,office sign,wifi password,house warming gift,network password,--,--,--,--
"Custom Wooden WiFi Sign for Home or Motels, Personalized Engraved WiFi Network Name and Password, Rustic Decor, Handmade WiFi Signs, Airbnb",https://www.etsy.com/listing/1545520320/custom-wooden-wifi-sign-for-home-or,yawoodcrafts,https://www.etsy.com/shop/yawoodcrafts,14.99,0,0,0,9,6,32 Mo.,25,0,710,Home & Living,42,0,1.27,124,"personalized gift,qr code sign,living room decor,wooden sign,wifi password sign,wooden wifi plaque,rustic home decor,motel room essential,housewarming gift,airbnb welcome sign,wifi access sign,homeoffice accessory,handmade wood art",personalized gift,qr code sign,living room decor,wooden sign,wifi password sign,wooden wifi plaque,rustic home decor,motel room essential,housewarming gift,airbnb welcome sign,wifi access sign,homeoffice accessory,handmade wood art
WiFi Password Sign Wooden - “WiFi is on the House” Engraved Sign with Stand - Personalised Network & Password - UK Made Home Decor,https://www.etsy.com/listing/4488579990/wifi-password-sign-wooden-wifi-is-on-the,MyCutify,https://www.etsy.com/shop/MyCutify,16.62,0,0,0,0,0,1 Mo.,3,0,46,Home & Living,49,0,0.0,11605,"wifi password sign,wooden wifi sign,personalised wifi,wifi is on house,airbnb wifi sign,guest wifi sign,housewarming gift,wooden wifi plaque,tabletop wifi sign,freestanding sign,custom wifi sign,uk made wifi sign,modern wood sign",wifi password sign,wooden wifi sign,personalised wifi,wifi is on house,airbnb wifi sign,guest wifi sign,housewarming gift,wooden wifi plaque,tabletop wifi sign,freestanding sign,custom wifi sign,uk made wifi sign,modern wood sign
Wifi Password sign cross stitch Custom Wifi sign embroidery Personalization home decor Welcome sigh embroidery Wi-Fi password xstitch,https://www.etsy.com/listing/1031754545/wifi-password-sign-cross-stitch-custom,XCrossStitchPatternX,https://www.etsy.com/shop/XCrossStitchPatternX,6.54,0,0,0,36,5,59 Mo.,221,0,1116,Craft Supplies & Tools,67,0,3.23,71312,"modern cross stitch,custom cross stitch,wifi password sign,personalization,welcome sigh,home decor diy,wi-fi password,office decor,kitchen embroidery,housewarming gift,wifi sweet wifi,wifi cross stitch,wifi sign embroidery",modern cross stitch,custom cross stitch,wifi password sign,personalization,welcome sigh,home decor diy,wi-fi password,office decor,kitchen embroidery,housewarming gift,wifi sweet wifi,wifi cross stitch,wifi sign embroidery
Handmade Wifi Password Chalkboard /Chalkpaint/Vinyl/Home/House warming/WiFi Code,https://www.etsy.com/listing/543926142/handmade-wifi-password-chalkboard,JustinWoodNI,https://www.etsy.com/shop/JustinWoodNI,25.39,0,0,0,5,1,104 Mo.,46,0,928,Home & Living,111,0,0.54,3865,"wifi password,wifi board,home decor,wall display,chalkboard,wifi code,wifi,housewarming gift,wall decor,new home gift,moving house gift,wifi chalk board,wifi password sign",wifi password,wifi board,home decor,wall display,chalkboard,wifi code,wifi,housewarming gift,wall decor,new home gift,moving house gift,wifi chalk board,wifi password sign
Wi-fi info sign for home or business password and network,https://www.etsy.com/listing/1580463614/wi-fi-info-sign-for-home-or-business,TinyNJGreenhouse,https://www.etsy.com/shop/TinyNJGreenhouse,25.00,0,0,0,0,0,31 Mo.,0,0,10,Home & Living,46,0,0.0,307,"sign,office,home,password,wifi,internet,gift,present,men,housewarming,house,wall,holiday",sign,office,home,password,wifi,internet,gift,present,men,housewarming,house,wall,holiday
Wifi Password Sign SVG | Wifi | SVG | Glowforge Ready | Glowforge SVG | Welcome | Welcome Wifi Password | Wifi Password | Welcome sign file,https://www.etsy.com/listing/1187123649/wifi-password-sign-svg-wifi-svg,NyxDesignsShop,https://www.etsy.com/shop/NyxDesignsShop,2.50,0,0,0,3,1,51 Mo.,3,0,12,Craft Supplies & Tools,52,0,25.0,380,"wifi password,svg,wifi,house gift,glowforge,glowforge svg,glowforge wifi sign,welcome,password,svg file,glowforge ready,housewarming,housewarming gift",wifi password,svg,wifi,house gift,glowforge,glowforge svg,glowforge wifi sign,welcome,password,svg file,glowforge ready,housewarming,housewarming gift
Housewarming Gift First Home BOX ONLY - Home Sweet Home - New Home Gift - Closing Gift - New House  - Moving Gift - New Neighbor Gift,https://www.etsy.com/listing/646929883/housewarming-gift-first-home-box-only,WhiteConfettiBox,https://www.etsy.com/shop/WhiteConfettiBox,14.00,0,0,0,17,3,92 Mo.,50,0,2352,Paper & Party Supplies,115,0,0.72,249500,"new home,new house,housewarming,new home gift,housewarming gift,new house gift,first home gift,congrats new home,new neighbor,new neighbor gift,house warming,home sweet home,wifi password sign",new home,new house,housewarming,new home gift,housewarming gift,new house gift,first home gift,congrats new home,new neighbor,new neighbor gift,house warming,home sweet home,wifi password sign
"Wifi Password Pillow, Wedding Wifi, Internet Wifi, Airbnb Guest Wifi Pillow, Rental Wifi Password Pillow, Hostess Gift, Guest Wifi Password",https://www.etsy.com/listing/886986036/wifi-password-pillow-wedding-wifi,GiftAPillow,https://www.etsy.com/shop/GiftAPillow,39.95,0,0,0,9,2,66 Mo.,22,0,210,Home & Living,107,0,4.29,9419,"home closing gift,new home gift,house warming gift,house warming pillow,closing gift ideas,wedding wifi,wifi password,internet wifi,internet sign,wifi sign,hostess gift,airbnb guest wifi,airbnb wifi pillow",home closing gift,new home gift,house warming gift,house warming pillow,closing gift ideas,wedding wifi,wifi password,internet wifi,internet sign,wifi sign,hostess gift,airbnb guest wifi,airbnb wifi pillow
WiFi Password Sign | “Be Our Guest” Wooden House Sign | Customizable WiFi Network Display | Airbnb Host Decor | Guest Room Sign,https://www.etsy.com/listing/4397691633/wifi-password-sign-o-be-our-guest-wooden,IzzyInspired25,https://www.etsy.com/shop/IzzyInspired25,14.00,0,0,0,0,0,6 Mo.,1,0,54,Home & Living,115,0,0.0,2176,"wifi password sign,guest room decor,be our guest sign,airbnb host decor,farmhouse wifi sign,wooden wifi display,dry erase wifi sign,home office decor,wifi password board,personalized wifi,gift for host,new home gift,housewarming gift",wifi password sign,guest room decor,be our guest sign,airbnb host decor,farmhouse wifi sign,wooden wifi display,dry erase wifi sign,home office decor,wifi password board,personalized wifi,gift for host,new home gift,housewarming gift
"Personalized Acrylic Wifi Sign, Password QR Code Block",https://www.etsy.com/listing/1856036802/personalized-acrylic-wifi-sign-password,Modetsyshoponline,https://www.etsy.com/shop/Modetsyshoponline,11.52,0,0,0,11,2,15 Mo.,8,0,462,Home & Living,30,0,2.38,17730,"home decor,personlized gifts,acrylic plaque,housewarming gift,small wifi signs,custom wifi sign,wifi plaque sign,wifi password sign,wifi qr code sign,new home decoration,home wifi logo,reception sign,home wifi qr fridge",home decor,personlized gifts,acrylic plaque,housewarming gift,small wifi signs,custom wifi sign,wifi plaque sign,wifi password sign,wifi qr code sign,new home decoration,home wifi logo,reception sign,home wifi qr fridge
Custom 2&quot; WiFi Password Magnet,https://www.etsy.com/listing/4388434773/custom-2-wifi-password-magnet,MomentsThatMagnetize,https://www.etsy.com/shop/MomentsThatMagnetize,7.00,0,0,0,12,5,7 Mo.,16,1,319,Home & Living,10,0,3.76,135,"custom magnet,housewarming gift,custom wifi magnet,wifi fridge magnet,airbnb,wifi sign,wifi password sign,airbnb info,rental property,airbnb rental,wifi password magnet,internet information,stocking stuffer",custom magnet,housewarming gift,custom wifi magnet,wifi fridge magnet,airbnb,wifi sign,wifi password sign,airbnb info,rental property,airbnb rental,wifi password magnet,internet information,stocking stuffer
Wifi Password Sign | Retro Eye Test Chart Guest Room Poster,https://www.etsy.com/listing/512842753/wifi-password-sign-retro-eye-test-chart,TheDaisyHillShop,https://www.etsy.com/shop/TheDaisyHillShop,6.70,0,0,0,0,0,111 Mo.,29,0,601,Home & Living,138,0,0.0,5013,"maximalist,guest bedroom decor,wifi code print,welcome sign,wifi password,personalized gifts,house warming gift,new home,retro typography art,retro eye test,wifi password sign,business wifi poster,airbandb air b and b",maximalist,guest bedroom decor,wifi code print,welcome sign,wifi password,personalized gifts,house warming gift,new home,retro typography art,retro eye test,wifi password sign,business wifi poster,airbandb air b and b
Aloha Wifi Network and Password Sign in 8x10,https://www.etsy.com/listing/1886448493/aloha-wifi-network-and-password-sign-in,BrohanaCo,https://www.etsy.com/shop/BrohanaCo,4.99,0,0,0,0,0,14 Mo.,0,0,52,Art & Collectibles,20,0,0.0,17,"visitor,e komo mai,airbnb,decor for guests,wifi sign,home network sign,home decor,welcome sign,internet sign,password sign,airbnb wifi,housewarming gift,tropical sign",visitor,e komo mai,airbnb,decor for guests,wifi sign,home network sign,home decor,welcome sign,internet sign,password sign,airbnb wifi,housewarming gift,tropical sign
WiFi Password Chalk Acrylic Wood sign-Engraved-Clear-Shower-Party-Birthday-Cabin-Decor-Decorations-Home-Housewarming Gift Present-Holiday,https://www.etsy.com/listing/796955656/wifi-password-chalk-acrylic-wood-sign,ZoeyElisa,https://www.etsy.com/shop/ZoeyElisa,18.00,0,0,0,18,3,73 Mo.,54,0,1003,Paper & Party Supplies,137,0,1.79,24013,"table,party,wedding,decoration,sign,housewarming,wifi,password,gift,present,holiday,decor,rental",table,party,wedding,decoration,sign,housewarming,wifi,password,gift,present,holiday,decor,rental
"Wifi Password Sign, Wifi Printable, Wifi Sign Download, Wifi Password Printable, DIY, Customize in Canva",https://www.etsy.com/listing/1018115626/wifi-password-sign-wifi-printable-wifi,lemonprose,https://www.etsy.com/shop/lemonprose,4.99,0,0,0,0,0,56 Mo.,1,0,16,Art & Collectibles,106,0,0.0,659,"instant download,printable wall art,digital print,wall art,print at home,housewarming gift,wedding gift,farmhouse printable,wifi password sign,wifi password,custom wifi sign,farmhouse wall art,wifi printable",instant download,printable wall art,digital print,wall art,print at home,housewarming gift,wedding gift,farmhouse printable,wifi password sign,wifi password,custom wifi sign,farmhouse wall art,wifi printable
"Welcome Ceramic Frog Figurine For Airbnb Hosts, Vacation Rental Home Decor, Unique WiFi Password Sign",https://www.etsy.com/listing/4429143897/welcome-ceramic-frog-figurine-for-airbnb,MyGrandmasAtticShop,https://www.etsy.com/shop/MyGrandmasAtticShop,13.93,0,0,0,0,0,5 Mo.,2,0,5,Home & Living,92,0,0.0,1196,"housewarming gift,prince frog,ceramic figurine,airbnb welcome sign,welcome guest,year of the frog,table centerpiece,ceramic frog,airbnb host,wifi password,entryway shelf decor,unique welcome sign,rental house decor",housewarming gift,prince frog,ceramic figurine,airbnb welcome sign,welcome guest,year of the frog,table centerpiece,ceramic frog,airbnb host,wifi password,entryway shelf decor,unique welcome sign,rental house decor
Chalkboard WiFi Password Sign: Green Wooden Welcome Sign,https://www.etsy.com/listing/677601904/chalkboard-wifi-password-sign-green,NigelandCoShop,https://www.etsy.com/shop/NigelandCoShop,36.00,0,0,0,3,1,86 Mo.,10,0,354,Home & Living,99,0,0.85,3296,"chalkboard wifi,office wifi,rental wifi,rental,farm style,green chalkboard,realtor gift,housewarming gift,wifi sign,wifi password sign,chalkboard sign,white and black,white and wood",chalkboard wifi,office wifi,rental wifi,rental,farm style,green chalkboard,realtor gift,housewarming gift,wifi sign,wifi password sign,chalkboard sign,white and black,white and wood
Chalkboard Wifi Password Sign: Rustic Wood Welcome Decor,https://www.etsy.com/listing/619368800/chalkboard-wifi-password-sign-rustic,NigelandCoShop,https://www.etsy.com/shop/NigelandCoShop,34.00,0,0,0,58,17,93 Mo.,367,0,3551,Home & Living,99,0,1.63,3296,"office wifi,rental home,rental cabin,rental wifi,wifi password sign,wifi sign,welcome sign,housewarming gift,guest decor,wood guest decor,chalkboard sign,wifi chalkboard,realtor gift",office wifi,rental home,rental cabin,rental wifi,wifi password sign,wifi sign,welcome sign,housewarming gift,guest decor,wood guest decor,chalkboard sign,wifi chalkboard,realtor gift
"Wifi Password Sign Painted Wood Slice Home Office Gift, Customizable Wifi Decor, Personalized",https://www.etsy.com/listing/4343387729/wifi-password-sign-painted-wood-slice,LemnuelArtShop,https://www.etsy.com/shop/LemnuelArtShop,17.00,0,0,0,0,0,10 Mo.,1,0,34,Home & Living,10,0,0.0,409,"lemnuel usa,wifi password sign,custom decoration,house guest renter,housewarming present,art illustration,gift farmhouse token,floral pastel cute,practical stationary,painted wood slice,home office gift,personalized display,functional artwork",lemnuel usa,wifi password sign,custom decoration,house guest renter,housewarming present,art illustration,gift farmhouse token,floral pastel cute,practical stationary,painted wood slice,home office gift,personalized display,functional artwork
"Custom Wifi Sign | Personalized QR Code | Laser Engraved Baltic Birch Wood | For Your Guestroom, AirBnB, Office, Rental, Hotel",https://www.etsy.com/listing/1357953564/custom-wifi-sign-personalized-qr-code,ThePixelwood,https://www.etsy.com/shop/ThePixelwood,36.40,0,0,0,0,0,41 Mo.,12,0,347,Home & Living,201,0,0.0,469,"wifi sign,light wood,guest bedroom,home network,wifi password,modern clean simple,rental room info,guest room wifi,wifi display,internet password,connect to wifi,housewarming gifts,new home presents",wifi sign,light wood,guest bedroom,home network,wifi password,modern clean simple,rental room info,guest room wifi,wifi display,internet password,connect to wifi,housewarming gifts,new home presents
"Reusable Hanging Wifi Sign Kit | Acrylic + Laser Engraved Wood | Beach House Vibes | For Your Guestroom, AirBnB, Office, Rental, Hotel",https://www.etsy.com/listing/1447751008/reusable-hanging-wifi-sign-kit-acrylic,ThePixelwood,https://www.etsy.com/shop/ThePixelwood,40.04,0,0,0,0,0,37 Mo.,1,0,43,Home & Living,201,0,0.0,469,"wifi sign,guest bedroom,home network,wifi password,wifi display,internet password,connect to wifi,hanging sign,guest room,rental,modern,housewarming,realtor gift",wifi sign,guest bedroom,home network,wifi password,wifi display,internet password,connect to wifi,hanging sign,guest room,rental,modern,housewarming,realtor gift
"Oak Finish Wifi Sign Wood, Custom Wifi Password Sign, Personalized Wifi Plaque, Engraved Guest Wifi Welcome Sign, Airbnb, House Signs",https://www.etsy.com/listing/1748028697/oak-finish-wifi-sign-wood-custom-wifi,EtchedTimber,https://www.etsy.com/shop/EtchedTimber,28.55,0,0,0,0,0,23 Mo.,3,0,88,Home & Living,49,0,0.0,4394,"wifi sign,wifi plaque,wifi password,guest wifi sign,home wifi sign,wifi welcome,housewarming gift,new home,personalized wifi,custom wifi,network sign,etched timber,rental wifi",wifi sign,wifi plaque,wifi password,guest wifi sign,home wifi sign,wifi welcome,housewarming gift,new home,personalized wifi,custom wifi,network sign,etched timber,rental wifi
"Wifi Password Printable Sign: Guest Room, Airbnb, Vrbo (Digital Download)",https://www.etsy.com/listing/1748346444/wifi-password-printable-sign-guest-room,JersiePrints,https://www.etsy.com/shop/JersiePrints,3.50,0,0,0,0,0,22 Mo.,0,0,17,Home & Living,52,0,0.0,3566,"wall art,digital art,print and frame,housewarming gift,wifi password sign,password sign,vrbo rental,airbnb rental,guest room sign,nightstand sign,visitor password,wifi network sign,password info",wall art,digital art,print and frame,housewarming gift,wifi password sign,password sign,vrbo rental,airbnb rental,guest room sign,nightstand sign,visitor password,wifi network sign,password info
Floral WiFi Password Sign with Easel: Reusable Guest Network Display,https://www.etsy.com/listing/1822883900/floral-wifi-password-sign-with-easel,AWRCreations,https://www.etsy.com/shop/AWRCreations,15.00,0,0,0,0,0,17 Mo.,0,0,56,Home & Living,65,0,0.0,431,"step mom friend,housewarming sister,birthday shower,room decor,wifi password sign,wifi sign,airbnb wifi sign,coffee shop wifi,wifi code,great gift for,unique gift for,christmas grandma,new dorm room",step mom friend,housewarming sister,birthday shower,room decor,wifi password sign,wifi sign,airbnb wifi sign,coffee shop wifi,wifi code,great gift for,unique gift for,christmas grandma,new dorm room
"Elegant WiFi Password Sign Template: Airbnb Guest, Business (Digital Download)",https://www.etsy.com/listing/1867108591/elegant-wifi-password-sign-template,GracefulToDos,https://www.etsy.com/shop/GracefulToDos,1.43,0,0,0,0,0,17 Mo.,1,0,23,Paper & Party Supplies,17,0,0.0,827,"wifi password sign,decor wifi  sign,office wifi password,airbnb wifi sign,shop wifi password,home wifi password,business printables,airbnb templates,airbnb owners,short term rentals,housewarming gift,wifi custom template,wifi decorative sign",wifi password sign,decor wifi  sign,office wifi password,airbnb wifi sign,shop wifi password,home wifi password,business printables,airbnb templates,airbnb owners,short term rentals,housewarming gift,wifi custom template,wifi decorative sign
Home Sweet Home - Housewarming Gift - New Home Gift -  First Home Gift - Realtor Closing Gift - New House - First Home Gift - Moving Gift,https://www.etsy.com/listing/614492358/home-sweet-home-housewarming-gift-new,WhiteConfettiBox,https://www.etsy.com/shop/WhiteConfettiBox,49.50,0,0,0,175,31,94 Mo.,156,0,6885,Paper & Party Supplies,115,30,2.54,249500,"new home,new house,housewarming,new home gift,housewarming gift,new house gift,first home gift,new neighbor gift,house warming,home sweet home,wifi password sign,good to be home,realtor closing",new home,new house,housewarming,new home gift,housewarming gift,new house gift,first home gift,new neighbor gift,house warming,home sweet home,wifi password sign,good to be home,realtor closing
"Personalized WiFi Password Magnet: Engraved Basswood Sign, Home Decor",https://www.etsy.com/listing/4327394841/personalized-wifi-password-magnet,Mooringmade,https://www.etsy.com/shop/Mooringmade,8.73,0,0,0,0,0,11 Mo.,2,0,59,Home & Living,52,0,0.0,553,"wooden magnet,fridge magnets,wifi password,wifi magnet,personalized magnets,housewarming gift,office magnets,work from home,dishwasher magnet,wifi signs,airbnb,rental property,motel decor",wooden magnet,fridge magnets,wifi password,wifi magnet,personalized magnets,housewarming gift,office magnets,work from home,dishwasher magnet,wifi signs,airbnb,rental property,motel decor
"Wifi QR Code Wood 5x7 Sign for Guestroom, AirBnB, Office, Rental, Hotel",https://www.etsy.com/listing/4468190097/wifi-qr-code-wood-5x7-sign-for-guestroom,LigninAndLight,https://www.etsy.com/shop/LigninAndLight,25.00,0,0,0,0,0,2 Mo.,1,0,39,Home & Living,84,0,0.0,4893,"wifi sign,wifi password,wifi qr code,airbnb wifi,rental home sign,vacation wifi sign,wifi scan sign,light wood,guest bedroom,internet password,cabin sign,business sign,housewarming gift",wifi sign,wifi password,wifi qr code,airbnb wifi,rental home sign,vacation wifi sign,wifi scan sign,light wood,guest bedroom,internet password,cabin sign,business sign,housewarming gift
Custom Wifi QR Code 5x7 Acrylic Tabletop Sign,https://www.etsy.com/listing/1478377948/custom-wifi-qr-code-acrylic-sign-5x7,LigninAndLight,https://www.etsy.com/shop/LigninAndLight,25.00,0,0,0,28,8,36 Mo.,74,0,2026,Home & Living,84,25,1.38,4893,"business sign,salon sign,restaurant sign,bar wifi sign,wifi password,wifi qr code,internet sign,airbnb wifi,rental home sign,vacation wifi sign,wifi scan sign,acrylic sign,housewarming gift",business sign,salon sign,restaurant sign,bar wifi sign,wifi password,wifi qr code,internet sign,airbnb wifi,rental home sign,vacation wifi sign,wifi scan sign,acrylic sign,housewarming gift
Chalkboard Wifi Password Sign: Welcome Home Decor,https://www.etsy.com/listing/795769961/chalkboard-wifi-password-sign-welcome,NigelandCoShop,https://www.etsy.com/shop/NigelandCoShop,34.00,0,0,0,3,1,73 Mo.,10,0,422,Home & Living,99,0,0.71,3296,"wifi password sign,wifi sign,welcome sign,housewarming gift,realtor gift,guest decor,wood guest decor,chalkboard sign,wifi chalkboard",wifi password sign,wifi sign,welcome sign,housewarming gift,realtor gift,guest decor,wood guest decor,chalkboard sign,wifi chalkboard,--,--,--,--
"Wifi password sign, Be our guest Disney, chalkboard wifi, wifi sign, welcome sign, chalkboard paint sign, closing gift, editable reusable",https://www.etsy.com/listing/766990713/wifi-password-sign-be-our-guest-disney,NigelandCoShop,https://www.etsy.com/shop/NigelandCoShop,34.00,0,0,0,17,5,76 Mo.,97,0,1325,Home & Living,99,0,1.28,3296,"office,rental,wifi password sign,wifi sign,welcome sign,housewarming gift,realtor gift,guest decor,wood guest decor,chalkboard sign,wifi chalkboard,be our guest,disney wifi",office,rental,wifi password sign,wifi sign,welcome sign,housewarming gift,realtor gift,guest decor,wood guest decor,chalkboard sign,wifi chalkboard,be our guest,disney wifi
WIFI Password Chalkboard Housewarming Gift Hanging Plaque Home Internet Sign,https://www.etsy.com/listing/884303420/wifi-password-chalkboard-housewarming,ElitePrintDesigns,https://www.etsy.com/shop/ElitePrintDesigns,5.67,0,0,0,0,0,52 Mo.,0,0,57,Home & Living,64,0,0.0,42049,"gift,wall hanging,door hanger,plaque,home,shed,decor,bar,sign,man cave,pub,house warming,garden",gift,wall hanging,door hanger,plaque,home,shed,decor,bar,sign,man cave,pub,house warming,garden
Green Chalkboard Wifi Password Sign: Rustic Guest Decor,https://www.etsy.com/listing/691462181/green-chalkboard-wifi-password-sign,NigelandCoShop,https://www.etsy.com/shop/NigelandCoShop,35.00,0,0,0,3,1,86 Mo.,6,0,161,Home & Living,99,0,1.86,3296,"farmhouse style,white and wood,green chalkboard,wifi chalkboard,chalkboard sign,realtor gift,housewarming gift,wifi sign,wifi password sign",farmhouse style,white and wood,green chalkboard,wifi chalkboard,chalkboard sign,realtor gift,housewarming gift,wifi sign,wifi password sign,--,--,--,--
"Wifi Password Sign: Chalkboard Paint, Wood Frame, Guest Decor",https://www.etsy.com/listing/695369899/wifi-password-sign-chalkboard-paint-wood,NigelandCoShop,https://www.etsy.com/shop/NigelandCoShop,34.00,0,0,0,32,10,85 Mo.,124,0,1494,Home & Living,99,0,2.14,3296,"wifi chalkboard,chalkboard sign,realtor gift,housewarming gift,wifi sign,wifi password sign",wifi chalkboard,chalkboard sign,realtor gift,housewarming gift,wifi sign,wifi password sign,--,--,--,--,--,--,--
"WiFi Password Print /Digital Guest Room, Office, Lobby Sign / Home Decor Printable / 5x7 / 8x10",https://www.etsy.com/listing/261801743/wifi-password-print-digital-guest-room,AshAlaMode,https://www.etsy.com/shop/AshAlaMode,3.75,0,0,0,4,1,125 Mo.,6,0,233,Home & Living,140,0,1.72,540,"wifi sign,wifi password,quirky decor,home decor print,living room decor,entryway,wall decor,lobby decor,housewarming gift,guest room,wifi,reception,funny home",wifi sign,wifi password,quirky decor,home decor print,living room decor,entryway,wall decor,lobby decor,housewarming gift,guest room,wifi,reception,funny home
Chalkboard WiFi Password Sign / Cute WiFi Sign / Home Decor / Office Decor / Air bnb Decor / Housewarming Gift / Cute Home Decor Gifts,https://www.etsy.com/listing/1622436975/chalkboard-wifi-password-sign-cute-wifi,LuLuGraceLLC,https://www.etsy.com/shop/LuLuGraceLLC,17.99,0,0,0,0,0,30 Mo.,7,0,124,Home & Living,36,0,0.0,4261,"cute home decor,inexpensive gifts,housewarming gifts,farmhouse decor,kitchen decor,beach house decor,air bnb decor,custom home decor,hand made gifts,wifi sign,wifi password sign,chalkboard wifi sign,wifi password",cute home decor,inexpensive gifts,housewarming gifts,farmhouse decor,kitchen decor,beach house decor,air bnb decor,custom home decor,hand made gifts,wifi sign,wifi password sign,chalkboard wifi sign,wifi password
Wifi Password Chalkboard Sign | Housewarming Gift,https://www.etsy.com/listing/1799455809/wifi-password-chalkboard-sign,PrestigePersonalized,https://www.etsy.com/shop/PrestigePersonalized,40.00,0,0,0,0,0,20 Mo.,2,0,64,Home & Living,25,0,0.0,1295,"wifi password,wifi sign,chalkboard sign,housewarming,gift idea,new home decor,living room decor,tabletop decor,guest wifi,housewarming gift,custom gift,custom wifi sign,wifi home decor",wifi password,wifi sign,chalkboard sign,housewarming,gift idea,new home decor,living room decor,tabletop decor,guest wifi,housewarming gift,custom gift,custom wifi sign,wifi home decor
Custom Wi-Fi Password Magnet: Modern Guest Network Sign,https://www.etsy.com/listing/1728369608/custom-wi-fi-password-magnet-modern,HuntingtonCreationCo,https://www.etsy.com/shop/HuntingtonCreationCo,10.00,0,0,0,57,28,23 Mo.,88,1,1877,Home & Living,104,33,3.04,241,"custom wifi magnet,wifi password magnet,guest wifi sign,fridge wifi sign,wifi fidge magnet,guest room decor,housewarming gift,airbnb host gift,wifi sign,personalized wifi,wifi code sign,guest wifi,airbnb wifi magnet",custom wifi magnet,wifi password magnet,guest wifi sign,fridge wifi sign,wifi fidge magnet,guest room decor,housewarming gift,airbnb host gift,wifi sign,personalized wifi,wifi code sign,guest wifi,airbnb wifi magnet
WI-FI password chalkboard,https://www.etsy.com/listing/1614191339/wi-fi-password-chalkboard,HazelynesHopeChest,https://www.etsy.com/shop/HazelynesHopeChest,54.95,0,0,0,0,0,30 Mo.,0,0,5,Home & Living,76,0,0.0,85,"wifi password sign,wifi chalkboard,wi-fi sign,wifi station,sunflower chalkboard,sunflower wifi sign,autumn password sign,fall password sign,house warming gift,hostess gift,christmas present",wifi password sign,wifi chalkboard,wi-fi sign,wifi station,sunflower chalkboard,sunflower wifi sign,autumn password sign,fall password sign,house warming gift,hostess gift,christmas present,--,--
For A Good Time Sign Into WiFi Printable Sign,https://www.etsy.com/listing/665703394/for-a-good-time-sign-into-wifi-printable,WeeHoursDesigns,https://www.etsy.com/shop/WeeHoursDesigns,2.99,0,0,0,0,0,88 Mo.,4,0,73,Home & Living,174,0,0.0,222,"printable,8x10,5x7,funny,black and white,digital download,housewarming gift,network,wall art,for a good time call,wifi sign password,funny humor,airbnb",printable,8x10,5x7,funny,black and white,digital download,housewarming gift,network,wall art,for a good time call,wifi sign password,funny humor,airbnb
"Personalised Wifi Password and Network sign, WiFi freestanding Acyrlic sign, WiFi Password sign, Airbnb, Home Decor,Colour coordinated sign",https://www.etsy.com/listing/1229948357/personalised-wifi-password-and-network,HandmadewithLovecft,https://www.etsy.com/shop/HandmadewithLovecft,16.11,0,0,0,5,1,48 Mo.,6,0,326,Home & Living,64,0,1.53,4580,"handmadewithlovecft,wifi sign,wifi password,home decor,colour coordinated,acrylic sign,wifi network sign,personalised wifi,housewarming gift,personalised sign,personalised gift,freestanding sign,airbnb",handmadewithlovecft,wifi sign,wifi password,home decor,colour coordinated,acrylic sign,wifi network sign,personalised wifi,housewarming gift,personalised sign,personalised gift,freestanding sign,airbnb
Housewarming Gift First Home - Home Sweet Home - New Home Gift - Closing Gift - New House -  Closing Gift - Moving Gift - New Neighbor Gift,https://www.etsy.com/listing/628323767/housewarming-gift-first-home-home-sweet,WhiteConfettiBox,https://www.etsy.com/shop/WhiteConfettiBox,49.50,0,0,0,1003,178,94 Mo.,1474,2,74008,Paper & Party Supplies,115,100,1.36,249500,"new home,new house,housewarming,new home gift,housewarming gift,new house gift,first home gift,congrats new home,new neighbor,new neighbor gift,house warming,home sweet home,wifi password sign",new home,new house,housewarming,new home gift,housewarming gift,new house gift,first home gift,congrats new home,new neighbor,new neighbor gift,house warming,home sweet home,wifi password sign
"Wifi Password SVG, Be Our Guest SVG, Home Decor, SVG File, Wifi Password Sign, Sign Design, Wifi Svg, Housewarming Gift, Cut File,For Cricut",https://www.etsy.com/listing/617419136/wifi-password-svg-be-our-guest-svg-home,MMPohSOdigital,https://www.etsy.com/shop/MMPohSOdigital,3.00,0,0,0,33,2,78 Mo.,37,0,181,Craft Supplies & Tools,98,0,18.23,9325,"wifi password svg,be our guest svg,home decor,svg file,wifi password sign,sign design,wifi svg,housewarming gift,cut file,for cricut",wifi password svg,be our guest svg,home decor,svg file,wifi password sign,sign design,wifi svg,housewarming gift,cut file,for cricut,--,--,--
"Personalised New Home Gift Box, Housewarming Gift for Couple, Custom Family Name Sign, WiFi Password Plaque, Luxury Moving In Gift Set",https://www.etsy.com/listing/4441000043/personalised-new-home-gift-box,LuxeEtchedCo,https://www.etsy.com/shop/LuxeEtchedCo,52.63,0,0,0,0,0,4 Mo.,8,0,448,Home & Living,10,39,0.0,799,"new home gift,personalised gift,custom sign home,family name sign,new house present,couple gift,luxury gift box,wifi password sign,realtor gift,new homeowner gift,housewarming gift,new memories,welcome home gift",new home gift,personalised gift,custom sign home,family name sign,new house present,couple gift,luxury gift box,wifi password sign,realtor gift,new homeowner gift,housewarming gift,new memories,welcome home gift
WiFi Password Sign | Wooden WiFi Dry Erase | Wifi Network,https://www.etsy.com/listing/4487078317/wifi-password-sign-wooden-wifi-dry-erase,SonoranSpark,https://www.etsy.com/shop/SonoranSpark,15.00,0,0,0,0,0,1 Mo.,0,0,8,Home & Living,27,0,0.0,258,"wifi password sign,wifi sign,wifi board,network password,wifi decor,housewarming gift,airbnb wifi,guest room decor,modern home sign,wood wifi sign,wifi plaque,home organization",wifi password sign,wifi sign,wifi board,network password,wifi decor,housewarming gift,airbnb wifi,guest room decor,modern home sign,wood wifi sign,wifi plaque,home organization,--
Wifi Password Sign | Vacation Rental Home Host Sign | Network and Password Sign,https://www.etsy.com/listing/4476662492/wifi-password-sign-vacation-rental-home,SanduskyWoodcraft,https://www.etsy.com/shop/SanduskyWoodcraft,9.99,0,0,0,0,0,2 Mo.,4,0,31,Home & Living,68,0,0.0,51822,"magnet,housewarming gift,new home gift,clean dirty,airbnb host,wifi details,guest room sign,vrbo sign,rental property,wifi password,be our guest,hosting,fridge magnet",magnet,housewarming gift,new home gift,clean dirty,airbnb host,wifi details,guest room sign,vrbo sign,rental property,wifi password,be our guest,hosting,fridge magnet
Wifi Password Print with QR Code Personalised | Wifi Sharing Scan Me Sign,https://www.etsy.com/listing/1735046580/wifi-password-print-with-qr-code,WattleDesignsCo,https://www.etsy.com/shop/WattleDesignsCo,12.78,0,0,0,0,0,23 Mo.,1,0,143,Art & Collectibles,120,0,0.0,9460,"qr code print,wifi password print,scan to connect,wifi qr code print,custom wifi print,housewarming gift,personalised wifi,qr code sign,wifi sign with qr,wifi art print,home office decor,entrance wall print,guest bedroom print",qr code print,wifi password print,scan to connect,wifi qr code print,custom wifi print,housewarming gift,personalised wifi,qr code sign,wifi sign with qr,wifi art print,home office decor,entrance wall print,guest bedroom print
Airbnb signs| sign | wifi template  | wifi for airbnb | wifi with password | digital download | editable printable | digital product,https://www.etsy.com/listing/1420250823/airbnb-signs-sign-wifi-template-wifi-for,CncVectorCutDesign,https://www.etsy.com/shop/CncVectorCutDesign,6.00,0,0,0,0,0,39 Mo.,57,0,158,Art & Collectibles,39,0,0.0,1513,"wifi template,wifi for airbnb,wifi with password,digital download,editable printable,air bnb signs,printable file,air bnb template,pdf files,personalized gifts,housewarming gift,birthday gifts,gift for grandma",wifi template,wifi for airbnb,wifi with password,digital download,editable printable,air bnb signs,printable file,air bnb template,pdf files,personalized gifts,housewarming gift,birthday gifts,gift for grandma
Guest WiFi Sign NFC + QR Code | Tap or Scan to Connect Instantly | Wood Stand | Restaurant Café Hotel Airbnb Home | 2 Sizes,https://www.etsy.com/listing/4505652497/guest-wifi-sign-nfc-qr-code-o-tap-or,10point11,https://www.etsy.com/shop/10point11,28.88,0,0,0,0,0,1 Mo.,2,0,42,Paper & Party Supplies,33,0,0.0,6,"guest wifi sign,wifi nfc sign,wifi qr code sign,tap to connect,airbnb wifi sign,restaurant wifi,hotel wifi sign,cafe wifi sign,wood wifi sign,wifi password sign,housewarming gift,baltic birch sign,engraved wood sign",guest wifi sign,wifi nfc sign,wifi qr code sign,tap to connect,airbnb wifi sign,restaurant wifi,hotel wifi sign,cafe wifi sign,wood wifi sign,wifi password sign,housewarming gift,baltic birch sign,engraved wood sign
Personalised WIFI Internet Password Sign Metal Plaque - Vintage Chalkboard style - Housewarming Party Gift - A4 plaque - 200mm x 300mm,https://www.etsy.com/listing/526012609/personalised-wifi-internet-password-sign,GiraffeandCustard,https://www.etsy.com/shop/GiraffeandCustard,38.02,0,0,0,0,0,110 Mo.,20,0,910,Home & Living,136,0,0.0,53375,"metal sign,wall plaque,a4 size,home decoration,personalised,metal plaque,vintage style,wifi password,internet password,family welcome sign,chalkboard,housewarming gift,a4 sign plaque",metal sign,wall plaque,a4 size,home decoration,personalised,metal plaque,vintage style,wifi password,internet password,family welcome sign,chalkboard,housewarming gift,a4 sign plaque
"Wifi Password Sign, Printable Wifi Code, Guest Room Printable, Wifi Printable, Wifi sign printable, Housewarming gifts, Wi-Fi Print",https://www.etsy.com/listing/1633036617/wifi-password-sign-printable-wifi-code,GiftGameStore,https://www.etsy.com/shop/GiftGameStore,4.50,0,0,0,0,0,13 Mo.,1,0,21,Art & Collectibles,29,0,0.0,3242,"wifi password sign,guest room printable,wifi printable,wifi sign printable,password printable,wifi password,wifi poster,printable wifi code,prints with wifi,wifi code print,guest house wifi,personalized gifts,gifts",wifi password sign,guest room printable,wifi printable,wifi sign printable,password printable,wifi password,wifi poster,printable wifi code,prints with wifi,wifi code print,guest house wifi,personalized gifts,gifts
Custom Family WiFi Sign with QR Code | Laser Engraved Wood Home Network Sign | Guest Friendly Password Display | Housewarming Gift Idea,https://www.etsy.com/listing/4418657022/custom-family-wifi-sign-with-qr-code,GrayamDesignCo,https://www.etsy.com/shop/GrayamDesignCo,14.95,0,0,0,0,0,2 Mo.,0,0,27,Home & Living,13,0,0.0,55,"wifi sign,family wifi sign,wifi qr code plaque,home wifi display,wooden wifi sign,laser engraved gift,housewarming decor,guest wifi password,farmhouse sign,personalized wifi,wifi code display,dorm room decor,host gift idea",wifi sign,family wifi sign,wifi qr code plaque,home wifi display,wooden wifi sign,laser engraved gift,housewarming decor,guest wifi password,farmhouse sign,personalized wifi,wifi code display,dorm room decor,host gift idea
"Custom WiFi Password Sign, Brushed Aluminum, Weatherproof Peel & Stick Network Plaque",https://www.etsy.com/listing/4492118824/custom-wifi-password-sign-brushed,DecaModa,https://www.etsy.com/shop/DecaModa,25.66,0,0,0,0,0,1 Mo.,0,0,4,Home & Living,122,0,0.0,18905,"custom wifi sign,wifi password sign,personalized wifi,wifi plaque,network password,airbnb wifi sign,guest wifi sign,wifi decor sign,brushed aluminum,weatherproof sign,peel and stick sign,housewarming gift,office wifi sign",custom wifi sign,wifi password sign,personalized wifi,wifi plaque,network password,airbnb wifi sign,guest wifi sign,wifi decor sign,brushed aluminum,weatherproof sign,peel and stick sign,housewarming gift,office wifi sign
"Handmade Wifi Password Sign: Chalkboard Paint, Shelf Sitter",https://www.etsy.com/listing/766183966/handmade-wifi-password-sign-chalkboard,NigelandCoShop,https://www.etsy.com/shop/NigelandCoShop,35.00,0,0,0,10,3,75 Mo.,20,0,436,Home & Living,99,0,2.29,3296,"rustic,farmhouse style,white and wood,white and black,realtor gift,housewarming gift,wifi sign,wood guest decor,wifi password sign,chalkboard sign",rustic,farmhouse style,white and wood,white and black,realtor gift,housewarming gift,wifi sign,wood guest decor,wifi password sign,chalkboard sign,--,--,--
WiFi Sign / Guestroom Sign / Internet Access Sign / Housewarming Gift / Guest Wifi Internet / Modern Design / Wipe Off,https://www.etsy.com/listing/963853776/wifi-sign-guestroom-sign-internet-access,madeintehaleh,https://www.etsy.com/shop/madeintehaleh,20.00,0,0,0,9,2,62 Mo.,30,0,320,Home & Living,209,0,2.81,6648,"wifi,sign,guest room sign,wifi password,dry erase,internet,guest internet,guest wifi,wipe board,housewarming,gift,visitor wifi,airbnb sign",wifi,sign,guest room sign,wifi password,dry erase,internet,guest internet,guest wifi,wipe board,housewarming,gift,visitor wifi,airbnb sign
"Wood Wifi Password Sign, Custom Wifi Plaque, Airbnb Guest Wifi, Home Wifi Sign, Wifi Welcome Sign, Wifi Login, Multiple Sizes and Material",https://www.etsy.com/listing/1748019743/wood-wifi-password-sign-custom-wifi,EtchedTimber,https://www.etsy.com/shop/EtchedTimber,28.55,0,0,0,0,0,23 Mo.,0,0,88,Home & Living,49,0,0.0,4394,"wifi sign,wifi plaque,wifi password,guest wifi sign,home wifi sign,wifi welcome,housewarming gift,new home,personalized wifi,custom wifi,network sign,etched timber,rental wifi",wifi sign,wifi plaque,wifi password,guest wifi sign,home wifi sign,wifi welcome,housewarming gift,new home,personalized wifi,custom wifi,network sign,etched timber,rental wifi
Acrylic Custom Wifi Password Sign for Guests in home office business or rental (wood stand included),https://www.etsy.com/listing/1077816353/acrylic-custom-wifi-password-sign-for,circleandsquaredecor,https://www.etsy.com/shop/circleandsquaredecor,35.58,0,0,0,43,7,56 Mo.,113,0,1893,Paper & Party Supplies,121,0,2.27,123179,"wifi sign,wifi password sign,custom wifi sign,personalized wifi,password sign,housewarming gift,guest wifi sign,home office sign,airbnb signs,acrylic wifi,mini wifi sign,wifi password,internet login sign",wifi sign,wifi password sign,custom wifi sign,personalized wifi,password sign,housewarming gift,guest wifi sign,home office sign,airbnb signs,acrylic wifi,mini wifi sign,wifi password,internet login sign
"Wifi Password Sign, Welcome, Wifi Is On The House, Farmhouse Wifi On the House, Farmhouse Decor, Wifi Password, New Home Gift, Housewarming",https://www.etsy.com/listing/1151271470/wifi-password-sign-welcome-wifi-is-on,SimplyCraftedbySB,https://www.etsy.com/shop/SimplyCraftedbySB,11.00,0,0,0,0,0,52 Mo.,0,0,35,Home & Living,56,0,0.0,341,"welcome,wifinetwork,wifipassword,welcomewifisign,wifionthehouse,wifiisonthehouse,wifisign,wifipasswordsign,farmhousewifi,farmhousedecor,giftgiving,housewarming,homedecor",welcome,wifinetwork,wifipassword,welcomewifisign,wifionthehouse,wifiisonthehouse,wifisign,wifipasswordsign,farmhousewifi,farmhousedecor,giftgiving,housewarming,homedecor
"Reusable Wifi Sign Kit | Wifi Dictionary Definition | For Your Guestroom, AirBnB, Office, Rental, Hotel | White Acrylic + Light Wood",https://www.etsy.com/listing/1498103754/reusable-wifi-sign-kit-wifi-dictionary,ThePixelwood,https://www.etsy.com/shop/ThePixelwood,40.04,0,0,0,4,2,35 Mo.,27,0,620,Home & Living,201,0,0.65,469,"wifi sign,light wood,guest bedroom,home network,wifi password,wifi display,internet password,connect to wifi,hanging sign,guest room,rental,housewarming,realtor gift",wifi sign,light wood,guest bedroom,home network,wifi password,wifi display,internet password,connect to wifi,hanging sign,guest room,rental,housewarming,realtor gift
"Minimalist Wi-Fi Password Sign, Guest Room Decor (Digital Download)",https://www.etsy.com/listing/4473109164/minimalist-wi-fi-password-sign-guest,STcollectionDesign,https://www.etsy.com/shop/STcollectionDesign,1.18,0,0,0,0,0,1 Mo.,0,0,1,Art & Collectibles,18,0,0.0,0,"airbnb hosting ideas,wifi password sign,guest room decor,airbnb essentials,digital wifi sign,office wall art,minimalist poster,wifi access print,home office decor,printable sign,modern wall art,housewarming gift,hotel signage",airbnb hosting ideas,wifi password sign,guest room decor,airbnb essentials,digital wifi sign,office wall art,minimalist poster,wifi access print,home office decor,printable sign,modern wall art,housewarming gift,hotel signage
"WIFI Password Sign for Home Office, Personalized Internet Password Freestanding Sign for Guest Bedroom, Gift for New Homeowner Housewarming",https://www.etsy.com/listing/1246004135/wifi-password-sign-for-home-office,CaffeineAndWine,https://www.etsy.com/shop/CaffeineAndWine,16.99,0,0,0,26,5,47 Mo.,25,0,616,Home & Living,130,0,4.22,21524,"wifi password sign,wifi code display,internet password,custom wifi password,gift for new home,new business ideas,new homeowner gift,office accessories,air bnb welcome pack,short term rental,personalized network,connection info,laser engraved sign",wifi password sign,wifi code display,internet password,custom wifi password,gift for new home,new business ideas,new homeowner gift,office accessories,air bnb welcome pack,short term rental,personalized network,connection info,laser engraved sign
Wood Wifi Sign | Wifi Password Sign | Home Sign | Home Office Sign | Wifi is on the House,https://www.etsy.com/listing/1316320310/wood-wifi-sign-wifi-password-sign-home,TinyCactusLLC,https://www.etsy.com/shop/TinyCactusLLC,19.00,0,0,0,22,5,43 Mo.,68,0,1452,Weddings,63,0,1.52,11970,"dry erase sign,wifi,free wifi,home decor,home office sign,office sign,wifi password,house warming gift,network password",dry erase sign,wifi,free wifi,home decor,home office sign,office sign,wifi password,house warming gift,network password,--,--,--,--
"Wifi Is On The House, Wifi Password Sign, Wifi Password Print, Wifi Password Poster, Wifi Printable, Housewarming Gifts",https://www.etsy.com/listing/875335945/wifi-is-on-the-house-wifi-password-sign,MoonCreationst,https://www.etsy.com/shop/MoonCreationst,13.75,0,0,0,6,1,68 Mo.,16,0,266,Art & Collectibles,70,0,2.26,6038,"wifi is on the house,wifi password sign,wifi printable,wifi sign,wedding signs,wifi password,wifi print,printable wall art,wifi network sign,custom wifi sign,housewarming gift,custom poster,custom print",wifi is on the house,wifi password sign,wifi printable,wifi sign,wedding signs,wifi password,wifi print,printable wall art,wifi network sign,custom wifi sign,housewarming gift,custom poster,custom print
Be the Person You Pretend to be Online Printable Wifi Sign,https://www.etsy.com/listing/655305196/be-the-person-you-pretend-to-be-online,WeeHoursDesigns,https://www.etsy.com/shop/WeeHoursDesigns,2.99,0,0,0,0,0,89 Mo.,20,0,171,Home & Living,174,0,0.0,222,"printable,8x10,wifi sign,wifi password,5x7,funny,digital download,home decor,housewarming gift,network,inspirational quotes,wall art,airbnb",printable,8x10,wifi sign,wifi password,5x7,funny,digital download,home decor,housewarming gift,network,inspirational quotes,wall art,airbnb
Chalkboard Wifi Password Sign: Rustic Wood Welcome Decor,https://www.etsy.com/listing/676584915/chalkboard-wifi-password-sign-rustic,NigelandCoShop,https://www.etsy.com/shop/NigelandCoShop,35.00,0,0,0,44,13,88 Mo.,141,0,2206,Home & Living,99,0,1.99,3296,"rustic,farmhouse style,white and wood,white and black,realtor gift,housewarming gift,wifi sign,wood guest decor,wifi password sign,chalkboard sign",rustic,farmhouse style,white and wood,white and black,realtor gift,housewarming gift,wifi sign,wood guest decor,wifi password sign,chalkboard sign,--,--,--
Custom Wood WiFi Sign | Personalized WiFi Password Board | Airbnb Guest Room Decor | Desk Tabletop Sign | Housewarming Gift,https://www.etsy.com/listing/4516433403/custom-wood-wifi-sign-personalized-wifi,BeyondTheSign,https://www.etsy.com/shop/BeyondTheSign,33.80,0,0,0,0,0,1 Mo.,0,0,9,Home & Living,19,0,0.0,123,"wifi sign,wood wifi block,airbnb decor,guest room sign,custom wood sign,password board,office desk sign,home network,wooden wi-fi,cafe decor,personalized gift,sticky wifi board,wifi door sign",wifi sign,wood wifi block,airbnb decor,guest room sign,custom wood sign,password board,office desk sign,home network,wooden wi-fi,cafe decor,personalized gift,sticky wifi board,wifi door sign
Personalized Acrylic Wifi Password Sign | Guest Network Decor,https://www.etsy.com/listing/1783378020/personalized-acrylic-wifi-password-sign,PrestigePersonalized,https://www.etsy.com/shop/PrestigePersonalized,25.00,0,0,0,0,0,20 Mo.,5,0,374,,25,0,0.0,1295,"wifi password sign,guest wifi,wifi acrylic sign,wifi wood sign,housewarming gift,personalized sign,wifi password,custom wifi sign,custom wifi signs,bar lounge wifi,lounge wifi sign,restaurant wifi,coffee wifi sign",wifi password sign,guest wifi,wifi acrylic sign,wifi wood sign,housewarming gift,personalized sign,wifi password,custom wifi sign,custom wifi signs,bar lounge wifi,lounge wifi sign,restaurant wifi,coffee wifi sign
Airbnb Printable Wall Art | Wifi Password Sign | Housewarming Gift | Wifi Password Sign | New Home Gift | Guest Room Sign,https://www.etsy.com/listing/784158868/airbnb-printable-wall-art-wifi-password,superbBNB,https://www.etsy.com/shop/superbBNB,1.25,0,0,0,60,8,73 Mo.,46,0,1058,Home & Living,87,0,5.67,1209,"airbnb,airbnb printable,printable wifi sign,wifi password sign,guest room sign,wifi sign,wifi password,printable wifi,password sign,housewarming gift,new home gift,housewarming,printable wall art",airbnb,airbnb printable,printable wifi sign,wifi password sign,guest room sign,wifi sign,wifi password,printable wifi,password sign,housewarming gift,new home gift,housewarming,printable wall art
"Dark Cherry Wifi Password Sign Wood, Custom Wifi Plaque, Airbnb Guest Wifi, Home Wifi, Welcome Sign, Wifi Login, Multiple Sizes and Material",https://www.etsy.com/listing/1748029791/dark-cherry-wifi-password-sign-wood,EtchedTimber,https://www.etsy.com/shop/EtchedTimber,28.55,0,0,0,0,0,23 Mo.,4,0,122,Home & Living,49,0,0.0,4394,"wifi sign,wifi plaque,wifi password,guest wifi sign,home wifi sign,wifi welcome,housewarming gift,new home,personalized wifi,custom wifi,network sign,etched timber,rental wifi",wifi sign,wifi plaque,wifi password,guest wifi sign,home wifi sign,wifi welcome,housewarming gift,new home,personalized wifi,custom wifi,network sign,etched timber,rental wifi
"Glass & Gold Wifi Password Sign, Custom Wifi Plaque, Airbnb Guest Wifi, Home Sign, Welcome Sign, Wifi Login, Multiple Sizes and Materials",https://www.etsy.com/listing/1748039621/glass-gold-wifi-password-sign-custom,EtchedTimber,https://www.etsy.com/shop/EtchedTimber,28.55,0,0,0,0,0,23 Mo.,1,0,83,Home & Living,49,0,0.0,4394,"wifi sign,wifi plaque,wifi password,guest wifi sign,home wifi sign,wifi welcome,housewarming gift,new home,personalized wifi,custom wifi,network sign,etched timber,rental wifi",wifi sign,wifi plaque,wifi password,guest wifi sign,home wifi sign,wifi welcome,housewarming gift,new home,personalized wifi,custom wifi,network sign,etched timber,rental wifi
This is My WiFi Sign Borat Themed Printable Download,https://www.etsy.com/listing/666009942/this-is-my-wifi-sign-borat-themed,WeeHoursDesigns,https://www.etsy.com/shop/WeeHoursDesigns,2.99,0,0,0,2,1,87 Mo.,53,0,889,Home & Living,174,0,0.22,222,"wifi password,8x10,5x7,wifi sign,black and white,housewarming gift,digital prints,printable download,wall art,guest room,borat ali g show,this is my wife,airbnb",wifi password,8x10,5x7,wifi sign,black and white,housewarming gift,digital prints,printable download,wall art,guest room,borat ali g show,this is my wife,airbnb
"Be our Guest Wifi Sign, Home Wifi info, Wooden Wifi Sign, Wifi info, Wifi for guests.",https://www.etsy.com/listing/4326677348/be-our-guest-wifi-sign-home-wifi-info,MrsWrightPartyof9,https://www.etsy.com/shop/MrsWrightPartyof9,9.99,0,0,0,3,1,11 Mo.,2,0,127,Home & Living,83,0,2.36,1236,"wifi sign,wifi,be our guest wifi,home wifi sign,wifi password,whats the wifi,wooden wifi sign,wood wifi,wifi info,housewarming gift,new home,new wifi,new home wifi",wifi sign,wifi,be our guest wifi,home wifi sign,wifi password,whats the wifi,wooden wifi sign,wood wifi,wifi info,housewarming gift,new home,new wifi,new home wifi
"Scan for WiFi — Custom Home Wifi QR Code, Help Guests Connect Faster and Easier, QR code Gifts, Keep Passwords Safe, Framed Canvas Print",https://www.etsy.com/listing/1216731690/scan-for-wifi-custom-home-wifi-qr-code,inspireddecorco,https://www.etsy.com/shop/inspireddecorco,22.10,0,0,0,13,4,48 Mo.,32,0,1031,Home & Living,72,0,1.26,110715,"framed canvas,farmhouse,qr code,scan for wifi,home wifi sign,wifi password print,be our guest,wifi qr code sign,wifi network,housewarming gift,vacation house,beach house,vbro sign",framed canvas,farmhouse,qr code,scan for wifi,home wifi sign,wifi password print,be our guest,wifi qr code sign,wifi network,housewarming gift,vacation house,beach house,vbro sign
"Walnut WiFi Password Sign with Brass Stand, Engraved Wooden WiFi Plaque for Airbnb, Cafe Decor, Modern Desk Display Sign",https://www.etsy.com/listing/4507606618/walnut-wifi-password-sign-with-brass,BrightFielda,https://www.etsy.com/shop/BrightFielda,59.96,0,0,0,0,0,1 Mo.,2,0,40,Home & Living,8,0,0.0,83,"wifi password sign,walnut wifi sign,wood wifi plaque,airbnb wifi sign,cafe wifi decor,engraved wood sign,desk display sign,modern home decor,brass stand sign,guest room decor,restaurant decor,office wifi sign,housewarming gift",wifi password sign,walnut wifi sign,wood wifi plaque,airbnb wifi sign,cafe wifi decor,engraved wood sign,desk display sign,modern home decor,brass stand sign,guest room decor,restaurant decor,office wifi sign,housewarming gift
"Wifi Password Sign, Acrylic Wifi Sign, Personalized and/or Dry-erase Wifi Network Sign for Guests | More Sizes & Designs Available",https://www.etsy.com/listing/1112823523/wifi-password-sign-acrylic-wifi-sign,circleandsquaredecor,https://www.etsy.com/shop/circleandsquaredecor,35.00,0,0,0,73,12,54 Mo.,301,0,3980,Home & Living,121,30,1.83,123179,"wifi sign,wifi password sign,custom wifi sign,personalized wifi,password sign,housewarming gift,guest wifi sign,airbnb signs,acrylic wifi,mini wifi sign,wifi password,internet login sign,vrbo check in",wifi sign,wifi password sign,custom wifi sign,personalized wifi,password sign,housewarming gift,guest wifi sign,airbnb signs,acrylic wifi,mini wifi sign,wifi password,internet login sign,vrbo check in
"Wifi QR Code Wood Sign - 5x7 Tabletop Sign for Guestroom, AirBnB, Office, Rental, Hotel",https://www.etsy.com/listing/1613609555/wifi-qr-code-wood-sign-5x7-tabletop-sign,LigninAndLight,https://www.etsy.com/shop/LigninAndLight,25.00,0,0,0,96,27,30 Mo.,87,1,2791,Home & Living,84,36,3.44,4893,"wifi sign,wifi password,wifi qr code,airbnb wifi,rental home sign,vacation wifi sign,wifi scan sign,light wood,guest bedroom,internet password,cabin sign,business sign,housewarming gift",wifi sign,wifi password,wifi qr code,airbnb wifi,rental home sign,vacation wifi sign,wifi scan sign,light wood,guest bedroom,internet password,cabin sign,business sign,housewarming gift
"Cherry Wifi Password Sign, Custom Wifi Plaque, Airbnb Guest Wifi, Home Wifi Sign, Wifi Welcome Sign, Wifi Login, Multiple Sizes and Material",https://www.etsy.com/listing/1748024655/cherry-wifi-password-sign-custom-wifi,EtchedTimber,https://www.etsy.com/shop/EtchedTimber,28.55,0,0,0,0,0,23 Mo.,1,0,68,Home & Living,49,0,0.0,4394,"wifi sign,wifi plaque,wifi password,guest wifi sign,home wifi sign,wifi welcome,housewarming gift,new home,personalized wifi,custom wifi,network sign,etched timber,rental wifi",wifi sign,wifi plaque,wifi password,guest wifi sign,home wifi sign,wifi welcome,housewarming gift,new home,personalized wifi,custom wifi,network sign,etched timber,rental wifi
"Wifi Password Sign Wood, Custom Wifi Plaque, Airbnb Guest Wifi, Home Wifi Sign, Wifi Welcome Sign, Wifi Login, Multiple Sizes and Material",https://www.etsy.com/listing/1748009269/wifi-password-sign-wood-custom-wifi,EtchedTimber,https://www.etsy.com/shop/EtchedTimber,28.55,0,0,0,0,0,23 Mo.,4,0,190,Home & Living,49,0,0.0,4394,"wifi sign,wifi plaque,wifi password,guest wifi sign,home wifi sign,wifi welcome,housewarming gift,new home,personalized wifi,custom wifi,network sign,etched timber,rental wifi",wifi sign,wifi plaque,wifi password,guest wifi sign,home wifi sign,wifi welcome,housewarming gift,new home,personalized wifi,custom wifi,network sign,etched timber,rental wifi
Chalkboard Wifi Password Sign: Rustic Wood Welcome Decor,https://www.etsy.com/listing/679698097/chalkboard-wifi-password-sign-rustic,NigelandCoShop,https://www.etsy.com/shop/NigelandCoShop,34.00,0,0,0,55,16,87 Mo.,201,0,4747,Home & Living,99,0,1.16,3296,"office,housewarming,rental,white and black,realtor gift,chalkboard sign,wifi chalkboard,wifi sign,farmhouse style,wifi password sign,rustic sign,wood sign",office,housewarming,rental,white and black,realtor gift,chalkboard sign,wifi chalkboard,wifi sign,farmhouse style,wifi password sign,rustic sign,wood sign,--
Chalkboard Menu & Wifi Password Sign: Wood Framed Guest Decor,https://www.etsy.com/listing/937818435/chalkboard-menu-wifi-password-sign-wood,NigelandCoShop,https://www.etsy.com/shop/NigelandCoShop,157.00,0,0,0,3,1,64 Mo.,16,0,527,Home & Living,99,0,0.57,3296,"wifi chalkboard,chalkboard sign,realtor gift,housewarming gift,wifi sign,wifi password sign,kitchen menu,menu chalkboard,chalkboard menu,menu for kitchen",wifi chalkboard,chalkboard sign,realtor gift,housewarming gift,wifi sign,wifi password sign,kitchen menu,menu chalkboard,chalkboard menu,menu for kitchen,--,--,--
Personalised Wi-Fi QR Code Slate Coaster | Custom Engraved Housewarming Gift,https://www.etsy.com/listing/4397673865/personalised-wi-fi-qr-code-slate-coaster,SlateCoasterCompany,https://www.etsy.com/shop/SlateCoasterCompany,9.98,0,0,0,3,1,6 Mo.,3,0,100,Home & Living,33,0,3.0,3060,"qr code coaster,wi-fi password sign,personalized wi-fi,housewarming gift,engraved coaster,airbnb host gift,custom qr code,home decor gift,functional coaster,guest room accessory,laser engraved sign,new home gift,personalised sign",qr code coaster,wi-fi password sign,personalized wi-fi,housewarming gift,engraved coaster,airbnb host gift,custom qr code,home decor gift,functional coaster,guest room accessory,laser engraved sign,new home gift,personalised sign
"WiFi Password Sign, Be Our Guest Sign, Airbnb Decor, Wedding WiFi Sign, Personalised WiFi Print, Holographic Wall Art Foil",https://www.etsy.com/listing/4490521336/wifi-password-sign-be-our-guest-sign,ThePrintsistersShop,https://www.etsy.com/shop/ThePrintsistersShop,16.64,0,0,0,0,0,1 Mo.,0,0,0,Home & Living,36,0,0.0,90,"wifi sign,wifi password sign,air bnb decor,guest wifi sign,wedding wifi sign,personalised print,home wifi decor,modern wall sign,holographic foil,air bnb essential,guest welcome sign,custom wifi sign,housewarming gift",wifi sign,wifi password sign,air bnb decor,guest wifi sign,wedding wifi sign,personalised print,home wifi decor,modern wall sign,holographic foil,air bnb essential,guest welcome sign,custom wifi sign,housewarming gift
"Guest Room Wifi Sign, Wifi Password Sign, Guest Room Sign, Guest Room Art Print, Airbnb Sign, Internet Password, Wifi Connects Automatically",https://www.etsy.com/listing/207793717/guest-room-wifi-sign-wifi-password-sign,TheAnastasiaCo,https://www.etsy.com/shop/TheAnastasiaCo,12.00,0,0,0,23,5,139 Mo.,126,0,874,Home & Living,152,0,2.63,15537,"guest room wifi sign,wifi password sign,guest room sign,guest room art print,airbnb sign,internet password,home is where the,wifi automatically,guest room print,housewarming gift,new house gift,black and white art",guest room wifi sign,wifi password sign,guest room sign,guest room art print,airbnb sign,internet password,home is where the,wifi automatically,guest room print,housewarming gift,new house gift,black and white art,--
"Oak Veneer WiFi Password Sign, Guest Room Decor",https://www.etsy.com/listing/938121019/be-our-guest-wifi-sign-wifi-password,SkyBCreations,https://www.etsy.com/shop/SkyBCreations,16.11,0,0,0,6,1,64 Mo.,7,0,155,Home & Living,109,0,3.87,2140,"wifi password sign,wifi password plaque,wifi blackboard,wifi chalkboard,wifi sign,wifi plaque,be our guest sign,rustic wifi sign,be our guest wifi,housewarming gift,wifi gift,internet gift",wifi password sign,wifi password plaque,wifi blackboard,wifi chalkboard,wifi sign,wifi plaque,be our guest sign,rustic wifi sign,be our guest wifi,housewarming gift,wifi gift,internet gift,--
Say Yas to WiFi | WiFi Sign | Printable Download,https://www.etsy.com/listing/703529690/say-yas-to-wifi-wifi-sign-printable,WeeHoursDesigns,https://www.etsy.com/shop/WeeHoursDesigns,2.99,0,0,0,0,0,83 Mo.,4,0,101,Home & Living,174,0,0.0,222,"housewarming gift,printable download,wifi sign password,8x10 5x7 4x6,guest room wall art,say yas say yes,home decor present,cute funny clever,digital prints humor,broad city ilana,abbi words sayings,internet sign on,airbnb",housewarming gift,printable download,wifi sign password,8x10 5x7 4x6,guest room wall art,say yas say yes,home decor present,cute funny clever,digital prints humor,broad city ilana,abbi words sayings,internet sign on,airbnb
Personalised WiFi QR Code Sign | Acrylic WiFi Plaque | Scan to Connect Sign | Custom Network Password Sign | Home Decor | Airbnb Host Gift,https://www.etsy.com/listing/4476037420/personalised-wifi-qr-code-sign-acrylic,Sdcollectivecom,https://www.etsy.com/shop/Sdcollectivecom,13.39,0,0,0,0,0,2 Mo.,0,0,2,Home & Living,4,0,0.0,246,"wifi sign,wifi qr code,personalised sign,airbnb decor,wifi password sign,custom wifi plaque,home wifi sign,qr code sign,modern home decor,guest wifi sign,housewarming gift,office decor sign,acrylic sign",wifi sign,wifi qr code,personalised sign,airbnb decor,wifi password sign,custom wifi plaque,home wifi sign,qr code sign,modern home decor,guest wifi sign,housewarming gift,office decor sign,acrylic sign
Custom Acrylic Arch Network Password Plaque | Airbnb Host Housewarming Gift,https://www.etsy.com/listing/4512468616/custom-acrylic-arch-network-password,WillowandBarn,https://www.etsy.com/shop/WillowandBarn,19.50,0,0,0,0,0,1 Mo.,0,0,3,Home & Living,159,0,0.0,14979,"wifi sign,wifi password sign,acrylic sign,airbnb sign,custom wifi sign,personalized sign,arch sign,home decor sign,cafe wifi sign,housewarming gift,host gift,guest room sign,coffee shop decor",wifi sign,wifi password sign,acrylic sign,airbnb sign,custom wifi sign,personalized sign,arch sign,home decor sign,cafe wifi sign,housewarming gift,host gift,guest room sign,coffee shop decor
"Custom House Portrait, Picture to Painting, Watercolor Digital Art, Personalized Wifi Sign, Front Door Drawing, New Home, Our First Home",https://www.etsy.com/listing/771542915/custom-house-portrait-picture-to,ThuysArt,https://www.etsy.com/shop/ThuysArt,26.00,0,0,0,0,0,76 Mo.,48,0,1734,Home & Living,76,0,0.0,1733,"watercolor house,new home gift,housewarming,home portrait,best friend gift,custom home painting,printable wall art,door illustration,wifi sign,custom home portrait,wifi password sign,printable wifi sign,personalized wifi",watercolor house,new home gift,housewarming,home portrait,best friend gift,custom home painting,printable wall art,door illustration,wifi sign,custom home portrait,wifi password sign,printable wifi sign,personalized wifi
Coastal WiFi Password Shell Dish – Personalized Guest Room Catchall,https://www.etsy.com/listing/4466510640/coastal-wifi-password-shell-dish,ISeaYouByJudy,https://www.etsy.com/shop/ISeaYouByJudy,19.50,0,0,0,0,0,2 Mo.,0,0,9,Jewelry,8,0,0.0,35,"wifi password sign,guest room decor,coastal home decor,beach house gift,airbnb host gift,personalized shell,wifi password dish,coastal jewelry dish,custom catchall,housewarming gift,oyster shell decor,coastal hostess gift,vacation home",wifi password sign,guest room decor,coastal home decor,beach house gift,airbnb host gift,personalized shell,wifi password dish,coastal jewelry dish,custom catchall,housewarming gift,oyster shell decor,coastal hostess gift,vacation home
"Marble Wifi Sign, Custom Wifi Password Sign, Network Plaque, Airbnb Wifi Sign, Personalized Wifi Plaque for Guests, House Signs, No Fees",https://www.etsy.com/listing/1733835134/marble-wifi-sign-custom-wifi-password,EtchedTimber,https://www.etsy.com/shop/EtchedTimber,28.55,0,0,0,0,0,23 Mo.,0,0,58,Home & Living,49,0,0.0,4394,"wifi sign,wifi plaque,wifi password,guest wifi sign,home wifi sign,wifi welcome,housewarming gift,new home,personalized wifi,custom wifi,network sign,etched timber,rental wifi",wifi sign,wifi plaque,wifi password,guest wifi sign,home wifi sign,wifi welcome,housewarming gift,new home,personalized wifi,custom wifi,network sign,etched timber,rental wifi
"Personalised WiFi Print, Home Decor, New Home Gift, Guest WiFi, Guest Bedroom, Home Accessories, Internet Connection, WiFi Password",https://www.etsy.com/listing/1124259865/personalised-wifi-print-home-decor-new,UKPrintStudio,https://www.etsy.com/shop/UKPrintStudio,33.52,0,0,0,14,3,54 Mo.,49,0,1178,Home & Living,56,0,1.19,5032,"guest room ideas,wifi sign,wifi poster,wifi print,wifi password,housewarming gift,new home gift,personalised home,house warming gifts,new home gifts,guest wifi,airbnb sign,rental accessories",guest room ideas,wifi sign,wifi poster,wifi print,wifi password,housewarming gift,new home gift,personalised home,house warming gifts,new home gifts,guest wifi,airbnb sign,rental accessories
Editable WiFi Password Sign: Modern Guest Network Template (PDF),https://www.etsy.com/listing/1863151423/editable-wifi-password-sign-modern-guest,GracefulToDos,https://www.etsy.com/shop/GracefulToDos,2.24,0,0,0,0,0,17 Mo.,7,0,136,Paper & Party Supplies,17,0,0.0,827,"wifi password sign,decor wifi  sign,office wifi password,airbnb wifi sign,shop wifi password,home wifi password,business printables,airbnb templates,airbnb owners,short term rentals,realtor client gift,housewarming gift,wifi custom template",wifi password sign,decor wifi  sign,office wifi password,airbnb wifi sign,shop wifi password,home wifi password,business printables,airbnb templates,airbnb owners,short term rentals,realtor client gift,housewarming gift,wifi custom template
Personalized Slate Coaster with Hidden Wi-Fi QR Code | Family Name Decor for Tech-Savvy Homes,https://www.etsy.com/listing/1795454723/personalized-slate-coaster-with-hidden,PatriotReliance,https://www.etsy.com/shop/PatriotReliance,11.49,0,0,0,0,0,20 Mo.,1,0,68,Home & Living,34,0,0.0,405,"tech savvy gift,wifi sign,qr code,qr code sign,engraved coasters,programmer gift,wifi password sign,guest room sign,password tracker,party decor,housewarming invite,house party,custom wifi sign",tech savvy gift,wifi sign,qr code,qr code sign,engraved coasters,programmer gift,wifi password sign,guest room sign,password tracker,party decor,housewarming invite,house party,custom wifi sign
May the WiFi Be With You Star Wars Printable Download,https://www.etsy.com/listing/670257241/may-the-wifi-be-with-you-star-wars,WeeHoursDesigns,https://www.etsy.com/shop/WeeHoursDesigns,2.99,0,0,0,16,7,89 Mo.,90,0,1140,Home & Living,174,0,1.4,222,"wifi password,8x10,5x7,wifi sign,black and white,housewarming gift,digital prints,printable download,wall art,guest room,may the force be,star wars fan,airbnb",wifi password,8x10,5x7,wifi sign,black and white,housewarming gift,digital prints,printable download,wall art,guest room,may the force be,star wars fan,airbnb
Beachy Wifi QR Code 5x7 Acrylic Sign For Airbnb Guests,https://www.etsy.com/listing/1899288651/beachy-wifi-qr-code-sign-acrylic-airbnb,LigninAndLight,https://www.etsy.com/shop/LigninAndLight,25.00,0,0,0,14,4,13 Mo.,11,0,398,Home & Living,84,0,3.52,4893,"wifi password,wifi qr code,internet sign,airbnb wifi,rental home sign,vacation wifi sign,wifi scan sign,acrylic sign,housewarming gift,beach house sign,beach rental wifi,beach wifi share,guest password",wifi password,wifi qr code,internet sign,airbnb wifi,rental home sign,vacation wifi sign,wifi scan sign,acrylic sign,housewarming gift,beach house sign,beach rental wifi,beach wifi share,guest password
WiFi password candle |  WiFi password sign | Candle for guest room | bathroom candle | Housewarming candle | Unique wifi display,https://www.etsy.com/listing/1164740682/wifi-password-candle-wifi-password-sign,LivCandleShop,https://www.etsy.com/shop/LivCandleShop,20.00,0,0,0,0,0,51 Mo.,4,0,101,Home & Living,61,0,0.0,1549,"wifi candle,wifi password,wifi sign,white candle,handmade soy candle,wifi decor,internet password,wifi display,handmade candle,soy candle,guest room candle,housewarming gift,housewarming candle",wifi candle,wifi password,wifi sign,white candle,handmade soy candle,wifi decor,internet password,wifi display,handmade candle,soy candle,guest room candle,housewarming gift,housewarming candle
"Custom WiFi Password Sign, Airbnb Welcome Sign, Small Business Acrylic Sign, Wifi Guest sign, New home network password, School signs",https://www.etsy.com/listing/1800235663/custom-wifi-password-sign-airbnb-welcome,MiracleShopDeals,https://www.etsy.com/shop/MiracleShopDeals,19.99,0,0,0,16,4,20 Mo.,10,0,387,Home & Living,20,0,4.13,809,"wifi password sign,airbnb welcome sign,business sign,wifi sign,acrylic sign,airbnb signs,custom business sign,family signs,small business,new home gift,welcome sign,house warming,our first home",wifi password sign,airbnb welcome sign,business sign,wifi sign,acrylic sign,airbnb signs,custom business sign,family signs,small business,new home gift,welcome sign,house warming,our first home
"Personalized Wood WiFi Password Sign Magnet, Airbnb Decor, Guest Access Tool",https://www.etsy.com/listing/4476656110/personalized-wood-wifi-password-sign,CarveAndKeep,https://www.etsy.com/shop/CarveAndKeep,2.63,0,0,0,0,0,2 Mo.,0,0,3,Home & Living,9,0,0.0,0,"wifi sign,wifi password,wifi magnet,custom wifi,airbnb decor,home decor,wifi decor,guest wifi,housewarming gift,wood magnet,personalized gift,modern decor,office decor",wifi sign,wifi password,wifi magnet,custom wifi,airbnb decor,home decor,wifi decor,guest wifi,housewarming gift,wood magnet,personalized gift,modern decor,office decor
"Personalized WiFi Password Magnet, Custom Wooden Fridge Magnet, Airbnb Host Gift",https://www.etsy.com/listing/4481472935/personalized-wifi-password-magnet-custom,CarveAndKeep,https://www.etsy.com/shop/CarveAndKeep,2.19,0,0,0,0,0,1 Mo.,0,0,2,Home & Living,9,0,0.0,0,"wifi password sign,wifi magnet,airbnb wifi sign,airbnb host gift,guest wifi sign,custom wifi sign,wifi password decor,wooden fridge magnet,rustic home decor,personalized magnet,housewarming gift,rental decor,airbnb essentials",wifi password sign,wifi magnet,airbnb wifi sign,airbnb host gift,guest wifi sign,custom wifi sign,wifi password decor,wooden fridge magnet,rustic home decor,personalized magnet,housewarming gift,rental decor,airbnb essentials
Custom Wifi Password sign cross stitch pattern Personalization home decor Welcome sigh embroidery Wi-Fi password xstitch,https://www.etsy.com/listing/1027280464/custom-wifi-password-sign-cross-stitch,XCrossStitchPatternX,https://www.etsy.com/shop/XCrossStitchPatternX,6.54,0,0,0,37,5,59 Mo.,202,0,910,Craft Supplies & Tools,67,0,4.07,71312,"modern cross stitch,quotes embroidery,custom cross stitch,wifi password sign,personalization,welcome sigh,home decor diy,wi-fi password,wireless password,cross stitch welcome,office decor,kitchen embroidery,housewarming gift",modern cross stitch,quotes embroidery,custom cross stitch,wifi password sign,personalization,welcome sigh,home decor diy,wi-fi password,wireless password,cross stitch welcome,office decor,kitchen embroidery,housewarming gift
"WiFi Password Round Magnet or Bottle Opener – 2.25&quot; Customizable Design – Display Network Info for Guests, Fridge, Office, Bar Decor, Custom",https://www.etsy.com/listing/1742316884/wifi-password-round-magnet-or-bottle,frostovision,https://www.etsy.com/shop/frostovision,3.75,0,0,0,0,0,23 Mo.,1,0,13,Accessories,210,0,0.0,14234,"wifi password sign,custom wifi magnet,bar bottle opener,funny wifi sign,guest wifi decor,kitchen magnet,wifi fridge magnet,wifi decor sign,custom bar opener,fridge bottle opener,housewarming gift,wifi info display,personalized magnet",wifi password sign,custom wifi magnet,bar bottle opener,funny wifi sign,guest wifi decor,kitchen magnet,wifi fridge magnet,wifi decor sign,custom bar opener,fridge bottle opener,housewarming gift,wifi info display,personalized magnet
Custom Wood WiFi Sign | Vertical Personalized WiFi Password Board | Airbnb Guest Decor | Tabletop Wooden Sign | Retro Stitch Border Decor,https://www.etsy.com/listing/4516440686/custom-wood-wifi-sign-vertical,BeyondTheSign,https://www.etsy.com/shop/BeyondTheSign,33.00,0,0,0,0,0,1 Mo.,1,0,18,Home & Living,19,0,0.0,124,"wifi password sign,airbnb guest decor,custom wood sign,vertical wifi sign,bar counter decor,housewarming gift,office signage,portrait desk sign,retro wifi board,cafe counter sign,qr code alternative,new home gift,sticky wifi board",wifi password sign,airbnb guest decor,custom wood sign,vertical wifi sign,bar counter decor,housewarming gift,office signage,portrait desk sign,retro wifi board,cafe counter sign,qr code alternative,new home gift,sticky wifi board
Elegant Stripe Floral WiFi Password Sign | Editable Guest Room Decor (Instant Download),https://www.etsy.com/listing/4519876024/elegant-stripe-floral-wifi-password-sign,Marloweandcoprints,https://www.etsy.com/shop/Marloweandcoprints,3.99,0,0,0,0,0,1 Mo.,0,0,11,,0,0,0.0,1,"cottage core,wifi password sign,printable wifi sign,guest bedroom sign,elegant wifi sign,wifi sign template,framed wifi sign,airbnb host gift,guest room decor,airbnb wifi sign,retro wifi sign,vintage wifi sign,housewarming gift",cottage core,wifi password sign,printable wifi sign,guest bedroom sign,elegant wifi sign,wifi sign template,framed wifi sign,airbnb host gift,guest room decor,airbnb wifi sign,retro wifi sign,vintage wifi sign,housewarming gift
3D Wifi Acrylic Sign with Stand | Username and Password Sign | Home Decor Sign | Free Wifi Sign | Custom Wifi Sign | Wifi Sign for Guests,https://www.etsy.com/listing/1387109903/3d-wifi-acrylic-sign-with-stand-username,LuxeLinesDesigns,https://www.etsy.com/shop/LuxeLinesDesigns,34.96,0,0,0,6,1,41 Mo.,31,0,447,Home & Living,57,0,1.34,10095,"custom wifi sign,free wifi sign,wifi password sign,wifi username sign,acrylic wifi sign,3d wifi sign,wifi sign with stand,guest wifi sign,home decor sign,modern wifi sign,personalized sign,entryway decor,housewarming gift",custom wifi sign,free wifi sign,wifi password sign,wifi username sign,acrylic wifi sign,3d wifi sign,wifi sign with stand,guest wifi sign,home decor sign,modern wifi sign,personalized sign,entryway decor,housewarming gift
"Custom Wifi QR Code 5x7 Sign for Vrbo, Airbnb, Hotel and Small Business",https://www.etsy.com/listing/4468200410/custom-wifi-qr-code-5x7-sign-for-vrbo,LigninAndLight,https://www.etsy.com/shop/LigninAndLight,25.00,0,0,0,0,0,2 Mo.,1,0,8,Home & Living,84,0,0.0,4893,"business sign,salon sign,restaurant sign,bar wifi sign,wifi password,wifi qr code,internet sign,airbnb wifi,rental home sign,vacation wifi sign,wifi scan sign,acrylic sign,housewarming gift",business sign,salon sign,restaurant sign,bar wifi sign,wifi password,wifi qr code,internet sign,airbnb wifi,rental home sign,vacation wifi sign,wifi scan sign,acrylic sign,housewarming gift
"Editable WiFi Password Sign Printable “New House, Who Dis?” Home WiFi Decor – Canva Template, Instant Download, Housewarming Gift",https://www.etsy.com/listing/4345395586/editable-wifi-password-sign-printable,NewChapterVibes,https://www.etsy.com/shop/NewChapterVibes,1.99,0,0,0,0,0,8 Mo.,0,0,7,Home & Living,9,0,0.0,20,"wifi password sign,editable wifi sign,housewarming gift,guest room decor,printable wifi card,canva wifi template,new house who dis,home wifi sign,funny wifi sign,pink wall art,dorm room printable,airbnb decor,instant download",wifi password sign,editable wifi sign,housewarming gift,guest room decor,printable wifi card,canva wifi template,new house who dis,home wifi sign,funny wifi sign,pink wall art,dorm room printable,airbnb decor,instant download
"Wifi Password Sign, Printable Wifi Sign, Instant Download, Personalized Wifi Sign, Template, Canva, Housewarming Gift, Welcome Gift, Home",https://www.etsy.com/listing/1418430760/wifi-password-sign-printable-wifi-sign,PriorityPrintz,https://www.etsy.com/shop/PriorityPrintz,3.75,0,0,0,0,0,32 Mo.,2,0,25,Art & Collectibles,34,0,0.0,0,"wifi password sign,printable wifi sign,instant download,template,canva,housewarming gift,welcome gift,personalizedwifisign,airbnb wifi sign,digital download,gift for newlyweds,office gift,minimalist wifi sign",wifi password sign,printable wifi sign,instant download,template,canva,housewarming gift,welcome gift,personalizedwifisign,airbnb wifi sign,digital download,gift for newlyweds,office gift,minimalist wifi sign
WiFi Sign SVG Housewarming Gift WiFi Password Sign Vacation Rental Wall Art National Park Decor Welcome Sign Wifi Passcode Printable Gift,https://www.etsy.com/listing/1388210111/wifi-sign-svg-housewarming-gift-wifi,MountaintopArtistry,https://www.etsy.com/shop/MountaintopArtistry,3.49,0,0,0,8,1,40 Mo.,20,0,89,Craft Supplies & Tools,55,0,8.99,22452,"wifi sign,wifi svg,national park decor,national park sign,national park theme,national forest sign,national forest svg,airbnb sign,vrbo sign,vacation rental sign,camper sign,log cabin decor,wifi sign svg",wifi sign,wifi svg,national park decor,national park sign,national park theme,national forest sign,national forest svg,airbnb sign,vrbo sign,vacation rental sign,camper sign,log cabin decor,wifi sign svg
The WiFi Password Sign  I Laser Cut Wood Sign I Laser Engraved Wood Sign I Baltic Birch Wood I Home Decor,https://www.etsy.com/listing/1676335511/the-wifi-password-sign-i-laser-cut-wood,OurFamilyDesignsAZ,https://www.etsy.com/shop/OurFamilyDesignsAZ,22.00,0,0,0,0,0,27 Mo.,2,0,7,Accessories,27,0,0.0,74,"password sign,wifi password,wood sign,laser engraved,gift for her,gift for him,house warming gift",password sign,wifi password,wood sign,laser engraved,gift for her,gift for him,house warming gift,--,--,--,--,--,--
Chalkboard Wifi Password Sign: Wooden Welcome Decor,https://www.etsy.com/listing/662000805/chalkboard-wifi-password-sign-wooden,NigelandCoShop,https://www.etsy.com/shop/NigelandCoShop,36.00,0,0,0,137,40,90 Mo.,343,0,6760,Home & Living,99,0,2.03,3296,"rental home,rental wifi,wifi password sign,wifi sign,welcome sign,housewarming gift,realtor gift,guest decor,wood guest decor,chalkboard sign,wifi chalkboard",rental home,rental wifi,wifi password sign,wifi sign,welcome sign,housewarming gift,realtor gift,guest decor,wood guest decor,chalkboard sign,wifi chalkboard,--,--
Wifi Password Details Sign With 3D Barcode House Warming Gift Home Internet Sign,https://www.etsy.com/listing/1877368434/wifi-password-details-sign-with-3d,LoveThisItem,https://www.etsy.com/shop/LoveThisItem,10.64,0,0,0,5,1,14 Mo.,3,0,337,Home & Living,147,0,1.48,19845,"internet sign,wi-fi sign,wi-fi details,wi-fi,wifi,be our guest sign,but first wifi,wifi sign template,wifi password",internet sign,wi-fi sign,wi-fi details,wi-fi,wifi,be our guest sign,but first wifi,wifi sign template,wifi password,--,--,--,--
"Real Bamboo Wifi Sign Wood, Custom Wifi Password Sign, Personalized Wifi Plaque, Engraved Guest Wifi Welcome Sign, Airbnb, House Signs",https://www.etsy.com/listing/1748027917/real-bamboo-wifi-sign-wood-custom-wifi,EtchedTimber,https://www.etsy.com/shop/EtchedTimber,28.55,0,0,0,0,0,23 Mo.,0,0,66,Home & Living,49,0,0.0,4394,"wifi sign,wifi plaque,wifi password,guest wifi sign,home wifi sign,wifi welcome,housewarming gift,new home,personalized wifi,custom wifi,network sign,etched timber,rental wifi",wifi sign,wifi plaque,wifi password,guest wifi sign,home wifi sign,wifi welcome,housewarming gift,new home,personalized wifi,custom wifi,network sign,etched timber,rental wifi
"Be Our Guest sign, Internet WiFi Password, wifi wall art, house warming gift, AirBNB Home Decor, Printable Wall Art, instant download",https://www.etsy.com/listing/685898291/be-our-guest-sign-internet-wifi-password,XnawonderlandDesign,https://www.etsy.com/shop/XnawonderlandDesign,5.00,0,0,0,0,0,87 Mo.,0,0,45,Art & Collectibles,87,0,0.0,5388,"be our guest sign,wifi wall art,airbnb home decor,printable wall art,instant download,digital wall art,internet password,home decoration,housewarming gift,personalized wifi,wifi password art,house warming party,wifi decor art",be our guest sign,wifi wall art,airbnb home decor,printable wall art,instant download,digital wall art,internet password,home decoration,housewarming gift,personalized wifi,wifi password art,house warming party,wifi decor art
"WiFi Password Sign Wood, Personalized WiFi Sign for Home, Custom Network Sign, Rustic Wooden Airbnb Host Gift Decor",https://www.etsy.com/listing/4519060311/wifi-password-sign-wood-personalized,BeyondTheSign,https://www.etsy.com/shop/BeyondTheSign,27.99,0,0,0,0,0,1 Mo.,0,0,2,Home & Living,19,0,0.0,127,"wifi sign,custom wifi sign,wifi password board,round wood sign,airbnb decor,laser engraved sign,wifi password sign,housewarming gift,airbnb host gift,cafe wifi sign,scalloped wood sign,wooden network sign,new home gift",wifi sign,custom wifi sign,wifi password board,round wood sign,airbnb decor,laser engraved sign,wifi password sign,housewarming gift,airbnb host gift,cafe wifi sign,scalloped wood sign,wooden network sign,new home gift
Housewarming Gift First Home BOX ONLY - Home Sweet Home - New Home Gift - Closing Gift - New House  - Moving Gift - New Neighbor Gift,https://www.etsy.com/listing/646929779/housewarming-gift-first-home-box-only,WhiteConfettiBox,https://www.etsy.com/shop/WhiteConfettiBox,14.00,0,0,0,51,9,92 Mo.,152,0,4175,Paper & Party Supplies,115,25,1.22,249502,"new home,new house,housewarming,new home gift,housewarming gift,new house gift,first home gift,congrats new home,new neighbor,new neighbor gift,house warming,home sweet home,wifi password sign",new home,new house,housewarming,new home gift,housewarming gift,new house gift,first home gift,congrats new home,new neighbor,new neighbor gift,house warming,home sweet home,wifi password sign
"Personalised WiFi Password Sign | Custom WiFi Sign | Guest WiFi Print | Home Decor  | UK Seller | Housewarming Gift , RHEA Home Range",https://www.etsy.com/listing/1210560013/personalised-wifi-password-sign-custom,CreativeBaileyDesign,https://www.etsy.com/shop/CreativeBaileyDesign,2.68,0,0,0,0,0,44 Mo.,3,0,305,Art & Collectibles,57,0,0.0,12755,"wifi sign,guest wifi,custom wifi,wifi password,home decor,house gift,wifi print,uk wifi sign,wifi sign print,guest room sign,printed wifi",wifi sign,guest wifi,custom wifi,wifi password,home decor,house gift,wifi print,uk wifi sign,wifi sign print,guest room sign,printed wifi,--,--
Wifi Password Hanging Home Decor Plaque House Warming Gift Home Internet Sign,https://www.etsy.com/listing/1494511359/wifi-password-hanging-home-decor-plaque,RedOceanGifts,https://www.etsy.com/shop/RedOceanGifts,6.69,0,0,0,0,0,33 Mo.,2,0,19,Home & Living,101,0,0.0,43706,"home gifts,chalkboard signs,home decor signs,house warming gifts,wifi password sign,printed message,gift,unique design,handmade in england,red ocean gifts,hanging plaque,password sign,wifi code sign",home gifts,chalkboard signs,home decor signs,house warming gifts,wifi password sign,printed message,gift,unique design,handmade in england,red ocean gifts,hanging plaque,password sign,wifi code sign
Customizable Guest Internet WiFi Password Sign - Write in your password! - Home Decor Printable Wall Art AirBNB - Great housewarming gift!,https://www.etsy.com/listing/268102305/customizable-guest-internet-wifi,RosebudPrintCo,https://www.etsy.com/shop/RosebudPrintCo,5.00,0,0,0,18,2,123 Mo.,61,0,1471,Art & Collectibles,123,0,1.22,2503,"printable,wifi,guestroom,guest,internet,frameable,instant,download,customize,home,decor,diy,vsco",printable,wifi,guestroom,guest,internet,frameable,instant,download,customize,home,decor,diy,vsco
"Custom Wifi Password Sign on Acrylic with Wood stand | More sizes, designs, and colors available | AirBnb VRBO Wifi Sign",https://www.etsy.com/listing/1127018125/custom-wifi-password-sign-on-acrylic,circleandsquaredecor,https://www.etsy.com/shop/circleandsquaredecor,35.58,0,0,0,6,1,54 Mo.,92,0,1150,Paper & Party Supplies,121,0,0.52,123179,"housewarming gift,guest wifi,password sign,personalized wifi,custom wifi,mini sign for airbnb,mini wifi sign,wifi password,wifi sign,airbnb rental,airbnb,vrbo,wifi code",housewarming gift,guest wifi,password sign,personalized wifi,custom wifi,mini sign for airbnb,mini wifi sign,wifi password,wifi sign,airbnb rental,airbnb,vrbo,wifi code
"Welcome: But First Wifi — Custom Home or Business Wifi QR Code, Entryway Signs, Scan Me, Help Guests Connect Faster and Easier, Canvas Print",https://www.etsy.com/listing/1216835428/welcome-but-first-wifi-custom-home-or,inspireddecorco,https://www.etsy.com/shop/inspireddecorco,22.10,0,0,0,11,3,49 Mo.,25,0,673,Home & Living,73,0,1.63,111127,"framed canvas,qr code,home decor,unframed canvas,scan for wifi,home wifi sign,wifi password print,be our guest,wifi qr code sign,housewarming gift,business qr codes,guest house,vbro decor",framed canvas,qr code,home decor,unframed canvas,scan for wifi,home wifi sign,wifi password print,be our guest,wifi qr code sign,housewarming gift,business qr codes,guest house,vbro decor
Red Ocean PERSONALISED Wifi Password Hanging Home Plaque House Warming Gift Decor,https://www.etsy.com/listing/1494510767/red-ocean-personalised-wifi-password,RedOceanGifts,https://www.etsy.com/shop/RedOceanGifts,8.82,0,0,0,0,0,23 Mo.,0,0,0,Home & Living,91,0,0.0,28044,"home gifts,home decor signs,house warming gifts,wifi password sign,printed message,gift,unique design,handmade in england,red ocean gifts,hanging plaque,wifi plaque,wifi code sign,family wifi",home gifts,home decor signs,house warming gifts,wifi password sign,printed message,gift,unique design,handmade in england,red ocean gifts,hanging plaque,wifi plaque,wifi code sign,family wifi
Wifi Network and Passcode Counted Cross Stitch Pattern Instant Download,https://www.etsy.com/listing/598132009/wifi-network-and-passcode-counted-cross,mycathatesyou,https://www.etsy.com/shop/mycathatesyou,4.50,0,0,0,22,3,98 Mo.,100,0,671,Craft Supplies & Tools,214,0,3.28,1634,"cross stitch,embroidery,pattern,counted,gift,home,housewarming,moving,wifi,network,internet,sign,password",cross stitch,embroidery,pattern,counted,gift,home,housewarming,moving,wifi,network,internet,sign,password
All You Need is Love and WiFi Printable WiFi Sign,https://www.etsy.com/listing/655513720/all-you-need-is-love-and-wifi-printable,WeeHoursDesigns,https://www.etsy.com/shop/WeeHoursDesigns,2.99,0,0,0,2,1,89 Mo.,28,0,387,Home & Living,174,0,0.52,222,"8x10,wifi sign,wifi password,beatles,all you need is love,black and white,housewarming gift,home decor,quotes,digital prints,printable download,wall art",8x10,wifi sign,wifi password,beatles,all you need is love,black and white,housewarming gift,home decor,quotes,digital prints,printable download,wall art,--
Rustic Guest Wifi Arch Dry Erase Sign - Wooden Wifi Password Board for Home or Office,https://www.etsy.com/listing/4400854417/rustic-guest-wifi-arch-dry-erase-sign,LanluDesignStudio,https://www.etsy.com/shop/LanluDesignStudio,27.00,0,0,0,0,0,6 Mo.,2,0,10,Home & Living,21,0,0.0,242,"guest wifi sign,dry erase sign,rustic home decor,wooden wifi board,wifi password sign,wifi decor ideas,modern office sign,home office sign,wifi network sign,housewarming gift,guestroom decor,wifi display board,rustic wall art",guest wifi sign,dry erase sign,rustic home decor,wooden wifi board,wifi password sign,wifi decor ideas,modern office sign,home office sign,wifi network sign,housewarming gift,guestroom decor,wifi display board,rustic wall art
Cast Iron Wall Sign - Wifi | Cottage Decor | Rustic Door Plaque,https://www.etsy.com/listing/4496952016/cast-iron-wall-sign-wifi-cottage-decor,KnobNerd,https://www.etsy.com/shop/KnobNerd,20.18,0,0,0,0,0,1 Mo.,1,0,0,Home & Living,48,0,0.0,2222,"wifi wall sign,cast iron sign,wifi password sign,guest wifi decor,home wall sign,entryway decor sign,rustic wall sign,farmhouse wall decor,vintage style sign,metal wall sign,home decor sign,funny wall sign,housewarming gift",wifi wall sign,cast iron sign,wifi password sign,guest wifi decor,home wall sign,entryway decor sign,rustic wall sign,farmhouse wall decor,vintage style sign,metal wall sign,home decor sign,funny wall sign,housewarming gift
Custom Wifi Password Sign on Acrylic and/or Dry-erase Wifi Network Sign for Guests | More Sizes & Designs Available,https://www.etsy.com/listing/1107757840/custom-wifi-password-sign-on-acrylic,circleandsquaredecor,https://www.etsy.com/shop/circleandsquaredecor,35.00,0,0,0,73,12,54 Mo.,208,0,3207,Home & Living,121,25,2.28,123179,"wifi sign,custom wifi sign,personalized wifi,password sign,housewarming gift,guest wifi sign,airbnb signs,acrylic wifi,wifi password,internet login sign,vrbo check in,business wifi,first home gift",wifi sign,custom wifi sign,personalized wifi,password sign,housewarming gift,guest wifi sign,airbnb signs,acrylic wifi,wifi password,internet login sign,vrbo check in,business wifi,first home gift
"Be Our Guest: Enjoy the WiFi — Custom Home Scan Wifi QR Code, Help Guests Connect Faster and Easier, VBRO QR code, Framed Canvas Print",https://www.etsy.com/listing/1230700989/be-our-guest-enjoy-the-wifi-custom-home,inspireddecorco,https://www.etsy.com/shop/inspireddecorco,22.10,0,0,0,14,4,49 Mo.,42,0,1420,Home & Living,73,0,0.99,111127,"farmhouse,qr code,home decor,unframed canvas,scan for wifi,home wifi sign,wifi password print,be our guest,wifi qr code sign,wifi network,housewarming gift,vacation rental,guest house",farmhouse,qr code,home decor,unframed canvas,scan for wifi,home wifi sign,wifi password print,be our guest,wifi qr code sign,wifi network,housewarming gift,vacation rental,guest house
"Custom Wifi Sign with Stand, Wifi Password Sign, Editable Wifi Sign, Housewarming Gift, New Home Gifts, Guest Wifi Sign",https://www.etsy.com/listing/932045665/custom-wifi-sign-with-stand-wifi,ChumandCompany,https://www.etsy.com/shop/ChumandCompany,25.00,0,0,0,51,11,66 Mo.,174,0,3964,Weddings,89,30,1.29,23183,"business sign,business decor,salon sign,boutique sign,custom sign,acrylic sign,business gift,wifi sign,custom wifi sign,guest wifi sign,wifi password sign,wifi login,housewarming gift",business sign,business decor,salon sign,boutique sign,custom sign,acrylic sign,business gift,wifi sign,custom wifi sign,guest wifi sign,wifi password sign,wifi login,housewarming gift
"Wifi Password Sign, Printable Wifi Code, Guest Room Printable, Wifi Printable, Wifi sign printable, Housewarming gifts, Wi-Fi Print",https://www.etsy.com/listing/1633039703/wifi-password-sign-printable-wifi-code,GiftGameStore,https://www.etsy.com/shop/GiftGameStore,4.50,0,0,0,0,0,13 Mo.,2,0,23,Art & Collectibles,29,0,0.0,3242,"wifi password sign,guest room printable,wifi printable,wifi sign printable,password printable,wifi password,wifi poster,printable wifi code,prints with wifi,wifi code print,guest house wifi,personalized gifts,gifts",wifi password sign,guest room printable,wifi printable,wifi sign printable,password printable,wifi password,wifi poster,printable wifi code,prints with wifi,wifi code print,guest house wifi,personalized gifts,gifts
"Black Glass Wifi Password Sign, Custom Wifi Plaque, Airbnb Guest Wifi, Home Sign, Wifi Welcome Sign, Wifi Login, Multiple Sizes and Material",https://www.etsy.com/listing/1748038961/black-glass-wifi-password-sign-custom,EtchedTimber,https://www.etsy.com/shop/EtchedTimber,28.55,0,0,0,0,0,23 Mo.,0,0,89,Home & Living,49,0,0.0,4394,"wifi sign,wifi plaque,wifi password,guest wifi sign,home wifi sign,wifi welcome,housewarming gift,new home,personalized wifi,custom wifi,network sign,etched timber,rental wifi",wifi sign,wifi plaque,wifi password,guest wifi sign,home wifi sign,wifi welcome,housewarming gift,new home,personalized wifi,custom wifi,network sign,etched timber,rental wifi
Hand Painted Cast Iron &#39;WIFI PASSWORD&#39; Chalkboard Sign | Garden Home Property Plaque,https://www.etsy.com/listing/1695172894/hand-painted-cast-iron-wifi-password,CosyCasaHome,https://www.etsy.com/shop/CosyCasaHome,17.15,0,0,0,0,0,12 Mo.,9,0,59,Home & Living,13,0,0.0,3871,"chalkboard decor,wifi password sign,pub gifts,hotel owner gift,home wall decor,wifi sign,cast iron wall sign,large sign,interesting gift,helpful gift,home chalkboard,gifts for home,house warming gift",chalkboard decor,wifi password sign,pub gifts,hotel owner gift,home wall decor,wifi sign,cast iron wall sign,large sign,interesting gift,helpful gift,home chalkboard,gifts for home,house warming gift
Custom Wifi Password sign cross stitch pattern Personalization home decor Welcome sigh embroidery Wi-Fi password xstitch,https://www.etsy.com/listing/1016224242/custom-wifi-password-sign-cross-stitch,XCrossStitchPatternX,https://www.etsy.com/shop/XCrossStitchPatternX,6.54,0,0,0,51,7,59 Mo.,185,0,1069,Craft Supplies & Tools,67,0,4.77,71312,"modern cross stitch,quotes embroidery,custom cross stitch,wifi password sign,personalization,welcome sigh,home decor diy,wi-fi password,wireless password,cross stitch welcome,office decor,kitchen embroidery,housewarming gift",modern cross stitch,quotes embroidery,custom cross stitch,wifi password sign,personalization,welcome sigh,home decor diy,wi-fi password,wireless password,cross stitch welcome,office decor,kitchen embroidery,housewarming gift
Wifi Password Fridge Magnet for Guesthouse Air Bnb Decor Home Internet Kitchen Decor Guest House Accessories Personalised Wooden Sign Plaque,https://www.etsy.com/listing/1695496715/wifi-password-fridge-magnet-for,CustomCollectionAU,https://www.etsy.com/shop/CustomCollectionAU,10.65,0,0,0,11,2,26 Mo.,29,0,311,Home & Living,55,0,3.54,1309,"wifi details magnet,wifi password,home internet,fridge magnets,air bnb decor,kitchen decor,guest bedroom,guest house decor,internet password,wifi sign,laser engraved gift,personalised decor,housewarming gift",wifi details magnet,wifi password,home internet,fridge magnets,air bnb decor,kitchen decor,guest bedroom,guest house decor,internet password,wifi sign,laser engraved gift,personalised decor,housewarming gift
Custom Wood WiFi Sign | House Shaped Personalized WiFi Password Board | Airbnb Welcome Decor | Tabletop Wooden Sign | New Home Warm Gift,https://www.etsy.com/listing/4516454654/custom-wood-wifi-sign-house-shaped,BeyondTheSign,https://www.etsy.com/shop/BeyondTheSign,28.50,0,0,0,0,0,1 Mo.,0,0,0,Home & Living,19,0,0.0,123,"wifi password sign,airbnb welcome decor,custom wood sign,house shaped sign,bar counter decor,housewarming gift,cottage wifi board,new home gift,heart engraved sign,cafe counter sign,qr code alternative,personalized wood,wifi network board",wifi password sign,airbnb welcome decor,custom wood sign,house shaped sign,bar counter decor,housewarming gift,cottage wifi board,new home gift,heart engraved sign,cafe counter sign,qr code alternative,personalized wood,wifi network board
Housewarming Gift First Home BOX ONLY - Home Sweet Home - New Home Gift - Closing Gift - New House  - Moving Gift - New Neighbor Gift,https://www.etsy.com/listing/646928331/housewarming-gift-first-home-box-only,WhiteConfettiBox,https://www.etsy.com/shop/WhiteConfettiBox,14.00,0,0,0,39,7,92 Mo.,67,0,2118,Paper & Party Supplies,115,0,1.84,249500,"new home,new house,housewarming,new home gift,housewarming gift,new house gift,first home gift,congrats new home,new neighbor,new neighbor gift,house warming,home sweet home,wifi password sign",new home,new house,housewarming,new home gift,housewarming gift,new house gift,first home gift,congrats new home,new neighbor,new neighbor gift,house warming,home sweet home,wifi password sign
