Product Name,Product Link,Shop Name,Shop Link,Price,Est. Sales,Est. Revenue,Growth Rate,Est. Total Sales,Total Reviews,Listing Age,Total Favorites,Avg. Reviews,Total Views,Category,Shop Age,Visibility Score,Conversion Rate,Total Shop Sales,Tags,Tag 1,Tag 2,Tag 3,Tag 4,Tag 5,Tag 6,Tag 7,Tag 8,Tag 9,Tag 10,Tag 11,Tag 12,Tag 13
"Oyster Shell Wine Bottle Stopper, Unique Hostess Gifts, Beach Themed Wedding Gift, Bridesmaid Gifts, Housewarming Gift, Beach Decor, Favors",https://www.etsy.com/listing/1585690346/oyster-shell-wine-bottle-stopper-unique,DaniellaLeighArt,https://www.etsy.com/shop/DaniellaLeighArt,30.00,20,600,0,1035,195,31 Mo.,4153,6,90610,Weddings,86,100,1.14,9574,"blue chinoiserie,unique hostess gifts,bridesmaid gifts,housewarming gift,oyster wine stopper,blue and white,shell bottle stopper,wine bottle stopper,oyster shell art,coastal decor,christmas ornament,unique wedding gift,beach wedding favors",blue chinoiserie,unique hostess gifts,bridesmaid gifts,housewarming gift,oyster wine stopper,blue and white,shell bottle stopper,wine bottle stopper,oyster shell art,coastal decor,christmas ornament,unique wedding gift,beach wedding favors
RARE l Bronze and Blue Stemless Wine Set l Handcrafted,https://www.etsy.com/listing/1795992283/rare-l-bronze-and-blue-stemless-wine-set,StarsOn7th,https://www.etsy.com/shop/StarsOn7th,50.00,10,500,0,400,73,20 Mo.,920,4,26103,Home & Living,38,100,1.53,1546,"fall theme,stemless wine glasse,anniversary gift,birthday gift,housewarming gift,handmade,secret santa,wine lovers,unique glassware,marbled glassware,one of a kind,gift for her,gift for him",fall theme,stemless wine glasse,anniversary gift,birthday gift,housewarming gift,handmade,secret santa,wine lovers,unique glassware,marbled glassware,one of a kind,gift for her,gift for him
"ntegrity Bottles Tribal Sea Turtle Design Stemless Wine Glass, Handmade, Handblown, Hand Etched Gifts, Sand Carved, 18oz (Crackle Teal)",https://www.etsy.com/listing/4452269454/ntegrity-bottles-tribal-sea-turtle,DouglaMitchell2,https://www.etsy.com/shop/DouglaMitchell2,54.00,6,324,100,8,2,3 Mo.,2,1,93,Art & Collectibles,4,0,8.6,80,"engraved glassware,wine glass,xmas,housewarming gift,engraved wine glass,gift idea,christmas,groomsman gift,sea turtle engaved,marine life glass,water animals,ocean creatures,vintage design theme",engraved glassware,wine glass,xmas,housewarming gift,engraved wine glass,gift idea,christmas,groomsman gift,sea turtle engaved,marine life glass,water animals,ocean creatures,vintage design theme
"Beach Wine Charms, Nautical Wine Charms, Shell Wine Charms, Glass Tags, Glass Markers, Hostess Gifts, Housewarming Gifts, Holiday Gift, 8/pk",https://www.etsy.com/listing/995898965/beach-wine-charms-nautical-wine-charms,PixieWineCharms,https://www.etsy.com/shop/PixieWineCharms,17.50,12,210,0,360,65,61 Mo.,274,1,8105,Home & Living,166,42,4.44,10899,"beach wine charms,nautical wine charms,shell wine charms,nautical gifts,hostess gifts,housewarming gifts,hdm tateam,wine charms,wine glass charms,beach theme gifts,nautical theme gifts,glass markers,glass identifier",beach wine charms,nautical wine charms,shell wine charms,nautical gifts,hostess gifts,housewarming gifts,hdm tateam,wine charms,wine glass charms,beach theme gifts,nautical theme gifts,glass markers,glass identifier
SEA TURTLE Engraved 17oz Wine Glass | Ocean Animals Marine Life Water Sea Creatures Boats Ships Beach | Great Wine Drinking Gift Idea!,https://www.etsy.com/listing/1728086194/sea-turtle-engraved-17oz-wine-glass,LUMEN8Goods,https://www.etsy.com/shop/LUMEN8Goods,25.95,6,156,100,34,7,23 Mo.,75,0,1209,Home & Living,40,25,2.81,5608,"engraved glassware,wine glass,xmas,housewarming gift,engraved wine glass,gift idea,christmas,groomsman gift,sea turtle engaved,marine life glass,water animals,ocean creatures,vintage design theme",engraved glassware,wine glass,xmas,housewarming gift,engraved wine glass,gift idea,christmas,groomsman gift,sea turtle engaved,marine life glass,water animals,ocean creatures,vintage design theme
"Wine Veil: Organza Drink Cover with Charms, Set of 5",https://www.etsy.com/listing/1773495249/wine-veil-organza-drink-cover-with,swagbagsplus,https://www.etsy.com/shop/swagbagsplus,50.00,3,150,100,12,4,21 Mo.,53,0,2614,Home & Living,151,39,0.46,2233,"organza wine veils,wine covers,outdoor wine,bugs off wine,wine veil protects,chic wine veils,wine veils charms,themed charms,shop swagbagsplus,housewarming gift,great guest gift,al fresco dining,wedding shower gift",organza wine veils,wine covers,outdoor wine,bugs off wine,wine veil protects,chic wine veils,wine veils charms,themed charms,shop swagbagsplus,housewarming gift,great guest gift,al fresco dining,wedding shower gift
"African Safari Wine Glass Charms, Africa Themed Gift, Hostess Gift, Safari Themed Gift",https://www.etsy.com/listing/647394351/african-safari-wine-glass-charms-africa,LifeBaubles,https://www.etsy.com/shop/LifeBaubles,18.95,7,133,0,47,7,92 Mo.,60,0,1326,Home & Living,120,0,3.54,6966,"africa gift,safari gift,wine glass charms,africa wine charms,animal themed gift,african themed gift,africa themed gift,safari themed gift,wine glass charm,hostess gift,wine charms,housewarming gift,party favors",africa gift,safari gift,wine glass charms,africa wine charms,animal themed gift,african themed gift,africa themed gift,safari themed gift,wine glass charm,hostess gift,wine charms,housewarming gift,party favors
"Colorado Wine Glass Charms, Hostess Gift Ideas, Colorado Themed Gift, Wine Lover Gift, Wine Gift",https://www.etsy.com/listing/702619619/colorado-wine-glass-charms-hostess-gift,LifeBaubles,https://www.etsy.com/shop/LifeBaubles,18.95,7,133,0,67,10,85 Mo.,80,0,2030,Home & Living,120,0,3.3,6966,"wine gifts,centennial state,colorado souvenir,colorado themed,colorado gift,colorado state,hostess gift ideas,wine glass charms,wine glass charm,wine charms,mothers day gift,housewarming gifts,party favors",wine gifts,centennial state,colorado souvenir,colorado themed,colorado gift,colorado state,hostess gift ideas,wine glass charms,wine glass charm,wine charms,mothers day gift,housewarming gifts,party favors
Teal Resin Wine Glass Ocean Wave Design - Coastal Beach Lover Gift for Home Decor,https://www.etsy.com/listing/4315767472/teal-resin-wine-glass-hand-poured-ocean,ArtfulNests,https://www.etsy.com/shop/ArtfulNests,24.00,2,122,0,26,5,11 Mo.,71,0,1585,Home & Living,130,45,1.64,2926,"resin wine glass,beach glassware,wedding gift beach,ocean lover gift,teal home accents,ocean relax vibe,unique wine gift,beach theme decor,stemware nautical,housewarming tumbler,tableware seaside,anniversary romantic,turquoise vibe",resin wine glass,beach glassware,wedding gift beach,ocean lover gift,teal home accents,ocean relax vibe,unique wine gift,beach theme decor,stemware nautical,housewarming tumbler,tableware seaside,anniversary romantic,turquoise vibe
"Sea Glass Wine Glass, Coastal Gift, Beach House Decor, Ocean Resin Gin Glass, Unique Wedding Gift",https://www.etsy.com/listing/4338465400/handmade-resin-sea-glasses-wine-gin,PebbleandPourStudio,https://www.etsy.com/shop/PebbleandPourStudio,22.66,5,113,0,8,6,10 Mo.,73,1,2620,Home & Living,75,69,0.31,112,"sea glass wine glass,coastal wine glass,beach house decor,ocean themed glass,resin wine glass,coastal gift,beach lover gift,ocean gift idea,unique wine glass,handmade wine glass,seaside home decor,wedding gift idea,housewarming gift",sea glass wine glass,coastal wine glass,beach house decor,ocean themed glass,resin wine glass,coastal gift,beach lover gift,ocean gift idea,unique wine glass,handmade wine glass,seaside home decor,wedding gift idea,housewarming gift
Glass Beach Ocean Themed Large Stemless Wine Glass - Blue Teal and Gold - Custom Wine Glass - Mom Gift - Hand painted - Housewarming,https://www.etsy.com/listing/889559638/glass-beach-ocean-themed-large-stemless,RusticAndRoseTexas,https://www.etsy.com/shop/RusticAndRoseTexas,27.50,4,110,100,2536,596,66 Mo.,10541,9,189803,Home & Living,151,100,1.34,7473,"stemless wine glass,beach wine glass,beach glass,mother gift,hostess gift,housewarming gift,ocean wine glass,beach themed,beach decor,beach house,beach barware,wine gift,unique gift",stemless wine glass,beach wine glass,beach glass,mother gift,hostess gift,housewarming gift,ocean wine glass,beach themed,beach decor,beach house,beach barware,wine gift,unique gift
Glass Stormy Ocean Themed Stem or Stemless Wine Glass - Stormy Skies Wine Glass - Blue and Teal - Mom Gift - Hand painted - Housewarming,https://www.etsy.com/listing/1234324049/glass-stormy-ocean-themed-stem-or,RusticAndRoseTexas,https://www.etsy.com/shop/RusticAndRoseTexas,27.50,4,110,0,190,43,48 Mo.,523,1,8535,Home & Living,151,51,2.23,7473,"hand painted wine,stemless wine glass,beach wine glass,beach glass,beach tumbler,mothers day gift,mother gift,hostess gift,housewarming gift,ocean wine glass,beach cup,beach themed,stormy wine glass",hand painted wine,stemless wine glass,beach wine glass,beach glass,beach tumbler,mothers day gift,mother gift,hostess gift,housewarming gift,ocean wine glass,beach cup,beach themed,stormy wine glass
"Beach Wine Charms, Nautical Wine Charms, Shell Wine Charms, Glass Tags, Glass Markers, Hostess Gifts, Housewarming Gifts, Holiday Gift, 8/pk",https://www.etsy.com/listing/995905935/beach-wine-charms-nautical-wine-charms,PixieWineCharms,https://www.etsy.com/shop/PixieWineCharms,16.50,6,99,0,49,9,61 Mo.,32,0,990,Home & Living,166,0,4.95,10899,"beach wine charms,nautical wine charms,shell wine charms,nautical gifts,hostess gifts,housewarming gifts,hdm tateam,wine charms,wine glass charms,beach theme gifts,nautical theme gifts,glass markers,glass identifier",beach wine charms,nautical wine charms,shell wine charms,nautical gifts,hostess gifts,housewarming gifts,hdm tateam,wine charms,wine glass charms,beach theme gifts,nautical theme gifts,glass markers,glass identifier
"Kentucky Derby Wine Glass Charms, Horse Racing Party Accessories",https://www.etsy.com/listing/702034627/kentucky-derby-wine-glass-charms-hostess,LifeBaubles,https://www.etsy.com/shop/LifeBaubles,18.95,5,95,100,154,23,85 Mo.,150,0,1888,Home & Living,120,0,8.16,6966,"wine gifts,kentucky derby hat,kentucky themed,kentucky state,kentucky souvenir,kentucky gift,kentucky derby party,wine glass charms,wine glass charm,hostess gift,wine charms,housewarming gifts,party favors",wine gifts,kentucky derby hat,kentucky themed,kentucky state,kentucky souvenir,kentucky gift,kentucky derby party,wine glass charms,wine glass charm,hostess gift,wine charms,housewarming gifts,party favors
"Ocean Wave Scene Glasses | Personalized etched beer, whiskey, wine & cocktail glassware. Beach Coast Lifestyle gift, Nautical Summer Vibes.",https://www.etsy.com/listing/1673438379/ocean-wave-scene-glasses-personalized,BenoitsDesignCo,https://www.etsy.com/shop/BenoitsDesignCo,20.00,4,80,-100,36,5,28 Mo.,78,0,1482,Home & Living,126,25,2.43,55564,"cocktail glasses,barware set,gifts for him,gifts for her,personalized gifts,wine glasses,whiskey glasses,beer glasses,housewarming gift,coastal home decor,beach lifestyle gift,summer surfer gift,ocean theme glasses",cocktail glasses,barware set,gifts for him,gifts for her,personalized gifts,wine glasses,whiskey glasses,beer glasses,housewarming gift,coastal home decor,beach lifestyle gift,summer surfer gift,ocean theme glasses
Octopus Wine Bottle Holder Decor,https://www.etsy.com/listing/1383887579/octopus-wine-bottle-holder-decor,AaronsSpot,https://www.etsy.com/shop/AaronsSpot,23.99,3,72,0,150,56,40 Mo.,302,1,7442,Home & Living,41,54,2.02,1803,"quirky home decor,wine holder decor,aquatic kraken,bordeaux display,house warming gift,ocean sea creature,vino enthusiast buff,lover aficionado,fun bottle display,octopus sculpture,aarons spot art,nautical themed rack",quirky home decor,wine holder decor,aquatic kraken,bordeaux display,house warming gift,ocean sea creature,vino enthusiast buff,lover aficionado,fun bottle display,octopus sculpture,aarons spot art,nautical themed rack,--
Funny Tea Towels - Quotes About Life - Corks Are For Quitters - Funny Gifts - Coworker Gift,https://www.etsy.com/listing/1759477961/funny-tea-towels-quotes-about-life-corks,FigandWillowGifts,https://www.etsy.com/shop/FigandWillowGifts,16.95,4,68,0,12,3,22 Mo.,39,0,492,Home & Living,187,0,2.44,1698,"funny tea towels,quotes about life,corks,are for quitters,funny gift,coworker gift,youniqueornaments,housewarming gift,kitchen towels,dish towel,wine themed gifts,wine accessories,flour sack towels",funny tea towels,quotes about life,corks,are for quitters,funny gift,coworker gift,youniqueornaments,housewarming gift,kitchen towels,dish towel,wine themed gifts,wine accessories,flour sack towels
It Takes a Long Time to Grow an Old Friend Wine Glass | Floral Illustration 12oz,https://www.etsy.com/listing/4454549318/it-takes-a-long-time-to-grow-an-old,DanniBeCollection,https://www.etsy.com/shop/DanniBeCollection,29.99,2,55,0,2,1,3 Mo.,0,0,33,Home & Living,178,0,6.06,33096,"wine glass,friend gift,floral glass,12 oz glass,girlfriend gift,gift for her,friendship gift,birthday gift,bridesmaid gift,thank you gift,wine lovers,housewarming,garden theme",wine glass,friend gift,floral glass,12 oz glass,girlfriend gift,gift for her,friendship gift,birthday gift,bridesmaid gift,thank you gift,wine lovers,housewarming,garden theme
Gold Anchor Wine Stopper – Nautical Coastal Kitchen Decor,https://www.etsy.com/listing/4299938720/gold-anchor-wine-stopper-nautical,GetLitStudioCo,https://www.etsy.com/shop/GetLitStudioCo,14.99,1,15,-100,0,1,12 Mo.,1,0,34,Home & Living,13,0,0.0,11,"anchor wine stopper,nautical wine gift,beach house decor,coastal kitchen,wine lover gift,3d printed gift,sailor home decor,unique wine stopper,housewarming gift,boat theme decor,wine accessory,handmade barware,custom kitchen gift",anchor wine stopper,nautical wine gift,beach house decor,coastal kitchen,wine lover gift,3d printed gift,sailor home decor,unique wine stopper,housewarming gift,boat theme decor,wine accessory,handmade barware,custom kitchen gift
"Potholders, Potholders Set of 2, Wine Country Potholders Set of 2, Wine Theme, Kitchen Decor, Hot Pads",https://www.etsy.com/listing/1296305756/potholders-potholders-set-of-2-wine,SewCrazyQuilting,https://www.etsy.com/shop/SewCrazyQuilting,12.00,1,12,0,4,0,44 Mo.,6,0,195,Home & Living,44,0,2.05,659,"potholder,hot pad,kitchen decor,wine kitchen decor,wine motif,wine theme,housewarming gift,hostess gift,set of 2,insulated,handmade,handcrafted",potholder,hot pad,kitchen decor,wine kitchen decor,wine motif,wine theme,housewarming gift,hostess gift,set of 2,insulated,handmade,handcrafted,--
"Wine Lovers Doormat, Hope You Brought Wine!, Entrance Door Mat, Home Decor Wine Enthusiasts, Gift for Hostess, Kitchen Entryway Decoration",https://www.etsy.com/listing/1820823486/wine-lovers-doormat-hope-you-brought,RevolutionHomeProds,https://www.etsy.com/shop/RevolutionHomeProds,59.99,0,0,0,0,0,17 Mo.,0,0,14,,17,0,0.0,179,"welcome doormat,wine lover gift,kitchen entrance mat,funny home decor,outdoor entry mat,wine themed decor,housewarming gift,wine glass doormat,cozy home accessory,rustic home style,personalized doormat,wine night decor,party host gift",welcome doormat,wine lover gift,kitchen entrance mat,funny home decor,outdoor entry mat,wine themed decor,housewarming gift,wine glass doormat,cozy home accessory,rustic home style,personalized doormat,wine night decor,party host gift
Boho Style Abstract Wine Poster - Instant Download - Wall Decoration with Wine Motif - Modern Geometric Shapes - Red Wine Decoration,https://www.etsy.com/listing/1391960084/boho-style-abstract-wine-poster-instant,urbanpane,https://www.etsy.com/shop/urbanpane,4.55,0,0,0,0,0,25 Mo.,1,0,39,Art & Collectibles,26,0,0.0,30,"modern wine decoration,printable boho art,wine-themed wall decor,abstract wine art in boho look,geometric aesthetic poster,housewarming gift,boho wine wall art,abstract wine decor,printable wine art,boho home decor,wine lover gift,boho wine print,geometric wine decoration",modern wine decoration,printable boho art,wine-themed wall decor,abstract wine art in boho look,geometric aesthetic poster,housewarming gift,boho wine wall art,abstract wine decor,printable wine art,boho home decor,wine lover gift,boho wine print,geometric wine decoration
Wine Themed Decor/Wine Bottle Light/Fairy Lights/Wine Puns/Gift for Women/Hostess Gift/Housewarming Gift/Local Buyers Use Code LOCALPICKUP,https://www.etsy.com/listing/1520698530/wine-themed-decorwine-bottle-lightfairy,NancysBottleService,https://www.etsy.com/shop/NancysBottleService,25.00,0,0,0,0,0,29 Mo.,2,0,48,Home & Living,29,0,0.0,75,"wine bottle light,wine themed decor,frosted wine bottle,led fairy lights,rustic decor,wine puns,wine bar decor,gift for women,hostess gift,housewarming gift,birthday gift,centerpiece,party gift",wine bottle light,wine themed decor,frosted wine bottle,led fairy lights,rustic decor,wine puns,wine bar decor,gift for women,hostess gift,housewarming gift,birthday gift,centerpiece,party gift
Wine Tote Bag great christmas gift housewarming or host gift. The southwester theme is unique and looks great on the wine bottle bag. wine,https://www.etsy.com/listing/1578023092/wine-tote-bag-great-christmas-gift,Tshirtoutfitters,https://www.etsy.com/shop/Tshirtoutfitters,32.50,0,0,0,0,0,19 Mo.,0,0,0,Bags & Purses,23,0,0.0,12,"",--,--,--,--,--,--,--,--,--,--,--,--,--
"Carole Baskin Doormat, Funny Doormat, Funny Welcome Mat, Cat Lover Gift, Custom Doormat, Cute Door Mat,Housewarming, Cool Cats",https://www.etsy.com/listing/796844671/carole-baskin-doormat-funny-doormat,ShopByThePalms,https://www.etsy.com/shop/ShopByThePalms,50.00,0,0,0,0,0,66 Mo.,52,0,404,,96,0,0.0,10193,"doormat,funny doormat,funny welcome mat,custom doormat,personalized doormat,cute doormat,housewarming gift,wine doormat,cool cats,cats and kittens,cat themed gift,cat lover,carole baskin",doormat,funny doormat,funny welcome mat,custom doormat,personalized doormat,cute doormat,housewarming gift,wine doormat,cool cats,cats and kittens,cat themed gift,cat lover,carole baskin
"wine bar art, personalized print, wine lover, romantic art, winery, wedding gift idea, wine connoisseur, housewarming gift, wineo, Christmas",https://www.etsy.com/listing/116305213/wine-bar-art-personalized-print-wine,IrishVikingDesigns,https://www.etsy.com/shop/IrishVikingDesigns,85.99,0,0,0,0,0,156 Mo.,145,0,96,Art & Collectibles,196,0,0.0,630,"wine bar art,personalized print,wine lover,romantic art,winery,wedding gift idea,wine connoisseur,housewarming gift,mom wine,wine themed art,wine wedding,wine anniversary,valentines day",wine bar art,personalized print,wine lover,romantic art,winery,wedding gift idea,wine connoisseur,housewarming gift,mom wine,wine themed art,wine wedding,wine anniversary,valentines day
"Wine Themed Hot Pad, Quilted and Insulated Trivet, Extra-Large Hot Pad, Wine Lover&#39;s Gift",https://www.etsy.com/listing/964452694/wine-themed-hot-pad-quilted-and,AlwaysBeKindDesigns,https://www.etsy.com/shop/AlwaysBeKindDesigns,12.99,0,0,0,4,1,45 Mo.,1,0,54,Home & Living,80,0,7.41,1124,"fabric trivet,kitchen hot pad,dining necessity,insulated trivet,hostess gift,coworker gift,housewarming gift,table protection,extra large hot pad,under 10 dollars,ready to ship,wine theme,table decor",fabric trivet,kitchen hot pad,dining necessity,insulated trivet,hostess gift,coworker gift,housewarming gift,table protection,extra large hot pad,under 10 dollars,ready to ship,wine theme,table decor
"Wine Scented Soy Candle: Hand-Poured Aromatherapy, 9oz",https://www.etsy.com/listing/4369083765/wine-scented-soy-candle-hand-poured,GiftedInWitStudio,https://www.etsy.com/shop/GiftedInWitStudio,26.50,0,0,0,0,0,8 Mo.,0,0,1,Home & Living,8,0,0.0,1,"wine themed,scented candle,gift idea,home decor,relaxation candle,party decor,celebration candle,9oz candle,hand poured,unique gift,housewarming gift,birthday gift,mother's day",wine themed,scented candle,gift idea,home decor,relaxation candle,party decor,celebration candle,9oz candle,hand poured,unique gift,housewarming gift,birthday gift,mother's day
"Wine Night Definition Print , Elegant Typography Wall Art , Rustic Home Decor Poster , Bar and Kitchen Wall Decor",https://www.etsy.com/listing/4403849339/wine-night-definition-print-elegant,TerminologyStore,https://www.etsy.com/shop/TerminologyStore,8.40,0,0,0,0,0,6 Mo.,0,0,5,Art & Collectibles,52,0,0.0,830,"wine night decor,wine night gift,definition print,funny wine art,celebration wall art,gift for wine lovers,typography art,home bar decor,friendship print,wine quote art,wine themed decor,housewarming gift,wall art print",wine night decor,wine night gift,definition print,funny wine art,celebration wall art,gift for wine lovers,typography art,home bar decor,friendship print,wine quote art,wine themed decor,housewarming gift,wall art print
"Floral Wine Tumbler: Stainless Steel, Double-Wall Insulated",https://www.etsy.com/listing/1714528417/floral-wine-tumbler-stainless-steel,HoneyMyrtleStudio,https://www.etsy.com/shop/HoneyMyrtleStudio,33.20,0,0,0,0,0,21 Mo.,206,0,31,Home & Living,143,0,0.0,78,"honey myrtle studio,wine tumbler,mothers day gift,floral wine tumbler,botanical theme,home and living,stainless steel,drinkware,water bottle,kitchen and dining,floral tumbler,housewarming gift,gardener gift",honey myrtle studio,wine tumbler,mothers day gift,floral wine tumbler,botanical theme,home and living,stainless steel,drinkware,water bottle,kitchen and dining,floral tumbler,housewarming gift,gardener gift
"Hummingbird Oyster Shell Wine Stopper - Unique Hostess Gifts, Beach Themed Wedding Gift, Bridesmaid Gifts, Housewarming Gift",https://www.etsy.com/listing/4311417597/hummingbird-oyster-shell-wine-stopper,Coastalcorked,https://www.etsy.com/shop/Coastalcorked,24.95,0,0,0,0,0,9 Mo.,0,0,22,Home & Living,13,0,0.0,8,"",--,--,--,--,--,--,--,--,--,--,--,--,--
Plant Green Leaves Placemat 100% Cotton Reversible Design Plant Lover Gift House warming Gift Vintage Brand New old stock,https://www.etsy.com/listing/1727165685/plant-green-leaves-placemat-100-cotton,PineappleGirlCafe,https://www.etsy.com/shop/PineappleGirlCafe,8.50,0,0,0,0,0,24 Mo.,3,0,77,Home & Living,192,0,0.0,1487,"house warming gift,plant lovers gift,plant girl person,hostess gift,wine grapes gift,birthday gift plant,green theme color,table place setting,plant lover gift,plant wine lover,green plant lover",house warming gift,plant lovers gift,plant girl person,hostess gift,wine grapes gift,birthday gift plant,green theme color,table place setting,plant lover gift,plant wine lover,green plant lover,--,--
"Handcrafted Wooden Tic-Tac-Toe: Wine Theme, Vineyard Design, Compact Rustic Decor",https://www.etsy.com/listing/1790739252/wine-themed-tic-tac-toe-wooden-board,BirchHouseGames,https://www.etsy.com/shop/BirchHouseGames,16.00,0,0,0,0,0,19 Mo.,9,0,57,Toys & Games,103,0,0.0,6075,"tic tac toe,wooden board game,wine accessories,wine gift,wine lover gift,wine lover games,housewarming gift,wine themed game,handcrafted game,wooden game,rustic decor,game nights,outdoor fun",tic tac toe,wooden board game,wine accessories,wine gift,wine lover gift,wine lover games,housewarming gift,wine themed game,handcrafted game,wooden game,rustic decor,game nights,outdoor fun
"Joshua Tree Cactus Scene Glasses | Personalized etched glassware for beer, whiskey, wine & cocktails. Western Desert, Southwestern Decor.",https://www.etsy.com/listing/1673125247/joshua-tree-cactus-scene-glasses,BenoitsDesignCo,https://www.etsy.com/shop/BenoitsDesignCo,20.00,0,0,0,14,2,28 Mo.,38,0,633,Home & Living,126,0,2.21,55564,"cocktail glasses,barware set,gifts for him,gifts for her,personalized gifts,wine glasses,whiskey glasses,beer glasses,housewarming gift,southwestern glasses,country ranch decor,western theme glass,joshua tree glasses",cocktail glasses,barware set,gifts for him,gifts for her,personalized gifts,wine glasses,whiskey glasses,beer glasses,housewarming gift,southwestern glasses,country ranch decor,western theme glass,joshua tree glasses
Personalized Mermaid Seashell Theme Stemless Wine Glass | Custom Summertime Wine Glass Cup with Name,https://www.etsy.com/listing/463284837/personalized-mermaid-seashell-theme,CaffeineAndWine,https://www.etsy.com/shop/CaffeineAndWine,14.99,0,0,0,5,1,119 Mo.,12,0,465,Home & Living,130,0,1.08,21524,"personalized glass,wine glass,monogrammed glasses,summer gift,bridesmaid gift,mermaid wine glass,housewarming gift,gift for mom,personalized for bff,nautical themed,summer wine glass,beach wedding glass,seashell wine glass",personalized glass,wine glass,monogrammed glasses,summer gift,bridesmaid gift,mermaid wine glass,housewarming gift,gift for mom,personalized for bff,nautical themed,summer wine glass,beach wedding glass,seashell wine glass
Wine Gift/ Wine Towel/Funny Bar Towel/ Housewarming/ Microfiber Towel/ Alcohol Themed Towel/Gift for Her/ Gift for Him/ Barware,https://www.etsy.com/listing/1635032733/wine-gift-wine-towelfunny-bar-towel,Barleaux,https://www.etsy.com/shop/Barleaux,14.95,0,0,0,0,0,29 Mo.,0,0,2,Home & Living,65,0,0.0,230,"funny bar towel,housewarming gift,microfiber towel,alcohol themed towel,gift for her,gift for him,barware,fun barware,wine,chardon-yay,funny kitchen towel,kitchen humor decor,kitchen towel gift",funny bar towel,housewarming gift,microfiber towel,alcohol themed towel,gift for her,gift for him,barware,fun barware,wine,chardon-yay,funny kitchen towel,kitchen humor decor,kitchen towel gift
Western Themed Steer Wine Charms set of 4 with floral and tribal markings.,https://www.etsy.com/listing/4319989999/western-themed-steer-wine-charms-set-of,BasilSageArtisan,https://www.etsy.com/shop/BasilSageArtisan,27.50,0,0,0,0,0,11 Mo.,1,0,18,Home & Living,53,0,0.0,224,"western theme charm,southwestern charms,western wine charm,rodeo wine charm,steer wine charm,housewarming gift,gift for friend,gift for wine lover,wine accessory,gift for neighbor,gift for coworker,gift for artist",western theme charm,southwestern charms,western wine charm,rodeo wine charm,steer wine charm,housewarming gift,gift for friend,gift for wine lover,wine accessory,gift for neighbor,gift for coworker,gift for artist,--
80’s themed beaded wine charms/ Set of 4/ Retro/ wine markers,https://www.etsy.com/listing/1275792967/80s-themed-beaded-wine-charms-set-of-4,CharmedImSureByTara,https://www.etsy.com/shop/CharmedImSureByTara,8.00,0,0,0,0,0,46 Mo.,2,0,126,Jewelry,118,0,0.0,4288,"80s wine charms,gift idea,wine glass charm,wine glass marker,wine marker,wine charm,housewarming gift,wine charms,wine markers,beaded wine charms,80s party,retro party,80s themed",80s wine charms,gift idea,wine glass charm,wine glass marker,wine marker,wine charm,housewarming gift,wine charms,wine markers,beaded wine charms,80s party,retro party,80s themed
"New Jersey Wine Glass Charms, Hostess Gift Ideas, New Jersey Themed Gift, Wine Lover Gift, Wine Gift",https://www.etsy.com/listing/702350109/new-jersey-wine-glass-charms-hostess,LifeBaubles,https://www.etsy.com/shop/LifeBaubles,18.95,0,0,0,0,0,85 Mo.,14,0,343,Home & Living,120,0,0.0,6966,"wine gifts,new jersey souvenir,new jersey themed,new jersey gift,new jersey state,hostess gift ideas,wine glass charms,wine glass charm,wine charms,mothers day gift,housewarming gifts,party favors",wine gifts,new jersey souvenir,new jersey themed,new jersey gift,new jersey state,hostess gift ideas,wine glass charms,wine glass charm,wine charms,mothers day gift,housewarming gifts,party favors,--
"Cowboy Gifts For Men, Western Decor For Office Desk, Cowboy Hat Theme, Valentine For Him Idea, Bar Cart Accessories, Wedding Table Decor",https://www.etsy.com/listing/982789860/cowboy-gifts-for-men-western-decor-for,CorkiesBySteph,https://www.etsy.com/shop/CorkiesBySteph,22.00,0,0,0,48,16,61 Mo.,233,0,4770,Home & Living,74,33,1.01,3976,"cowboy gifts for men,western decor for,office desk cubicle,cowboy hat theme,ranch housewarming,bar cart accessories,wedding table idea,bandana decoration,rodeo cowgirl,wine cork art,country coffee table,tiered tray decor,valentine for him",cowboy gifts for men,western decor for,office desk cubicle,cowboy hat theme,ranch housewarming,bar cart accessories,wedding table idea,bandana decoration,rodeo cowgirl,wine cork art,country coffee table,tiered tray decor,valentine for him
Tuscany Wine Bar Table Placemat Set.,https://www.etsy.com/listing/4341336465/tuscany-wine-bar-table-placemat-set,drinksbymare,https://www.etsy.com/shop/drinksbymare,70.00,0,0,0,0,0,10 Mo.,0,0,12,Home & Living,33,0,0.0,174,"bar placemats,wine bar decor,tuscany wine,wine gift,wine table decor,placements set,housewarming gift,wine bar gift,wine table,set of four,tuscany wine theme",bar placemats,wine bar decor,tuscany wine,wine gift,wine table decor,placements set,housewarming gift,wine bar gift,wine table,set of four,tuscany wine theme,--,--
"Death star Bottle Opener: Sci-Fi Barware, Geeky Home Bar Tool",https://www.etsy.com/listing/4348073447/death-star-bottle-opener-sci-fi-barware,IrishPatch,https://www.etsy.com/shop/IrishPatch,20.00,0,0,0,0,0,9 Mo.,0,0,78,Home & Living,30,0,0.0,141,"unique bottle opener,geeky kitchen tools,bottle cap collector,space themed decor,men's gifts,gifts for him,home bar accessories,funny bottle openers,sentimental gifts,wine and beer gifts,gifts for dad,kitchen gift idea,house warming gift",unique bottle opener,geeky kitchen tools,bottle cap collector,space themed decor,men's gifts,gifts for him,home bar accessories,funny bottle openers,sentimental gifts,wine and beer gifts,gifts for dad,kitchen gift idea,house warming gift
Green and Red Swirls Stemless Wine Glass - Green Wine Glass - Green and Red Swirls - Mom Gift - Handpainted - Housewarming - Christmas Theme,https://www.etsy.com/listing/1695888475/green-and-red-swirls-stemless-wine-glass,RusticAndRoseTexas,https://www.etsy.com/shop/RusticAndRoseTexas,27.50,0,0,0,0,0,26 Mo.,4,0,79,Home & Living,151,0,0.0,7473,"hand painted wine,stemless wine glass,mothers day gift,mother gift,hostess gift,housewarming gift,green gift,green drinking,green wine glass,green glass,rainbow glass,christmas glass,holiday wine",hand painted wine,stemless wine glass,mothers day gift,mother gift,hostess gift,housewarming gift,green gift,green drinking,green wine glass,green glass,rainbow glass,christmas glass,holiday wine
Nurse themed wine bottle stopper & opener set,https://www.etsy.com/listing/4364902708/nurse-themed-wine-bottle-stopper-opener,CharmsAndTreasure,https://www.etsy.com/shop/CharmsAndTreasure,20.00,0,0,0,0,0,8 Mo.,0,0,7,Home & Living,129,0,0.0,599,"wine bottle topper,house warming gift,realestate present,birthday anniversary,party theme,champagne lid,cork replacement,opened drink,contain freshness,screw opener,fresh seal stopper,teal nurse,hospital staff",wine bottle topper,house warming gift,realestate present,birthday anniversary,party theme,champagne lid,cork replacement,opened drink,contain freshness,screw opener,fresh seal stopper,teal nurse,hospital staff
"Drink Pattern Art  Bar Decor, Drink-Themed Art, Large Wall Decor, Modern Bar Art, Cocktail Art, Wine Art Restaurant Wall Art Nightlife Decor",https://www.etsy.com/listing/1794688693/drink-pattern-art-bar-decor-drink-themed,GalerieCanvas,https://www.etsy.com/shop/GalerieCanvas,99.83,0,0,0,0,0,20 Mo.,1,0,68,Home & Living,21,0,0.0,107,"drink pattern art,bar decor,drink-themed art,large wall decor,modern bar art,cocktail art,wine art,restaurant wall art,nightlife decor,kitchen wall art,luxury decor,gift for mom,housewarming gift",drink pattern art,bar decor,drink-themed art,large wall decor,modern bar art,cocktail art,wine art,restaurant wall art,nightlife decor,kitchen wall art,luxury decor,gift for mom,housewarming gift
Quilted Wine Bar Mat: Vintage Grape Vine Table Runner,https://www.etsy.com/listing/1439592441/quilted-wine-bar-mat-vintage-grape-vine,StashmoverCreations,https://www.etsy.com/shop/StashmoverCreations,29.50,0,0,0,0,0,38 Mo.,7,0,166,Home & Living,93,0,0.0,585,"wine theme table top,wine lover decor,mini bar table decor,wine party decor,quilted placemat,quilted table runner,hostess gift,house warming gift,bar table topper,home bar decor,minibar accessories,wine bar placemat,mini table runner",wine theme table top,wine lover decor,mini bar table decor,wine party decor,quilted placemat,quilted table runner,hostess gift,house warming gift,bar table topper,home bar decor,minibar accessories,wine bar placemat,mini table runner
"Wine Lover Mug, Funny Drinking Humor Couples Gift For Coffee and Vino Fans, 11oz.",https://www.etsy.com/listing/4370134600/funny-wine-lover-mug-gift-for-morning,ImageArtisteMugs,https://www.etsy.com/shop/ImageArtisteMugs,16.78,0,0,0,0,0,8 Mo.,0,0,11,Home & Living,16,0,0.0,4,"wine lover gift,humorous drinkware,novelty mug gift,quirky ceramic cup,wine-themed mug,mug for friends,fun wine lover mug,couples gift idea,housewarming gift,wine lover mug,sarcastic gift mug,wine java gift cup,his her wine glass",wine lover gift,humorous drinkware,novelty mug gift,quirky ceramic cup,wine-themed mug,mug for friends,fun wine lover mug,couples gift idea,housewarming gift,wine lover mug,sarcastic gift mug,wine java gift cup,his her wine glass
"Wine Themed Wine Charms: Party Glass Markers, Set of 6",https://www.etsy.com/listing/4409990172/wine-themed-wine-charms-party-glass,BumpNBundleBabyGifts,https://www.etsy.com/shop/BumpNBundleBabyGifts,19.99,0,0,0,0,0,6 Mo.,2,0,30,Home & Living,51,0,0.0,249,"entertaining decor,housewarming gift,unique wine gifts,wine charms,wine glass markers,wine themed gifts,wine accessories,hostess gift,wine lover gift,party drink markers,stemware charms,girls night gift,wine tasting party",entertaining decor,housewarming gift,unique wine gifts,wine charms,wine glass markers,wine themed gifts,wine accessories,hostess gift,wine lover gift,party drink markers,stemware charms,girls night gift,wine tasting party
Hanging Towel Wine Theme,https://www.etsy.com/listing/654689732/wine-theme-hanging-towel,KMSORIGINAL,https://www.etsy.com/shop/KMSORIGINAL,10.00,0,0,0,0,0,89 Mo.,3,0,26,Home & Living,202,0,0.0,1333,"kmsoriginal,kitchen linens,hanging towel,kitchen towel,refrigerator towel,towel for kitchen,hostess gift towel,housewarming gift,wine themed gift,gift for wine lover,bachelorette gift,striped towel,wine quote gift",kmsoriginal,kitchen linens,hanging towel,kitchen towel,refrigerator towel,towel for kitchen,hostess gift towel,housewarming gift,wine themed gift,gift for wine lover,bachelorette gift,striped towel,wine quote gift
"Wine O&#39;Clock Wall Clock - Festive Kitchen Decor, Wine Lover Gift",https://www.etsy.com/listing/4391893834/wine-oclock-wall-clock-festive-kitchen,SmitclanDesigns,https://www.etsy.com/shop/SmitclanDesigns,47.99,0,0,0,0,0,7 Mo.,0,0,7,Home & Living,9,0,0.0,10,"wine wall,christmas decor,gift for wine lovers,unique clock,home decor,kitchen decor,bar decor,modern clock,rustic clock,farmhouse decor,housewarming gift,gift for her,wine theme",wine wall,christmas decor,gift for wine lovers,unique clock,home decor,kitchen decor,bar decor,modern clock,rustic clock,farmhouse decor,housewarming gift,gift for her,wine theme
"Wine Glass Ornament, Mini Christmas Sweater Ornament w wine glass applique",https://www.etsy.com/listing/1330882066/wine-glass-ornament-mini-christmas,PurpleBasset,https://www.etsy.com/shop/PurpleBasset,12.00,0,0,0,0,0,42 Mo.,1,0,14,Home & Living,116,0,0.0,4480,"purplebasset,wine glass ornament,wine lover,home decor,house warming,hostess gift,office decor,mini sweater,sweater ornament,wine theme,wine gift,wine glass",purplebasset,wine glass ornament,wine lover,home decor,house warming,hostess gift,office decor,mini sweater,sweater ornament,wine theme,wine gift,wine glass,--
"Farm Theme Drinking Glass Set of 6, Housewarming Gift, Cute Stemless Wine Glasses, Farm House Drinkware, Country Farm Barware, Handmade Gift",https://www.etsy.com/listing/1323809081/farm-theme-drinking-glass-set-of-6,MiniZooUSA,https://www.etsy.com/shop/MiniZooUSA,139.99,0,0,0,4,1,43 Mo.,87,0,1912,Home & Living,59,0,0.21,8861,"farm house decor,farm house gift,housewarming gift,cow wine glass,cow wine tumbler,duck wine bottle,dog wine glasses,sheep glass drinking,sheep beer glass,cow milk glass,rooster wine glass,animal theme glass,farm house glassware",farm house decor,farm house gift,housewarming gift,cow wine glass,cow wine tumbler,duck wine bottle,dog wine glasses,sheep glass drinking,sheep beer glass,cow milk glass,rooster wine glass,animal theme glass,farm house glassware
Safari Crystal Wine Glass | Etched Engraved Glassware | Safari Home & Bar Decor,https://www.etsy.com/listing/1418802509/safari-crystal-wine-glass-etched,GlypticGlassArt,https://www.etsy.com/shop/GlypticGlassArt,37.50,0,0,0,20,4,39 Mo.,10,0,570,Home & Living,64,0,3.51,9570,"safari crystal wine,animal lover gift,norfolk glass art,unique barware gift,glass collector gift,christmas gift idea,housewarming present,gift for wine lover,luxury wine glasses,unique safari decor,wildlife home accent,red white wine glass,animal theme decor",safari crystal wine,animal lover gift,norfolk glass art,unique barware gift,glass collector gift,christmas gift idea,housewarming present,gift for wine lover,luxury wine glasses,unique safari decor,wildlife home accent,red white wine glass,animal theme decor
"Hostess gift for women, alcohol themed gifts, funny dishtowels, wine themed gifts, dirty martini, gifts for wine lover, gift friend, kitchen",https://www.etsy.com/listing/1813799242/hostess-gift-for-women-alcohol-themed,KitchenGiftCo,https://www.etsy.com/shop/KitchenGiftCo,24.99,0,0,0,0,0,18 Mo.,4,0,7,Home & Living,21,0,0.0,1323,"alcohol themed gifts,funny dishtowels,wine themed gifts,dirty martini,gifts for wine lover,gift friend,kitchen gift,hostess gift,for women,house warming gift,be kind of a bitch,murder is wrong,kitchen towels",alcohol themed gifts,funny dishtowels,wine themed gifts,dirty martini,gifts for wine lover,gift friend,kitchen gift,hostess gift,for women,house warming gift,be kind of a bitch,murder is wrong,kitchen towels
"Beachcomber, blues for summer or fall, hand-painted white wine glass",https://www.etsy.com/listing/1795588466/beachcomber-blues-for-summer-or-fall,GlassParadox,https://www.etsy.com/shop/GlassParadox,19.50,0,0,0,0,0,19 Mo.,2,0,61,Home & Living,184,0,0.0,1372,"maine made,etsy maine team,summertime wineglass,hand painted wine,lakeside wineglass,coastal theme,wedding gifts,retirement gift,housewarming gift,customer favorite,gifts for her or him,anniversaries,painted wine glass",maine made,etsy maine team,summertime wineglass,hand painted wine,lakeside wineglass,coastal theme,wedding gifts,retirement gift,housewarming gift,customer favorite,gifts for her or him,anniversaries,painted wine glass
Vintage Wooden Serving Tray with Cork Coasters and Italian Food Theme Tile,https://www.etsy.com/listing/1519345515/vintage-wooden-serving-tray-with-cork,TheVintageRx,https://www.etsy.com/shop/TheVintageRx,50.00,0,0,0,0,0,34 Mo.,0,0,73,Home & Living,50,0,0.0,1136,"vintage wooden tray,cork coasters,italian theme,serving tray,retro cheese tray,wooden charcuterie,mid-century board,functional decor,wine and cheese,unique gift idea,housewarming gift,snack tray,home entertaining",vintage wooden tray,cork coasters,italian theme,serving tray,retro cheese tray,wooden charcuterie,mid-century board,functional decor,wine and cheese,unique gift idea,housewarming gift,snack tray,home entertaining
Wine and Cheese Framed Poster | Kitchen Decor | Canvas Wall Art | Home Decor,https://www.etsy.com/listing/1799348963/wine-and-cheese-framed-poster-kitchen,CanvasStudioCraftCo,https://www.etsy.com/shop/CanvasStudioCraftCo,129.95,0,0,0,0,0,2 Mo.,0,0,2,Home & Living,11,0,0.0,33,"wine wall decoration,housewarming gift,wine theme wall art,art gift,kitchen decor,wine art,canvas wine art,kitchen art,framed wall decor",wine wall decoration,housewarming gift,wine theme wall art,art gift,kitchen decor,wine art,canvas wine art,kitchen art,framed wall decor,--,--,--,--
"Laser engraved fern wine glass, Male fern, nature themed gift, 16 oz",https://www.etsy.com/listing/1039549742/laser-engraved-fern-wine-glass-male-fern,ElysianAtmosphereLLC,https://www.etsy.com/shop/ElysianAtmosphereLLC,20.00,0,0,0,6,2,55 Mo.,8,0,205,Home & Living,55,0,2.93,343,"unique wine glass,plant wine glass,housewarming gift,wedding gift,plant gift,nature gift,detailed engraving,forest decor,fern barware,fern theme,nature wine glass,vintage fern,natural decor",unique wine glass,plant wine glass,housewarming gift,wedding gift,plant gift,nature gift,detailed engraving,forest decor,fern barware,fern theme,nature wine glass,vintage fern,natural decor
"Kitchen Towel: Crochet Top Hanging Towel, Wine Club Gift",https://www.etsy.com/listing/4457131954/kitchen-towel-crochet-top-hanging-towel,DianesPrettyThings,https://www.etsy.com/shop/DianesPrettyThings,7.25,0,0,0,0,0,3 Mo.,0,0,1,Home & Living,96,0,0.0,576,"hanging towel,housewarming gift,crochet top towel,kitchen towel,hand towel,wine lover gift,wine club gift,merlot wine towel,handing hand towel,wine theme towel,friendship gift,hanging tea towel,wine cork towel",hanging towel,housewarming gift,crochet top towel,kitchen towel,hand towel,wine lover gift,wine club gift,merlot wine towel,handing hand towel,wine theme towel,friendship gift,hanging tea towel,wine cork towel
"Resin Seashell Bottle Opener - Magnetic, Beach themed, housewarming gift",https://www.etsy.com/listing/1548920549/resin-seashell-bottle-opener-magnetic,KojeDesignsShop,https://www.etsy.com/shop/KojeDesignsShop,16.00,0,0,0,0,0,33 Mo.,0,0,30,Home & Living,33,0,0.0,37,"seashell,beach theme,magnetic bottle open,housewarming gift,birthday,baby shower,bottle opener,beer,wine,drink accessories,just because,resin,magnets",seashell,beach theme,magnetic bottle open,housewarming gift,birthday,baby shower,bottle opener,beer,wine,drink accessories,just because,resin,magnets
Personalized Acacia Coasters (set of 4),https://www.etsy.com/listing/1518095268/personalized-acacia-coasters-set-of-4,IMBUILDS,https://www.etsy.com/shop/IMBUILDS,29.08,0,0,0,7,2,34 Mo.,34,0,1544,Home & Living,48,25,0.45,413,"wood coasters,personalized coaster,modern rustic,drink coasters,wine coasters,rustic coasters,housewarming gift,anniversary gift,thanksgiving gift,christmas gift,christian themed,inspirational gifts,wood and stone",wood coasters,personalized coaster,modern rustic,drink coasters,wine coasters,rustic coasters,housewarming gift,anniversary gift,thanksgiving gift,christmas gift,christian themed,inspirational gifts,wood and stone
"Dog Lover Wine Enthusiast Tumbler, Pet Lover Glass, Wine Cup for Dog Mom Gift, Present for Pet Owner, Variety of Colors, Birthday, Christmas",https://www.etsy.com/listing/1516718316/dog-lover-wine-enthusiast-tumbler-pet,SHINEHAPPYDesigns,https://www.etsy.com/shop/SHINEHAPPYDesigns,21.95,0,0,0,0,0,18 Mo.,0,0,0,Home & Living,19,0,0.0,40,"dog lover gift,dog owner gift,wine tumbler,pet lover present,housewarming gift,new home gift,funny dog quote mug,dog themed items,wine lover gifts,unique kitchenware,gift for friend,birthday friend,christmas",dog lover gift,dog owner gift,wine tumbler,pet lover present,housewarming gift,new home gift,funny dog quote mug,dog themed items,wine lover gifts,unique kitchenware,gift for friend,birthday friend,christmas
"Handmade Pet Head Bottle Stopper & Opener Set | Custom Dog/Cat Face Design | Adorable Gift for Pet Lovers, Pet Portrait Bottle Accessories",https://www.etsy.com/listing/1906040515/handmade-pet-head-bottle-stopper-opener,MySpecialTale,https://www.etsy.com/shop/MySpecialTale,68.63,0,0,0,0,0,1 Mo.,0,0,0,Home & Living,5,0,0.0,4,"wine stopper,gifts for best man,creative decoration,dog figurines,clay corkscrews,bottle opener,gifts for dog lovers,head wine stopper,polymer clay art,adorable pets,kids pet toys,housewarming gifts,pet themed wedding",wine stopper,gifts for best man,creative decoration,dog figurines,clay corkscrews,bottle opener,gifts for dog lovers,head wine stopper,polymer clay art,adorable pets,kids pet toys,housewarming gifts,pet themed wedding
Wine Themed Decor/Wine Bottle Light/Fairy Lights/Wine Puns/Gift for Women/Hostess Gift/Housewarming Gift/Local Buyers Use Code LOCALPICKUP,https://www.etsy.com/listing/1534813409/wine-themed-decorwine-bottle-lightfairy,NancysBottleService,https://www.etsy.com/shop/NancysBottleService,25.00,0,0,0,0,0,29 Mo.,2,0,61,Home & Living,29,0,0.0,75,"wine themed decor,wine bottle light,frosted wine bottle,led fairy lights,rustic decor,wine puns,wine lover,wine bar decor,gift for women,hostess gift,housewarming gift,birthday gift,party gift",wine themed decor,wine bottle light,frosted wine bottle,led fairy lights,rustic decor,wine puns,wine lover,wine bar decor,gift for women,hostess gift,housewarming gift,birthday gift,party gift
Funny Wine Doormat - &quot;Forgot the Wine&quot; Entryway Coir Mat,https://www.etsy.com/listing/4340759493/funny-wine-doormat-forgot-the-wine,JRsCoop,https://www.etsy.com/shop/JRsCoop,35.00,0,0,0,0,0,6 Mo.,0,0,8,Home & Living,12,0,0.0,1,"funny doormat,wine lover gift,kitchen decor,entryway rug,quirky welcome mat,home decor,housewarming gift,humorous welcome,outdoor doormat,cork doormat,drink themed decor,party host gift,wine party decor",funny doormat,wine lover gift,kitchen decor,entryway rug,quirky welcome mat,home decor,housewarming gift,humorous welcome,outdoor doormat,cork doormat,drink themed decor,party host gift,wine party decor
"Red Cedar Charcuterie Board with Maple Leaf Epoxy Inlay – Autumn Décor, Table Centerpiece, Thanksgiving Items, Fall Decoration, Autumn Gift",https://www.etsy.com/listing/4395331242/red-cedar-charcuterie-board-with-maple,ZachaTen,https://www.etsy.com/shop/ZachaTen,47.50,0,0,0,0,0,7 Mo.,1,0,35,Home & Living,73,0,0.0,4027,"charcuterie board,autumn decor,fall charcuterie,thanksgiving gift,thanksgiving decor,thanksgiving items,table centerpiece,maple leaf art,fall-themed gift,wine party gift,housewarming gift,autumn themed gifts,fall cheese board",charcuterie board,autumn decor,fall charcuterie,thanksgiving gift,thanksgiving decor,thanksgiving items,table centerpiece,maple leaf art,fall-themed gift,wine party gift,housewarming gift,autumn themed gifts,fall cheese board
Coffee keeps me going until it’s acceptable to drink wine embroidered waffle towel.,https://www.etsy.com/listing/1012015578/coffee-keeps-me-going-until-its,embroiderybybeverly,https://www.etsy.com/shop/embroiderybybeverly,14.99,0,0,0,0,0,60 Mo.,6,0,70,Home & Living,128,0,0.0,4021,"home linen decor,wine embroidery,coffee embroidery,coffee and wine,wine towel,acceptable to drink,coffee themed towel,drinking towel,wine decor,house warming,wine gift,happy wine,embroidered towel",home linen decor,wine embroidery,coffee embroidery,coffee and wine,wine towel,acceptable to drink,coffee themed towel,drinking towel,wine decor,house warming,wine gift,happy wine,embroidered towel
"Witchy Wine Charms, Wiccan Themed Drinks Markers, Pagan Housewarming Gift, Spooky Present for Wine Lover, Gothic Witchcraft Homeware Gift,",https://www.etsy.com/listing/1674091959/witchy-wine-charms-wiccan-themed-drinks,ThessalyRose,https://www.etsy.com/shop/ThessalyRose,16.17,0,0,0,0,0,27 Mo.,3,0,21,Home & Living,96,0,0.0,152,"wine glass charms,thessaly rose,unique drink markers,housewarming decor,dinner party favours,spooky witchy occult,wiccan pagan gothic,gift for gf wife her,goth halloween table,witchcraft homeware,magic home accessory,cool silver purple,alternative hostess",wine glass charms,thessaly rose,unique drink markers,housewarming decor,dinner party favours,spooky witchy occult,wiccan pagan gothic,gift for gf wife her,goth halloween table,witchcraft homeware,magic home accessory,cool silver purple,alternative hostess
Tea Towel | Pink & Green Champagne Bottle Watercolor Illustration | Bridal Shower Gift| Kitchen Décor  Wedding Gift | Home Bar Accessory,https://www.etsy.com/listing/4347025211/tea-towel-o-pink-green-champagne-bottle,ShopArtByAudrey,https://www.etsy.com/shop/ShopArtByAudrey,25.00,0,0,0,0,0,6 Mo.,1,0,8,Home & Living,45,0,0.0,971,"kitchen decor,gift for chef,funny tea towel,housewarming gift,bridal shower gift,wine themed towel,champagne lover,party decoration,unique kitchen item,eco friendly towel,drinkware accessory,dining room decor,champagne towel",kitchen decor,gift for chef,funny tea towel,housewarming gift,bridal shower gift,wine themed towel,champagne lover,party decoration,unique kitchen item,eco friendly towel,drinkware accessory,dining room decor,champagne towel
Wine Coasters Set Of 4 Coaster Set Wine Lover Gift Wine Gift Adulting Is Hard Home Decor Kitchen Decor Table Decor Gift For Mom Housewarming,https://www.etsy.com/listing/1717922555/wine-coasters-set-of-4-coaster-set-wine,KatterDadStuff,https://www.etsy.com/shop/KatterDadStuff,19.95,0,0,0,0,0,17 Mo.,0,0,3,Home & Living,22,0,0.0,13,"wine lover gift,funny coaster set,mom humor gift,wine enthusiast gift,home accessory gift,humorous coasters,housewarming gift,wine-themed décor,unique coaster set,gift for daughter,mom life gift,table décor,home bar coasters",wine lover gift,funny coaster set,mom humor gift,wine enthusiast gift,home accessory gift,humorous coasters,housewarming gift,wine-themed décor,unique coaster set,gift for daughter,mom life gift,table décor,home bar coasters
"Hope You Brought Doormat, Funny Doormat, Funny Welcome Mat, Dog Lover Gift, Custom Doormat, Personalized Doormat, Cute Door Mat,Housewarming",https://www.etsy.com/listing/850377933/hope-you-brought-doormat-funny-doormat,ShopByThePalms,https://www.etsy.com/shop/ShopByThePalms,50.00,0,0,0,0,0,62 Mo.,0,0,3,,96,0,0.0,10193,"hope you brought,doormat,funny doormat,funny welcome mat,dog lover gift,custom doormat,personalized doormat,cute doormat,housewarming gift,wine doormat,wine and dog treats,dog themed gift,fathers day gift",hope you brought,doormat,funny doormat,funny welcome mat,dog lover gift,custom doormat,personalized doormat,cute doormat,housewarming gift,wine doormat,wine and dog treats,dog themed gift,fathers day gift
Outdoor Theme Wine Glass Charms - Set of 6 - Bear Wine Charm - Camping Wine Charm - Housewarming Gift - Explore - Wild Spirit,https://www.etsy.com/listing/1588105461/outdoor-theme-wine-glass-charms-set-of-6,maitrinkets,https://www.etsy.com/shop/maitrinkets,24.00,0,0,0,0,0,15 Mo.,3,0,20,Home & Living,44,0,0.0,710,"outdoor theme,wine charm,wine glass marker,bear wine charm,camping wine charm,free spirit,explore wine charm,mountain wine charm,outdoor lover gift,wine lover gift,stocking stuffer,maitrinkets,outdoorsy gift",outdoor theme,wine charm,wine glass marker,bear wine charm,camping wine charm,free spirit,explore wine charm,mountain wine charm,outdoor lover gift,wine lover gift,stocking stuffer,maitrinkets,outdoorsy gift
Angel Christmas Fabric,https://www.etsy.com/listing/551237430/angel-christmas-fabric,BearyCraftee,https://www.etsy.com/shop/BearyCraftee,25.00,0,0,0,32,16,103 Mo.,55,0,2262,Art & Collectibles,103,0,1.41,581,"everyday decor,customizable,housewarming gift,fall decor,tree topper,wine bottle cover,door decoration,holiday themes",everyday decor,customizable,housewarming gift,fall decor,tree topper,wine bottle cover,door decoration,holiday themes,--,--,--,--,--
Wine Friday Hanging Towel,https://www.etsy.com/listing/661689533/wine-theme-hanging-towel,KMSORIGINAL,https://www.etsy.com/shop/KMSORIGINAL,9.00,0,0,0,0,0,90 Mo.,0,0,13,Home & Living,202,0,0.0,1333,"kmsoriginal,kitchen linens,hanging towel,kitchen towel,refrigerator towel,towel with velcro,towel for kitchen,hostess gift towel,wedding shower gift,housewarming gift,wine themed gift,gift for wine lover,bachelorette gift",kmsoriginal,kitchen linens,hanging towel,kitchen towel,refrigerator towel,towel with velcro,towel for kitchen,hostess gift towel,wedding shower gift,housewarming gift,wine themed gift,gift for wine lover,bachelorette gift
"Wine Bag, Travel themed wine bag, bicycle, bike riding, recreation, gift bag, gift, cotton fabric, cloth bag, present bag for wine bottle",https://www.etsy.com/listing/1303442881/wine-bag-travel-themed-wine-bag-bicycle,NancyGPhotography,https://www.etsy.com/shop/NancyGPhotography,9.99,0,0,0,0,0,44 Mo.,1,0,50,Paper & Party Supplies,135,0,0.0,1896,"home decor,home accents,gift,housewarming,house warming gift,cloth wine bag,designed wine bag,fabric wine bag,winebag,wine bag gift,travel themed bag,bicycle prints,outdoor biking",home decor,home accents,gift,housewarming,house warming gift,cloth wine bag,designed wine bag,fabric wine bag,winebag,wine bag gift,travel themed bag,bicycle prints,outdoor biking
"Wine Bag, summer themed wine bag, Checker pattern, recreation, gift bag, gift, cotton fabric, cloth bag, squares present bag for wine bottle",https://www.etsy.com/listing/1311660881/wine-bag-summer-themed-wine-bag-checker,NancyGPhotography,https://www.etsy.com/shop/NancyGPhotography,9.99,0,0,0,0,0,44 Mo.,0,0,23,Paper & Party Supplies,135,0,0.0,1896,"home decor,home accents,gift,housewarming,house warming gift,cloth wine bag,designed wine bag,fabric wine bag,winebag,wine bag gift,summer theme,fabric bag,checker pattern",home decor,home accents,gift,housewarming,house warming gift,cloth wine bag,designed wine bag,fabric wine bag,winebag,wine bag gift,summer theme,fabric bag,checker pattern
Blue Stormy Sea Themed Glass Mason Jar  - Blue and Teal - Custom Wine Glass - Mom Gift - Hand painted - Housewarming - Handmade - Beach,https://www.etsy.com/listing/1698680237/blue-stormy-sea-themed-glass-mason-jar,RusticAndRoseTexas,https://www.etsy.com/shop/RusticAndRoseTexas,27.50,0,0,0,0,0,26 Mo.,13,0,213,Home & Living,151,0,0.0,7473,"beach wine glass,beach glass,mother gift,hostess gift,housewarming gift,beach themed,beach decor,beach house,beach barware,unique gift,handmade gift,gifts for her,mason jar handle",beach wine glass,beach glass,mother gift,hostess gift,housewarming gift,beach themed,beach decor,beach house,beach barware,unique gift,handmade gift,gifts for her,mason jar handle
Glass Beach Ocean Sunset Themed Stemless Wine Glass - Blue Teal Reds and Gold - Beach Sunset Gift - Mom Gift - Housewarming,https://www.etsy.com/listing/1123833166/glass-beach-ocean-sunset-themed-stemless,RusticAndRoseTexas,https://www.etsy.com/shop/RusticAndRoseTexas,27.50,0,0,0,146,33,53 Mo.,295,1,5702,Home & Living,151,39,2.56,7473,"painted wine glass,hand painted wine,stemless wine glass,beach wine glass,beach glass,beach tumbler,mothers day gift,mother gift,hostess gift,housewarming gift,ocean wine glass,beach cup,beach themed",painted wine glass,hand painted wine,stemless wine glass,beach wine glass,beach glass,beach tumbler,mothers day gift,mother gift,hostess gift,housewarming gift,ocean wine glass,beach cup,beach themed
Funny Wine Tumbler: Pairs Well with Bad Decisions,https://www.etsy.com/listing/1674150902/funny-wine-tumbler-pairs-well-with-bad,MissBeehavingGifts,https://www.etsy.com/shop/MissBeehavingGifts,20.99,0,0,0,0,0,26 Mo.,0,0,2,Home & Living,35,0,0.0,63,"wine tumbler,chill drinkware,wine lover gift,housewarming gift,hostess present,bad decisions,funny quote,tipsy collection,bee theme,12oz tumbler,unique drinkware,gift for friend,gift for mom",wine tumbler,chill drinkware,wine lover gift,housewarming gift,hostess present,bad decisions,funny quote,tipsy collection,bee theme,12oz tumbler,unique drinkware,gift for friend,gift for mom
Western cow print naja themed wine bottle stopper & opener gift set,https://www.etsy.com/listing/4364901434/western-cow-print-naja-themed-wine,CharmsAndTreasure,https://www.etsy.com/shop/CharmsAndTreasure,20.00,0,0,0,0,0,8 Mo.,0,0,5,Home & Living,129,0,0.0,599,"wine bottle topper,house warming gift,realestate present,birthday anniversary,party theme,champagne lid,cork replacement,opened drink,screw opener,fresh seal stopper,teal cow print,western design,naja squash blossom",wine bottle topper,house warming gift,realestate present,birthday anniversary,party theme,champagne lid,cork replacement,opened drink,screw opener,fresh seal stopper,teal cow print,western design,naja squash blossom
Burgundy Hydrangea Wreath: Farmhouse Floral Grapevine Decor,https://www.etsy.com/listing/694200796/burgundy-hydrangea-wreath-farmhouse,WreathInspirations,https://www.etsy.com/shop/WreathInspirations,160.00,0,0,0,0,0,84 Mo.,17,0,183,Home & Living,92,0,0.0,361,"front door decor,housewarming gift,everyday wreath,greenery wreath,elegant wreath,all occasion wreath,summer wreath,wedding decoration,year round wreath,welcome gift,farmhouse greenery,foyer wall decor,wine theme wreath",front door decor,housewarming gift,everyday wreath,greenery wreath,elegant wreath,all occasion wreath,summer wreath,wedding decoration,year round wreath,welcome gift,farmhouse greenery,foyer wall decor,wine theme wreath
"Handmade Starfish Wine Glass Charms – Nautical Drink Markers, Ocean-Themed Party Accessories, Summer Coastal Wedding Housewarming Gift Ideas",https://www.etsy.com/listing/4326895609/handmade-starfish-wine-glass-charms,speciallyclayed,https://www.etsy.com/shop/speciallyclayed,13.28,0,0,0,2,1,11 Mo.,3,0,23,Home & Living,19,0,8.7,29,"summer accessories,wine glass markers,beach wedding gifts,ocean decor,unique wine charms,ocean wine markers,wine lover gifts,housewarming gifts,reuseable charms,ocean starfish charm,starfish glass charm,beach wedding decor,polymer clay charms",summer accessories,wine glass markers,beach wedding gifts,ocean decor,unique wine charms,ocean wine markers,wine lover gifts,housewarming gifts,reuseable charms,ocean starfish charm,starfish glass charm,beach wedding decor,polymer clay charms
Wine & Whiskey Theme Ceramic Coasters: Decoupage Home Bar Decor,https://www.etsy.com/listing/1677098828/wine-whiskey-theme-ceramic-coasters,Muse88Studio,https://www.etsy.com/shop/Muse88Studio,24.00,0,0,0,0,0,26 Mo.,1,0,30,Home & Living,56,0,0.0,156,"handmade coasters,ceramic tile coaster,decoupage coasters,house warming gift,birthday gift,fathers day gift,wine lover gift,wine theme coaster,mans cave decor,home bar decor,gift for him,whiskey lover,beverage coaster",handmade coasters,ceramic tile coaster,decoupage coasters,house warming gift,birthday gift,fathers day gift,wine lover gift,wine theme coaster,mans cave decor,home bar decor,gift for him,whiskey lover,beverage coaster
Wine Glass Ornament,https://www.etsy.com/listing/752136823/wine-glass-ornament,PurpleBasset,https://www.etsy.com/shop/PurpleBasset,12.00,0,0,0,0,0,78 Mo.,4,0,41,Home & Living,116,0,0.0,4480,"purplebasset,wine glass ornament,wine lover,home decor,house warming,hostess gift,office decor,mini sweater,sweater ornament,wine theme,wine gift,wine glass",purplebasset,wine glass ornament,wine lover,home decor,house warming,hostess gift,office decor,mini sweater,sweater ornament,wine theme,wine gift,wine glass,--
Etched Cherry Stemless Wine Glass: Summer Fruit Glassware,https://www.etsy.com/listing/4505592806/etched-cherry-stemless-wine-glass-summer,Blockislandarts,https://www.etsy.com/shop/Blockislandarts,14.99,0,0,0,0,0,1 Mo.,0,0,0,Home & Living,167,0,0.0,3778,"stemless wine glass,personalized glass,summer fruit motif,cherry themed decor,housewarming gift,summertime wine,fruit etched glass,cherry glassware,fun summer fruit,cherry wine glass,handmade in usa,wine lover gift,personalized gift",stemless wine glass,personalized glass,summer fruit motif,cherry themed decor,housewarming gift,summertime wine,fruit etched glass,cherry glassware,fun summer fruit,cherry wine glass,handmade in usa,wine lover gift,personalized gift
"Vintage Enkeboll Hand Carved Wood Hanging Wine Rack, Hand Painted Refinished,  White, Grapes, Bar, Dining Room Decor, French Country Cottage",https://www.etsy.com/listing/4450107530/vintage-enkeboll-hand-carved-wood,YourVintageCharmCo,https://www.etsy.com/shop/YourVintageCharmCo,84.98,0,0,0,0,0,4 Mo.,1,0,29,Home & Living,14,0,0.0,122,"wall mounted rack,vertical narrow thin,distressed rustic,shabby chic cottage,vineyard theme italy,italian grape vines,storage solution,towel rack bathroom,housewarming gift,grand millennial,best pub birthday,present wine lover,english cottage core",wall mounted rack,vertical narrow thin,distressed rustic,shabby chic cottage,vineyard theme italy,italian grape vines,storage solution,towel rack bathroom,housewarming gift,grand millennial,best pub birthday,present wine lover,english cottage core
"WINE TIME SUNCATCHER~ stained glass painting, suncatcher, window art, glass gift, housewarming gift, gift for her, blue glass, red glass",https://www.etsy.com/listing/4328241829/wine-time-suncatcher-stained-glass,JETBLACKART,https://www.etsy.com/shop/JETBLACKART,60.00,0,0,0,0,0,11 Mo.,0,0,13,Art & Collectibles,122,0,0.0,173,"wine theme,wine decor,wine suncatcher,christmas,christmas gift,window decor,suncatcher,stained glass,wine,booze,booze gift,housewarming,gift for her",wine theme,wine decor,wine suncatcher,christmas,christmas gift,window decor,suncatcher,stained glass,wine,booze,booze gift,housewarming,gift for her
Frosted Stemless Wine Glass | Maine Pine Tree North Star Design,https://www.etsy.com/listing/4491619306/frosted-stemless-wine-glass-maine-pine,MainerInExile207,https://www.etsy.com/shop/MainerInExile207,22.00,0,0,0,0,0,1 Mo.,0,0,0,Home & Living,37,0,0.0,134,"maine wine glass,pine tree glass,maine gift,maine flag 1901,maine themed gift,maine barware,maine beach house,beach house style,maine home decor,maine hostess,maine housewarming",maine wine glass,pine tree glass,maine gift,maine flag 1901,maine themed gift,maine barware,maine beach house,beach house style,maine home decor,maine hostess,maine housewarming,--,--
Hand Drawn Print Set of 3 Line Bathroom Posters Printable Minimalist Digital Print Collection Wine Theme Bathroom Wall Art,https://www.etsy.com/listing/4381067190/hand-drawn-print-set-of-3-line-bathroom,BeauPaperieBoutique,https://www.etsy.com/shop/BeauPaperieBoutique,11.63,0,0,0,0,0,7 Mo.,0,0,105,Art & Collectibles,18,0,0.0,245,"set of 3 prints,hand drawn artwork,digital poster set,line drawing,bathroom prints,posters bathroom,wine theme wall art,wall hanging print,minimalist mural,gift for him,gift for her,housewarming gift,digital downloadable",set of 3 prints,hand drawn artwork,digital poster set,line drawing,bathroom prints,posters bathroom,wine theme wall art,wall hanging print,minimalist mural,gift for him,gift for her,housewarming gift,digital downloadable
"Wine Design Flour Sack Towel, Cotton Kitchen Towel",https://www.etsy.com/listing/1106502854/wine-design-flour-sack-towel-cotton,DragonflyManorDesign,https://www.etsy.com/shop/DragonflyManorDesign,16.00,0,0,0,0,0,54 Mo.,1,0,14,Home & Living,73,0,0.0,66,"wine design towels,kitchen towels,funny wine towels,wine theme towels,wine flour sack,kitchen decor,wine gift,wine birthday gift,housewarming gift,hostess gift,wedding gift,bridal shower gift,wine tea towels",wine design towels,kitchen towels,funny wine towels,wine theme towels,wine flour sack,kitchen decor,wine gift,wine birthday gift,housewarming gift,hostess gift,wedding gift,bridal shower gift,wine tea towels
Fabric Coasters: Wine,https://www.etsy.com/listing/1864465755/fabric-coasters-wine,HandmadeDzignzsByT,https://www.etsy.com/shop/HandmadeDzignzsByT,6.00,0,0,0,0,0,16 Mo.,0,0,16,Home & Living,44,0,0.0,788,"housewarming,kitchen,home decor,fabric coasters,hostess gifts,wine and cheese,wine theme,vineyard decor,wine bar decor,uncork and unwind,wine lover,bordeaux,pinot noir",housewarming,kitchen,home decor,fabric coasters,hostess gifts,wine and cheese,wine theme,vineyard decor,wine bar decor,uncork and unwind,wine lover,bordeaux,pinot noir
Cocktail Drink Markers,https://www.etsy.com/listing/907882983/cocktail-hour-wine-glass-charms-hostess,LifeBaubles,https://www.etsy.com/shop/LifeBaubles,18.95,0,0,0,6,1,66 Mo.,13,0,165,Home & Living,120,0,3.64,6966,"wine glass charms,wine gifts,happy hour themed,cocktail themed gift,drink marker,cocktail hour themed,retirement gift,wine glass charm,party gift,hostess gift,wine charms,wine lover gift,housewarming gifts",wine glass charms,wine gifts,happy hour themed,cocktail themed gift,drink marker,cocktail hour themed,retirement gift,wine glass charm,party gift,hostess gift,wine charms,wine lover gift,housewarming gifts
"Pennsylvania Wine Glass Charms, Hostess Gift Ideas, Pennsylvania Gift, Wine Lover Gift, Wine Gift",https://www.etsy.com/listing/649492283/pennsylvania-wine-glass-charms-hostess,LifeBaubles,https://www.etsy.com/shop/LifeBaubles,18.95,0,0,0,40,6,91 Mo.,26,0,711,Home & Living,120,0,5.63,6966,"wine gifts,pennsylvania souveni,pennsylvania theme,pennsylvania gift,pennsylvania state,wine glass charms,gifts for him,wine glass charm,hostess gift,wine charms,wine lover gift,housewarming gifts,party favors",wine gifts,pennsylvania souveni,pennsylvania theme,pennsylvania gift,pennsylvania state,wine glass charms,gifts for him,wine glass charm,hostess gift,wine charms,wine lover gift,housewarming gifts,party favors
"Wine Cork Napkin Rings-Set of 4,cork napkin ring,wine lovers,housewarming gift,wine themed event,corks,wine corks ,napkin holder,napkin ring",https://www.etsy.com/listing/640608136/wine-cork-napkin-rings-set-of-4cork,RockMyBeads,https://www.etsy.com/shop/RockMyBeads,20.00,0,0,0,0,0,91 Mo.,0,0,249,Home & Living,190,0,0.0,1344,"cork,wine cork,wine,wine accessories,cork napkin rings,napkin rings,wine napkin rings,decorative rings,wine cork crafts,unique napkin rings,cork rings,cork art,wine art",cork,wine cork,wine,wine accessories,cork napkin rings,napkin rings,wine napkin rings,decorative rings,wine cork crafts,unique napkin rings,cork rings,cork art,wine art
Funny Wine Quote Print – It’s Five O’Clock Somewhere Wall Art,https://www.etsy.com/listing/4381006563/funny-wine-quote-print-its-five-oclock,HappyasaPrint,https://www.etsy.com/shop/HappyasaPrint,9.36,0,0,0,2,1,7 Mo.,0,0,14,Art & Collectibles,19,0,14.29,239,"funny wine print,wine lover gift,wine quote poster,home bar decor,lounge wall print,housewarming gift,quirky kitchen art,hostess gift idea,sarcastic wine quote,alcohol themed gift,unique birthday gift,it's five o'clock,line art wine bottle",funny wine print,wine lover gift,wine quote poster,home bar decor,lounge wall print,housewarming gift,quirky kitchen art,hostess gift idea,sarcastic wine quote,alcohol themed gift,unique birthday gift,it's five o'clock,line art wine bottle
Wine and Cheeses Always Pleases Print – Funny Kitchen Wall Art,https://www.etsy.com/listing/4380995772/wine-and-cheeses-always-pleases-print,HappyasaPrint,https://www.etsy.com/shop/HappyasaPrint,9.36,0,0,0,0,0,7 Mo.,2,0,15,Art & Collectibles,19,0,0.0,239,"funny wine print,wine lover gift,wine quote poster,housewarming gift,quirky kitchen art,hostess gift idea,sarcastic wine quote,alcohol themed gift,wine and cheese art,cheese lover decor,charcuterie board,sassy kitchen art,playful food quote",funny wine print,wine lover gift,wine quote poster,housewarming gift,quirky kitchen art,hostess gift idea,sarcastic wine quote,alcohol themed gift,wine and cheese art,cheese lover decor,charcuterie board,sassy kitchen art,playful food quote
"Personalized Hand Painted Bottle Candle Holder With Your Photo, Custom Gift, Unique Holiday Gift, Centerpiece, Photo to Art Gift for Sister",https://www.etsy.com/listing/527408710/personalized-hand-painted-bottle-candle,YTBCreations,https://www.etsy.com/shop/YTBCreations,99.00,0,0,0,0,0,106 Mo.,3,0,136,Home & Living,203,0,0.0,1235,"personalized candle,photo decor,hand painted bottle,wine bottle candle,birthday gift,housewarming gift,centerpiece,wine lovers gift,parents gift,maid of honor gift,bridal shower decor,beach theme candle",personalized candle,photo decor,hand painted bottle,wine bottle candle,birthday gift,housewarming gift,centerpiece,wine lovers gift,parents gift,maid of honor gift,bridal shower decor,beach theme candle,--
"White Wine Microfiber Towel, Housewarming Gift, Alcohol Themed Kitchen Towel, For Her or Him, Barware, Wine Lover",https://www.etsy.com/listing/1647721492/white-wine-microfiber-towel-housewarming,Barleaux,https://www.etsy.com/shop/Barleaux,14.95,0,0,0,0,0,28 Mo.,0,0,6,Home & Living,65,0,0.0,230,"housewarming gift,microfiber towel,alcohol themed towel,gift for her,gift for him,barware,fun barware,white wine,towel,wine,fun gift,handmade,sauvignonblanc",housewarming gift,microfiber towel,alcohol themed towel,gift for her,gift for him,barware,fun barware,white wine,towel,wine,fun gift,handmade,sauvignonblanc
"Wine & Champagne Cork Bride Dog for Dog Lover Wedding Decor, Vineyard Wedding, Dog Lover Bridal Shower, Housewarming, Anniversary Gift",https://www.etsy.com/listing/788282773/wine-champagne-cork-bride-dog-for-dog,CorkiesBySteph,https://www.etsy.com/shop/CorkiesBySteph,26.00,0,0,0,9,3,74 Mo.,25,0,563,Weddings,74,0,1.6,3976,"wine cork art,dog themed wedding,dog lover wedding,vineyard wedding,dog bridal shower,dog housewarming,dog anniversary,wedding table decor,wedding gift dog,dog wedding favors,dog cake topper,new couple dog gift,wine lovers wedding",wine cork art,dog themed wedding,dog lover wedding,vineyard wedding,dog bridal shower,dog housewarming,dog anniversary,wedding table decor,wedding gift dog,dog wedding favors,dog cake topper,new couple dog gift,wine lovers wedding
Wine Bag Army Theme Handmade - On a Mission,https://www.etsy.com/listing/1693688755/wine-bag-army-theme-handmade-on-a,GiftbagsbyMarie,https://www.etsy.com/shop/GiftbagsbyMarie,11.45,0,0,0,0,0,26 Mo.,0,0,1,Paper & Party Supplies,64,0,0.0,69,"army theme,army wine gift,army wine bag,party wine bag,special army gift,quality wine bag,present army,house warming gift,wine,wine bag,on a mission,family army,army",army theme,army wine gift,army wine bag,party wine bag,special army gift,quality wine bag,present army,house warming gift,wine,wine bag,on a mission,family army,army
Funny Cat Coaster Set: Cats and Wine Lovers - Group 3,https://www.etsy.com/listing/4421669904/funny-cat-coaster-set-cats-and-wine,CreaturesCoversLLC,https://www.etsy.com/shop/CreaturesCoversLLC,12.50,0,0,0,0,0,5 Mo.,0,0,22,Home & Living,157,0,0.0,421,"cat lover's gift,wine lover's gift,novelty cats,cat themed coasters,wine themed coasters,housewarming gift,funny cat images,fun cat images,funny wine images,fun wine images",cat lover's gift,wine lover's gift,novelty cats,cat themed coasters,wine themed coasters,housewarming gift,funny cat images,fun cat images,funny wine images,fun wine images,--,--,--
Nantucket Wine Glass with Crab Etched Design Artistic Beach Housewarming Gift from Realtor for Newlywed Coastal Home Decor Hostess Wine Gift,https://www.etsy.com/listing/4333806968/nantucket-wine-glass-with-crab-etched,GobsmackedGifts,https://www.etsy.com/shop/GobsmackedGifts,37.95,0,0,0,2,0,10 Mo.,4,0,124,Home & Living,38,0,1.61,2097,"crab wine glass,nantucket glass,engraved glassware,housewarming gift,wedding gift,elegant wine glass,etched glassware,iconic crab design,personalized glass,nautical theme,beach house decor,coastal living,hostess gift",crab wine glass,nantucket glass,engraved glassware,housewarming gift,wedding gift,elegant wine glass,etched glassware,iconic crab design,personalized glass,nautical theme,beach house decor,coastal living,hostess gift
insect coasters ceramic coasters  Individual or set of 4 Coasters Housewarming Gift insect coasters cute insect ladybird coaster,https://www.etsy.com/listing/1799604655/insect-coasters-ceramic-coasters,ByJoCraftsArt,https://www.etsy.com/shop/ByJoCraftsArt,10.82,0,0,0,3,1,20 Mo.,13,0,63,Home & Living,72,0,4.76,10165,"ceramic coasters,hand painted designs,coffee coasters,wine coasters,housewarming gift,home decor,set of 4,insect themed,insect coasters,ladybird coasters,ladybird,red black ladybird,ladybird gift lover",ceramic coasters,hand painted designs,coffee coasters,wine coasters,housewarming gift,home decor,set of 4,insect themed,insect coasters,ladybird coasters,ladybird,red black ladybird,ladybird gift lover
"Funny Wine Lover Candle | Bra Off Hair Up, 9 oz Soy Candle",https://www.etsy.com/listing/4377815298/funny-wine-lover-candle-bra-off-hair-up,ZenBevCo,https://www.etsy.com/shop/ZenBevCo,15.00,0,0,0,0,0,8 Mo.,0,0,21,Home & Living,80,0,0.0,1059,"housewarming gift,birthday gift,candles,funny wine candle,wine candle gift,soy candle,wine candle,gift for her,gift for bestie,natural candles,wine drinking candle,wine themed candle,wine enthusiast",housewarming gift,birthday gift,candles,funny wine candle,wine candle gift,soy candle,wine candle,gift for her,gift for bestie,natural candles,wine drinking candle,wine themed candle,wine enthusiast
"Small Kitchen Still Life Painting: Wine, Glasses, Olives on Canvas",https://www.etsy.com/listing/4313400524/small-kitchen-still-life-painting-wine,MoodDrinksArt,https://www.etsy.com/shop/MoodDrinksArt,69.64,0,0,0,0,0,12 Mo.,3,0,84,Art & Collectibles,13,0,0.0,2,"abstract bottle art,small dining artwork,shelf display art,party host wall gift,square canvas decor,pink background deco,wine wall art,gift for wine lover,housewarming gift,miniature wall art,vino painting,bar wall art,wine theme art",abstract bottle art,small dining artwork,shelf display art,party host wall gift,square canvas decor,pink background deco,wine wall art,gift for wine lover,housewarming gift,miniature wall art,vino painting,bar wall art,wine theme art
Wine Glass Charms-Etched Flowers- Custom Designed & Special Orders,https://www.etsy.com/listing/1753848979/wine-glass-charms-etched-flowers-custom,TheRusticWitchShoppe,https://www.etsy.com/shop/TheRusticWitchShoppe,18.20,0,0,0,0,0,23 Mo.,0,0,19,Home & Living,98,0,0.0,91,"wine lovers,wine gifts,wine glass charms,hostess gifts,party favors,housewarming gift,wedding favors,unique gifts,bridesmaids gifts,drink charms,crystal charms,themed wine charms,celebrate",wine lovers,wine gifts,wine glass charms,hostess gifts,party favors,housewarming gift,wedding favors,unique gifts,bridesmaids gifts,drink charms,crystal charms,themed wine charms,celebrate
"Bigfoot Home Is Where You Park It Vanlife Rocks Cocktail Glass,Sasquatch, Bigfoot Valentines, Bigfoot Art, Yeti Gift, Bigfoot Whiskey Glass",https://www.etsy.com/listing/1834565134/bigfoot-home-is-where-you-park-it,WestWallia,https://www.etsy.com/shop/WestWallia,26.95,0,0,0,0,0,17 Mo.,0,0,1,Home & Living,30,0,0.0,282,"big foot,sasquatch gifts,bigfoot drinking mug,beer glass bigfoot,bigfoot whiskey,wine glass bigfoot,bigfoot drinking,yeti rocks glass,sasquatch glassware,sasquatch drinking,housewarming gift,bigfoot themed,van life",big foot,sasquatch gifts,bigfoot drinking mug,beer glass bigfoot,bigfoot whiskey,wine glass bigfoot,bigfoot drinking,yeti rocks glass,sasquatch glassware,sasquatch drinking,housewarming gift,bigfoot themed,van life
"MCM Wine Bottle Holder, Charcuterie Accessories, Eco-Friendly Housewarming Gift and Wine Display, 3D Printed Countertop Kitchen Decor, Rib",https://www.etsy.com/listing/1526310880/mcm-wine-bottle-holder-charcuterie,RosebudHomeGoods,https://www.etsy.com/shop/RosebudHomeGoods,42.00,0,0,0,0,0,34 Mo.,11,0,107,Home & Living,70,0,0.0,27607,"simple modern decor,wine gift accessory,countertop kitchen,housewarming basket,wine glass coaster,wine bottle holder,charcuterie cups,personalized boards,wine themed kitchen,wine bottle coaster,taylorswift decor,room decor aesthetic,studio ghibli",simple modern decor,wine gift accessory,countertop kitchen,housewarming basket,wine glass coaster,wine bottle holder,charcuterie cups,personalized boards,wine themed kitchen,wine bottle coaster,taylorswift decor,room decor aesthetic,studio ghibli
"Personalized Baseball Sports Coasters, ports Coasters, Cute Baseball Coaster, Home Decor for Baseball Lovers, Rustic Wedding Decor Gift",https://www.etsy.com/listing/1818938896/personalized-baseball-sports-coasters,handmadesupplyer,https://www.etsy.com/shop/handmadesupplyer,19.99,0,0,0,0,0,19 Mo.,1,0,192,Home & Living,142,0,0.0,52694,"baseball themed gift,dad gifts,gifts from daughter,fathers day gifts,gifts for him,coaches gift,baseball gift,baseball lovers gift,housewarming gift,coffee coasters,tea  coasters,wine coasters,whisky coasters",baseball themed gift,dad gifts,gifts from daughter,fathers day gifts,gifts for him,coaches gift,baseball gift,baseball lovers gift,housewarming gift,coffee coasters,tea  coasters,wine coasters,whisky coasters
Shoes Off Booze On Doormat | Personalized Family Welcome Mat,https://www.etsy.com/listing/4485502984/shoes-off-booze-on-doormat-personalized,HopeThreadStudio,https://www.etsy.com/shop/HopeThreadStudio,49.99,0,0,0,0,0,2 Mo.,0,0,1,Home & Living,12,0,0.0,33,"doormat funny,boots off doormat,wine lover mat,bar themed mat,personalized mat,custom family mat,party welcome,home bar decor,gifts for hosts,housewarming gift,booze theme mat,drink lovers mat,entryway mat",doormat funny,boots off doormat,wine lover mat,bar themed mat,personalized mat,custom family mat,party welcome,home bar decor,gifts for hosts,housewarming gift,booze theme mat,drink lovers mat,entryway mat
"Wine Bottle Wall Art, Vintage Wine Lover Decor, Black White Print, Eclectic Kitchen Poster, Industrial Bar Art, Wine Gift, Printable Decor",https://www.etsy.com/listing/1875711950/wine-bottle-wall-art-vintage-wine-lover,MuseMachineArt,https://www.etsy.com/shop/MuseMachineArt,5.69,0,0,0,0,0,1 Mo.,0,0,3,Art & Collectibles,1,0,0.0,0,"wine bottle art,vintage wine decor,black white print,eclectic kitchen art,industrial bar decor,wine lover gift,printable wall art,digital download art,housewarming gift,dining room wall art,wine themed art,high resolution download,kitchen wall decor",wine bottle art,vintage wine decor,black white print,eclectic kitchen art,industrial bar decor,wine lover gift,printable wall art,digital download art,housewarming gift,dining room wall art,wine themed art,high resolution download,kitchen wall decor
"Nomb Oyster Shell Wine Stopper - Unique Hostess Gifts, Beach Themed Wedding Gift, Bridesmaid Gifts, Housewarming Gift,",https://www.etsy.com/listing/4295515406/nomb-oyster-shell-wine-stopper-unique,Coastalcorked,https://www.etsy.com/shop/Coastalcorked,24.95,0,0,0,0,0,10 Mo.,0,0,9,Home & Living,13,0,0.0,8,"",--,--,--,--,--,--,--,--,--,--,--,--,--
"Vineyard Cork Coaster Set, Rustic Home Decor, Wine Lover Gift, Table Protection, Housewarming, Kitchen Accessory",https://www.etsy.com/listing/4372698406/vineyard-cork-coaster-set-rustic-home,Vermontcomfort,https://www.etsy.com/shop/Vermontcomfort,19.36,0,0,0,0,0,4 Mo.,0,0,0,Home & Living,5,0,0.0,8,"coaster set,drink coasters,home decor,wine accessories,kitchen gifts,rustic coasters,vineyard theme,wine lover gift,eco friendly,bar accessories,housewarming gift,party supplies,outdoor entertaining",coaster set,drink coasters,home decor,wine accessories,kitchen gifts,rustic coasters,vineyard theme,wine lover gift,eco friendly,bar accessories,housewarming gift,party supplies,outdoor entertaining
Custom Engraved Wooden Bottle Opener: Personalized Beer Gift,https://www.etsy.com/listing/1723009890/custom-engraved-wooden-bottle-opener,JoyCraftedArt,https://www.etsy.com/shop/JoyCraftedArt,19.98,0,0,0,75,12,19 Mo.,72,1,4047,Home & Living,24,57,1.85,13850,"drinkware accessory,beer bottle opener,household essentials,bar tools customized,dad mom retirement,groomsman colleagues,custom name engraved,birthday anniversary,wooden personalized,drink lover themed,father day wine wall,housewarming favor,pub home party gifts",drinkware accessory,beer bottle opener,household essentials,bar tools customized,dad mom retirement,groomsman colleagues,custom name engraved,birthday anniversary,wooden personalized,drink lover themed,father day wine wall,housewarming favor,pub home party gifts
Holiday Themed Wine/Alcohol/Booze (Bottle) Gift Bag |Housewarming Gift|Christmas Gift|Holiday Gift| - Multiple Options Available,https://www.etsy.com/listing/1117811276/holiday-themed-winealcoholbooze-bottle,maedaymaedaymaeday,https://www.etsy.com/shop/maedaymaedaymaeday,11.75,0,0,0,0,0,35 Mo.,3,0,70,Paper & Party Supplies,42,0,0.0,14876,"personalized gift,unique gift,wine gift bag,alcohol bag,christmas gift bag,hostess gift,party favor,custom wine bag,merry christmas,happy holidays,dinner guest gift,reindeer gift bag,burlap wine bag",personalized gift,unique gift,wine gift bag,alcohol bag,christmas gift bag,hostess gift,party favor,custom wine bag,merry christmas,happy holidays,dinner guest gift,reindeer gift bag,burlap wine bag
"Shell Wine Bottle Stopper,Unique Hostess Gifts,Bridesmaid Gifts,Beach Themed Wedding Gift, Housewarming Gift,Beach Decor,Favors,handmade",https://www.etsy.com/listing/4306100500/shell-wine-bottle-stopperunique-hostess,RusticEleganceSS,https://www.etsy.com/shop/RusticEleganceSS,101.00,0,0,0,0,0,1 Mo.,0,0,6,Home & Living,11,0,0.0,1,"blue chinoiserie,unique hostess gifts,bridesmaid gifts,housewarming gift,oyster wine stopper,blue and white,shell bottle stopper,wine bottle stopper,oyster shell art,coastal decor,christmas ornament,unique wedding gift,beach wedding favors",blue chinoiserie,unique hostess gifts,bridesmaid gifts,housewarming gift,oyster wine stopper,blue and white,shell bottle stopper,wine bottle stopper,oyster shell art,coastal decor,christmas ornament,unique wedding gift,beach wedding favors
"Friends Theme Gift, Ill Be There For You, Best Friend Wine Glass, Best friend Gift Idea, Long Distance Best Friend",https://www.etsy.com/listing/778516161/friends-theme-gift-ill-be-there-for-you,BluAnchorCreations,https://www.etsy.com/shop/BluAnchorCreations,11.50,0,0,0,74,13,75 Mo.,37,0,846,Home & Living,130,0,8.75,64255,"long distance friend,best friend gift,state to state glass,friendship wine,long distance gift,gift for friend,house warming gift,best friends forever,friends wine glass,ill be there for you,friend moving,friend gift idea,friends theme",long distance friend,best friend gift,state to state glass,friendship wine,long distance gift,gift for friend,house warming gift,best friends forever,friends wine glass,ill be there for you,friend moving,friend gift idea,friends theme
Metal Vino Sign Wall Art - Vineyard Grapes Wall Decor - Wine Lover Gift - Home Bar Sign - Large Circular Winery Art - Kitchen Wall Hanging,https://www.etsy.com/listing/4447643241/metal-vino-sign-wall-art-vineyard-grapes,MetalSpire,https://www.etsy.com/shop/MetalSpire,22.11,0,0,0,0,0,4 Mo.,0,0,22,Home & Living,4,0,0.0,1,"vino wall sign,metal wine decor,winery wall art,grape vine decor,wine lover gift,home bar art,kitchen wall decor,industrial wall art,wine cellar sign,housewarming gift,circular metal sign,vineyard theme,italian style decor",vino wall sign,metal wine decor,winery wall art,grape vine decor,wine lover gift,home bar art,kitchen wall decor,industrial wall art,wine cellar sign,housewarming gift,circular metal sign,vineyard theme,italian style decor
Etched Cherry Stemless Wine Glass: Summer Fruit Glassware,https://www.etsy.com/listing/4369303697/etched-cherry-stemless-wine-glass-summer,Blockislandarts,https://www.etsy.com/shop/Blockislandarts,14.99,0,0,0,4,1,8 Mo.,3,0,31,Home & Living,167,0,12.9,3778,"stemless wine glass,personalized glass,summer fruit motif,cherry themed decor,housewarming gift,summertime wine,fruit etched glass,cherry glassware,fun summer fruit,cherry wine glass,handmade in usa,wine lover gift,personalized gift",stemless wine glass,personalized glass,summer fruit motif,cherry themed decor,housewarming gift,summertime wine,fruit etched glass,cherry glassware,fun summer fruit,cherry wine glass,handmade in usa,wine lover gift,personalized gift
"Fall kitchen tea towel, dish towel, hostess gift, gift for her, Mom gift, gift for him, custom kitchen towel, hand towel, custom towel gift",https://www.etsy.com/listing/1772624098/fall-kitchen-tea-towel-dish-towel,ExpresslyCreative,https://www.etsy.com/shop/ExpresslyCreative,13.00,0,0,0,0,0,21 Mo.,0,0,10,Home & Living,93,0,0.0,2496,"housewarming gift,funny kitchen towel,friend gift,teacher gift,funny towel for mom,funny  dish towel,hostess gift,gift for mom,wine lover gift,wine theme towel,gift for her,gift for him,mother's day",housewarming gift,funny kitchen towel,friend gift,teacher gift,funny towel for mom,funny  dish towel,hostess gift,gift for mom,wine lover gift,wine theme towel,gift for her,gift for him,mother's day
"Sea Turtle Wine Glass Charms (Set of 8) Coastal Wine Markers, Wine Gift, Hostess Gift, Marine Party Favors, Beach Theme, Housewarming Gift",https://www.etsy.com/listing/606781676/sea-turtle-wine-glass-charms-set-of-8,BeaditudeBoutique,https://www.etsy.com/shop/BeaditudeBoutique,15.95,0,0,0,0,0,95 Mo.,1,0,164,Home & Living,188,0,0.0,3494,"beaditude,gift ideas,wine glass charms,wine charm,hostess gift,wine gift,beach favors,beach theme gift,party favors,housewarming gift,beach house gift,sea turtle lover,turtle wine charms",beaditude,gift ideas,wine glass charms,wine charm,hostess gift,wine gift,beach favors,beach theme gift,party favors,housewarming gift,beach house gift,sea turtle lover,turtle wine charms
"Personalized Wine sign,Metal Wine name sign,Housewarming Gift,Kitchen Wine sign,Outdoor decor,custom metal Wine Sign,10-24 inches",https://www.etsy.com/listing/4317757339/personalized-wine-signmetal-wine-name,elespaciostore,https://www.etsy.com/shop/elespaciostore,32.90,0,0,0,0,0,3 Mo.,0,0,12,Home & Living,14,0,0.0,1078,"wine metal wall art,wine metal wall sign,wine decor,wine theme decor,wine bar name sign,wine name signs,wine led sign,wine name sign,outdoor decor,wine lover gifts,kitchen decor art,housewarming gift,wine metal sign",wine metal wall art,wine metal wall sign,wine decor,wine theme decor,wine bar name sign,wine name signs,wine led sign,wine name sign,outdoor decor,wine lover gifts,kitchen decor art,housewarming gift,wine metal sign
Personalizable Wine Bottle Template - Printable Instant Download,https://www.etsy.com/listing/4429192804/personalizable-wine-bottle-template,Pixelperfectnyli,https://www.etsy.com/shop/Pixelperfectnyli,3.50,0,0,0,0,0,4 Mo.,0,0,17,Paper & Party Supplies,6,0,0.0,14,"printable wine label,christmas decor,xmas party supplies,customized prints,easy to edit,floral luxury design,classy decorations,vintage style theme,coquet bow print,last minute gift,dinner hosting ideas,house warming sign,special keepsake",printable wine label,christmas decor,xmas party supplies,customized prints,easy to edit,floral luxury design,classy decorations,vintage style theme,coquet bow print,last minute gift,dinner hosting ideas,house warming sign,special keepsake
"Canvas Wall Art, Wine Lover Gift, Mosaic Design Home Decor, Kitchen Decor, Housewarming Present",https://www.etsy.com/listing/4347159486/canvas-wall-art-wine-lover-gift-mosaic,JustCustomPrint,https://www.etsy.com/shop/JustCustomPrint,45.99,0,0,0,0,0,8 Mo.,0,0,0,Home & Living,13,0,0.0,13,"wine art,mosaic design,stretched canvas,home decor,unique artwork,gift for wine lover,housewarming gift,modern wall decor,wine theme decor,artistic home accent,abstract wine art,kitchen wall art,contemporary decor",wine art,mosaic design,stretched canvas,home decor,unique artwork,gift for wine lover,housewarming gift,modern wall decor,wine theme decor,artistic home accent,abstract wine art,kitchen wall art,contemporary decor
Hand stamped silver party wine glass charms,https://www.etsy.com/listing/503943084/hand-stamped-silver-party-wine-glass,littledorisdesigns,https://www.etsy.com/shop/littledorisdesigns,22.98,0,0,0,0,0,110 Mo.,5,0,481,Home & Living,124,0,0.0,1053,"gifts for her,gifts for him,housewarming,party,wine glass charms,hostess gift,wine lover,active,hand stamped,party themed,wine charms,personalised,hen night",gifts for her,gifts for him,housewarming,party,wine glass charms,hostess gift,wine lover,active,hand stamped,party themed,wine charms,personalised,hen night
"Coastal Themed Wine Glass Charm Set for Your Beach House, Housewarming Party or Beach Wedding Gift, Wine Lover Christmas Gift, Set of 6",https://www.etsy.com/listing/1561804963/coastal-themed-wine-glass-charm-set-for,ABeachcomberBoutique,https://www.etsy.com/shop/ABeachcomberBoutique,15.00,0,0,0,0,0,32 Mo.,2,0,73,Home & Living,66,0,0.0,858,"nautical,wedding,beach,coastal,wine charms,wine glass charms,beach house,wine lover,housewarming,christmas gift,coastal wedding,beach wedding,bridal shower",nautical,wedding,beach,coastal,wine charms,wine glass charms,beach house,wine lover,housewarming,christmas gift,coastal wedding,beach wedding,bridal shower
"Ship&#39;s Wheel Glasses | Personalized Beer, Cocktail, Whiskey, Wine glassware. Mariner & Nautical Sailing gift, Coastal living home decor.",https://www.etsy.com/listing/1163002490/ships-wheel-glasses-personalized-beer,BenoitsDesignCo,https://www.etsy.com/shop/BenoitsDesignCo,20.00,0,0,0,7,1,52 Mo.,14,0,195,Home & Living,126,0,3.59,55564,"wine glasses,whiskey glasses,cocktail glasses,barware set,gifts for him,gifts for her,nautical decor,personalized gift,custom glassware,beach house accent,ocean themed gift,boaters home accent,housewarming gift",wine glasses,whiskey glasses,cocktail glasses,barware set,gifts for him,gifts for her,nautical decor,personalized gift,custom glassware,beach house accent,ocean themed gift,boaters home accent,housewarming gift
"Western Buffalo Scene Glasses | Personalized etched glassware for beer, whiskey, wine & cocktails. Ranch Desert Scene, Southwestern Decor.",https://www.etsy.com/listing/1658965592/western-buffalo-scene-glasses,BenoitsDesignCo,https://www.etsy.com/shop/BenoitsDesignCo,20.00,0,0,0,22,3,28 Mo.,31,0,503,Home & Living,126,0,4.37,55564,"cocktail glasses,barware set,gifts for him,gifts for her,personalized gifts,wine glasses,whiskey glasses,beer glasses,housewarming gift,southwestern glasses,country ranch decor,western theme glass,western buffalo",cocktail glasses,barware set,gifts for him,gifts for her,personalized gifts,wine glasses,whiskey glasses,beer glasses,housewarming gift,southwestern glasses,country ranch decor,western theme glass,western buffalo
"Starry Seashell Resin Art Champagne Wine Glass, Handmade  Style Art Goblet, Housewarming Gift for Wine Lovers,Unique Gift & Home Decor.",https://www.etsy.com/listing/4497109816/starry-seashell-resin-art-champagne-wine,AnongrakTidthong,https://www.etsy.com/shop/AnongrakTidthong,117.44,0,0,0,0,0,1 Mo.,1,0,3,Pet Supplies,5,0,0.0,0,"seashell wine glass,starry champagne glass,handmade shell glassware,creative wine gift,housewarming gift,ocean inspired glass,beach decor glass,natural shell goblet,wine lover gift,artistic champagne glass,unique drinking glass,decorative wine glass,wine glasses beach theme",seashell wine glass,starry champagne glass,handmade shell glassware,creative wine gift,housewarming gift,ocean inspired glass,beach decor glass,natural shell goblet,wine lover gift,artistic champagne glass,unique drinking glass,decorative wine glass,wine glasses beach theme
High Quality Machine Embroidered Flour Sack Towel Wine Theme &quot;Sauced Pig&quot; dancing and holding a wine glass Tea Dish Kitchen towel farmhouse,https://www.etsy.com/listing/972358937/high-quality-machine-embroidered-flour,oldspoolembroidery,https://www.etsy.com/shop/oldspoolembroidery,11.25,0,0,0,4,1,62 Mo.,3,0,64,Home & Living,187,0,6.25,5272,"wine,wine theme,flour sack towel,kitchen towel,tea towel,dish towel,hostess gift,wine tasting,bread basked liner,sauced pig,pig,farmhouse,house warming",wine,wine theme,flour sack towel,kitchen towel,tea towel,dish towel,hostess gift,wine tasting,bread basked liner,sauced pig,pig,farmhouse,house warming
Funny Wine Dish Towel: &#39;A Meal Without Wine is Called Breakfast&#39;,https://www.etsy.com/listing/783696665/funny-wine-dish-towel-a-meal-without,HeathersCraftHutch,https://www.etsy.com/shop/HeathersCraftHutch,17.99,0,0,0,0,0,74 Mo.,2,0,43,Home & Living,141,0,0.0,5907,"house warming gift,kitchen towel,funny dish towel,wine lover gift,wine lover towel,funny gift,adult gift,adult humor gift,humorous gift,wine themed gift,kitchen decor,gifts under 20,funny gifts",house warming gift,kitchen towel,funny dish towel,wine lover gift,wine lover towel,funny gift,adult gift,adult humor gift,humorous gift,wine themed gift,kitchen decor,gifts under 20,funny gifts
"Oyster Shell Wine Bottle Stopper, Unique Hostess Gifts, Beach Themed Wedding Gift, Bridesmaid Gifts, Housewarming Gift, Beach Decor, Favors",https://www.etsy.com/listing/1770238449/oyster-shell-wine-bottle-stopper-unique,SaltyShopStudios,https://www.etsy.com/shop/SaltyShopStudios,28.00,0,0,0,97,17,22 Mo.,279,1,8139,Home & Living,36,90,1.19,431,"beach wedding favors,blue chinoiserie,blue and white,bridesmaid gifts,christmas ornament,coastal decor,housewarming gift,oyster shell art,oyster wine stopper,shell bottle stopper,unique hostess gifts,unique wedding gift,wine bottle stopper",beach wedding favors,blue chinoiserie,blue and white,bridesmaid gifts,christmas ornament,coastal decor,housewarming gift,oyster shell art,oyster wine stopper,shell bottle stopper,unique hostess gifts,unique wedding gift,wine bottle stopper
"Hostess gift for women, alcohol themed gifts, funny dishtowels, wine themed gifts, dirty martini, gifts for wine lover, gift friend, punny",https://www.etsy.com/listing/1806734193/hostess-gift-for-women-alcohol-themed,KitchenGiftCo,https://www.etsy.com/shop/KitchenGiftCo,24.98,0,0,0,0,0,19 Mo.,3,0,40,Home & Living,21,0,0.0,1323,"alcohol themed gifts,funny dishtowels,wine themed gifts,dirty martini,gifts for wine lover,gift friend,punny gift,hostess gift,for women,kitchen towels,house warming gifts,tea towel,cooking gifts",alcohol themed gifts,funny dishtowels,wine themed gifts,dirty martini,gifts for wine lover,gift friend,punny gift,hostess gift,for women,kitchen towels,house warming gifts,tea towel,cooking gifts
"Wine Themed Charms, Grape Wine Charms, Glass Markers, Glass Tags, Hostess Gifts, Housewarming Gifts, Set Of 6, Set Of 12, FREE SHIPPING",https://www.etsy.com/listing/1551691733/wine-themed-charms-grape-wine-charms,WineAndDineWithKathy,https://www.etsy.com/shop/WineAndDineWithKathy,19.99,0,0,0,0,0,32 Mo.,1,0,35,Home & Living,35,0,0.0,10321,"wine,wine glasses,wine gift ideas,wine lover,hostess gifts,wine gifts,wine theme,hostess gift,wine cellar,white wine lover,red wine lover,anniversary gift,gifts under 20",wine,wine glasses,wine gift ideas,wine lover,hostess gifts,wine gifts,wine theme,hostess gift,wine cellar,white wine lover,red wine lover,anniversary gift,gifts under 20
Blue Heron Anything Dish | 5&quot; Wine Coaster | Unique Hostess Gift | Decorative Tableware for Home Decor,https://www.etsy.com/listing/1875408341/blue-heron-anything-dish-5-wine-coaster,janeandlizzee,https://www.etsy.com/shop/janeandlizzee,16.00,0,0,0,0,0,15 Mo.,4,0,41,Home & Living,122,0,0.0,504,"tapas plate,great blue heron,coastal plate,blue heron plate,hostess gift,housewarming gift,heron plate,wine coaster,blue heron coaster,bird motif tableware,nature themed decor,wine coaster gift,collectible dish",tapas plate,great blue heron,coastal plate,blue heron plate,hostess gift,housewarming gift,heron plate,wine coaster,blue heron coaster,bird motif tableware,nature themed decor,wine coaster gift,collectible dish
"Wine Cork Bee Ornament, Bumble Bee Tiered Tray, Meant to Bee Wedding Table Decoration, Bridesmaid Best Man Thank You Gift, Fun Cubicle Decor",https://www.etsy.com/listing/836673205/wine-cork-bee-ornament-bumble-bee-tiered,CorkiesBySteph,https://www.etsy.com/shop/CorkiesBySteph,34.00,0,0,0,0,0,70 Mo.,10,0,1632,Home & Living,74,0,0.0,3976,"housewarming gift,sister gift,christmas gift,tiered tray decor,wine lover gift,desk accessory,beekeeper gift,wine cork bee,ornament handmade,honey bee kitchen,yellow black theme,bar cart accessory,vineyard wedding",housewarming gift,sister gift,christmas gift,tiered tray decor,wine lover gift,desk accessory,beekeeper gift,wine cork bee,ornament handmade,honey bee kitchen,yellow black theme,bar cart accessory,vineyard wedding
"Upcycled painted wine bottle, Salt water heals my soul, beach themed, coastal decor, shelf decor, home accent, great housewarming gift.",https://www.etsy.com/listing/4383385482/upcycled-painted-wine-bottle-salt-water,SmallTownCraftsByM,https://www.etsy.com/shop/SmallTownCraftsByM,23.00,0,0,0,0,0,7 Mo.,0,0,20,,22,0,0.0,49,"upcycled wine bottle,beach themed,costal decor,heartfelt saying,housewarming gift,shelf decor,gift idea",upcycled wine bottle,beach themed,costal decor,heartfelt saying,housewarming gift,shelf decor,gift idea,--,--,--,--,--,--
"Wine wall art, Home decor, Kitchen decor, Minimalist print, Typography quote, Retro wall art, Digital download, Wine lover gift",https://www.etsy.com/listing/4487432332/wine-wall-art-home-decor-kitchen-decor,LuluStudiosCo,https://www.etsy.com/shop/LuluStudiosCo,3.99,0,0,0,0,0,1 Mo.,0,0,2,Art & Collectibles,40,0,0.0,186,"wine lover gift,kitchen wall art,home decor print,wine wall art,minimalist print,bar cart decor,housewarming gift,dopamine art,wine themed decor,digital print,funny kitchen sign,funny wall quote,alcohol print",wine lover gift,kitchen wall art,home decor print,wine wall art,minimalist print,bar cart decor,housewarming gift,dopamine art,wine themed decor,digital print,funny kitchen sign,funny wall quote,alcohol print
"Epoxy Alcohol Ink Wine Glasses, Turquoise Seashell Charm, Beach Decor Barware",https://www.etsy.com/listing/4490473131/epoxy-alcohol-ink-wine-glasses-turquoise,DKWineDecor,https://www.etsy.com/shop/DKWineDecor,45.00,0,0,0,0,0,1 Mo.,2,0,93,Home & Living,4,33,0.0,38,"housewarming gift,gift for her,gift for wine lover,handmade wine glass,unique wine glasses,custom wine glass,barware decor,wine glass set,wine lover gift,beach wine glasses,ocean themed glass,seashell wine glass,coastal wine glass",housewarming gift,gift for her,gift for wine lover,handmade wine glass,unique wine glasses,custom wine glass,barware decor,wine glass set,wine lover gift,beach wine glasses,ocean themed glass,seashell wine glass,coastal wine glass
Beach themed beaded wine charms/ Set of 4,https://www.etsy.com/listing/1261777696/beach-themed-beaded-wine-charms-set-of-4,CharmedImSureByTara,https://www.etsy.com/shop/CharmedImSureByTara,8.00,0,0,0,0,0,46 Mo.,0,0,17,Jewelry,118,0,0.0,4288,"wine glass charm,wine glass marker,gift,gift for her,wine charm,wine marker,gift idea,housewarming gift,beach lover gift,beach theme,wine markers,beaded wine charms,wine charms",wine glass charm,wine glass marker,gift,gift for her,wine charm,wine marker,gift idea,housewarming gift,beach lover gift,beach theme,wine markers,beaded wine charms,wine charms
"Wine First Funny Throw Pillow Set, 2 Pillow Set, Funny Wine Lover Gift, Pillow Pair for Wine Drinkers, Girls Night In Decor, Wine and Relax",https://www.etsy.com/listing/4321313941/wine-first-funny-throw-pillow-set-2,QuietHomeCreations,https://www.etsy.com/shop/QuietHomeCreations,74.00,0,0,0,0,0,11 Mo.,2,0,28,Home & Living,12,0,0.0,460,"housewarming gift,boho square pillow,black white cushion,gift for coworker,funny throw pillow,cheeky pillow set,funny dorm decor,savage bestie gift,funny wine decor,girls night gift,wine quote pillows,wine theme pillows,wine aesthetic decor",housewarming gift,boho square pillow,black white cushion,gift for coworker,funny throw pillow,cheeky pillow set,funny dorm decor,savage bestie gift,funny wine decor,girls night gift,wine quote pillows,wine theme pillows,wine aesthetic decor
Oyster shell napkin ring. Seashell napkin holder. Oyster shell wine bottle charm,https://www.etsy.com/listing/1441892371/oyster-shell-napkin-ring-seashell-napkin,DoneleDesign,https://www.etsy.com/shop/DoneleDesign,10.00,0,0,0,7,2,38 Mo.,5,0,154,Home & Living,85,0,4.55,1430,"napkin rings,housewarming,seashells,oyster shells,wine bottle charm,oyster ornament,dining,mothers day,ocean,beach themed,anniversary,wedding gift,nautical",napkin rings,housewarming,seashells,oyster shells,wine bottle charm,oyster ornament,dining,mothers day,ocean,beach themed,anniversary,wedding gift,nautical
"Christmas Wine Stopper; great party favor, stocking stuffer, bridesmaids gift, secret santa, wedding favors, housewarming gifts.",https://www.etsy.com/listing/1322197212/christmas-wine-stopper-great-party-favor,TheGlassGarnish,https://www.etsy.com/shop/TheGlassGarnish,17.00,0,0,0,0,0,43 Mo.,0,0,8,Home & Living,55,0,0.0,129,"christmas theme,wine accessories,kelly kiernan,kellyiswired,flowingpurpleglass,flowing purple glass,kiln fused glass,blown glass,glass gifts,handmade gifts,housewarming",christmas theme,wine accessories,kelly kiernan,kellyiswired,flowingpurpleglass,flowing purple glass,kiln fused glass,blown glass,glass gifts,handmade gifts,housewarming,--,--
Funny Mermaid Bathroom Wall Art - Get Naked Unless You Are Visiting Poster - Vintage Mermaid Canvas Print - Funny Restroom Decor Gift Home.,https://www.etsy.com/listing/4504743856/funny-mermaid-bathroom-wall-art-get,HomeDecorByKA,https://www.etsy.com/shop/HomeDecorByKA,29.24,0,0,0,0,0,1 Mo.,0,0,0,Home & Living,11,0,0.0,220,"mermaid bathroom art,get naked poster,funny restroom sign,mermaid wine lover,bathroom wall decor,funny housewarming,mermaid canvas print,coastal bath decor,mythical wall art,retro mermaid print,unique bathroom gift,ocean themed decor,vintage mermaid",mermaid bathroom art,get naked poster,funny restroom sign,mermaid wine lover,bathroom wall decor,funny housewarming,mermaid canvas print,coastal bath decor,mythical wall art,retro mermaid print,unique bathroom gift,ocean themed decor,vintage mermaid
Charming White Wine Embroidered Kitchen Towel,https://www.etsy.com/listing/1874082129/handmade-white-wine-embroidered-kitchen,Lauriesplushplus,https://www.etsy.com/shop/Lauriesplushplus,21.50,0,0,0,0,0,15 Mo.,0,0,5,Home & Living,29,0,0.0,28,"embroidered kitchen,wine themed gift,rustic home decor,wine lover gift,personalized towels,home bar essentials,white wine lovers,farmhouse kitchen,wine bottle design,wine accessory gift,housewarming gift,wine drinkers gift,style your kitchen",embroidered kitchen,wine themed gift,rustic home decor,wine lover gift,personalized towels,home bar essentials,white wine lovers,farmhouse kitchen,wine bottle design,wine accessory gift,housewarming gift,wine drinkers gift,style your kitchen
Italian Night Kit Gift Bag | Pasta Night Gift Set | Date Night Kit | Wine Night Gift | Housewarming Gift | Italian Dinner Party Kit,https://www.etsy.com/listing/4492254175/italian-night-kit-gift-bag-pasta-night,GoldAccents,https://www.etsy.com/shop/GoldAccents,129.99,0,0,0,0,0,1 Mo.,0,0,16,Paper & Party Supplies,122,0,0.0,262,"italian night kit,pasta night gift,italian dinner party,wine night gift,date night kit,housewarming gift,dinner party favors,couples gift,romantic gift,hostess gift,pasta gift set,italian themed party,cozy night kit",italian night kit,pasta night gift,italian dinner party,wine night gift,date night kit,housewarming gift,dinner party favors,couples gift,romantic gift,hostess gift,pasta gift set,italian themed party,cozy night kit
"Anubis Bottle Stopper – 3D Printed Egyptian Decor, Wine Lover Gift",https://www.etsy.com/listing/4300242931/anubis-bottle-stopper-3d-printed,GetLitStudioCo,https://www.etsy.com/shop/GetLitStudioCo,14.99,0,0,0,0,0,12 Mo.,1,0,16,Home & Living,13,0,0.0,11,"anubis wine stopper,egyptian wine stoppe,wine bottle stopper,mythology gift,anubis decor,wine accessories,unique barware,housewarming gift,ancient egypt decor,anubis kitchen gift,ancient egyptian art,unique wine gift ide,egyptian themed gift",anubis wine stopper,egyptian wine stoppe,wine bottle stopper,mythology gift,anubis decor,wine accessories,unique barware,housewarming gift,ancient egypt decor,anubis kitchen gift,ancient egyptian art,unique wine gift ide,egyptian themed gift
Halloween Witches Theme - Kitchen Towels with Crochet Topper and Bonus Top Loop,https://www.etsy.com/listing/1795255340/halloween-witches-theme-kitchen-towels,SusieQCrochetTowels,https://www.etsy.com/shop/SusieQCrochetTowels,15.00,0,0,0,0,0,19 Mo.,0,0,1,Home & Living,28,0,0.0,29,"halloween,witches,hocus pocus,wine,halloween theme,kitchen towels,towels,crochet topper,crochet top,hanging towel,home decor,housewarming gift,hostess gift",halloween,witches,hocus pocus,wine,halloween theme,kitchen towels,towels,crochet topper,crochet top,hanging towel,home decor,housewarming gift,hostess gift
"Texas Wine Glass Charms, Hostess Gift Ideas, Texas Themed Gift, Wine Lover Gift, Texas Gifts",https://www.etsy.com/listing/571990887/texas-wine-glass-charms-hostess-gift,LifeBaubles,https://www.etsy.com/shop/LifeBaubles,18.95,0,0,0,114,17,102 Mo.,89,0,2141,Home & Living,120,0,5.32,6966,"wine gifts,wine gift,texas state,texas themed gift,texas gift,hostess gift ideas,wine glass charms,gifts for him,wine glass charm,hostess gift,wine charms,housewarming gifts,party favors",wine gifts,wine gift,texas state,texas themed gift,texas gift,hostess gift ideas,wine glass charms,gifts for him,wine glass charm,hostess gift,wine charms,housewarming gifts,party favors
"Arizona Wine Glass Charms, Hostess Gift Ideas, Cocktail Party Accessories, Southwest Themed Gift",https://www.etsy.com/listing/645034317/arizona-wine-glass-charms-hostess-gift,LifeBaubles,https://www.etsy.com/shop/LifeBaubles,18.95,0,0,0,40,6,92 Mo.,37,0,831,Home & Living,120,0,4.81,6966,"wine gifts,arizona souvenir,southwest themed,arizona gift,arizona wine charm,arizona state,wine glass charms,gifts for him,wine glass charm,hostess gift,wine charms,housewarming gifts,party favors",wine gifts,arizona souvenir,southwest themed,arizona gift,arizona wine charm,arizona state,wine glass charms,gifts for him,wine glass charm,hostess gift,wine charms,housewarming gifts,party favors
"Maryland Wine Glass Charms, Hostess Gift Ideas, Cocktail Party Accessories, Maryland Themed Gift",https://www.etsy.com/listing/671270756/maryland-wine-glass-charms-hostess-gift,LifeBaubles,https://www.etsy.com/shop/LifeBaubles,18.95,0,0,0,73,11,87 Mo.,64,0,1234,Home & Living,120,0,5.92,6966,"hostess gift,wine gifts,baltimore gift,maryland themed gift,maryland state,maryland souvenir,maryland gift,maryland wine gift,wine glass charms,wine glass charm,wine charms,housewarming gifts,party favors",hostess gift,wine gifts,baltimore gift,maryland themed gift,maryland state,maryland souvenir,maryland gift,maryland wine gift,wine glass charms,wine glass charm,wine charms,housewarming gifts,party favors
"West Virginia Wine Glass Charms, Hostess Gift Ideas, West Virginia Themed Gift, West Virginia Gift",https://www.etsy.com/listing/1112450179/west-virginia-wine-glass-charms-hostess,LifeBaubles,https://www.etsy.com/shop/LifeBaubles,18.95,0,0,0,0,0,54 Mo.,2,0,99,Home & Living,120,0,0.0,6966,"wine gifts,west virginia gift,west virginia souven,west virginia state,west virginia theme,west virginia wine,virginia wine charms,wine glass charms,wine glass charm,hostess gift,wine charms,housewarming gifts,party favors",wine gifts,west virginia gift,west virginia souven,west virginia state,west virginia theme,west virginia wine,virginia wine charms,wine glass charms,wine glass charm,hostess gift,wine charms,housewarming gifts,party favors
Scotland Wine Glass Charms,https://www.etsy.com/listing/749234909/scotland-wine-glass-charms-scotland-wine,LifeBaubles,https://www.etsy.com/shop/LifeBaubles,18.95,0,0,0,60,9,79 Mo.,31,0,496,Home & Living,120,0,12.1,6966,"wine gifts,scottish charms,scottish themed gift,scotland charm,scotland themed gift,scotland wine charms,celtic themed,wine glass charms,gift for travelers,hostess gift,wine charms,housewarming gifts,party favor",wine gifts,scottish charms,scottish themed gift,scotland charm,scotland themed gift,scotland wine charms,celtic themed,wine glass charms,gift for travelers,hostess gift,wine charms,housewarming gifts,party favor
"Etched Dog Wine Glass – Stemless Glass, Dog Lover Gift with Saying, Engraved Pet Owner Glass",https://www.etsy.com/listing/581927718/etched-dog-wine-glass-stemless-glass-dog,StoneEffectsMD,https://www.etsy.com/shop/StoneEffectsMD,15.95,0,0,0,0,0,99 Mo.,9,0,61,Home & Living,162,0,0.0,26855,"etched wine glass,stemless wine glass,engraved wine glass,dog wine glass,custom stemless wine,housewarming wine,dog wine gift,custom wine glass,dog lover gift,dog mom wine glass,dog themed gift,glass with quote,paw print wine glass",etched wine glass,stemless wine glass,engraved wine glass,dog wine glass,custom stemless wine,housewarming wine,dog wine gift,custom wine glass,dog lover gift,dog mom wine glass,dog themed gift,glass with quote,paw print wine glass
"Thai Woman Portrait • Beige, Gold & Wine-Red Wall Art • Large Canvas Prints",https://www.etsy.com/listing/1832848546/thai-woman-portrait-art-beige-gold-wine,ComfyCapeChateau,https://www.etsy.com/shop/ComfyCapeChateau,74.68,0,0,0,0,0,17 Mo.,0,0,29,Home & Living,33,0,0.0,263,"elegant asian decor,far east wall art,oriental themed art,boho chic artwork,restaurant artwork,statement artworks,thai woman print,interior design art,abstract wall art,beige gold wine red,home office decor,housewarming gifts,guest room decor",elegant asian decor,far east wall art,oriental themed art,boho chic artwork,restaurant artwork,statement artworks,thai woman print,interior design art,abstract wall art,beige gold wine red,home office decor,housewarming gifts,guest room decor
"Happy Birthday Wine Beach Gift Box, Beach Lover, Cottage Gift Basket, Wine Lover Gift Set, Personalized Stemless Wine Tumbler, Soy Candle",https://www.etsy.com/listing/1160427554/happy-birthday-wine-beach-gift-box-beach,GabysGiftBoxesFL,https://www.etsy.com/shop/GabysGiftBoxesFL,49.00,0,0,0,26,9,51 Mo.,65,0,2379,Home & Living,91,25,1.09,3931,"gift box for friend,bestie gift box,gift for new home,housewarming gift,beachy gift basket,beach themed gift,happy birthday gift,send sunshine gift,ocean inspired,long distance gift,sand and sea gift,coastal gift box,stemless wine",gift box for friend,bestie gift box,gift for new home,housewarming gift,beachy gift basket,beach themed gift,happy birthday gift,send sunshine gift,ocean inspired,long distance gift,sand and sea gift,coastal gift box,stemless wine
Wine Design Flour Sack Towel - Cotton Kitchen Towel,https://www.etsy.com/listing/845708527/wine-design-flour-sack-towel-cotton,DragonflyManorDesign,https://www.etsy.com/shop/DragonflyManorDesign,16.00,0,0,0,3,1,70 Mo.,0,0,61,Home & Living,73,0,4.92,66,"kitchen towels,wine design towels,flour sack towel,kitchen decor,wine theme towel,custom towels,wine tea towels,housewarming gift,bridal shower gift,wedding gift,birthday gift,hostess gift,wine gift",kitchen towels,wine design towels,flour sack towel,kitchen decor,wine theme towel,custom towels,wine tea towels,housewarming gift,bridal shower gift,wedding gift,birthday gift,hostess gift,wine gift
"Beach Theme Wine Charms, Antique Bronze, Housewarming Gift",https://www.etsy.com/listing/867646909/beach-theme-wine-charms-antique-bronze,DebsCraftsandFinds,https://www.etsy.com/shop/DebsCraftsandFinds,15.00,0,0,0,0,0,68 Mo.,1,0,11,Home & Living,110,0,0.0,1461,"wine charms,bar items,household items",wine charms,bar items,household items,--,--,--,--,--,--,--,--,--,--
READY TO SHIP Stormy Seas Glass Beach Ocean Themed Clear Stem Wine Glass - Clear Stem - Gift - Housewarming - Mothers Day - Beach Wedding,https://www.etsy.com/listing/4437200999/ready-to-ship-stormy-seas-glass-beach,RusticAndRoseTexas,https://www.etsy.com/shop/RusticAndRoseTexas,28.50,0,0,0,0,0,4 Mo.,9,0,55,Home & Living,151,0,0.0,7473,"stemmed glass,painted wine glass,hand painted wine,beach wine glass,beach glass,beach tumbler,mothers day gift,mother gift,hostess gift,housewarming gift,ocean wine glass,beach themed,wine glasses",stemmed glass,painted wine glass,hand painted wine,beach wine glass,beach glass,beach tumbler,mothers day gift,mother gift,hostess gift,housewarming gift,ocean wine glass,beach themed,wine glasses
"Handmade Lampwork Heart Wine Stopper: Red Organic Swirl Design, USA",https://www.etsy.com/listing/4482766895/handmade-lampwork-heart-wine-stopper-red,HappyGlassJewelryUS,https://www.etsy.com/shop/HappyGlassJewelryUS,37.99,0,0,0,0,0,1 Mo.,0,0,6,Home & Living,96,0,0.0,1396,"heart wine stopper,heart themed gift,beaded wine stopper,handcrafted stopper,wine accessory,housewarming gift,wine lovers gift,glass wine stopper,holiday gifts,valentine's day gift,red heart stopper,red organic stopper,heart beaded stopper",heart wine stopper,heart themed gift,beaded wine stopper,handcrafted stopper,wine accessory,housewarming gift,wine lovers gift,glass wine stopper,holiday gifts,valentine's day gift,red heart stopper,red organic stopper,heart beaded stopper
"Vintage Cocktail Garnish Themed Square Ceramic Appetizer Plates, Set of 4",https://www.etsy.com/listing/4478244587/vintage-cocktail-garnish-themed-square,StainedGlassYourWay,https://www.etsy.com/shop/StainedGlassYourWay,35.00,0,0,0,0,0,2 Mo.,0,0,3,Home & Living,167,0,0.0,10352,"housewarming gift,appetizer plates,wine cheese plates,cocktail plates,cypress home plates,square small plates,modern tapas plates,geometric pattern,olive lemon slice,cocktail theme plate,garnish design plate,sushi plates,handkerchief plates",housewarming gift,appetizer plates,wine cheese plates,cocktail plates,cypress home plates,square small plates,modern tapas plates,geometric pattern,olive lemon slice,cocktail theme plate,garnish design plate,sushi plates,handkerchief plates
Reusable Wine Bag: Easter Cat Design - Drawstring Closure,https://www.etsy.com/listing/1884255482/easter-cat-wine-bag-reusable-drawstring,DesignsTreasureShop,https://www.etsy.com/shop/DesignsTreasureShop,9.99,0,0,0,3,1,14 Mo.,0,0,57,Paper & Party Supplies,45,0,5.26,9226,"reusable wine bag,easter cat design,drawstring closure,cat themed wine bag,funny wine gift,wine bottle carrier,eco friendly bag,gift for wine lover,bridesmaid wine gift,housewarming present,wedding favor bag,durable wine tote,wine party accessory",reusable wine bag,easter cat design,drawstring closure,cat themed wine bag,funny wine gift,wine bottle carrier,eco friendly bag,gift for wine lover,bridesmaid wine gift,housewarming present,wedding favor bag,durable wine tote,wine party accessory
Wine Themed Glass Cheese Board Set: Metal Stand & Spreaders,https://www.etsy.com/listing/4489082149/wine-themed-glass-cheese-board-set-metal,LeVintageGalleria,https://www.etsy.com/shop/LeVintageGalleria,69.00,0,0,0,0,0,2 Mo.,0,0,6,Home & Living,177,0,0.0,8512,"wine cheese board,charcuterie gift set,wine lover gift,cheese spreader set,elegant cheese board,glass cheese board,wine themed decor,hostess gift idea,new home gift,wine pary board,charcuterie board,unique kitchen gift,housewarming gift",wine cheese board,charcuterie gift set,wine lover gift,cheese spreader set,elegant cheese board,glass cheese board,wine themed decor,hostess gift idea,new home gift,wine pary board,charcuterie board,unique kitchen gift,housewarming gift
Italian food wine dessert pattern Wrapping Papers | Red Italian dream gift wrap,https://www.etsy.com/listing/4507269369/italian-food-wine-dessert-pattern,Freshinkdigital,https://www.etsy.com/shop/Freshinkdigital,17.99,0,0,0,0,0,1 Mo.,0,0,0,Paper & Party Supplies,47,0,0.0,2496,"italian wrapping,food gift wrap,wine gift wrap,dessert wrapping,italian pattern,italian kitchen gift,foodie gift wrap,birthday foodie,housewarming gift,chef gift wrap,restaurant gift wrap,italian party wrap,culinary themed",italian wrapping,food gift wrap,wine gift wrap,dessert wrapping,italian pattern,italian kitchen gift,foodie gift wrap,birthday foodie,housewarming gift,chef gift wrap,restaurant gift wrap,italian party wrap,culinary themed
"Halloween Skeleton Hand Towel, Spooky Decor, Fall Kitchen Towel, Halloween Party Gift, Pumpkin Art Towel, Halloween Home Decor, wine",https://www.etsy.com/listing/4336153152/halloween-skeleton-hand-towel-spooky,StitchinStessys,https://www.etsy.com/shop/StitchinStessys,20.23,0,0,0,0,0,1 Mo.,0,0,1,Home & Living,55,0,0.0,40,"halloween decor,spooky kitchen,halloween hand towel,fall kitchen towel,pumpkin themed towel,autumn decor,skeleton hand towel,halloween gift,housewarming gift,seasonal hand towel,cute spooky towel,creepy kitchen decor,wine hand towel",halloween decor,spooky kitchen,halloween hand towel,fall kitchen towel,pumpkin themed towel,autumn decor,skeleton hand towel,halloween gift,housewarming gift,seasonal hand towel,cute spooky towel,creepy kitchen decor,wine hand towel
"Personalized Wine sign,Metal Wine name sign,Housewarming Gift,Kitchen Wine sign,Outdoor decor,custom metal Wine Sign,10-24 inches",https://www.etsy.com/listing/4317768268/personalized-wine-signmetal-wine-name,elespaciostore,https://www.etsy.com/shop/elespaciostore,32.90,0,0,0,0,0,3 Mo.,0,0,3,Home & Living,14,0,0.0,1078,"wine metal wall art,wine metal wall sign,wine decor,wine theme decor,wine bar name sign,wine name signs,wine led sign,wine name sign,outdoor decor,wine lover gifts,kitchen decor art,housewarming gift,wine metal sign",wine metal wall art,wine metal wall sign,wine decor,wine theme decor,wine bar name sign,wine name signs,wine led sign,wine name sign,outdoor decor,wine lover gifts,kitchen decor art,housewarming gift,wine metal sign
"Blue & White under the sea Oyster Shell Wine Stopper - Unique Hostess Gifts, Beach Themed Wedding Gift, Bridesmaid Gifts, Housewarming Gift,",https://www.etsy.com/listing/1874011624/blue-white-under-the-sea-oyster-shell,Coastalcorked,https://www.etsy.com/shop/Coastalcorked,24.95,0,0,0,0,0,11 Mo.,0,0,23,Home & Living,13,0,0.0,8,"",--,--,--,--,--,--,--,--,--,--,--,--,--
"Mini Cherries Oyster Shell Wine Stopper - Unique Hostess Gifts, Beach Themed Wedding Gift, Bridesmaid Gifts, Housewarming Gift",https://www.etsy.com/listing/4311418299/mini-cherries-oyster-shell-wine-stopper,Coastalcorked,https://www.etsy.com/shop/Coastalcorked,24.95,0,0,0,0,0,9 Mo.,0,0,6,Home & Living,13,0,0.0,8,"",--,--,--,--,--,--,--,--,--,--,--,--,--
Peacock Wine Tags / Peacock Feathers / Wine Gifts,https://www.etsy.com/listing/575888316/peacock-wine-tags-peacock-feathers-wine,GroupTherapyWine,https://www.etsy.com/shop/GroupTherapyWine,11.50,0,0,0,4,1,100 Mo.,19,0,231,Home & Living,142,0,1.73,3468,"peacock wedding,peacock blue,peacock art,peacock decor,peacock theme,peacock party decor,wine lover gift,gift for her,birthday gift,gift for mom,gift for best friend,housewarming gift,gifts for women",peacock wedding,peacock blue,peacock art,peacock decor,peacock theme,peacock party decor,wine lover gift,gift for her,birthday gift,gift for mom,gift for best friend,housewarming gift,gifts for women
Personalized Double Wine Bag Wine Drinker Gift Wine Gifts Bag Wine Bag Wine Gift For Men Wine Gift For Women Housewarming Gift For Couple,https://www.etsy.com/listing/1785173948/personalized-double-wine-bag-wine,WellAppointedTravel,https://www.etsy.com/shop/WellAppointedTravel,44.23,0,0,0,0,0,20 Mo.,0,0,10,Bags & Purses,32,0,0.0,26,"double wine carrier,wine drinker gift,wine bottle holder,wine gift for men,wine themed gifts,barware wine bag,wine travel case,wine tote custom,personalized wine,customizable wine,wine gift for women,housewarming gift,custom wine tote bag",double wine carrier,wine drinker gift,wine bottle holder,wine gift for men,wine themed gifts,barware wine bag,wine travel case,wine tote custom,personalized wine,customizable wine,wine gift for women,housewarming gift,custom wine tote bag
1980s Signed Large Carafe Pitcher Beach Ocean Theme Water Milk Juice Wine Jug Vase Handmade Kitchen Container Bar Decor Housewarming Gift,https://www.etsy.com/listing/1006396922/1980s-signed-large-carafe-pitcher-beach,AleksJewelry,https://www.etsy.com/shop/AleksJewelry,95.99,0,0,0,0,0,60 Mo.,2,0,34,Home & Living,139,0,0.0,2229,"wine theme kitchen,cottage style jar,kitchen table decor,wedding gift,country style,wine carafe,drink and barware,clay vase,country kitchen,restaurant decor,bar decor,kitchen tableware,beach theme",wine theme kitchen,cottage style jar,kitchen table decor,wedding gift,country style,wine carafe,drink and barware,clay vase,country kitchen,restaurant decor,bar decor,kitchen tableware,beach theme
"Vibrant Vineyard Tea Towels - Perfect for Wine Lovers, Kitchen Decor, Housewarming Gifts, Rustic Home, Stylish Kitchen Essentials",https://www.etsy.com/listing/4397657207/vibrant-vineyard-tea-towels-perfect-for,JagiBoutique,https://www.etsy.com/shop/JagiBoutique,21.20,0,0,0,0,0,5 Mo.,0,0,5,Home & Living,35,0,0.0,301,"kitchen decor,grape kitchen,cotton tea towels,colorful kitchen,home cooking gift,wine lover gift,garden inspired,nature themed,eco friendly kitchen,unique dish towel,handmade kitchen,housewarming gift,farmhouse decor",kitchen decor,grape kitchen,cotton tea towels,colorful kitchen,home cooking gift,wine lover gift,garden inspired,nature themed,eco friendly kitchen,unique dish towel,handmade kitchen,housewarming gift,farmhouse decor
Wine Bottles Embroidered Linen Placemats / Dining Decor / Hostess Gift / Table Linens,https://www.etsy.com/listing/4316729354/wine-bottles-embroidered-linen-placemats,SoulMadeStitches,https://www.etsy.com/shop/SoulMadeStitches,46.00,0,0,0,0,0,11 Mo.,14,0,290,Home & Living,59,0,0.0,2879,"dining decor,linen placemats,embroidered placemat,kitchen linens,wine lover decor,gift for wine lovers,table mats,housewarming gift,hostess gift,wine themed placemat,embroidered gifts,wine enthusiasts,table linens",dining decor,linen placemats,embroidered placemat,kitchen linens,wine lover decor,gift for wine lovers,table mats,housewarming gift,hostess gift,wine themed placemat,embroidered gifts,wine enthusiasts,table linens
Set of 16 Wine Themed Wine Glass Charms Bottle Corkscrew Grapes Drink Markers,https://www.etsy.com/listing/4473010028/set-of-16-wine-themed-wine-glass-charms,JaxsFlipsandFinds,https://www.etsy.com/shop/JaxsFlipsandFinds,20.00,0,0,0,0,0,2 Mo.,0,0,12,Home & Living,5,0,0.0,276,"wine glass charms,wine charms set,wine lover gift,entertaining gift,party decorations,hostess gift,wine themed gift,bar accessories,girls night gift,kitchen accessories,unique gift idea,housewarming gift,wine party decor",wine glass charms,wine charms set,wine lover gift,entertaining gift,party decorations,hostess gift,wine themed gift,bar accessories,girls night gift,kitchen accessories,unique gift idea,housewarming gift,wine party decor
"Kay Dee Designs Melamine Wine Serving Tray – Vineyard Bar Decor, Farmhouse Entertaining",https://www.etsy.com/listing/4464470676/kay-dee-designs-melamine-wine-serving,AshleyFindsandFlips,https://www.etsy.com/shop/AshleyFindsandFlips,20.00,0,0,0,0,0,3 Mo.,0,0,33,Home & Living,6,0,0.0,42,"rustic kitchen decor,wine serving tray,bar cart decor,farmhouse tray,wine lover gift,vineyard decor,entertaining tray,melamine tray,kitchen serving tray,housewarming gift,brown serving tray,rustic bar decor,wine themed decor",rustic kitchen decor,wine serving tray,bar cart decor,farmhouse tray,wine lover gift,vineyard decor,entertaining tray,melamine tray,kitchen serving tray,housewarming gift,brown serving tray,rustic bar decor,wine themed decor
Dinner is Poured Wine Theme Magnet | Kitchen Magnets | Wood Cutout | Housewarming Gift | Funny Wine Saying | Wine Lover Gift,https://www.etsy.com/listing/1868962857/dinner-is-poured-wine-theme-magnet,MadeandFinds,https://www.etsy.com/shop/MadeandFinds,4.99,0,0,0,0,0,10 Mo.,0,0,1,Home & Living,152,0,0.0,2096,"housewarming gift,fridge magnet,kitchen accent,wine theme,funny wine sayings,gift for wine lover,dinner is poured,wine bottle shape,wood magnets",housewarming gift,fridge magnet,kitchen accent,wine theme,funny wine sayings,gift for wine lover,dinner is poured,wine bottle shape,wood magnets,--,--,--,--
"Epoxy Alcohol Ink Wine Glasses, Ocean Wave Stemware, Beach Theme Set",https://www.etsy.com/listing/4484261913/epoxy-alcohol-ink-wine-glasses-ocean,DKWineDecor,https://www.etsy.com/shop/DKWineDecor,40.00,0,0,0,0,0,1 Mo.,0,0,11,Home & Living,4,0,0.0,38,"housewarming gift,gift for her,barware gift,kitchen decor,sea inspired glass,gift for wine lover,coastal barware,handmade wine glass,unique wine glasses,beach themed glass,ocean wave glass,resin wine glass,coastal stemware",housewarming gift,gift for her,barware gift,kitchen decor,sea inspired glass,gift for wine lover,coastal barware,handmade wine glass,unique wine glasses,beach themed glass,ocean wave glass,resin wine glass,coastal stemware
"Owl and Succulents Wine Glass, Cottagecore Stemless Wine Glass, handmade polymer clay adornments",https://www.etsy.com/listing/1270018229/owl-and-succulents-wine-glass,PersephonesRespite,https://www.etsy.com/shop/PersephonesRespite,38.00,0,0,0,2,1,30 Mo.,5,0,0,Home & Living,70,0,0.0,80,"owl wine glass,stemless wine glass,housewarming gift,succulent themed,pastel succulents,gift for best friend,bird lover,gift for mom,mother's day gift,succulent glassware,boho hippie barware,gift for owl lovers,unique",owl wine glass,stemless wine glass,housewarming gift,succulent themed,pastel succulents,gift for best friend,bird lover,gift for mom,mother's day gift,succulent glassware,boho hippie barware,gift for owl lovers,unique
Dear Wine/ I love you/ that is all/ wine sign/ wood sign/ painted wood/ kitchen decor/ 6&quot;x 12&quot;/ Marias Makery Designs,https://www.etsy.com/listing/493599380/dear-wine-i-love-you-that-is-all-wine,MariasMakeryDesigns,https://www.etsy.com/shop/MariasMakeryDesigns,18.95,0,0,0,0,0,112 Mo.,5,0,99,Home & Living,160,0,0.0,3223,"gift,hand painted sign,wall decor,wood sign,housewarming gift,painted wood sign,hostess gift,home decor,wine sign,vino,italian theme",gift,hand painted sign,wall decor,wood sign,housewarming gift,painted wood sign,hostess gift,home decor,wine sign,vino,italian theme,--,--
New Home Charm Set (12),https://www.etsy.com/listing/973267083/new-home-charm-set-12,EnchantedCharmsShop,https://www.etsy.com/shop/EnchantedCharmsShop,34.00,0,0,0,0,0,62 Mo.,2,0,69,Home & Living,116,0,0.0,635,"wine charm,charm,wine accessories,wine charm set,themed wine charms,enchanted charms,enchantedcharms,new home,housewarming,housewarming gift,home gift,new home party,move in party",wine charm,charm,wine accessories,wine charm set,themed wine charms,enchanted charms,enchantedcharms,new home,housewarming,housewarming gift,home gift,new home party,move in party
"Set of 6, hair dresser, cosmetologist themed wine glass charms",https://www.etsy.com/listing/1239372006/set-of-6-hair-dresser-cosmetologist,CharmsAndTreasure,https://www.etsy.com/shop/CharmsAndTreasure,12.00,0,0,0,4,1,47 Mo.,6,0,118,Home & Living,129,0,3.39,599,"snip clip blow dry,brush comb cut,hairspray tools,present up do formal,cosmetology lady,studio hair dresser,company party,goblet dinner decor,themed party favor,hostess basket,house warming gift,identification id,wine glass stem",snip clip blow dry,brush comb cut,hairspray tools,present up do formal,cosmetology lady,studio hair dresser,company party,goblet dinner decor,themed party favor,hostess basket,house warming gift,identification id,wine glass stem
Ocean Enamel Wine Glass Charms: Coastal Drink Markers - Set of 4,https://www.etsy.com/listing/1899178801/ocean-enamel-wine-glass-charms-coastal,PantherProductsUK,https://www.etsy.com/shop/PantherProductsUK,6.65,0,0,0,0,0,13 Mo.,1,0,24,Home & Living,32,0,0.0,310,"ocean theme,glass charm,drinks charm,drinks marker,wine charm,wine glass marker,housewarming gift,glass tags,drinks tags,ocean wine charms,ocean drinks charm,party accessory,new home gift",ocean theme,glass charm,drinks charm,drinks marker,wine charm,wine glass marker,housewarming gift,glass tags,drinks tags,ocean wine charms,ocean drinks charm,party accessory,new home gift
"Oven door kitchen dress. Wine & coffee themed. Decorated with ribbons, lace and button. Top fully lined. Name: Narda.",https://www.etsy.com/listing/1596902750/oven-door-kitchen-dress-wine-coffee,ShalakeeShop,https://www.etsy.com/shop/ShalakeeShop,30.00,0,0,0,0,0,30 Mo.,1,0,43,Home & Living,44,0,0.0,155,"kitchen decor,kitchen towels,gift,housewarming gift,oven door dress,home decor,decorative towel,wine themed decor,coffee themed decor,tea towel,oven decor,party decorations,wine and coffee",kitchen decor,kitchen towels,gift,housewarming gift,oven door dress,home decor,decorative towel,wine themed decor,coffee themed decor,tea towel,oven decor,party decorations,wine and coffee
Vintage Irish Shamrock Glassware Set: Wine Glasses & Nibbles Dish,https://www.etsy.com/listing/1875963717/vintage-irish-shamrock-glassware-set,Pompombyfifi,https://www.etsy.com/shop/Pompombyfifi,33.42,0,0,0,0,0,15 Mo.,5,0,51,Home & Living,90,0,0.0,1111,"wine hock glasses,house warming,retro wine glasses,host hostess gift,irish theme glasses,shamrock glassware,nibbles dish,3 leaf clover,irish friend gift,glassware gift set,stemmed glassware,gold rimmed,party serving dish",wine hock glasses,house warming,retro wine glasses,host hostess gift,irish theme glasses,shamrock glassware,nibbles dish,3 leaf clover,irish friend gift,glassware gift set,stemmed glassware,gold rimmed,party serving dish
Custom Engraved Wood Bottle Opener: Personalized Groomsmen Gift,https://www.etsy.com/listing/4341749591/custom-engraved-wood-bottle-opener,BirchAndBarrels,https://www.etsy.com/shop/BirchAndBarrels,6.00,0,0,0,0,0,10 Mo.,0,0,8,Home & Living,24,0,0.0,174,"drinkware accessory,beer bottle opener,household essentials,bar tools customized,dad mom retirement,groomsman colleagues,custom name engraved,birthday anniversary,wooden personalized,drink lover themed,father day wine wall,housewarming favor,pub home party gifts",drinkware accessory,beer bottle opener,household essentials,bar tools customized,dad mom retirement,groomsman colleagues,custom name engraved,birthday anniversary,wooden personalized,drink lover themed,father day wine wall,housewarming favor,pub home party gifts
Beach Shore House Decor/LED Cork Light Wine Bottle Light/Beach Life/Housewarming Gift/Funny Beach/Wine Bar /Painted Wine Bottle/Flip Flops,https://www.etsy.com/listing/1578920958/beach-shore-house-decorled-cork-light,UNcorkedUPcycled,https://www.etsy.com/shop/UNcorkedUPcycled,28.00,0,0,0,8,4,31 Mo.,4,0,283,,115,0,2.83,573,"fairy lights,frosted paint,vinyl decals,wine themed,recycled bottle,housewarming gift,coastal decor,coral seashell,sandcastle starfish,sunglasses,sand dollar,nautical decor,unique gift",fairy lights,frosted paint,vinyl decals,wine themed,recycled bottle,housewarming gift,coastal decor,coral seashell,sandcastle starfish,sunglasses,sand dollar,nautical decor,unique gift
Glass Glacier Ocean Themed Large Stemless Wine Glass - Pale Blue and Gold - Custom Wine Glass - Mom Gift - Hand painted - Housewarming,https://www.etsy.com/listing/1664888197/glass-glacier-ocean-themed-large,RusticAndRoseTexas,https://www.etsy.com/shop/RusticAndRoseTexas,27.50,0,0,0,8,2,28 Mo.,41,0,804,Home & Living,151,0,1.0,7473,"stemless wine glass,beach wine glass,beach glass,beach tumbler,mother gift,hostess gift,housewarming gift,ocean wine glass,beach themed,beach decor,beach house,bar ware glasses,beach barware",stemless wine glass,beach wine glass,beach glass,beach tumbler,mother gift,hostess gift,housewarming gift,ocean wine glass,beach themed,beach decor,beach house,bar ware glasses,beach barware
"Cajun Wine Bottle Apron, Cajun Wine bottle cover, wine bottle cover, Louisiana housewarming gift, Cajun embroidery",https://www.etsy.com/listing/1033965708/cajun-wine-bottle-apron-cajun-wine,AllAboardPartyHQ,https://www.etsy.com/shop/AllAboardPartyHQ,16.00,0,0,0,12,3,58 Mo.,11,0,229,Home & Living,98,0,5.24,3964,"wine bottle apron,wine bottle cover,cajun wine,cajun house warming,house warming gift,wine bottle cajun,cajun wine bottle,louisiana themed,cajun embroidery,wine bottle decor,wine decor,housewarming gift,wine gift idea",wine bottle apron,wine bottle cover,cajun wine,cajun house warming,house warming gift,wine bottle cajun,cajun wine bottle,louisiana themed,cajun embroidery,wine bottle decor,wine decor,housewarming gift,wine gift idea
"Chianti Wine Bottle Candle: Carpineto 1987, Oud Fragrance, Gothic Burning Effect",https://www.etsy.com/listing/872857746/chianti-wine-bottle-candle-carpineto,SwankyWineWorld,https://www.etsy.com/shop/SwankyWineWorld,21.67,0,0,0,36,8,67 Mo.,55,0,1179,Home & Living,67,0,3.05,1721,"christmas gift idea,italian theme gift,dinner party booze,realistic effect,light warm ambiance,present for him dad,uncle neighbour male,romantic date 1987,housewarming male,dripping gothic wow,chianti tuscan oud,wine candle ornament,swankywineworld fab",christmas gift idea,italian theme gift,dinner party booze,realistic effect,light warm ambiance,present for him dad,uncle neighbour male,romantic date 1987,housewarming male,dripping gothic wow,chianti tuscan oud,wine candle ornament,swankywineworld fab
Snowflake Printed Hanging Kitchen Towel with Potholder Top,https://www.etsy.com/listing/4478800185/snowflake-printed-hanging-kitchen-towel,StitchedByAbbie,https://www.etsy.com/shop/StitchedByAbbie,9.00,0,0,0,0,0,2 Mo.,0,0,1,Home & Living,32,0,0.0,186,"hanging towel,kitchen towel,kitchen decor,kitchen gift idea,gifts for her,housewarming gift,christmas gift,gifts for mom,gifts for grandma,kitchen towel gift,merlot,wine gift,wine kitchen theme",hanging towel,kitchen towel,kitchen decor,kitchen gift idea,gifts for her,housewarming gift,christmas gift,gifts for mom,gifts for grandma,kitchen towel gift,merlot,wine gift,wine kitchen theme
"Ride &#39;em Cowboy Scene Glasses | Personalized etched glassware for beer, whiskey, wine & cocktails. Western Desert Scene, Southwestern Decor.",https://www.etsy.com/listing/1658926466/ride-em-cowboy-scene-glasses,BenoitsDesignCo,https://www.etsy.com/shop/BenoitsDesignCo,20.00,0,0,0,7,1,28 Mo.,27,0,325,Home & Living,126,0,2.15,55564,"cocktail glasses,barware set,gifts for him,gifts for her,personalized gifts,wine glasses,whiskey glasses,beer glasses,housewarming gift,southwestern glasses,country ranch decor,western theme glass,cowboy glassware",cocktail glasses,barware set,gifts for him,gifts for her,personalized gifts,wine glasses,whiskey glasses,beer glasses,housewarming gift,southwestern glasses,country ranch decor,western theme glass,cowboy glassware
"Wild West Horse Ranch Glasses | Personalized etched glassware for beer, whiskey, wine & cocktails. Western Desert Scene, Southwestern Decor.",https://www.etsy.com/listing/1673101897/wild-west-horse-ranch-glasses,BenoitsDesignCo,https://www.etsy.com/shop/BenoitsDesignCo,20.00,0,0,0,108,15,28 Mo.,286,1,5343,Home & Living,126,54,2.02,55564,"cocktail glasses,barware set,gifts for him,gifts for her,personalized gifts,wine glasses,whiskey glasses,beer glasses,housewarming gift,southwestern glasses,country ranch decor,western theme glass,horse ranch glasses",cocktail glasses,barware set,gifts for him,gifts for her,personalized gifts,wine glasses,whiskey glasses,beer glasses,housewarming gift,southwestern glasses,country ranch decor,western theme glass,horse ranch glasses
Abstract Wine Glasses Canvas Wall Art - Modern Blue Artwork for Dining Room or Kitchen - Framed Contemporary Decor,https://www.etsy.com/listing/4371114012/abstract-wine-glasses-canvas-wall-art,TheArtPoint,https://www.etsy.com/shop/TheArtPoint,26.84,0,0,0,0,0,8 Mo.,0,0,2,Art & Collectibles,48,0,0.0,526,"housewarming gift,wine picture,kitchen wall prints,abstract wall art,dining room decor,modern canvas art,wine themed decor,elegant wall decor,vibrant,party theme,picture for kitchen,blue theme,blue art for walls",housewarming gift,wine picture,kitchen wall prints,abstract wall art,dining room decor,modern canvas art,wine themed decor,elegant wall decor,vibrant,party theme,picture for kitchen,blue theme,blue art for walls
Embroidered Kitchen Towel - Funny Coffee and Wine AM PM,https://www.etsy.com/listing/864665657/embroidered-kitchen-towel-funny-coffee,sewingdoxie,https://www.etsy.com/shop/sewingdoxie,15.00,0,0,0,6,2,67 Mo.,9,0,136,Home & Living,68,0,4.41,1279,"beige towel,wine theme gift,coffee theme gift,coffee kitchen decor,wine kitchen decor,bride gift,housewarming gift,hostess gift,goom gift,embroidered towel,funny towels",beige towel,wine theme gift,coffee theme gift,coffee kitchen decor,wine kitchen decor,bride gift,housewarming gift,hostess gift,goom gift,embroidered towel,funny towels,--,--
"Wine or Liquor Gift Tote Bag, Reversible, French Theme Black with White Paris Fabric and White and Black Stripes with Gold Dot Fabric",https://www.etsy.com/listing/1308119069/wine-or-liquor-gift-tote-bag-reversible,ModernDaisyDesigns,https://www.etsy.com/shop/ModernDaisyDesigns,14.50,0,0,0,0,0,44 Mo.,1,0,19,Bags & Purses,82,0,0.0,245,"wine tote,liquor tote,gift beverage tote,reversible,reuseable,recylcing,water bottle tote,housewarming gift,hostess gift,olive oil gift bag,modern neon fabric,french theme,paris fabric",wine tote,liquor tote,gift beverage tote,reversible,reuseable,recylcing,water bottle tote,housewarming gift,hostess gift,olive oil gift bag,modern neon fabric,french theme,paris fabric
Wine themed flour sack towel. Machine embroidered. Wine scene. Wine and Cheese. Hostess gift. House warming gift.,https://www.etsy.com/listing/1610846529/wine-themed-flour-sack-towel-machine,flourtowelgal,https://www.etsy.com/shop/flourtowelgal,11.95,0,0,0,3,1,30 Mo.,0,0,25,Home & Living,175,0,12.0,9448,"flour sack towel,machine embroidered,wine towel,wine flour sack,drink towel,flour sack coffee,flour sack wine,wine decor,wine hostess gift,wine kitchen,wine dining,wine,kitchen wine",flour sack towel,machine embroidered,wine towel,wine flour sack,drink towel,flour sack coffee,flour sack wine,wine decor,wine hostess gift,wine kitchen,wine dining,wine,kitchen wine
"Patriotic Wine Charm Set - in Red, White and Blue this 4 charm set includes a 4th of July, Top Hat, Flagged Star and Flagged Heart charms.",https://www.etsy.com/listing/4319953584/patriotic-wine-charm-set-in-red-white,BasilSageArtisan,https://www.etsy.com/shop/BasilSageArtisan,25.00,0,0,0,0,0,11 Mo.,0,0,7,Home & Living,53,0,0.0,224,"american wine charm,patriotic wine charm,star charm,heart charm,housewarming gift,drink markers,holiday gift,special occassion,americana theme,new home gift,patriotic gift,4th of july",american wine charm,patriotic wine charm,star charm,heart charm,housewarming gift,drink markers,holiday gift,special occassion,americana theme,new home gift,patriotic gift,4th of july,--
"Western Themed Steer Wine Charms set of 4 with sunflowers, colorful tribal markings and other florals",https://www.etsy.com/listing/4320075059/western-themed-steer-wine-charms-set-of,BasilSageArtisan,https://www.etsy.com/shop/BasilSageArtisan,27.50,0,0,0,0,0,11 Mo.,4,0,55,Home & Living,53,0,0.0,224,"western theme charm,southwestern charms,western wine charm,rodeo wine charm,steer wine charm,housewarming gift,gift for friend,gift for wine lover,wine accessory,gift for neighbor,gift for coworker,gift for artist,hostess gift",western theme charm,southwestern charms,western wine charm,rodeo wine charm,steer wine charm,housewarming gift,gift for friend,gift for wine lover,wine accessory,gift for neighbor,gift for coworker,gift for artist,hostess gift
"Tuscan Cypress Tree & Poppy Field Oil Painting on Repurposed Wine Barrel Stave – Rustic Italian Wall Art, Hand-Painted Vineyard Decor",https://www.etsy.com/listing/4307801299/tuscan-cypress-tree-poppy-field-oil,EricBostonDesign,https://www.etsy.com/shop/EricBostonDesign,495.00,0,0,0,0,0,12 Mo.,5,0,135,Art & Collectibles,28,0,0.0,57,"tuscan landscape art,wine country decor,wine lover gift,italian countryside,reclaimed barrel,rustic wood art,eco friendly,wine themed wall art,housewarming gift,poppy flowers,poppies,italian cypress,bar wall decor",tuscan landscape art,wine country decor,wine lover gift,italian countryside,reclaimed barrel,rustic wood art,eco friendly,wine themed wall art,housewarming gift,poppy flowers,poppies,italian cypress,bar wall decor
"Coastal Themed Wine Glass Charm Set for Your Beach House, Housewarming Party or Beach Wedding Gift, Wine Lover Christmas Gift, Set of 6",https://www.etsy.com/listing/1606291890/coastal-themed-wine-glass-charm-set-for,ABeachcomberBoutique,https://www.etsy.com/shop/ABeachcomberBoutique,15.00,0,0,0,2,1,30 Mo.,1,0,35,Home & Living,66,0,5.71,858,"nautical,wedding,beach,coastal,wine charms,wine glass charms,beach house,wine lover,housewarming,christmas gift,coastal wedding,beach wedding,bridal shower",nautical,wedding,beach,coastal,wine charms,wine glass charms,beach house,wine lover,housewarming,christmas gift,coastal wedding,beach wedding,bridal shower
"Wine Hangovers, Evil Wrath of Grapes | Wine Party Cocktail Napkins",https://www.etsy.com/listing/1057141635/wine-hangovers-evil-wrath-of-grapes-wine,Stationare,https://www.etsy.com/shop/Stationare,8.95,0,0,0,4,1,58 Mo.,12,0,360,Paper & Party Supplies,164,0,1.11,1315,"wine tasting,wine-themed napkins,wine-themed party,wine and cheese,funny napkins,wine gifts,entertaining,housewarming napkins,wine night,girls night,wine grapes,wine beverage napkin,wine hangover",wine tasting,wine-themed napkins,wine-themed party,wine and cheese,funny napkins,wine gifts,entertaining,housewarming napkins,wine night,girls night,wine grapes,wine beverage napkin,wine hangover
"Alabama Wine Glass Charms, Hostess Gift Ideas, Cocktail Party Accessories, Alabama Themed Gift",https://www.etsy.com/listing/631218028/alabama-wine-glass-charms-hostess-gift,LifeBaubles,https://www.etsy.com/shop/LifeBaubles,18.95,0,0,0,26,4,92 Mo.,6,0,236,Home & Living,120,0,11.02,6966,"wine gifts,alabama theme gift,alabama state,alabama themed,alabama souvenir,alabama gift,wine glass charms,wine glass charm,hostess gift,wine charms,wine glass marker,housewarming gifts,party favors",wine gifts,alabama theme gift,alabama state,alabama themed,alabama souvenir,alabama gift,wine glass charms,wine glass charm,hostess gift,wine charms,wine glass marker,housewarming gifts,party favors
Coastal Resin Wine Glasses (Set of 2): Handmade Ocean Wave Art Barware,https://www.etsy.com/listing/4371026713/coastal-resin-wine-glasses-set-of-2,AbbysTidalTrinkets,https://www.etsy.com/shop/AbbysTidalTrinkets,50.00,0,0,0,0,0,8 Mo.,6,0,106,Home & Living,10,0,0.0,4,"wine glasses,resin barware,resin wine glasses,costal decor,beach theme,beach wedding gift,housewarming gift,for her,bridal shower gift,anniversary gift,mothersday gift,birthday gift,beach themed gift",wine glasses,resin barware,resin wine glasses,costal decor,beach theme,beach wedding gift,housewarming gift,for her,bridal shower gift,anniversary gift,mothersday gift,birthday gift,beach themed gift
"Embroidered Grape Monogram Napkin: Wine Tasting Decor, Vineyard Wedding",https://www.etsy.com/listing/1462067059/embroidered-grape-monogram-napkin-wine,galadmc,https://www.etsy.com/shop/galadmc,12.06,0,0,0,0,0,37 Mo.,1,0,71,Home & Living,55,0,0.0,4977,"garden party,vinyard wedding,bespoke napkin,special occasion,wedding gift,grape napkin,monogram napkin,wine enthusiast,themed event,housewarming gift,table linen,personalised napkin,embroidered napkin",garden party,vinyard wedding,bespoke napkin,special occasion,wedding gift,grape napkin,monogram napkin,wine enthusiast,themed event,housewarming gift,table linen,personalised napkin,embroidered napkin
Ebony wood Handcarved African Drinking Goblets. Unique brown hardwood Wine glasses. Home and Office Decor Christmas gifts Express Shipping.,https://www.etsy.com/listing/892348950/ebony-wood-handcarved-african-drinking,CapeWoodCarvings,https://www.etsy.com/shop/CapeWoodCarvings,34.00,0,0,0,34,9,66 Mo.,68,0,3135,Home & Living,91,25,1.08,2786,"drinking goblets,african theme gifts,handmade gifts,housewarming gifts,shipping worldwide,unique gift items,south african art,wine glasses,christmas gifts,jngcape group,express shipping,handmade souvenirs,ebony wood cups",drinking goblets,african theme gifts,handmade gifts,housewarming gifts,shipping worldwide,unique gift items,south african art,wine glasses,christmas gifts,jngcape group,express shipping,handmade souvenirs,ebony wood cups
Wine Glass Charms-Teardrop Crystals-Custom Designed & Special Orders,https://www.etsy.com/listing/1744626443/wine-glass-charms-teardrop-crystals,TheRusticWitchShoppe,https://www.etsy.com/shop/TheRusticWitchShoppe,23.20,0,0,0,0,0,23 Mo.,0,0,40,Home & Living,98,0,0.0,91,"wine lovers,wine gifts,wine glass charms,hostess gifts,party favors,housewarming gift,wedding favors,unique gifts,bridesmaids gifts,drink charms,crystal charms,themed wine charms,celebrate",wine lovers,wine gifts,wine glass charms,hostess gifts,party favors,housewarming gift,wedding favors,unique gifts,bridesmaids gifts,drink charms,crystal charms,themed wine charms,celebrate
"Laser engraved bee and wreath wine glass, bee themed gift, 16 oz",https://www.etsy.com/listing/1040117790/laser-engraved-bee-and-wreath-wine-glass,ElysianAtmosphereLLC,https://www.etsy.com/shop/ElysianAtmosphereLLC,20.00,0,0,0,3,1,55 Mo.,4,0,56,Home & Living,55,0,5.36,343,"bee wine glass,bee and wreath,bee wedding,bee decor,bee gift,unique wine glass,honey bee glass,bee theme decor,nature decor,nature wine glass,housewarming gift,wedding gift,farmhouse bar decor",bee wine glass,bee and wreath,bee wedding,bee decor,bee gift,unique wine glass,honey bee glass,bee theme decor,nature decor,nature wine glass,housewarming gift,wedding gift,farmhouse bar decor
"Cat Lady Stemless Wine Glass, Funny Childless Cat Lover Gift, 11.75oz Novelty Drinkware, Cat Mom Birthday Present, Cat Owner Wine Gift, Cat",https://www.etsy.com/listing/1787611374/cat-lady-stemless-wine-glass-funny,SJCBoutique,https://www.etsy.com/shop/SJCBoutique,12.99,0,0,0,0,0,7 Mo.,0,0,7,Home & Living,27,0,0.0,0,"cat lady,stemless wine glass,gift for her,wine lover,funny wine glass,cat mom gift,unique wine glass,cat themed decor,housewarming gift,birthday gift,cat owner gift,modern wine glass,pet owner gift",cat lady,stemless wine glass,gift for her,wine lover,funny wine glass,cat mom gift,unique wine glass,cat themed decor,housewarming gift,birthday gift,cat owner gift,modern wine glass,pet owner gift
"Wine Lover&#39;s Canvas Photo Tile, Corks are for Quitters Wall Art, Home Decor, Gift for Wine Enthusiasts, Kitchen Decor, Unique Housewarming",https://www.etsy.com/listing/4301844236/wine-lovers-canvas-photo-tile-corks-are,theKGBcollection,https://www.etsy.com/shop/theKGBcollection,18.00,0,0,0,0,0,3 Mo.,0,0,1,Home & Living,3,0,0.0,15,"funny home decor,wine lover gift,kitchen wall art,grapevine print,quirky canvas art,wine quote decor,gift for her,alcohol lover gift,dining room art,quirky wall decor,housewarming gift,party decor ideas,wine themed gifts",funny home decor,wine lover gift,kitchen wall art,grapevine print,quirky canvas art,wine quote decor,gift for her,alcohol lover gift,dining room art,quirky wall decor,housewarming gift,party decor ideas,wine themed gifts
"Fun Party Decor, Tell Me When Poster, Celebration Wall Art, Unique Gift for Friends, Home Bar Decoration",https://www.etsy.com/listing/4332110596/fun-party-decor-tell-me-when-poster,Designmieux,https://www.etsy.com/shop/Designmieux,8.30,0,0,0,0,0,4 Mo.,0,0,1,Home & Living,4,0,0.0,0,"wall art,rolled posters,funny decor,party decor,celebration art,unique posters,home decoration,bar art,wine themed,gift for friends,playful prints,housewarming gift,kitchen decor",wall art,rolled posters,funny decor,party decor,celebration art,unique posters,home decoration,bar art,wine themed,gift for friends,playful prints,housewarming gift,kitchen decor
Wine Glass Charms-Aqua Marine Crystal-Custom Designed & Special Orders,https://www.etsy.com/listing/1730434074/wine-glass-charms-aqua-marine-crystal,TheRusticWitchShoppe,https://www.etsy.com/shop/TheRusticWitchShoppe,23.20,0,0,0,0,0,23 Mo.,0,0,9,Home & Living,98,0,0.0,91,"wine lovers,wine gifts,wine glass charms,hostess gifts,party favors,housewarming gift,wedding favors,unique gifts,bridesmaids gifts,drink charms,crystal charms,themed wine charms,celebrate",wine lovers,wine gifts,wine glass charms,hostess gifts,party favors,housewarming gift,wedding favors,unique gifts,bridesmaids gifts,drink charms,crystal charms,themed wine charms,celebrate
"Turquoise Beaded Sea Life Wine Charm Drink Tags, Host or Hostess, Housewarming Present",https://www.etsy.com/listing/699781098/turquoise-beaded-sea-life-wine-charm,BeachyDesignsStudio,https://www.etsy.com/shop/BeachyDesignsStudio,15.00,0,0,0,13,5,83 Mo.,28,0,410,Home & Living,87,0,3.17,575,"coastal vibes,wine glass marker,beach themed charms,reusable drink tags,host present,beach house gift,house warming gift,hostess gift,wine lover gift,sea life drink tags,wine enthusiasts,maritime living,stanley cup charm",coastal vibes,wine glass marker,beach themed charms,reusable drink tags,host present,beach house gift,house warming gift,hostess gift,wine lover gift,sea life drink tags,wine enthusiasts,maritime living,stanley cup charm
Sleigh All Day Then Cabernet - Funny Christmas Cocktail Party Napkin - Festive Christmas Cocktail Napkins - Wine Lover Happy Hour Napkins,https://www.etsy.com/listing/1047970003/sleigh-all-day-then-cabernet-funny,KittyMeowBoutique,https://www.etsy.com/shop/KittyMeowBoutique,9.99,0,0,0,3,1,58 Mo.,17,0,232,Paper & Party Supplies,187,0,1.29,11408,"cocktail napkins,beverage napkin,champagne gift idea,hostess gift idea,housewarming gift,christmas party,holiday cocktail,holiday party napkin,cocktail party,paper napkin,holiday party supply,wine party theme,festive napkins",cocktail napkins,beverage napkin,champagne gift idea,hostess gift idea,housewarming gift,christmas party,holiday cocktail,holiday party napkin,cocktail party,paper napkin,holiday party supply,wine party theme,festive napkins
Custom Handmade Wine Barrel Lid - Reclaimed Wine Barrel Head- Engraved Reclaimed Wood Sign- Guestbook Wall Art - Housewarming Gift,https://www.etsy.com/listing/1405990091/custom-handmade-wine-barrel-lid,Kappstudio,https://www.etsy.com/shop/Kappstudio,179.99,0,0,0,0,0,40 Mo.,6,0,415,Weddings,139,0,0.0,24227,"fall wedding gifts,wedding,kapp studio,guestbook wall art,napa valley winery,christmas gifts,reclaimed wood sign,custom guest book,housewarming gift,wine barrel head,anniversary gift,wine themed wedding,custom handmade",fall wedding gifts,wedding,kapp studio,guestbook wall art,napa valley winery,christmas gifts,reclaimed wood sign,custom guest book,housewarming gift,wine barrel head,anniversary gift,wine themed wedding,custom handmade
"Boating Wine Charms, Nautical Theme, Ocean Themed, Glass Markers, Glass Tags, Hostess Gift, Housewarming Gift, Set Of 8, FREE SHIPPING",https://www.etsy.com/listing/1856879934/boating-wine-charms-nautical-theme-ocean,WineAndDineWithKathy,https://www.etsy.com/shop/WineAndDineWithKathy,23.99,0,0,0,0,0,14 Mo.,0,0,13,Home & Living,35,0,0.0,10321,"ocean wine charms,barware,nautical wine charms,shell wine charms,beach theme gifts,nautical theme gifts,birthday gift,summer theme,hostess gifts,boating gifts,anniversary  gifts,boat charms,summer theme charm",ocean wine charms,barware,nautical wine charms,shell wine charms,beach theme gifts,nautical theme gifts,birthday gift,summer theme,hostess gifts,boating gifts,anniversary  gifts,boat charms,summer theme charm
Funny Jewish Towel for Passover - &quot;Passover That Wine&quot;,https://www.etsy.com/listing/1169188136/funny-jewish-towel-for-passover-passover,sewingdoxie,https://www.etsy.com/shop/sewingdoxie,15.00,0,0,0,9,3,50 Mo.,8,0,117,Home & Living,68,0,7.69,1279,"funny jewish gift,funny passover gift,jewish housewarming,hostess gift,jewish hostess gift,jewish wedding gift,jewish bridal shower,bridal showe gift,housewarming gift,pesach,wine theme towel",funny jewish gift,funny passover gift,jewish housewarming,hostess gift,jewish hostess gift,jewish wedding gift,jewish bridal shower,bridal showe gift,housewarming gift,pesach,wine theme towel,--,--
Western Steer Head Wine Charms - Set of 4 Floral Cowboy Western Glass Markers with Turquoise & Pink beading - Rusit Party Drink Charms,https://www.etsy.com/listing/4372006964/western-steer-head-wine-charms-set-of-4,BasilSageArtisan,https://www.etsy.com/shop/BasilSageArtisan,27.50,0,0,0,0,0,8 Mo.,1,0,18,Home & Living,53,0,0.0,224,"western theme charm,southwestern charms,western wine charm,rodeo wine charm,steer wine charm,housewarming gift,gift for friend,gift for wine lover,wine accessory,gift for neighbor,gift for coworker,gift for artist,hostess gift",western theme charm,southwestern charms,western wine charm,rodeo wine charm,steer wine charm,housewarming gift,gift for friend,gift for wine lover,wine accessory,gift for neighbor,gift for coworker,gift for artist,hostess gift
"Americana Themed Wine Charms in Red, White and Blue this 4 charm set includes a Star, Heart, USA and Flagged Apple charms",https://www.etsy.com/listing/4319949276/americana-themed-wine-charms-in-red,BasilSageArtisan,https://www.etsy.com/shop/BasilSageArtisan,25.00,0,0,0,0,0,11 Mo.,0,0,6,Home & Living,53,0,0.0,224,"american wine charm,patriotic wine charm,usa charm,apple charm,star charm,heart charm,housewarming gift,drink markers,holiday gift,special occassion,americana theme,new home gift,patriotic gift",american wine charm,patriotic wine charm,usa charm,apple charm,star charm,heart charm,housewarming gift,drink markers,holiday gift,special occassion,americana theme,new home gift,patriotic gift
Western Themed Steer Wine Charms set of 4 with floral designs and crystal beading,https://www.etsy.com/listing/4437958978/western-themed-steer-wine-charms-set-of,BasilSageArtisan,https://www.etsy.com/shop/BasilSageArtisan,27.50,0,0,0,0,0,4 Mo.,0,0,1,Home & Living,53,0,0.0,224,"western theme charm,southwestern charms,western wine charm,rodeo wine charm,steer wine charm,housewarming gift,gift for friend,gift for wine lover,wine accessory,gift for neighbor,gift for coworker,gift for artist",western theme charm,southwestern charms,western wine charm,rodeo wine charm,steer wine charm,housewarming gift,gift for friend,gift for wine lover,wine accessory,gift for neighbor,gift for coworker,gift for artist,--
Floral Steer Wine Charms Set of 4 – Western Cow Skull Glass Markers,https://www.etsy.com/listing/4472841940/floral-steer-wine-charms-set-of-4,BasilSageArtisan,https://www.etsy.com/shop/BasilSageArtisan,27.50,0,0,0,0,0,2 Mo.,0,0,0,Home & Living,53,0,0.0,224,"western theme charm,southwestern charms,western wine charm,rodeo wine charm,steer wine charm,housewarming gift,gift for friend,gift for wine lover,wine accessory,gift for neighbor,gift for coworker,gift for artist,rustic wine charms",western theme charm,southwestern charms,western wine charm,rodeo wine charm,steer wine charm,housewarming gift,gift for friend,gift for wine lover,wine accessory,gift for neighbor,gift for coworker,gift for artist,rustic wine charms
"Bumble Bee Oyster Shell Wine Stopper Unique Hostess Gifts, Beach Themed Wedding Gift, Bridesmaid Gifts, Housewarming Gift",https://www.etsy.com/listing/1845672874/bumble-bee-oyster-shell-wine-stopper,Coastalcorked,https://www.etsy.com/shop/Coastalcorked,24.95,0,0,0,0,1,13 Mo.,6,0,93,Home & Living,13,0,0.0,8,"",--,--,--,--,--,--,--,--,--,--,--,--,--
Cactus Bottle Opener – PLA Plastic Desert Bar Tool,https://www.etsy.com/listing/4300300905/cactus-bottle-opener-pla-plastic-desert,GetLitStudioCo,https://www.etsy.com/shop/GetLitStudioCo,12.99,0,0,0,0,0,12 Mo.,4,0,31,Home & Living,13,0,0.0,11,"cactus bottle opener,fun bar tool,plant lover gift,cactus barware,quirky bottle opener,desert themed decor,green kitchen access,southwest home decor,unique bar accessory,cactus gift idea,cute wine opener,housewarming gift,kitchen accessories",cactus bottle opener,fun bar tool,plant lover gift,cactus barware,quirky bottle opener,desert themed decor,green kitchen access,southwest home decor,unique bar accessory,cactus gift idea,cute wine opener,housewarming gift,kitchen accessories
"Desert Themed Wine Glass | Personalized Wine Gift | Cactus Glasses | Desert Wedding Gift | Desert Decor, Design: CACTUS3",https://www.etsy.com/listing/1690173983/desert-themed-wine-glass-personalized,MrandMrsAZ,https://www.etsy.com/shop/MrandMrsAZ,21.88,0,0,0,44,10,26 Mo.,67,0,1554,Home & Living,77,25,2.83,15701,"desert wine glass,cactus wine glass,arizona wine glass,personalized gifts,desert themed,cactus themed,arizona themed,gifts for mom,cactus gifts,desert gifts,desert housewarming,desert wedding,arizona wedding",desert wine glass,cactus wine glass,arizona wine glass,personalized gifts,desert themed,cactus themed,arizona themed,gifts for mom,cactus gifts,desert gifts,desert housewarming,desert wedding,arizona wedding
Mediterranean Kitchen Wall Art I Italian Aperitivo Food Poster I Rustic Wall Decor,https://www.etsy.com/listing/4457980855/mediterranean-kitchen-wall-art-i-italian,FromDesigntoWall,https://www.etsy.com/shop/FromDesigntoWall,16.76,0,0,0,0,0,3 Mo.,2,0,67,Home & Living,7,0,0.0,56,"citrus aesthetic,olive branch theme,tomato illustration,burrata painting,mozzarella lover,summer dining,coastal home vibe,trattoria style,wine bar aesthetic,blue striped table,sunny interior,housewarming gift,gallery set",citrus aesthetic,olive branch theme,tomato illustration,burrata painting,mozzarella lover,summer dining,coastal home vibe,trattoria style,wine bar aesthetic,blue striped table,sunny interior,housewarming gift,gallery set
Red Fox Illustration Wine Glass | Hunting Design 12oz stemmed glassware,https://www.etsy.com/listing/4447888259/red-fox-illustration-wine-glass-hunting,Neo24Lab,https://www.etsy.com/shop/Neo24Lab,32.99,0,0,0,0,0,4 Mo.,0,0,1,Home & Living,35,0,0.0,69,"wine glass,fox wine,animal glass,woodland gift,cute wine,fox lover,wine night,housewarming,nature themed,gift for her,birthday gift,wine party,bride gift",wine glass,fox wine,animal glass,woodland gift,cute wine,fox lover,wine night,housewarming,nature themed,gift for her,birthday gift,wine party,bride gift
Glass Beach Ocean Themed Stem Wine Glass - Blue Teal and Gold - Glitter Wine Glass - Mom Gift - Hand painted - Housewarming Gift,https://www.etsy.com/listing/954515809/glass-beach-ocean-themed-stem-wine-glass,RusticAndRoseTexas,https://www.etsy.com/shop/RusticAndRoseTexas,28.50,0,0,0,412,93,63 Mo.,1050,1,23763,Home & Living,151,93,1.73,7473,"stemmed glass,painted wine glass,hand painted wine,beach wine glass,beach glass,beach tumbler,mothers day gift,mother gift,hostess gift,housewarming gift,ocean wine glass,beach cup,beach themed",stemmed glass,painted wine glass,hand painted wine,beach wine glass,beach glass,beach tumbler,mothers day gift,mother gift,hostess gift,housewarming gift,ocean wine glass,beach cup,beach themed
"Purple Champagne Bottle Sponge, Wine Glass Cleaner, Sip Sip Hooray Kitchen Gift",https://www.etsy.com/listing/4474575509/purple-champagne-bottle-sponge-wine,WineWashCo,https://www.etsy.com/shop/WineWashCo,6.99,0,0,0,0,0,2 Mo.,1,0,9,Home & Living,53,0,0.0,564,"wine gift,wine sponge,wine lover gift,wine birthday gift,funny sponge,cute kitchen sponge,bachelorette gift,wine gifts for her,wine birthday,wine themed gift,kitchen gift idea,housewarming gift,congrats gift",wine gift,wine sponge,wine lover gift,wine birthday gift,funny sponge,cute kitchen sponge,bachelorette gift,wine gifts for her,wine birthday,wine themed gift,kitchen gift idea,housewarming gift,congrats gift
"Set Of 2 Wine Glasses, Halloween Theme, Personalized Drink Glass, Wine Coasters, Drinkware, Bar Accessory, House Warming Gift, Fall Decor",https://www.etsy.com/listing/1298567877/set-of-2-wine-glasses-halloween-theme,RMCresinart,https://www.etsy.com/shop/RMCresinart,20.00,0,0,0,0,0,44 Mo.,0,0,16,Home & Living,51,0,0.0,87,"",--,--,--,--,--,--,--,--,--,--,--,--,--
"Etched Pineapple Wine Glass – Tropical Stemless Glass, Beach Lover Gift",https://www.etsy.com/listing/191326713/etched-pineapple-wine-glass-tropical,StoneEffectsMD,https://www.etsy.com/shop/StoneEffectsMD,15.95,0,0,0,5,1,144 Mo.,32,0,325,Home & Living,162,0,1.54,26855,"stemless wine glass,etched wine glasses,housewarming gift,custom wine glass,wine gift,pineapple wine,pineapple glass,pineapple theme,tropical beach theme,beach wine glass,tropical wine glass,pineapple lover,pineapple design",stemless wine glass,etched wine glasses,housewarming gift,custom wine glass,wine gift,pineapple wine,pineapple glass,pineapple theme,tropical beach theme,beach wine glass,tropical wine glass,pineapple lover,pineapple design
"Bridge Night Wine Glass Charms, Card Themed Gift,   Bridge Partner Gift, Wine Gift",https://www.etsy.com/listing/1813768844/bridge-night-wine-glass-charms-card,LifeBaubles,https://www.etsy.com/shop/LifeBaubles,10.95,0,0,0,0,0,18 Mo.,0,0,7,Home & Living,120,0,0.0,6966,"casino night,wine gifts,nevada state,las vegas,retirement gift,hostess gift,wine charms,las vegas themed,wine glass charms,las vegas souvenir,housewarming gifts,party favors",casino night,wine gifts,nevada state,las vegas,retirement gift,hostess gift,wine charms,las vegas themed,wine glass charms,las vegas souvenir,housewarming gifts,party favors,--
North Carolina Wine Charms Set,https://www.etsy.com/listing/645038003/north-carolina-wine-glass-charms-hostess,LifeBaubles,https://www.etsy.com/shop/LifeBaubles,18.95,0,0,0,67,10,92 Mo.,46,0,1229,Home & Living,120,0,5.45,6966,"wine gifts,carolina gift,carolina souvenir,carolina wine charm,north carolina gift,north carolina state,north carolina theme,wine glass charms,wine glass charm,hostess gift,wine charms,housewarming gifts,party favors",wine gifts,carolina gift,carolina souvenir,carolina wine charm,north carolina gift,north carolina state,north carolina theme,wine glass charms,wine glass charm,hostess gift,wine charms,housewarming gifts,party favors
"Teachers theme Handmade cocktail glass ID Charms for glass stems / crystal beads /  ladies night / Apple, School/ Birthday / Mother&#39;s day",https://www.etsy.com/listing/1755747945/teachers-theme-handmade-cocktail-glass,AuntieAnnesGems,https://www.etsy.com/shop/AuntieAnnesGems,13.00,0,0,0,0,0,22 Mo.,0,0,14,Home & Living,135,0,0.0,2288,"wine glass charms,charms for stems,id glass charms,cocktail glass charm,various theme charms,birthday gift,mother's day gift,bridal shower gift,cocktail charms,handmade charms,housewarming gift",wine glass charms,charms for stems,id glass charms,cocktail glass charm,various theme charms,birthday gift,mother's day gift,bridal shower gift,cocktail charms,handmade charms,housewarming gift,--,--
Pot Holder: Wine,https://www.etsy.com/listing/1868393349/pot-holder-wine,HandmadeDzignzsByT,https://www.etsy.com/shop/HandmadeDzignzsByT,8.00,0,0,0,0,0,15 Mo.,0,0,3,Home & Living,44,0,0.0,788,"gift sets,housewarming,pot holders,kitchen,dining,cookware,trivets,baking,hostess gifts,wine theme,wine and cheese,wine bar decor,wine lover",gift sets,housewarming,pot holders,kitchen,dining,cookware,trivets,baking,hostess gifts,wine theme,wine and cheese,wine bar decor,wine lover
Illinois wine cork art - gifts for wine lovers - rustic home decor,https://www.etsy.com/listing/1600261472/illinois-wine-cork-art-gifts-for-wine,DesertCoastalStudios,https://www.etsy.com/shop/DesertCoastalStudios,69.95,0,0,0,0,0,30 Mo.,2,0,111,Home & Living,204,0,0.0,4370,"cork map art,zero waste gifts,wine cork art,host gift,wine themed gifts,sommelier gift,housewarming gift,new home gifts,real estate closing,long distance,friendship gift,moving away gift,state decor",cork map art,zero waste gifts,wine cork art,host gift,wine themed gifts,sommelier gift,housewarming gift,new home gifts,real estate closing,long distance,friendship gift,moving away gift,state decor
Kitchen Farm Decor/LED Cork Light Wine Bottle Light/Farmhouse Rustic Kitchen/Unique Home Gift /Twine Wrapped Bottle/Welcome to Our Farmhouse,https://www.etsy.com/listing/1743021273/kitchen-farm-decorled-cork-light-wine,UNcorkedUPcycled,https://www.etsy.com/shop/UNcorkedUPcycled,26.00,0,0,0,0,0,23 Mo.,1,0,47,,115,0,0.0,573,"vinyl decals,wine bar decor,night light,frosted paint,fairy lights bottle,housewarming gift,wine themed,cute kitchen,gingham ribbon,rooster decor,neutral decor,french country",vinyl decals,wine bar decor,night light,frosted paint,fairy lights bottle,housewarming gift,wine themed,cute kitchen,gingham ribbon,rooster decor,neutral decor,french country,--
Penguin Ceramic Coaster Set: Hand-Painted Emperor Penguin Design,https://www.etsy.com/listing/1735970135/penguin-ceramic-coaster-set-hand-painted,ByJoCraftsArt,https://www.etsy.com/shop/ByJoCraftsArt,9.46,0,0,0,0,0,24 Mo.,13,0,104,Home & Living,72,0,0.0,10165,"ceramic coasters,coffee coasters,wine coasters,housewarming gift,home decor,set of 4,sea themed coaster,arctic coasters,arctic animals,antarctic animals,penguin coaster,emperor penguin,penguin coasters",ceramic coasters,coffee coasters,wine coasters,housewarming gift,home decor,set of 4,sea themed coaster,arctic coasters,arctic animals,antarctic animals,penguin coaster,emperor penguin,penguin coasters
"Wine Cork Knight Black, Bar Cart Decor, Desk Accessory,  Medieval Decor, Dungeons and Dragons Decor, DnD Gift, Paladin Miniature,Tiered Tray",https://www.etsy.com/listing/863908432/wine-cork-knight-black-bar-cart-decor,CorkiesBySteph,https://www.etsy.com/shop/CorkiesBySteph,20.00,0,0,0,0,0,68 Mo.,20,0,420,Home & Living,74,0,0.0,3976,"bar cart decor,wine lovers gift,desk accessory,tiered tray decor,knight statue,medieval home decor,medieval cosplay,dungeons and dragons,tabletop miniatures,paladin miniatures,housewarming gift,medieval theme,dnd gifts",bar cart decor,wine lovers gift,desk accessory,tiered tray decor,knight statue,medieval home decor,medieval cosplay,dungeons and dragons,tabletop miniatures,paladin miniatures,housewarming gift,medieval theme,dnd gifts
"Malbec Wine Tasting Notes | Minimalist Bar Cart Art | Sommelier Gift, Digital Download",https://www.etsy.com/listing/4376614385/malbec-wine-tasting-notes-minimalist-bar,Limitless5AM,https://www.etsy.com/shop/Limitless5AM,6.29,0,0,0,0,0,8 Mo.,0,0,15,Art & Collectibles,38,0,0.0,1474,"wine pairing chart,red wine guide print,kitchen wall decor,dining room decor,wine lover present,housewarming gift,modern wall art,sommelier art print,france themed art,foodie wall print,wine tasting party,last minute gift,wedding bar sign",wine pairing chart,red wine guide print,kitchen wall decor,dining room decor,wine lover present,housewarming gift,modern wall art,sommelier art print,france themed art,foodie wall print,wine tasting party,last minute gift,wedding bar sign
"Funny Wine Pillowcase, &#39;OK But First Wine&#39; Design, Housewarming Gift",https://www.etsy.com/listing/4376227574/funny-wine-pillowcase-ok-but-first-wine,LooksGoodDogCo,https://www.etsy.com/shop/LooksGoodDogCo,28.23,0,0,0,0,0,8 Mo.,0,0,5,Home & Living,8,0,0.0,65,"wine lover,funny pillowcase,housewarming gift,room decor,square pillow,poly canvas,decorative throw,ok but first wine,funny gift,wine theme,home accent,living room decor,gift for her",wine lover,funny pillowcase,housewarming gift,room decor,square pillow,poly canvas,decorative throw,ok but first wine,funny gift,wine theme,home accent,living room decor,gift for her
"Personalized Bamboo Wine Bottle Cutting Board, Charcuterie Board, Kitchen Decor (17x5.25&quot;)",https://www.etsy.com/listing/1757161987/personalized-bamboo-wine-bottle-cutting,PicturesOnWoodLV,https://www.etsy.com/shop/PicturesOnWoodLV,43.00,0,0,0,0,0,22 Mo.,0,0,65,Home & Living,148,0,0.0,315,"cutting board,kitchen deco,bottle shape board,wine shape board,monogram board,charcuterie,paddle cutting board,kitchen entertaining,novelty gift,wine theme board,engraved board,custom cutting board,housewarming gift",cutting board,kitchen deco,bottle shape board,wine shape board,monogram board,charcuterie,paddle cutting board,kitchen entertaining,novelty gift,wine theme board,engraved board,custom cutting board,housewarming gift
Angel Fall Fabric,https://www.etsy.com/listing/568941025/angel-fall-fabric,BearyCraftee,https://www.etsy.com/shop/BearyCraftee,25.00,0,0,0,22,11,102 Mo.,17,0,630,Art & Collectibles,103,0,3.49,581,"handmade,wine bottle cover,tree topper,fall decor,everyday decor,decorative,customizable,housewarming gift,holiday themes",handmade,wine bottle cover,tree topper,fall decor,everyday decor,decorative,customizable,housewarming gift,holiday themes,--,--,--,--
Cloth wine bottle gift bag  festive table decoration,https://www.etsy.com/listing/262284323/cloth-wine-bottle-gift-bag-festive-table,StitchWitchWorks,https://www.etsy.com/shop/StitchWitchWorks,6.95,0,0,0,0,0,124 Mo.,1,0,26,Paper & Party Supplies,126,0,0.0,441,"gift wrap,gift bag,wine bottle cover,wine bottle bag,party decoration,funky wine bag,hippie table decor,boho theme,housewarming gift,hostess gift,reusable recycle,eco friendly",gift wrap,gift bag,wine bottle cover,wine bottle bag,party decoration,funky wine bag,hippie table decor,boho theme,housewarming gift,hostess gift,reusable recycle,eco friendly,--
Funny Kitchen Towels Set | Wine Lover Embroidered Towels | Funny Quote Towels | Gift for Her | Kitchen Decor | Set or Single,https://www.etsy.com/listing/4467158408/funny-kitchen-towels-set-wine-lover,ABPersonalizedStudi,https://www.etsy.com/shop/ABPersonalizedStudi,20.91,0,0,0,0,0,2 Mo.,0,0,6,Home & Living,54,0,0.0,6,"wine kitchen towel,embroidered towel,wine lover gift,funny kitchen towel,best friend gift,wine decor kitchen,embroidered dish towel,wine lover decor,funny wine gift,kitchen towel gift,housewarming gift,wine theme kitchen",wine kitchen towel,embroidered towel,wine lover gift,funny kitchen towel,best friend gift,wine decor kitchen,embroidered dish towel,wine lover decor,funny wine gift,kitchen towel gift,housewarming gift,wine theme kitchen,--
Coastal Wine Glass Charms - Set of 4 - Real Florida Shells - Coastal Entertaining Gift,https://www.etsy.com/listing/4441343655/coastal-wine-glass-charms-set-of-4-real,KRLKreationsShop,https://www.etsy.com/shop/KRLKreationsShop,20.00,0,0,0,0,0,4 Mo.,2,0,67,Home & Living,11,0,0.0,50,"house warming gift,hostess gift,wine lover gift,unique wine gift,wine glass charm,seashell wine charm,coastal wine charms,beach wine charms,coastal table decor,beach house decor,coastal gift set,beach themed gift,seaside entertaining",house warming gift,hostess gift,wine lover gift,unique wine gift,wine glass charm,seashell wine charm,coastal wine charms,beach wine charms,coastal table decor,beach house decor,coastal gift set,beach themed gift,seaside entertaining
"Wine tote with handles, red truck with Christmas trees, over the hills and through the woods",https://www.etsy.com/listing/1816592198/wine-tote-with-handles-red-truck-with,GoodsSewSimple,https://www.etsy.com/shop/GoodsSewSimple,30.00,0,0,0,0,0,18 Mo.,1,0,13,Bags & Purses,46,0,0.0,327,"holiday tote,tote with handles,wine tote,christmas themed bag,great gift ideas,holiday gift ideas,hostess gifts,any occasion gift,coworker gifts,housewarming gifts,bottle transporting,one of a kind gift,unique gifts",holiday tote,tote with handles,wine tote,christmas themed bag,great gift ideas,holiday gift ideas,hostess gifts,any occasion gift,coworker gifts,housewarming gifts,bottle transporting,one of a kind gift,unique gifts
"Riding Cowboy Scene Glasses | Personalized etched glassware for beer, whiskey, wine & cocktails. Western Desert Scene, Southwestern Decor.",https://www.etsy.com/listing/1658951810/riding-cowboy-scene-glasses-personalized,BenoitsDesignCo,https://www.etsy.com/shop/BenoitsDesignCo,20.00,0,0,0,0,0,28 Mo.,21,0,267,Home & Living,126,0,0.0,55564,"cocktail glasses,barware set,gifts for him,gifts for her,personalized gifts,wine glasses,whiskey glasses,beer glasses,housewarming gift,southwestern glasses,country ranch decor,western theme glass,cowboy ranch glasses",cocktail glasses,barware set,gifts for him,gifts for her,personalized gifts,wine glasses,whiskey glasses,beer glasses,housewarming gift,southwestern glasses,country ranch decor,western theme glass,cowboy ranch glasses
"Serve Wine Happy Hour Doormat, As For Me And My House",https://www.etsy.com/listing/1705316234/doormat-funny-quote-as-for-me-and-my,GiftSpace1,https://www.etsy.com/shop/GiftSpace1,41.88,0,0,0,0,0,26 Mo.,4,0,65,,31,0,0.0,9753,"wine doormat,door mat,funny welcome mat,housewarming gift,gift for wine lover,happy hour decor,wine lover gift,new home gift,porch decor,entryway mat,wine themed gift,custom doormat,outdoor mat",wine doormat,door mat,funny welcome mat,housewarming gift,gift for wine lover,happy hour decor,wine lover gift,new home gift,porch decor,entryway mat,wine themed gift,custom doormat,outdoor mat
"Vibrant Vineyard Tea Towel 18&quot;x30&quot; - Perfect for Wine Lovers, Kitchen Decor, Housewarming Gifts, Rustic Home, Stylish Kitchen Essentials",https://www.etsy.com/listing/1856858140/vibrant-vineyard-tea-towel-18x30-perfect,JagiBoutique,https://www.etsy.com/shop/JagiBoutique,24.99,0,0,0,0,0,3 Mo.,0,0,2,Home & Living,24,0,0.0,189,"grape kitchen,cotton tea towels,colorful kitchen,home cooking gift,wine lover gift,garden inspired,nature themed,eco friendly kitchen,unique dish towel,handmade kitchen,housewarming gift,farmhouse decor,vineyard towel",grape kitchen,cotton tea towels,colorful kitchen,home cooking gift,wine lover gift,garden inspired,nature themed,eco friendly kitchen,unique dish towel,handmade kitchen,housewarming gift,farmhouse decor,vineyard towel
"Elegant Wine-Themed Glass Cutting Board, Perfect for Entertaining, Housewarming Gifts, Kitchen Decor, Culinary Enthusiasts, Unique Gifts",https://www.etsy.com/listing/4372180784/elegant-wine-themed-glass-cutting-board,Vermontcomfort,https://www.etsy.com/shop/Vermontcomfort,22.63,0,0,0,0,0,4 Mo.,0,0,0,Home & Living,5,0,0.0,8,"glass cutting board,kitchen decor,wine lover gift,grapes design,home cooking gift,gift for chef,culinary art,serving board,party tableware,personalized kitchen,modern kitchenware,unique kitchen decor,wine party decor",glass cutting board,kitchen decor,wine lover gift,grapes design,home cooking gift,gift for chef,culinary art,serving board,party tableware,personalized kitchen,modern kitchenware,unique kitchen decor,wine party decor
I Make Pour Decisions Wine Theme Magnet | Kitchen Magnet | Wood Cutout | Housewarming Gift | Funny Wine Saying | Wine Lover Gift,https://www.etsy.com/listing/1868971129/i-make-pour-decisions-wine-theme-magnet,MadeandFinds,https://www.etsy.com/shop/MadeandFinds,4.99,0,0,0,0,0,10 Mo.,0,0,1,Home & Living,152,0,0.0,2096,"housewarming gift,fridge magnet,kitchen accent,wine theme,funny wine sayings,gift for wine lover,wine bottle shape,wood magnets,i wine a lot",housewarming gift,fridge magnet,kitchen accent,wine theme,funny wine sayings,gift for wine lover,wine bottle shape,wood magnets,i wine a lot,--,--,--,--
Wine Corks Wall Clock – &quot;Corks Are For Quitters&quot; Quote,https://www.etsy.com/listing/1167762712/wine-corks-wall-clock-corks-are-for,FunAroundTheClockCo,https://www.etsy.com/shop/FunAroundTheClockCo,58.00,0,0,0,4,1,48 Mo.,5,0,424,Home & Living,105,0,0.94,6749,"wine corks clock,wine lovers gift,wine bottle clock,red wine decor,cork art design,home bar decor,wine themed clock,unique wall art,vintage style clock,housewarming gift,kitchen wall clock,wine enthusiast gift,red wine bottle",wine corks clock,wine lovers gift,wine bottle clock,red wine decor,cork art design,home bar decor,wine themed clock,unique wall art,vintage style clock,housewarming gift,kitchen wall clock,wine enthusiast gift,red wine bottle
"Wine Lover&#39;s Glass Cutting Board - Perfect for Home Chefs, Entertainers, Wine Parties, Rustic Kitchen Decor, Gift for Wine Enthusiasts",https://www.etsy.com/listing/1884271088/wine-lovers-glass-cutting-board-perfect,ACMTShop,https://www.etsy.com/shop/ACMTShop,22.38,0,0,0,0,0,1 Mo.,0,0,9,Home & Living,16,0,0.0,305,"kitchen decor,glass cutting board,wine lover gift,sunset design,housewarming gift,cooking accessory,serveware home,gift for chefs,personalized kitchen,home bar decor,modern kitchen,wine themed gift,unique cutting board",kitchen decor,glass cutting board,wine lover gift,sunset design,housewarming gift,cooking accessory,serveware home,gift for chefs,personalized kitchen,home bar decor,modern kitchen,wine themed gift,unique cutting board
"Funny Wine 4 Piece Coaster Set, Age Gets Better With Wine coasters, wine enthusiast, gift for mom, housewarming present, wine table decor",https://www.etsy.com/listing/1591964322/funny-wine-4-piece-coaster-set-age-gets,PatersonPrintsEtsy,https://www.etsy.com/shop/PatersonPrintsEtsy,21.99,0,0,0,0,0,12 Mo.,0,0,4,Home & Living,20,0,0.0,136,"gift for grandma,older person gift,funny coaster set,wine coasters,cute wine drinks mat,wine and laughter,wine lover gift,housewarming gift,birthday coasters,silly wine-themed,wine enthusiast,cool table mats,humorous puns",gift for grandma,older person gift,funny coaster set,wine coasters,cute wine drinks mat,wine and laughter,wine lover gift,housewarming gift,birthday coasters,silly wine-themed,wine enthusiast,cool table mats,humorous puns
Wine Is My Love Language (Physical Print) | Unique Art Print | 200 GSM | Premium Quality Ink | Made in Britain,https://www.etsy.com/listing/1825295417/wine-is-my-love-language-physical-print,CawstonPrints,https://www.etsy.com/shop/CawstonPrints,11.07,0,0,0,0,0,5 Mo.,0,0,5,Home & Living,11,0,0.0,363,"wine wall art,wine lover gift,wine decor,typography print,wine cellar decor,winery decor,dining room wall art,kitchen wall art,bar decor,housewarming gift,wine theme decor,vertical text print,wine art",wine wall art,wine lover gift,wine decor,typography print,wine cellar decor,winery decor,dining room wall art,kitchen wall art,bar decor,housewarming gift,wine theme decor,vertical text print,wine art
Artisanal Coconut Soy Frosted Glass Candle with Wooden Wick and Raw Maple Lid 11 oz Hand Poured Wine Lover Happy Hour Candle 50 hr burn time,https://www.etsy.com/listing/1859777446/artisanal-coconut-soy-frosted-glass,HappyHourFoodandFun,https://www.etsy.com/shop/HappyHourFoodandFun,36.99,0,0,0,0,0,10 Mo.,0,0,4,Home & Living,19,0,0.0,93,"housewarming gift,luxury candle,aromatic scent,handmade gift,artisan candle,home fragrance,hand poured usa,relaxing ambiance,stylish decor,gift for her,drinking gift,wine theme gift",housewarming gift,luxury candle,aromatic scent,handmade gift,artisan candle,home fragrance,hand poured usa,relaxing ambiance,stylish decor,gift for her,drinking gift,wine theme gift,--
"Sandblasted Swimming Duck Glassware: Etched Personalized Wine, Pint, Champagne, Shot Glass",https://www.etsy.com/listing/4371559649/sandblasted-swimming-duck-glassware,GiftaGlassShop,https://www.etsy.com/shop/GiftaGlassShop,17.99,0,0,0,0,0,8 Mo.,0,0,1,Home & Living,8,0,0.0,163,"champagne flute gift,sandblasted glasses,personalized glass,etched pint glass,etched glasses,anniversary gift,birthday gift,housewarming gift,swimming duck glass,duck themed gift,duck wine glass,lake house glass,lake house gift",champagne flute gift,sandblasted glasses,personalized glass,etched pint glass,etched glasses,anniversary gift,birthday gift,housewarming gift,swimming duck glass,duck themed gift,duck wine glass,lake house glass,lake house gift
Honolulu Wine Art: Framed Canvas Print for Home Bar Decor,https://www.etsy.com/listing/4350927076/honolulu-wine-art-framed-canvas-print,WideAwakeinAmerica,https://www.etsy.com/shop/WideAwakeinAmerica,115.00,0,0,0,0,0,9 Mo.,0,0,0,Home & Living,10,0,0.0,6,"wall art prints,wine lover gift,cityscape decor,wine themed art,home wall decor,modern art style,unique housewarming,colorful wall art,art for entertaining,wine tasting gift,new home gift,framed art piece",wall art prints,wine lover gift,cityscape decor,wine themed art,home wall decor,modern art style,unique housewarming,colorful wall art,art for entertaining,wine tasting gift,new home gift,framed art piece,--
Beach Theme Seashell Resin Art Wine or Champagne Butler /Bottle & Wine Glass Holder / Housewarming Gift / Tropical Decor / Coastal Decor,https://www.etsy.com/listing/1696534216/beach-theme-seashell-resin-art-wine-or,BeachinShack,https://www.etsy.com/shop/BeachinShack,22.00,0,0,0,0,0,25 Mo.,3,0,103,Home & Living,97,0,0.0,6187,"anniversary gift,wedding gift,gift for friends,housewarming gift,beach wedding,handmade with resin,resin,beach theme gifts,tiki bar accessories,wine bottle display,wine glass display,glass bottle display,realtor gift ideas",anniversary gift,wedding gift,gift for friends,housewarming gift,beach wedding,handmade with resin,resin,beach theme gifts,tiki bar accessories,wine bottle display,wine glass display,glass bottle display,realtor gift ideas
Drinkerbell Embroidered Kitchen Towel: Funny Princess Wine Gift,https://www.etsy.com/listing/1059528948/drinkerbell-embroidered-kitchen-towel,BouillionsCreations,https://www.etsy.com/shop/BouillionsCreations,10.00,0,0,0,0,0,57 Mo.,0,0,48,Home & Living,204,0,0.0,359,"housewarming gift,princess tea towel,kitchen décor,machine washable,drinkerbell,princess themed,bachelorette gifts,funny tea towel,housewarming,hostess gifts,wine towel,terry cloth,stocking stuffer",housewarming gift,princess tea towel,kitchen décor,machine washable,drinkerbell,princess themed,bachelorette gifts,funny tea towel,housewarming,hostess gifts,wine towel,terry cloth,stocking stuffer
"Embroidered Princess Kitchen Towel, Funny Wine Gift",https://www.etsy.com/listing/1084818627/embroidered-princess-kitchen-towel-funny,BouillionsCreations,https://www.etsy.com/shop/BouillionsCreations,10.00,0,0,0,0,0,56 Mo.,2,0,18,Home & Living,204,0,0.0,359,"kitchen towel,wine towel,fun gift,poison apple,princess themed,kitchen décor,funny tea towel,adulting gift,wine lover gift,housewarming gift,embroidery,decorated towel,dish towel",kitchen towel,wine towel,fun gift,poison apple,princess themed,kitchen décor,funny tea towel,adulting gift,wine lover gift,housewarming gift,embroidery,decorated towel,dish towel
"New Hampshire Wine Glass Charms, Hostess Gift Ideas, Gift for Her, New Hampshire Themed Gift, Wine Lover Gift, Wine Gift",https://www.etsy.com/listing/1112401535/new-hampshire-wine-glass-charms-hostess,LifeBaubles,https://www.etsy.com/shop/LifeBaubles,18.95,0,0,0,20,3,54 Mo.,12,0,286,Home & Living,120,0,6.99,6966,"wine gifts,new hampshire state,new hampshire gift,new hampshire theme,hostess gift ideas,wine glass charms,wine glass charm,hostess gift,wine charms,wine lover gift,housewarming gifts,party favors",wine gifts,new hampshire state,new hampshire gift,new hampshire theme,hostess gift ideas,wine glass charms,wine glass charm,hostess gift,wine charms,wine lover gift,housewarming gifts,party favors,--
"Irish Wine Glass Charms, Irish Gifts",https://www.etsy.com/listing/472098125/irish-wine-glass-charms-irish-gifts,LifeBaubles,https://www.etsy.com/shop/LifeBaubles,18.95,0,0,0,154,23,117 Mo.,124,0,2159,Home & Living,120,0,7.13,6966,"irish gifts,gifts for him,wine gifts,celtic themed,wine glass charms,ireland wine charms,irish themed gift,celtic charm,wine glass charm,hostess gift,wine charms,housewarming gifts,party favors",irish gifts,gifts for him,wine gifts,celtic themed,wine glass charms,ireland wine charms,irish themed gift,celtic charm,wine glass charm,hostess gift,wine charms,housewarming gifts,party favors
"Dog Lover Wine Glass Charms, Dog Themed Hostess Gift, Wine Lover Gift, Wine Gift",https://www.etsy.com/listing/672827609/dog-lover-wine-glass-charms-dog-themed,LifeBaubles,https://www.etsy.com/shop/LifeBaubles,18.95,0,0,0,87,13,88 Mo.,54,0,1254,Home & Living,120,0,6.94,6966,"wine gifts,rescue dog gift,dog themed gift,dog lover gift,dog gift,wine glass charm,party gift,hostess gift,wine charms,for dad,housewarming gifts,party favors",wine gifts,rescue dog gift,dog themed gift,dog lover gift,dog gift,wine glass charm,party gift,hostess gift,wine charms,for dad,housewarming gifts,party favors,--
"Real Estate Themed Wine Glass Charms, Homebuyer  Gift, Realtor Themed Gift",https://www.etsy.com/listing/809971908/real-estate-themed-wine-glass-charms,LifeBaubles,https://www.etsy.com/shop/LifeBaubles,18.95,0,0,0,0,0,71 Mo.,17,0,319,Home & Living,120,0,0.0,6966,"wine gifts,hostess gift,real estate gift,realtor gift,homebuyer gift,homebuyer theme,realtor theme,real estate theme,wine glass charms,wine glass charm,wine charms,housewarming gifts,party favors",wine gifts,hostess gift,real estate gift,realtor gift,homebuyer gift,homebuyer theme,realtor theme,real estate theme,wine glass charms,wine glass charm,wine charms,housewarming gifts,party favors
"Mardi Gras Wine Glass Charms, Louisiana Wine Glass Charms, Hostess Gift Idea, New Orleans Themed Gift, Wine Lover Gift",https://www.etsy.com/listing/472092441/mardi-gras-wine-glass-charms-louisiana,LifeBaubles,https://www.etsy.com/shop/LifeBaubles,18.95,0,0,0,33,5,117 Mo.,68,0,1312,Home & Living,120,0,2.52,6966,"wine gifts,new orleans gift,louisiana state,for her,wine glass charm,hostess gift,wine charms,mardi gras,new orleans theme,mardi gras theme,louisiana gift,housewarming gifts,party favors",wine gifts,new orleans gift,louisiana state,for her,wine glass charm,hostess gift,wine charms,mardi gras,new orleans theme,mardi gras theme,louisiana gift,housewarming gifts,party favors
"Casino Night Wine Glass Charms, Nevada Themed Gift, Las Vegas Themed Gift, Wine Gift",https://www.etsy.com/listing/498681761/casino-night-wine-glass-charms-nevada,LifeBaubles,https://www.etsy.com/shop/LifeBaubles,18.95,0,0,0,13,2,113 Mo.,8,0,273,Home & Living,120,0,4.76,6966,"casino night,wine gifts,nevada state,las vegas,retirement gift,hostess gift,wine charms,las vegas themed,wine glass charms,las vegas souvenir,housewarming gifts,party favors",casino night,wine gifts,nevada state,las vegas,retirement gift,hostess gift,wine charms,las vegas themed,wine glass charms,las vegas souvenir,housewarming gifts,party favors,--
"Nebraska Wine Glass Charms, Hostess Gift Ideas, Nebraska Themed Gift, Wine Lover Gift, Wine Gift",https://www.etsy.com/listing/1112422489/nebraska-wine-glass-charms-hostess-gift,LifeBaubles,https://www.etsy.com/shop/LifeBaubles,18.95,0,0,0,0,0,54 Mo.,4,0,163,Home & Living,120,0,0.0,6966,"wine gifts,nebraska souvenir,nebraska themed,nebraska state,nebraska gift,hostess gift ideas,wine glass charms,wine glass charm,wine charms,mothers day gift,fathers day gift,housewarming gifts,party favors",wine gifts,nebraska souvenir,nebraska themed,nebraska state,nebraska gift,hostess gift ideas,wine glass charms,wine glass charm,wine charms,mothers day gift,fathers day gift,housewarming gifts,party favors
"Wine Time Wall Clock, Red/White Wine Glasses, Perfect for Wine Lovers and Wine Cellar, Home Decor, Kitchen Wall Art, Wine Enthusiast Gift",https://www.etsy.com/listing/536636760/wine-time-wall-clock-redwhite-wine,FunAroundTheClockCo,https://www.etsy.com/shop/FunAroundTheClockCo,58.00,0,0,0,14,3,102 Mo.,36,0,999,Home & Living,105,0,1.4,6749,"wine time wall clock,wine glass design,wine time decor,kitchen wall art,unique home decor,wine cellar decor,wine lover gift,wine toasting room,wine theme clock,vintage wall clock,wine bar decor,wine connoisseur,housewarming gift",wine time wall clock,wine glass design,wine time decor,kitchen wall art,unique home decor,wine cellar decor,wine lover gift,wine toasting room,wine theme clock,vintage wall clock,wine bar decor,wine connoisseur,housewarming gift
"Beer, Wine & Whiskey, Outdoor Decor, Cork Funny Coasters, Summer Fun Drink Keepers, Alcohol Themed Housewarming Gift, Set of Four",https://www.etsy.com/listing/1203293252/beer-wine-whiskey-outdoor-decor-cork,EmersynJadeDesigns,https://www.etsy.com/shop/EmersynJadeDesigns,10.00,0,0,0,2,1,36 Mo.,0,0,0,Home & Living,51,0,0.0,178,"cork coasters adult,tequila gin vodka,outdoor porch patio,college life decor,nsfw apartment decor,drink coasters cork,bbq party host gifts,housewarming gift,college going away,stocking stuffer for,college kids,boyfriend,bare ware",cork coasters adult,tequila gin vodka,outdoor porch patio,college life decor,nsfw apartment decor,drink coasters cork,bbq party host gifts,housewarming gift,college going away,stocking stuffer for,college kids,boyfriend,bare ware
Wine Theme Kitchen Towel &quot;Keep Calm and Pour On&quot;,https://www.etsy.com/listing/864669051/wine-theme-kitchen-towel-keep-calm-and,sewingdoxie,https://www.etsy.com/shop/sewingdoxie,15.00,0,0,0,3,1,67 Mo.,4,0,32,Home & Living,68,0,9.38,1279,"beige towels,wine theme gift,british humor,bride gift,groom gift,housewarming gift,hostess gift,funny towel sayings,embroidered towel,tea towel gift",beige towels,wine theme gift,british humor,bride gift,groom gift,housewarming gift,hostess gift,funny towel sayings,embroidered towel,tea towel gift,--,--,--
Renaissance Themed Wine Charms,https://www.etsy.com/listing/1906143693/renaissance-themed-wine-charms,BasilSageArtisan,https://www.etsy.com/shop/BasilSageArtisan,30.00,0,0,0,0,0,13 Mo.,5,0,114,Home & Living,53,0,0.0,224,"renaissance theme,medival wine charms,renfaire wine charm,medival charms,gift for her,gift for him,gift for couple,housewarming gift,unique wine charms,unique gift,wine lover gift,wine glass accessory,special occasion",renaissance theme,medival wine charms,renfaire wine charm,medival charms,gift for her,gift for him,gift for couple,housewarming gift,unique wine charms,unique gift,wine lover gift,wine glass accessory,special occasion
"Wine & Champagne Cork Bridesmaid Dog for Dog Lover Wedding Decor, Vineyard Wedding, Dog Lover Bridesmaid Gift, Housewarming, Anniversary",https://www.etsy.com/listing/776705356/wine-champagne-cork-bridesmaid-dog-for,CorkiesBySteph,https://www.etsy.com/shop/CorkiesBySteph,24.00,0,0,0,0,0,74 Mo.,10,0,141,Weddings,74,0,0.0,3976,"wine cork art,dog bridal shower,wedding gift dog,wine lovers wedding,dog themed wedding,dog housewarming,dog wedding favors,dog lover wedding,dog anniversary,vineyard wedding,wedding table decor,new couple dog gift,bridesmaid dog gift",wine cork art,dog bridal shower,wedding gift dog,wine lovers wedding,dog themed wedding,dog housewarming,dog wedding favors,dog lover wedding,dog anniversary,vineyard wedding,wedding table decor,new couple dog gift,bridesmaid dog gift
Funny Cat Coaster Set: Cats and Wine Lovers – Group 2,https://www.etsy.com/listing/1738811123/funny-cat-coaster-set-cats-and-wine,CreaturesCoversLLC,https://www.etsy.com/shop/CreaturesCoversLLC,12.50,0,0,0,0,0,24 Mo.,1,0,11,Home & Living,157,0,0.0,421,"cat lover's gift,wine lover's gift,novelty cats,cat themed coasters,wine themed coasters,housewarming gift,funny cat images,fun cat images,funny wine images,fun wine images",cat lover's gift,wine lover's gift,novelty cats,cat themed coasters,wine themed coasters,housewarming gift,funny cat images,fun cat images,funny wine images,fun wine images,--,--,--
Funny Dog Coaster Set: Dogs and Wine Lovers - Group 2,https://www.etsy.com/listing/1738296427/funny-dog-coaster-set-dogs-and-wine,CreaturesCoversLLC,https://www.etsy.com/shop/CreaturesCoversLLC,12.50,0,0,0,0,0,24 Mo.,0,0,12,Home & Living,157,0,0.0,421,"dog lover's gift,novelty pups,dog themed coasters,housewarming gift,funny dog images,fun dog images,wine lover's gift,funny wine images,fun wine images",dog lover's gift,novelty pups,dog themed coasters,housewarming gift,funny dog images,fun dog images,wine lover's gift,funny wine images,fun wine images,--,--,--,--
Personalized Wine Bar Metal Sign: Rustic Vintage Design,https://www.etsy.com/listing/1178533915/personalized-wine-bar-metal-sign-rustic,FunnyHAHAUSA,https://www.etsy.com/shop/FunnyHAHAUSA,25.00,0,0,0,60,15,51 Mo.,82,0,2399,Home & Living,91,25,2.5,99873,"personalized sign,fathers day gift,wine bar sign,gift for mom,vintage wine decor,winery decor,father's day gift,mother's wine cart,alcohol themed art,vintage rustic vino,uncork and unwind,housewarming gift,dinner party decor",personalized sign,fathers day gift,wine bar sign,gift for mom,vintage wine decor,winery decor,father's day gift,mother's wine cart,alcohol themed art,vintage rustic vino,uncork and unwind,housewarming gift,dinner party decor
California Themed Wine Charm Set | California Wine Charms Housewarming Gift,https://www.etsy.com/listing/463245572/california-themed-wine-charm-set,WhiteTankMtnDesigns,https://www.etsy.com/shop/WhiteTankMtnDesigns,10.00,0,0,0,25,6,116 Mo.,15,0,573,Home & Living,125,0,4.36,3813,"wine glass charms,wine charms,wine glass markers,glass markers,california gift,california,glass charms,wine lovers gift,california wine,napa gift,sonoma gift",wine glass charms,wine charms,wine glass markers,glass markers,california gift,california,glass charms,wine lovers gift,california wine,napa gift,sonoma gift,--,--
"Wine Bottle Printable Gift Tags, Liquor Bottle Tags to Print, Host Hostess Gift Idea, Because You Can&#39;t Drink Flowers, Drinking Theme Gift",https://www.etsy.com/listing/4295005628/wine-bottle-printable-gift-tags-liquor,HHDPrintables,https://www.etsy.com/shop/HHDPrintables,3.97,0,0,0,0,0,13 Mo.,0,0,10,Paper & Party Supplies,70,0,0.0,1917,"wine bottle tag,printable gift tag,liquor bottle tags,to print,host gift,hostess gift idea,can't drink flowers,drinking theme gift,cocktails theme,drinking buddy,housewarming gift,new neighbor,welcome gift",wine bottle tag,printable gift tag,liquor bottle tags,to print,host gift,hostess gift idea,can't drink flowers,drinking theme gift,cocktails theme,drinking buddy,housewarming gift,new neighbor,welcome gift
"Sea View Tempered Glass Wall Clock, Kitchen Wall Clock, Champagne Wine Clock, Round Glass Clock, Modern Decorative Clock",https://www.etsy.com/listing/4450379506/sea-view-tempered-glass-wall-clock,WallClocksByEdmart,https://www.etsy.com/shop/WallClocksByEdmart,78.00,0,0,0,0,0,4 Mo.,0,0,6,Home & Living,4,0,0.0,88,"glass wall clock,coastal cafe theme,tempered glass art,home gift for couple,housewarming gift,oversized wall clock,kitchen decor clock,wine themed decor,seaside view clock,living room clock,bedroom decorative,modern wall clock,cool clock",glass wall clock,coastal cafe theme,tempered glass art,home gift for couple,housewarming gift,oversized wall clock,kitchen decor clock,wine themed decor,seaside view clock,living room clock,bedroom decorative,modern wall clock,cool clock
Wall Vinyl Decal Wine Vine Restaurant Kitchen Bar Cool Decor 1916di,https://www.etsy.com/listing/273360916/wall-vinyl-decal-wine-vine-restaurant,BoldArtsy,https://www.etsy.com/shop/BoldArtsy,35.00,0,0,0,14,2,122 Mo.,36,0,896,Home & Living,130,0,1.56,9241,"wall vinyl wine,wall decal vine,restaurant decal,kitchen decal,housewarming gift,large wine bottle,wine cellar decor,wine barrel decor,wine bar decor,wine themed decor,kitchen gift,peel and stick,wall decoration",wall vinyl wine,wall decal vine,restaurant decal,kitchen decal,housewarming gift,large wine bottle,wine cellar decor,wine barrel decor,wine bar decor,wine themed decor,kitchen gift,peel and stick,wall decoration
"Wine Design Flour Sack Towel, Custom Cotton Tea Towel",https://www.etsy.com/listing/1106509174/wine-design-flour-sack-towel-custom,DragonflyManorDesign,https://www.etsy.com/shop/DragonflyManorDesign,16.00,0,0,0,0,0,54 Mo.,0,0,9,Home & Living,73,0,0.0,66,"wine design towels,kitchen towels,funny wine towels,wine theme towels,wine flour sack,kitchen decor,wine gift,wine birthday gift,housewarming gift,hostess gift,wedding gift,bridal shower gift,wine tea towels",wine design towels,kitchen towels,funny wine towels,wine theme towels,wine flour sack,kitchen decor,wine gift,wine birthday gift,housewarming gift,hostess gift,wedding gift,bridal shower gift,wine tea towels
"It&#39;s 5 o&#39;clock Somewhere embroidered towel, teal aqua towel, wine lover&#39;s towel, cocktail towel, funny kitchen towel",https://www.etsy.com/listing/1106013747/its-5-oclock-somewhere-embroidered-towel,SharisSudsNStuff,https://www.etsy.com/shop/SharisSudsNStuff,19.98,0,0,0,0,0,55 Mo.,3,0,63,Home & Living,205,0,0.0,1510,"soy wax tarts,29 forever soaps,29forever soaps,5 o'clock somewhere,wedding shower gift,birthday gift,housewarming gift,christmas towel,5'clock somewhere,wine themed towel,happy hour towel,gift for girlfriend,50th birthday woman",soy wax tarts,29 forever soaps,29forever soaps,5 o'clock somewhere,wedding shower gift,birthday gift,housewarming gift,christmas towel,5'clock somewhere,wine themed towel,happy hour towel,gift for girlfriend,50th birthday woman
"Hand-Painted Winter Spring Wine Glass, Artistic Wine Glasses, Cottagecore Decor, Folk Art Painted Glassware, Wine Lovers Gift",https://www.etsy.com/listing/4297409921/hand-painted-winter-spring-wine-glass,UAmaze,https://www.etsy.com/shop/UAmaze,90.00,0,0,0,0,0,13 Mo.,1,0,140,Home & Living,109,0,0.0,10247,"unique gift,hand painted glass,wine glass set,wine lover gifte,cottagecore glasses,handmade decorated,wine glasses,folkart decore,artistic wine glass,custom wine glass,housewarming gift,season themed decor,winter spring",unique gift,hand painted glass,wine glass set,wine lover gifte,cottagecore glasses,handmade decorated,wine glasses,folkart decore,artistic wine glass,custom wine glass,housewarming gift,season themed decor,winter spring
"Oyster Shell Wine Bottle Stopper, Unique Hostess Gifts, Beach Themed Wedding Gift, Bridesmaid Gifts, Housewarming Gift, Beach Decor",https://www.etsy.com/listing/1641535792/oyster-shell-wine-bottle-stopper-unique,ReidyDesigns,https://www.etsy.com/shop/ReidyDesigns,27.00,0,0,0,4,1,28 Mo.,33,0,1859,Home & Living,100,30,0.22,2151,"unique hostess gifts,bridesmaid gifts,housewarming gift,oyster shell stopper,wine bottle stopper,beach themed gift,beach wedding gift,unique wine stopper,shell bottle stopper,coastal decor,beach wedding favors,unique wedding gift,bridal shower gift",unique hostess gifts,bridesmaid gifts,housewarming gift,oyster shell stopper,wine bottle stopper,beach themed gift,beach wedding gift,unique wine stopper,shell bottle stopper,coastal decor,beach wedding favors,unique wedding gift,bridal shower gift
Wine Lover Doormat: Funny Welcome Mat - Housewarming Gift,https://www.etsy.com/listing/1171101516/but-did-you-bring-wine-doormat-funny,TheDoormatory,https://www.etsy.com/shop/TheDoormatory,62.80,0,0,0,16,3,51 Mo.,15,0,424,,131,0,3.77,73494,"wine lover doormat,funny welcome mat,housewarming gift,natural coir fibers,latex anti skid,welcome door mat,wine themed gift,humorous home decor,gift for wine lovers,playful door mat,coconut fiber mat,lighthearted welcome,handmade doormat",wine lover doormat,funny welcome mat,housewarming gift,natural coir fibers,latex anti skid,welcome door mat,wine themed gift,humorous home decor,gift for wine lovers,playful door mat,coconut fiber mat,lighthearted welcome,handmade doormat
Quilted Wine Mat Set: Cork Print Mini Placemats,https://www.etsy.com/listing/1428793913/quilted-wine-mat-set-cork-print-mini,StashmoverCreations,https://www.etsy.com/shop/StashmoverCreations,47.50,0,0,0,0,0,38 Mo.,1,0,68,Home & Living,93,0,0.0,585,"wine mats,set of four mug rugs,mini placemat set,party decor,table topper set,wine themed table,house warming gift,wine and cheese mat,quilted wine mats,wine coasters,set of four coasters,table decor,gift for the home",wine mats,set of four mug rugs,mini placemat set,party decor,table topper set,wine themed table,house warming gift,wine and cheese mat,quilted wine mats,wine coasters,set of four coasters,table decor,gift for the home
Ocean Waves mason jar | Housewarming Gift | Epoxy Resin Ocean | Wedding Gift | Beach Lover Wine Glasses | Coastal Decor,https://www.etsy.com/listing/1886337141/ocean-waves-mason-jar-housewarming-gift,BtsEpoxyDesigns,https://www.etsy.com/shop/BtsEpoxyDesigns,22.50,0,0,0,0,0,14 Mo.,5,0,60,Home & Living,116,0,0.0,337,"set of mugs,personalized coffee,house warming gift,beach wine glasses,nautical glassware,beach resin win,handcrafted gift,mason jars,colored mason jars,resin art glass,handmade beach mug,beach themed gift,ocean wave glasses",set of mugs,personalized coffee,house warming gift,beach wine glasses,nautical glassware,beach resin win,handcrafted gift,mason jars,colored mason jars,resin art glass,handmade beach mug,beach themed gift,ocean wave glasses
Wine Glass Charms-Patina Feathers-Custom Designed & Special Orders,https://www.etsy.com/listing/1730432376/wine-glass-charms-patina-feathers-custom,TheRusticWitchShoppe,https://www.etsy.com/shop/TheRusticWitchShoppe,23.20,0,0,0,0,0,23 Mo.,0,0,28,Home & Living,98,0,0.0,91,"wine lovers,wine gifts,wine glass charms,hostess gifts,party favors,housewarming gift,wedding favors,unique gifts,bridesmaids gifts,drink charms,crystal charms,themed wine charms,celebrate",wine lovers,wine gifts,wine glass charms,hostess gifts,party favors,housewarming gift,wedding favors,unique gifts,bridesmaids gifts,drink charms,crystal charms,themed wine charms,celebrate
"Sunflower coasters, set of 4 drink coasters",https://www.etsy.com/listing/1263371686/sunflower-coasters-set-of-4-drink,SeaminglyCrazy,https://www.etsy.com/shop/SeaminglyCrazy,26.00,0,0,0,0,0,46 Mo.,3,0,31,Home & Living,82,0,0.0,416,"wine bar decor,sunflower coasters,farmhouse decor,housewarming gift,handmade set of 4,gold yellow green,everyday use summer,decorative natural,floral motif style,sun flower theme,spring summer,cocktail hour party,cork fabric coaster",wine bar decor,sunflower coasters,farmhouse decor,housewarming gift,handmade set of 4,gold yellow green,everyday use summer,decorative natural,floral motif style,sun flower theme,spring summer,cocktail hour party,cork fabric coaster
Cotton Cloth Dinner Napkins - Grapes Print - Set of 4 -  Gifts for Wine Lover - Wine Club Tasting  Party Gift Idea - Hostess Gift,https://www.etsy.com/listing/1775612656/cotton-cloth-dinner-napkins-grapes-print,AtHomeWithSheree,https://www.etsy.com/shop/AtHomeWithSheree,26.00,0,0,0,0,0,20 Mo.,2,0,9,Home & Living,42,0,0.0,702,"cloth dinner napkin,eco friendly,reusable napkins,cotton napkins,eco friendly napkin,housewarming gift,sustainable gift,earth friendly,dinner napkins,grapes napkins,gifts wine lovers,wine tasting party,vineyard theme",cloth dinner napkin,eco friendly,reusable napkins,cotton napkins,eco friendly napkin,housewarming gift,sustainable gift,earth friendly,dinner napkins,grapes napkins,gifts wine lovers,wine tasting party,vineyard theme
Angel handmade seasonal,https://www.etsy.com/listing/932807692/angel-handmade-seasonal,BearyCraftee,https://www.etsy.com/shop/BearyCraftee,25.00,0,0,0,2,1,64 Mo.,5,0,246,Art & Collectibles,103,0,0.81,581,"seasonal themes,door decoration,sports teams,decorative,keepsake,handmade,assorted colors,holiday themes,assorted prints,wine bottle cover,housewarming gift,customizable,everyday decor",seasonal themes,door decoration,sports teams,decorative,keepsake,handmade,assorted colors,holiday themes,assorted prints,wine bottle cover,housewarming gift,customizable,everyday decor
"Wine Glass Charms Set, Pearl and Wine Theme, Housewarming Gift",https://www.etsy.com/listing/1245814587/wine-glass-charms-set-pearl-and-wine,amermaidstreasurebox,https://www.etsy.com/shop/amermaidstreasurebox,24.99,0,0,0,6,2,47 Mo.,26,0,1106,Home & Living,147,0,0.54,2862,"wine glass charm,hostess gift,wine charms,glassware charms,bridal shower,housewarming gift,wine lover gift,wine charm set,set of wine charms,glass charms,wine lover,wine party,wine charms gift",wine glass charm,hostess gift,wine charms,glassware charms,bridal shower,housewarming gift,wine lover gift,wine charm set,set of wine charms,glass charms,wine lover,wine party,wine charms gift
Handmade &#39;Celtic Wine Slipper&#39; Coasters - Set of 4 - Makes a unique Irish Father&#39;s Day gift!,https://www.etsy.com/listing/1667000505/handmade-celtic-wine-slipper-coasters,PattysSewBeItStudio,https://www.etsy.com/shop/PattysSewBeItStudio,20.00,0,0,0,0,0,28 Mo.,0,0,23,Home & Living,39,0,0.0,212,"gift for her,gift for him,irish table decor,st patricks decor,gift for dad,gift for husband,embroidered coaster,drink coaster,irish theme gifts,wedding gift,housewarming gift,gifts under 30,wine lovers gift",gift for her,gift for him,irish table decor,st patricks decor,gift for dad,gift for husband,embroidered coaster,drink coaster,irish theme gifts,wedding gift,housewarming gift,gifts under 30,wine lovers gift
Nurse themed wine bottle stopper & opener set,https://www.etsy.com/listing/4364912637/nurse-themed-wine-bottle-stopper-opener,CharmsAndTreasure,https://www.etsy.com/shop/CharmsAndTreasure,20.00,0,0,0,0,0,8 Mo.,1,0,35,Home & Living,129,0,0.0,599,"wine bottle topper,house warming gift,realestate present,birthday anniversary,party theme,champagne lid,cork replacement,opened drink,contain freshness,screw opener,fresh seal stopper,teal nurse,hospital staff",wine bottle topper,house warming gift,realestate present,birthday anniversary,party theme,champagne lid,cork replacement,opened drink,contain freshness,screw opener,fresh seal stopper,teal nurse,hospital staff
Chardon-yay/Funny Bar Towel/ Housewarming/ Microfiber Towel/ Alcohol Themed Towel/Gift for Her/ Gift for Him/ Barware,https://www.etsy.com/listing/1612525414/chardon-yayfunny-bar-towel-housewarming,Barleaux,https://www.etsy.com/shop/Barleaux,14.95,0,0,0,5,2,29 Mo.,2,0,25,Home & Living,65,0,20.0,230,"funny bar towel,housewarming gift,microfiber towel,alcohol themed towel,gift for her,gift for him,barware,fun barware,wine,chardon-yay,kitchen towel,gift for mom,funny pun towel",funny bar towel,housewarming gift,microfiber towel,alcohol themed towel,gift for her,gift for him,barware,fun barware,wine,chardon-yay,kitchen towel,gift for mom,funny pun towel
Butterfly wine glass / Engraved wine glass / Butterfly silhouette,https://www.etsy.com/listing/554511662/butterfly-wine-glass-engraved-wine-glass,JLClassOnGlass,https://www.etsy.com/shop/JLClassOnGlass,31.95,0,0,0,4,1,103 Mo.,21,0,708,Home & Living,113,0,0.56,1198,"personal glassware,beautiful gift,mothers day,birthday for mum,butterfly themed,meaningful gift,thoughtful present,house warming,butterfly gift ideas,can be personalised,hand engraved,wine lover,wine glass",personal glassware,beautiful gift,mothers day,birthday for mum,butterfly themed,meaningful gift,thoughtful present,house warming,butterfly gift ideas,can be personalised,hand engraved,wine lover,wine glass
"Rustic Wine and Cheese Kitchen Decor, French Bistro Wooden Plaques, Set of 2",https://www.etsy.com/listing/1661300554/wine-and-cheese-kitchen-wall-art-set-of,MGMCraft,https://www.etsy.com/shop/MGMCraft,39.90,0,0,0,0,0,27 Mo.,0,0,29,Home & Living,112,0,0.0,626,"wine and cheese art,kitchen wall decor,set of 2 signs,wine lover gift,french country decor,rustic home bar,bistro wall art,vineyard theme art,farmhouse kitchen,tuscany style decor,housewarming gift,charcuterie decor,decoupage wood decor",wine and cheese art,kitchen wall decor,set of 2 signs,wine lover gift,french country decor,rustic home bar,bistro wall art,vineyard theme art,farmhouse kitchen,tuscany style decor,housewarming gift,charcuterie decor,decoupage wood decor
"Wine Lover’s Shower Curtain, Artistic Woman and Wine Glass Design, Durable Polyester Bathroom Curtain, Unique Wine-Themed Gift",https://www.etsy.com/listing/1734773163/wine-lovers-shower-curtain-artistic,CornerAlly,https://www.etsy.com/shop/CornerAlly,64.33,0,0,0,0,0,24 Mo.,0,0,21,Home & Living,50,0,0.0,88,"gift for wine lovers,bethroom decoration,art shower curtain,shower curtain art,house warming gift,gift for new house,home decoration art,wine lovers gift,artistic bathroom,wine themed gift,bathroom art curtain,wine lover decor,stylish bathroom",gift for wine lovers,bethroom decoration,art shower curtain,shower curtain art,house warming gift,gift for new house,home decoration art,wine lovers gift,artistic bathroom,wine themed gift,bathroom art curtain,wine lover decor,stylish bathroom
Reversible Cotton Coasters (Set of 4): Coffee & Floral Theme,https://www.etsy.com/listing/1504621982/reversible-cotton-coasters-set-of-4,Lolatopia,https://www.etsy.com/shop/Lolatopia,10.00,0,0,0,0,0,34 Mo.,1,0,29,Home & Living,161,0,0.0,5755,"reversible coasters,fabric coasters,coasters,mug rugs,home decor,home accessories,gifts,housewarming gifts,reversible,wine theme,bird theme,aqua flowers,coaster sets",reversible coasters,fabric coasters,coasters,mug rugs,home decor,home accessories,gifts,housewarming gifts,reversible,wine theme,bird theme,aqua flowers,coaster sets
Funny Wine Quote Print: Naive Style Kitchen & Home Bar Art,https://www.etsy.com/listing/4350674656/funny-wine-quote-print-naive-style,HappyasaPrint,https://www.etsy.com/shop/HappyasaPrint,9.36,0,0,0,0,0,9 Mo.,1,0,11,Art & Collectibles,19,0,0.0,239,"funny wine print,wine lover gift,wine quote poster,naive style poster,home bar decor,lounge wall print,housewarming gift,quirky kitchen art,hostess gift idea,sarcastic wine quote,alcohol themed gift,cocktail poster,unique birthday gift",funny wine print,wine lover gift,wine quote poster,naive style poster,home bar decor,lounge wall print,housewarming gift,quirky kitchen art,hostess gift idea,sarcastic wine quote,alcohol themed gift,cocktail poster,unique birthday gift
Oyster shell napkin ring. Seashell napkin holder. Wine bottle charm,https://www.etsy.com/listing/1224979437/oyster-shell-napkin-ring-seashell-napkin,DoneleDesign,https://www.etsy.com/shop/DoneleDesign,10.00,0,0,0,0,0,49 Mo.,10,0,273,Home & Living,85,0,0.0,1430,"napkin rings,oyster shells,seashells,ornaments,wedding gift,mothers day,nautical,wine bottle charm,oyster ornament,housewarming,dining,beach themed,ocean",napkin rings,oyster shells,seashells,ornaments,wedding gift,mothers day,nautical,wine bottle charm,oyster ornament,housewarming,dining,beach themed,ocean
Oyster shell napkin ring. Seashell napkin holder. Oyster shell wine bottle charm,https://www.etsy.com/listing/1224982013/oyster-shell-napkin-ring-seashell-napkin,DoneleDesign,https://www.etsy.com/shop/DoneleDesign,10.00,0,0,0,0,0,49 Mo.,19,0,915,Home & Living,85,0,0.0,1430,"napkin rings,housewarming,seashells,oyster shells,wine bottle charm,oyster ornament,dining,mothers day,ocean,beach themed,anniversary,wedding gift,nautical",napkin rings,housewarming,seashells,oyster shells,wine bottle charm,oyster ornament,dining,mothers day,ocean,beach themed,anniversary,wedding gift,nautical
Oyster shell napkin ring. Seashell napkin holder. Oyster shell wine bottle charm,https://www.etsy.com/listing/1224986889/oyster-shell-napkin-ring-seashell-napkin,DoneleDesign,https://www.etsy.com/shop/DoneleDesign,10.00,0,0,0,0,0,49 Mo.,7,0,232,Home & Living,85,0,0.0,1430,"napkin rings,seashells,housewarming,oyster shells,wine bottle charm,oyster ornament,mothers day,beach themed,ocean,anniversary,nautical,baby shower,wedding gift",napkin rings,seashells,housewarming,oyster shells,wine bottle charm,oyster ornament,mothers day,beach themed,ocean,anniversary,nautical,baby shower,wedding gift
"Custom Baseball Coaster Set, Baseball Man cave Decoration, Wooden Drink Coasters for Baseball Fan, Baseball Drink Coasters,Team Logo Coaster",https://www.etsy.com/listing/1833125047/custom-baseball-coaster-set-baseball-man,handmadesupplyer,https://www.etsy.com/shop/handmadesupplyer,19.99,0,0,0,0,0,19 Mo.,0,0,183,Home & Living,142,0,0.0,52694,"baseball themed gift,dad gifts,gifts from daughter,fathers day gifts,gifts for him,coaches gift,baseball gift,baseball lovers gift,housewarming gift,coffee coasters,tea  coasters,wine coasters,whisky coasters",baseball themed gift,dad gifts,gifts from daughter,fathers day gifts,gifts for him,coaches gift,baseball gift,baseball lovers gift,housewarming gift,coffee coasters,tea  coasters,wine coasters,whisky coasters
"Turn Around Unless You Brought Wine Doormat, Funny Welcome Mat, Front Porch",https://www.etsy.com/listing/1254734994/doormat-turn-around-unless-you-brought,WoodByStu,https://www.etsy.com/shop/WoodByStu,41.88,0,0,0,4,1,47 Mo.,43,0,442,,88,0,0.9,493730,"turn around wine,alcohol theme,housewarming gift,new home gift,porch rug,hostess gift,doormat,front mat,welcome mat,funny doormat,cute doormat,wine drinker gift,new homeowner gift",turn around wine,alcohol theme,housewarming gift,new home gift,porch rug,hostess gift,doormat,front mat,welcome mat,funny doormat,cute doormat,wine drinker gift,new homeowner gift
"WINE Theme Lighted Glass Block Nightlight, Wine Lover&#39;s Decor, Housewarming Gift",https://www.etsy.com/listing/4493056296/wine-theme-lighted-glass-block,BlockDecorAndMore,https://www.etsy.com/shop/BlockDecorAndMore,54.00,0,0,0,0,0,1 Mo.,0,0,3,Home & Living,148,0,0.0,6656,"wine lover,wine grapes,wine bottle,wine nightlight,wine decor,gift for her,wine glass block,gift for wife,wine decorations,best friend gift,kitchen decor,accent light,kitchen light",wine lover,wine grapes,wine bottle,wine nightlight,wine decor,gift for her,wine glass block,gift for wife,wine decorations,best friend gift,kitchen decor,accent light,kitchen light
Handcrafted Lampwork Wine Stopper: Rainbow Beaded Stainless Steel,https://www.etsy.com/listing/4482770688/handcrafted-lampwork-wine-stopper,HappyGlassJewelryUS,https://www.etsy.com/shop/HappyGlassJewelryUS,36.90,0,0,0,0,0,1 Mo.,0,0,1,Home & Living,96,0,0.0,1396,"wine lovers gift,beaded wine stopper,glass wine stopper,stainless steel,house warming gift,birthday gift,holiday gift,teacher gift,glass bottle stopper,organic wine stopper,rainbow wine stopper,purple wine stopper,rainbow theme gift",wine lovers gift,beaded wine stopper,glass wine stopper,stainless steel,house warming gift,birthday gift,holiday gift,teacher gift,glass bottle stopper,organic wine stopper,rainbow wine stopper,purple wine stopper,rainbow theme gift
"Sunflower Wine Glass, Hand-Painted Glassware,  Sunflower Glassware, Sunflower Gift, Unique Glassware Gifts, Painted Flower Glass, Flower Cup",https://www.etsy.com/listing/1753844657/sunflower-wine-glass-hand-painted,TheMattFiveCo,https://www.etsy.com/shop/TheMattFiveCo,31.99,0,0,0,0,0,23 Mo.,11,0,213,Home & Living,122,0,0.0,2530,"housewarming gifts,unique glassware,boho chic glassware,flower glass mug,sunflower wine glass,sunflower gifts,sunflower lover,flower wine glass,floral wine glass,sunflower cup,handpainted glass,wine lover gift,sunflower themed cup",housewarming gifts,unique glassware,boho chic glassware,flower glass mug,sunflower wine glass,sunflower gifts,sunflower lover,flower wine glass,floral wine glass,sunflower cup,handpainted glass,wine lover gift,sunflower themed cup
Octopus Wine Bottle Seashell Stopper | Decoupage Seashell Decor,https://www.etsy.com/listing/1681391786/octopus-wine-bottle-seashell-stopper,FromTheSeabyR8chelK,https://www.etsy.com/shop/FromTheSeabyR8chelK,35.00,0,0,0,0,0,9 Mo.,0,0,53,Home & Living,10,0,0.0,7,"wine stopper,bottle topper,seashell decor gift,nautical accessory,beach home accent,coastal hostess gift,handmade bottle seal,wine lover gift,ocean theme kitchen,clam shell artwork,barware collectible,housewarming present,artisanal wine decor",wine stopper,bottle topper,seashell decor gift,nautical accessory,beach home accent,coastal hostess gift,handmade bottle seal,wine lover gift,ocean theme kitchen,clam shell artwork,barware collectible,housewarming present,artisanal wine decor
"Wine Metal Wall Art, Wine Lover Decor, Wine Lover Gift",https://www.etsy.com/listing/1357272516/wine-metal-wall-art-wine-lover-decor,CollediDesigns,https://www.etsy.com/shop/CollediDesigns,58.00,0,0,0,0,0,25 Mo.,1,0,0,Home & Living,56,0,0.0,1395,"wine metal wall art,wine themed decor,housewarming gift,wine lover gift,realtor client gift,wine glass wall art,wine bar decor,wine glass decor,winery theme decor,wine bottle decor,kitchen wine decor,wine bar sign,winery metal sign",wine metal wall art,wine themed decor,housewarming gift,wine lover gift,realtor client gift,wine glass wall art,wine bar decor,wine glass decor,winery theme decor,wine bottle decor,kitchen wine decor,wine bar sign,winery metal sign
"Glass cutting board, Wine themed kitchen decor, Bar cart decor, Housewarming wine lover&#39;s gift, Decorative glass panel",https://www.etsy.com/listing/813426953/glass-cutting-board-wine-themed-kitchen,AllThatsHome,https://www.etsy.com/shop/AllThatsHome,44.95,0,0,0,0,0,54 Mo.,7,0,124,Home & Living,97,0,0.0,2138,"glass cutting board,wine home decor,dining table decor,wine kitchen decor,housewarming gift,wine bar gift,decorative glass,glass art panel,party table decor,white wine decor,abstract wine decor,glass cheese plate,bar cart decor",glass cutting board,wine home decor,dining table decor,wine kitchen decor,housewarming gift,wine bar gift,decorative glass,glass art panel,party table decor,white wine decor,abstract wine decor,glass cheese plate,bar cart decor
"8 Tropical Wine Charms with Teal Beads - Sunshine, Starfish, Palm Tree, Sunglasses, Flip Flops, Beach Chair, Mermaid, Seashell, Drink Charms",https://www.etsy.com/listing/731393895/8-tropical-wine-charms-with-teal-beads,SheSellsSeaStuff,https://www.etsy.com/shop/SheSellsSeaStuff,10.71,0,0,0,0,0,75 Mo.,0,0,30,Home & Living,113,0,0.0,525,"wine charms,tropical wine charms,teal and turquoise,coastal theme,bar charms,beach wine charms,wedding favor,housewarming gift,beach home decor,drink charms,cocktail charms,dinner decor,outdoor dining",wine charms,tropical wine charms,teal and turquoise,coastal theme,bar charms,beach wine charms,wedding favor,housewarming gift,beach home decor,drink charms,cocktail charms,dinner decor,outdoor dining
Engraved Floating Wine Bottle Holder Wine Gift Balancing Bottle Holder,https://www.etsy.com/listing/1847885419/engraved-floating-wine-bottle-holder,SequelGiftables,https://www.etsy.com/shop/SequelGiftables,18.99,0,0,0,0,0,3 Mo.,0,0,1,Home & Living,3,0,0.0,94,"floating wine holder,wine bottle holder,floating wine bottle,wine themed gift,single wine holder,wine bottle balancer,custom floating wine,balancing bottle,glass bottle holder,wine accessories,hostess wine gift,housewarming gifts,wine lover gift idea",floating wine holder,wine bottle holder,floating wine bottle,wine themed gift,single wine holder,wine bottle balancer,custom floating wine,balancing bottle,glass bottle holder,wine accessories,hostess wine gift,housewarming gifts,wine lover gift idea
Funny Embroidered Kitchen Towel: Princess Wine Design,https://www.etsy.com/listing/1096876723/funny-embroidered-kitchen-towel-princess,BouillionsCreations,https://www.etsy.com/shop/BouillionsCreations,10.00,0,0,0,0,0,55 Mo.,1,0,31,Home & Living,204,0,0.0,359,"princess themed,kitchen décor,funny tea towel,housewarming gift,hand towel,bathroom decor,stocking stuffer,princess lover,wine lover,gift for women,gift for men,dish towels,home gifts",princess themed,kitchen décor,funny tea towel,housewarming gift,hand towel,bathroom decor,stocking stuffer,princess lover,wine lover,gift for women,gift for men,dish towels,home gifts
"Wine Cork Knight White, Bar Cart Decor, Desk Accessory,  Medieval Decor, Dungeons Dragons Castle Lover Gift, Paladin Miniature,Tiered Tray",https://www.etsy.com/listing/863913524/wine-cork-knight-white-bar-cart-decor,CorkiesBySteph,https://www.etsy.com/shop/CorkiesBySteph,20.00,0,0,0,3,1,68 Mo.,17,0,482,Home & Living,74,0,0.62,3976,"bar cart decor,wine lovers gift,desk accessory,tiered tray decor,knight statue,medieval home decor,medieval cosplay,tabletop miniatures,paladin miniatures,housewarming gift,medieval theme,castle aesthetic,dungeons dragons",bar cart decor,wine lovers gift,desk accessory,tiered tray decor,knight statue,medieval home decor,medieval cosplay,tabletop miniatures,paladin miniatures,housewarming gift,medieval theme,castle aesthetic,dungeons dragons
"Champagne Cork Groom Dog for Dog Lover Wedding Decor, Vineyard Wedding, Dog Lovers Bridal Shower, Housewarming Gift, Anniversary Gift",https://www.etsy.com/listing/774401296/champagne-cork-groom-dog-for-dog-lover,CorkiesBySteph,https://www.etsy.com/shop/CorkiesBySteph,24.00,0,0,0,6,2,74 Mo.,20,0,302,Weddings,74,0,1.99,3976,"wine cork art,dog themed wedding,dog bridal shower,wedding gift dog,wine lovers wedding,dog housewarming,dog wedding favors,dog lover wedding,dog anniversary,vineyard wedding,wedding table decor,new couple dog gift,dog bachelor party",wine cork art,dog themed wedding,dog bridal shower,wedding gift dog,wine lovers wedding,dog housewarming,dog wedding favors,dog lover wedding,dog anniversary,vineyard wedding,wedding table decor,new couple dog gift,dog bachelor party
Funny Cat Coaster Set: Cats and Wine Lovers - Group 1,https://www.etsy.com/listing/1738806979/funny-cat-coaster-set-cats-and-wine,CreaturesCoversLLC,https://www.etsy.com/shop/CreaturesCoversLLC,12.50,0,0,0,0,0,24 Mo.,1,0,29,Home & Living,157,0,0.0,421,"cat lover's gift,wine lover's gift,novelty cats,cat themed coasters,wine themed coasters,housewarming gift,funny cat images,fun cat images,funny wine images,fun wine images",cat lover's gift,wine lover's gift,novelty cats,cat themed coasters,wine themed coasters,housewarming gift,funny cat images,fun cat images,funny wine images,fun wine images,--,--,--
Western Themed Steer Wine Charms set of 4 with floral and tribal designs,https://www.etsy.com/listing/4437961313/western-themed-steer-wine-charms-set-of,BasilSageArtisan,https://www.etsy.com/shop/BasilSageArtisan,27.50,0,0,0,0,0,4 Mo.,2,0,8,Home & Living,53,0,0.0,224,"western theme charm,southwestern charms,western wine charm,rodeo wine charm,steer wine charm,housewarming gift,gift for friend,gift for wine lover,wine accessory,gift for neighbor,gift for coworker,gift for artist",western theme charm,southwestern charms,western wine charm,rodeo wine charm,steer wine charm,housewarming gift,gift for friend,gift for wine lover,wine accessory,gift for neighbor,gift for coworker,gift for artist,--
"Americana Themed Wine Charms in Red, White and Blue this 4 charm set includes sailing themed charms in various shapes",https://www.etsy.com/listing/4319950762/americana-themed-wine-charms-in-red,BasilSageArtisan,https://www.etsy.com/shop/BasilSageArtisan,25.00,0,0,0,0,0,11 Mo.,0,0,3,Home & Living,53,0,0.0,224,"american wine charm,patriotic wine charm,housewarming gift,drink markers,holiday gift,special occassion,americana theme,new home gift,patriotic gift,sailing charms,us flagged tear drop,beach charms,americana",american wine charm,patriotic wine charm,housewarming gift,drink markers,holiday gift,special occassion,americana theme,new home gift,patriotic gift,sailing charms,us flagged tear drop,beach charms,americana
Vibrant Cheers Wine Glass Pillow | Abstract Art Colorful Splash Design | Modern Home Bar Decor | Party Theme Housewarming Gift Idea,https://www.etsy.com/listing/4359765725/vibrant-cheers-wine-glass-pillow,DigitalStartuperLLC,https://www.etsy.com/shop/DigitalStartuperLLC,31.62,0,0,0,0,0,3 Mo.,1,0,1,Home & Living,7,0,0.0,26,"wine glass pillow,abstract art pillow,square accent pillow,living room decor,home bar decor,wine lover gift,art enthusiast gift,housewarming gift,celebration decor,party theme pillow,energetic home decor,pop art pillow,digital art print",wine glass pillow,abstract art pillow,square accent pillow,living room decor,home bar decor,wine lover gift,art enthusiast gift,housewarming gift,celebration decor,party theme pillow,energetic home decor,pop art pillow,digital art print
Wine Bottles and Grapes Bar theme Tablecloths | Watercolor Vineyard Dining Linen,https://www.etsy.com/listing/4441843111/wine-bottles-and-grapes-bar-theme,Maresfloormats,https://www.etsy.com/shop/Maresfloormats,69.00,0,0,0,0,0,4 Mo.,0,0,36,Home & Living,69,0,0.0,1394,"tablecloth decor,wine bottle table,vineyard table,watercolor table,boho tablecloth,kitchen tablecloth,dinner party decor,winescape decor,grape tablecloth,housewarming gift,wine bar decor,tuscany theme,wine table cloth",tablecloth decor,wine bottle table,vineyard table,watercolor table,boho tablecloth,kitchen tablecloth,dinner party decor,winescape decor,grape tablecloth,housewarming gift,wine bar decor,tuscany theme,wine table cloth
New Beginnings Coasters,https://www.etsy.com/listing/1718153009/new-beginnings-coasters,3DLaserDesignsGifts,https://www.etsy.com/shop/3DLaserDesignsGifts,19.99,0,0,0,0,0,25 Mo.,0,0,34,Home & Living,41,0,0.0,301,"slate coasters,square coaster,set of 4 coasters,laser engraved,polyurethane protect,save tables coasters,slate with rubber,love coffee,wine theme coasters,realtor gift,house warming gift,new home gift,great gift",slate coasters,square coaster,set of 4 coasters,laser engraved,polyurethane protect,save tables coasters,slate with rubber,love coffee,wine theme coasters,realtor gift,house warming gift,new home gift,great gift
"6 wine themed wine charms, wine gift for men, wine glass charm rings, wine markers, entertainment barware, bridal shower, hostess gift, home",https://www.etsy.com/listing/241911492/6-wine-themed-wine-charms-wine-gift-for,Mindielee,https://www.etsy.com/shop/Mindielee,30.00,0,0,0,2,1,130 Mo.,26,0,409,Home & Living,207,0,0.49,6858,"wine glass charms,kitchen charms,hostess gift,party wine charms,housewarming,kitchen organization,drink charms,wine themed charms,grapes wine charm,wine charm rings,wine accessories,wine markers,wine gift for men",wine glass charms,kitchen charms,hostess gift,party wine charms,housewarming,kitchen organization,drink charms,wine themed charms,grapes wine charm,wine charm rings,wine accessories,wine markers,wine gift for men
Wine Design Flour Sack Towel: Cotton Kitchen Tea Towel,https://www.etsy.com/listing/1120441425/wine-design-flour-sack-towel-cotton,DragonflyManorDesign,https://www.etsy.com/shop/DragonflyManorDesign,16.00,0,0,0,0,0,54 Mo.,0,0,13,Home & Living,73,0,0.0,66,"wine design towels,kitchen towels,funny wine towels,wine theme towels,wine flour sack,kitchen decor,wine gift,wine birthday gift,housewarming gift,hostess gift,wedding gift,bridal shower gift,wine tea towels",wine design towels,kitchen towels,funny wine towels,wine theme towels,wine flour sack,kitchen decor,wine gift,wine birthday gift,housewarming gift,hostess gift,wedding gift,bridal shower gift,wine tea towels
Sundays Are For Jesus And Football. Dallas Cowboys NFL Colors.  Handcrafted Ceramic Tile Sign with Easel/Stand,https://www.etsy.com/listing/1079994073/sundays-are-for-jesus-and-football,SmilesWithTilesGifts,https://www.etsy.com/shop/SmilesWithTilesGifts,10.00,0,0,0,38,12,56 Mo.,43,0,496,Home & Living,58,0,7.66,3064,"christmas gift idea,birthday gift idea,gift under 20 dollar,hippie decor ideas,italian tile,gifts from italy,wine lover gift,house warming gift,football theme,nfl dallas cowboys",christmas gift idea,birthday gift idea,gift under 20 dollar,hippie decor ideas,italian tile,gifts from italy,wine lover gift,house warming gift,football theme,nfl dallas cowboys,--,--,--
"Halloween Wine Charms, Horror Themed Drinks Markers, Gothic Housewarming Gift, Spooky Present for Wine Lover, Homeware Gift, Glass Charms",https://www.etsy.com/listing/1674581828/halloween-wine-charms-horror-themed,ThessalyRose,https://www.etsy.com/shop/ThessalyRose,16.17,0,0,0,0,0,26 Mo.,5,0,28,Home & Living,96,0,0.0,152,"wine glass charms,dinner party favours,unique drink markers,housewarming decor,spooky scary weird,gothic drink markers,occult accessories,fun gift for him her,cool samhain present,goth home barware,thessaly rose,autumn halloween,stocking filler gift",wine glass charms,dinner party favours,unique drink markers,housewarming decor,spooky scary weird,gothic drink markers,occult accessories,fun gift for him her,cool samhain present,goth home barware,thessaly rose,autumn halloween,stocking filler gift
"Elegant Red & White Wine Glass Toast Pillow, Wine Themed Home Decor Housewarming Accent, Wedding Anniversary Romantic Bar Cushion Gift",https://www.etsy.com/listing/4392418401/elegant-red-white-wine-glass-toast,MullensCraftShop,https://www.etsy.com/shop/MullensCraftShop,29.61,0,0,0,0,0,7 Mo.,1,0,38,Home & Living,28,0,0.0,1299,"classy pillow,romantic decor,couple housewarming,red white wine lover,wine alcohol decor,wine toast cushion,gift for wine lovers,wedding favor pillow,red wine art accent,white wine mama gift,home bar decor,anniversary gift,wine themed gifts",classy pillow,romantic decor,couple housewarming,red white wine lover,wine alcohol decor,wine toast cushion,gift for wine lovers,wedding favor pillow,red wine art accent,white wine mama gift,home bar decor,anniversary gift,wine themed gifts
"Wine Cork Wreath, Wine Lover Gift, Farmhouse Wall Art, Bar Decor",https://www.etsy.com/listing/1682897247/wine-cork-wreath-wine-lover-gift,KIADEbouquet,https://www.etsy.com/shop/KIADEbouquet,50.00,0,0,0,0,0,27 Mo.,34,0,11424,Home & Living,31,99,0.0,552,"wine cork wreath,wine lover gift,farmhouse wall art,wine themed gift,bar decor,front door wreath,ecofriendly gifts,house warming gift,wine accessories,outdoor wreaths,wine enthusiast,wine room,wine gift",wine cork wreath,wine lover gift,farmhouse wall art,wine themed gift,bar decor,front door wreath,ecofriendly gifts,house warming gift,wine accessories,outdoor wreaths,wine enthusiast,wine room,wine gift
"Hostess gift for women, funny dishtowels, be kind of a bitch, alcohol themed gifts, gifts for wine lovers, feminist, fuck the patriarchy",https://www.etsy.com/listing/1827982283/hostess-gift-for-women-funny-dishtowels,KitchenGiftCo,https://www.etsy.com/shop/KitchenGiftCo,24.99,0,0,0,0,0,18 Mo.,2,0,15,Home & Living,21,0,0.0,1323,"funny dishtowels,be kind of a bitch,alcohol themed gifts,feminist,fuck the patriarchy,hostess gift,for women,wine lovers,house warming gift,gift friend,baking because,murder is wrong,wine themed gifts",funny dishtowels,be kind of a bitch,alcohol themed gifts,feminist,fuck the patriarchy,hostess gift,for women,wine lovers,house warming gift,gift friend,baking because,murder is wrong,wine themed gifts
In My Crazy Plant Lady Era Stemless Wine Glass | 11.75oz,https://www.etsy.com/listing/4461069970/in-my-crazy-plant-lady-era-stemless-wine,FaithfulFighter,https://www.etsy.com/shop/FaithfulFighter,24.50,0,0,0,0,0,3 Mo.,0,0,6,Home & Living,7,0,0.0,3,"stemless glass,wine glass,plant lady,crazy plant,garden lover,plant mom gift,housewarming gift,plant themed,succulent gift,plant parent,fun wine glass,gift for her,tea wine glass",stemless glass,wine glass,plant lady,crazy plant,garden lover,plant mom gift,housewarming gift,plant themed,succulent gift,plant parent,fun wine glass,gift for her,tea wine glass
It&#39;s All About The Candy Embroidered Halloween Fall Kitchen Hand Tea Towel Halloween Fall  Great Gift Idea!! Ships from the USA!,https://www.etsy.com/listing/1290485353/its-all-about-the-candy-embroidered,HarbourBlueXOXO,https://www.etsy.com/shop/HarbourBlueXOXO,16.00,0,0,0,0,0,45 Mo.,0,0,21,Home & Living,63,0,0.0,531,"halloween towel,fall tea towel,halloween theme,halloween kitchen,chef gift,house warming gift,bachelorette favor,bridal shower gift,kitchen tea towel,kitchen towel,embroidered towel,wine towel",halloween towel,fall tea towel,halloween theme,halloween kitchen,chef gift,house warming gift,bachelorette favor,bridal shower gift,kitchen tea towel,kitchen towel,embroidered towel,wine towel,--
Wining With My Gnomies Embroidered Tea Hand Kitchen Bar Towel Green Set of 1 Great Gift Idea!!,https://www.etsy.com/listing/1731885415/wining-with-my-gnomies-embroidered-tea,HarbourBlueXOXO,https://www.etsy.com/shop/HarbourBlueXOXO,16.00,0,0,0,0,0,24 Mo.,0,0,7,Home & Living,63,0,0.0,531,"hostess gift,funny towel,chef gift,mother's day gift,valentines day gift,housewarming,wine theme towels,gnome towel theme,gnome towel,hand towel gnome,wine theme kitchen,kitchen towel,embroidered towel",hostess gift,funny towel,chef gift,mother's day gift,valentines day gift,housewarming,wine theme towels,gnome towel theme,gnome towel,hand towel gnome,wine theme kitchen,kitchen towel,embroidered towel
"Laser Engraved Slate Coasters, Various Designs and Themes, Personalized Set, Birthday Gift, Housewarming Gift, Home Decor",https://www.etsy.com/listing/4449475449/slate-coasters-laser-engraved-variety-of,KenCraftDesigns,https://www.etsy.com/shop/KenCraftDesigns,5.00,0,0,0,0,0,4 Mo.,0,0,23,Home & Living,8,0,0.0,63,"laser engraved,birthday gift,housewarming gift,home decor,animal design theme,wine whisky design,cats and dogs design,texas design,usa patriotic design,custom coaster,slate coaster,personalized design,holiday gift",laser engraved,birthday gift,housewarming gift,home decor,animal design theme,wine whisky design,cats and dogs design,texas design,usa patriotic design,custom coaster,slate coaster,personalized design,holiday gift
Happy Harvest Spiral Wreath,https://www.etsy.com/listing/1076373389/happy-harvest-spiral-wreath,TheCorkyDecorShop,https://www.etsy.com/shop/TheCorkyDecorShop,125.00,0,0,0,0,0,57 Mo.,1,0,43,Home & Living,115,0,0.0,315,"country rustic,wine cork wreath,gift for wine lovers,wine themed gifts,house warming gift,all year round decor,wine wreath,ready to ship,cork wreath,door wine wreath,patriotic wreath,wreath w lights,large wreath",country rustic,wine cork wreath,gift for wine lovers,wine themed gifts,house warming gift,all year round decor,wine wreath,ready to ship,cork wreath,door wine wreath,patriotic wreath,wreath w lights,large wreath
Wine Glass Charms-Zodiac Symbols-Custom Designed & Special Orders,https://www.etsy.com/listing/1730438820/wine-glass-charms-zodiac-symbols-custom,TheRusticWitchShoppe,https://www.etsy.com/shop/TheRusticWitchShoppe,18.20,0,0,0,0,0,23 Mo.,4,0,226,Home & Living,98,0,0.0,91,"wine lovers,wine gifts,wine glass charms,hostess gifts,party favors,housewarming gift,wedding favors,unique gifts,bridesmaids gifts,drink charms,crystal charms,themed wine charms,celebrate",wine lovers,wine gifts,wine glass charms,hostess gifts,party favors,housewarming gift,wedding favors,unique gifts,bridesmaids gifts,drink charms,crystal charms,themed wine charms,celebrate
Vintage Turquoise Crystal Cocktail Glasses.  Square Bowls w/Clear Stem.,https://www.etsy.com/listing/1494001116/vintage-turquoise-crystal-cocktail,BohoBoulevardCA,https://www.etsy.com/shop/BohoBoulevardCA,83.63,0,0,0,0,0,35 Mo.,9,0,196,Home & Living,64,0,0.0,1162,"turquoise glasses,blue glasses,wine glasses,square bowl,stemmed wine glasses,vintage wine glasses,wine drinker,home bar addition,square wine glass,nautical theme,blue glass,turquoise glass,housewarming gift",turquoise glasses,blue glasses,wine glasses,square bowl,stemmed wine glasses,vintage wine glasses,wine drinker,home bar addition,square wine glass,nautical theme,blue glass,turquoise glass,housewarming gift
"Mama needs Wine, Wine Lover Hand Towel - Funny Kitchen Décor, Mother&#39;s Day Gift, Party Essential, Wine Themed Towel, Hostess Present",https://www.etsy.com/listing/4345823019/mama-needs-wine-wine-lover-hand-towel,BadassBabesGifts,https://www.etsy.com/shop/BadassBabesGifts,15.00,0,0,0,0,0,9 Mo.,1,0,4,Home & Living,14,0,0.0,163,"kitchen decor,funny hand towel,wine lover gift,mama gift,humorous towels,party kitchen towel,gift for mom,black hand towel,wine themed decor,laundry room decor,housewarming gift,cleaning towel gift,funny kitchen gift",kitchen decor,funny hand towel,wine lover gift,mama gift,humorous towels,party kitchen towel,gift for mom,black hand towel,wine themed decor,laundry room decor,housewarming gift,cleaning towel gift,funny kitchen gift
Grapevine Metal Wall Art: Tuscan Kitchen  Bar Decor,https://www.etsy.com/listing/4318883509/grapevine-metal-wall-art-tuscan-kitchen,FerrousFables,https://www.etsy.com/shop/FerrousFables,86.00,0,0,0,0,0,11 Mo.,5,0,253,Home & Living,12,0,0.0,250,"grape wall art,wine themed decor,kitchen wall decor,vineyard wall art,metal wall art,dining room art,gift for wine lover,bar wall decor,tuscan wall decor,farmhouse kitchen,italian kitchen art,housewarming gift,wine cellar decor",grape wall art,wine themed decor,kitchen wall decor,vineyard wall art,metal wall art,dining room art,gift for wine lover,bar wall decor,tuscan wall decor,farmhouse kitchen,italian kitchen art,housewarming gift,wine cellar decor
"Fall Wine Glass Charms, Thanksgiving Hostess Gift, Best Hostess Gift Ideas, Party Gift, Fall Gift for Her, Wine Lover Gift, Wine Gift",https://www.etsy.com/listing/479704069/fall-wine-glass-charms-thanksgiving,LifeBaubles,https://www.etsy.com/shop/LifeBaubles,18.95,0,0,0,40,6,116 Mo.,37,0,680,Home & Living,120,0,5.88,6966,"wine gifts,autumn gift,autumn themed gift,fall themed gift,thanksgiving gift,thanksgiving charm,hostess gift,wine charms,fall gift,wine glass charms,housewarming gifts,party favors",wine gifts,autumn gift,autumn themed gift,fall themed gift,thanksgiving gift,thanksgiving charm,hostess gift,wine charms,fall gift,wine glass charms,housewarming gifts,party favors,--
"Set of 8 Wine Glass Charms, Wine Lover Gift",https://www.etsy.com/listing/624512901/wine-lover-wine-glass-charms-hostess,LifeBaubles,https://www.etsy.com/shop/LifeBaubles,18.95,0,0,0,188,28,94 Mo.,241,0,5909,Home & Living,120,30,3.18,6966,"wine glass marker,wine themed,drink marker,wine gifts,wine gift,retirement gift,wine glass charm,party gift,hostess gift,wine charms,funny gift,housewarming gifts,party favors",wine glass marker,wine themed,drink marker,wine gifts,wine gift,retirement gift,wine glass charm,party gift,hostess gift,wine charms,funny gift,housewarming gifts,party favors
"Iowa Wine Glass Charms, Hostess Gift Ideas, Iowa Themed Gift, Wine Lover Gift, Wine Gift",https://www.etsy.com/listing/862684698/iowa-wine-glass-charms-hostess-gift,LifeBaubles,https://www.etsy.com/shop/LifeBaubles,18.95,0,0,0,20,3,68 Mo.,7,0,172,Home & Living,120,0,11.63,6966,"wine gifts,iowa themed gift,iowa souvenir,iowa theme,iowa gift,iowa state,hostess gift ideas,wine glass charms,hostess gift,wine charms,housewarming gifts,party favors",wine gifts,iowa themed gift,iowa souvenir,iowa theme,iowa gift,iowa state,hostess gift ideas,wine glass charms,hostess gift,wine charms,housewarming gifts,party favors,--
"Utah Wine Glass Charms, Hostess Gift Ideas, Utah Themed Gift, Wine Lover Gift, Wine Gift",https://www.etsy.com/listing/862696164/utah-wine-glass-charms-hostess-gift,LifeBaubles,https://www.etsy.com/shop/LifeBaubles,18.95,0,0,0,40,6,68 Mo.,9,0,319,Home & Living,120,0,12.54,6966,"utah state,utah themed,utah gift,utah souvenir,utah themed gift,hostess gift ideas,wine glass charms,gifts for him,hostess gift,wine charms,housewarming gifts,party favors",utah state,utah themed,utah gift,utah souvenir,utah themed gift,hostess gift ideas,wine glass charms,gifts for him,hostess gift,wine charms,housewarming gifts,party favors,--
"Etched Stemless Wine Glass: Flip Flop Beach Design, Coastal Gift",https://www.etsy.com/listing/595776077/etched-stemless-wine-glass-flip-flop,StoneEffectsMD,https://www.etsy.com/shop/StoneEffectsMD,15.95,0,0,0,5,1,99 Mo.,7,0,131,Home & Living,162,0,3.82,26855,"beach theme,stemless wine glass,etched wine glasses,housewarming gift,flip flops,engraved wine glass,beach wine glass,fun wine glasses,etched glassware,custom wine glass,coastal décor,ocean lover gift,summer wine glass",beach theme,stemless wine glass,etched wine glasses,housewarming gift,flip flops,engraved wine glass,beach wine glass,fun wine glasses,etched glassware,custom wine glass,coastal décor,ocean lover gift,summer wine glass
"Wine lover kitchen print, Kitchen wall art, Home decor, Dopamine art, Housewarming gift, Minimalist quote art, Digital download",https://www.etsy.com/listing/4487080635/wine-lover-kitchen-print-kitchen-wall,LuluStudiosCo,https://www.etsy.com/shop/LuluStudiosCo,3.99,0,0,0,0,0,1 Mo.,0,0,1,Art & Collectibles,40,0,0.0,186,"kitchen wall art,wine lover gift,home decor,housewarming gift,minimalist print,dopamine art,bar cart decor,wine themed decor,digital print,alcohol print,funny wall quote,humour kitchen sign,wine wall art",kitchen wall art,wine lover gift,home decor,housewarming gift,minimalist print,dopamine art,bar cart decor,wine themed decor,digital print,alcohol print,funny wall quote,humour kitchen sign,wine wall art
Acorn Bottle Stopper: Autumn Wine Decor (Kate Aspen Metal Top),https://www.etsy.com/listing/4394609104/kate-aspen-fall-in-love-acorn-bottle,CLrarestuff,https://www.etsy.com/shop/CLrarestuff,17.50,0,0,0,0,0,7 Mo.,0,0,18,Home & Living,32,0,0.0,1269,"kate aspen fall,fall in love,acorn bottle stopper,autumn wine stopper,metal decorative top,fall wedding favor,housewarming present,wine lover gift,rustic autumn decor,elegant fall decor,acorn themed gift,new in box gift,kate aspen gift",kate aspen fall,fall in love,acorn bottle stopper,autumn wine stopper,metal decorative top,fall wedding favor,housewarming present,wine lover gift,rustic autumn decor,elegant fall decor,acorn themed gift,new in box gift,kate aspen gift
"Seahorse Coaster Set, Colorful Marine Ocean Drink Coasters",https://www.etsy.com/listing/4463650735/seahorse-coaster-set-colorful-marine,WhimsyDreamerDesigns,https://www.etsy.com/shop/WhimsyDreamerDesigns,38.25,0,0,0,0,0,3 Mo.,0,0,0,Home & Living,64,0,0.0,1945,"seahorse gift,bar coasters,coasters set of 4,marine life,unique decor,seahorse,gift for her,wine coaster,beach house vibe,ocean theme gift,fun gifts,gift for women,housewarming gift",seahorse gift,bar coasters,coasters set of 4,marine life,unique decor,seahorse,gift for her,wine coaster,beach house vibe,ocean theme gift,fun gifts,gift for women,housewarming gift
Stemless 20oz Wine Glass Hand Etched Gifts Bear-Themed Glassware Beach Themed Gifts Specialty Glass Gifts Housewarming Gifts and Glass Decor,https://www.etsy.com/listing/1745172990/stemless-20oz-wine-glass-hand-etched,RavenTangoEtching,https://www.etsy.com/shop/RavenTangoEtching,40.00,0,0,0,0,1,22 Mo.,4,0,57,Home & Living,114,0,0.0,30,"hand-etched,bear home decor,bear themed glass,bear themed gifts,gift for bear lovers,stemless wine glass,etched glasses,etching,glass gifts,beach themed glass,beachy house decor,unique gifts",hand-etched,bear home decor,bear themed glass,bear themed gifts,gift for bear lovers,stemless wine glass,etched glasses,etching,glass gifts,beach themed glass,beachy house decor,unique gifts,--
"Hand-Poured Resin Wine Glass, Teal Gold White Wave Beach Design, Stemless Coastal Drinkware",https://www.etsy.com/listing/4449347474/stemless-wine-glass-32-oz,DKWineDecor,https://www.etsy.com/shop/DKWineDecor,25.00,0,0,0,0,0,4 Mo.,2,0,45,Home & Living,4,0,0.0,38,"wine decor,wine glass,stemless wine glass,home decor,kitchen decor,ocean wine glass,handmade wine glass,beach themed gift,wine lover gift,32 oz wine glass,barware decor,hostess gift idea,housewarming gift",wine decor,wine glass,stemless wine glass,home decor,kitchen decor,ocean wine glass,handmade wine glass,beach themed gift,wine lover gift,32 oz wine glass,barware decor,hostess gift idea,housewarming gift
"Ocean Resin Wine Glass Coaster Set, Beach Themed Stemware Base, Coastal Decor",https://www.etsy.com/listing/4478368405/ocean-resin-wine-glass-coaster-set-beach,DKWineDecor,https://www.etsy.com/shop/DKWineDecor,40.00,0,0,0,0,0,2 Mo.,1,0,12,Home & Living,4,0,0.0,38,"housewarming gift,drinkware gift,unique barware gift,handcrafted glass,home bar decor,wedding gift idea,red wine glasses,hostess gift idea,handmade wine gift,beach wine glasses,wine glass coaster,wine lover gift,ocean themed decor",housewarming gift,drinkware gift,unique barware gift,handcrafted glass,home bar decor,wedding gift idea,red wine glasses,hostess gift idea,handmade wine gift,beach wine glasses,wine glass coaster,wine lover gift,ocean themed decor
"Rodeo Cowboy Scene Glasses | Personalized etched glassware for beer, whiskey, wine & cocktails. Western Desert Scene, Southwestern Decor.",https://www.etsy.com/listing/1658921288/rodeo-cowboy-scene-glasses-personalized,BenoitsDesignCo,https://www.etsy.com/shop/BenoitsDesignCo,20.00,0,0,0,14,2,28 Mo.,32,0,604,Home & Living,126,0,2.32,55564,"cocktail glasses,barware set,gifts for him,gifts for her,personalized gifts,wine glasses,whiskey glasses,beer glasses,housewarming gift,southwestern glasses,country ranch decor,western theme glass,rodeo cowboy glasses",cocktail glasses,barware set,gifts for him,gifts for her,personalized gifts,wine glasses,whiskey glasses,beer glasses,housewarming gift,southwestern glasses,country ranch decor,western theme glass,rodeo cowboy glasses
"MCM Wine Bottle Holder, Charcuterie Accessories, Eco-Friendly Housewarming Gift and Wine Display, 3D Printed Countertop Kitchen Decor, Rib",https://www.etsy.com/listing/1540570119/mcm-wine-bottle-holder-charcuterie,RosebudHomeGoods,https://www.etsy.com/shop/RosebudHomeGoods,42.00,0,0,0,5,1,34 Mo.,27,0,707,Home & Living,70,0,0.71,27607,"simple modern decor,wine gift accessory,countertop kitchen,housewarming basket,wine glass coaster,wine bottle holder,charcuterie cups,wine themed kitchen,wine bottle coaster,taylorswift decor,room decor aesthetic,fathers day gift,cool gift for dad",simple modern decor,wine gift accessory,countertop kitchen,housewarming basket,wine glass coaster,wine bottle holder,charcuterie cups,wine themed kitchen,wine bottle coaster,taylorswift decor,room decor aesthetic,fathers day gift,cool gift for dad
Handmade Wine Glass Rose Quartz Floral Enamel Charms,https://www.etsy.com/listing/1519275012/handmade-wine-glass-rose-quartz-floral,AZCraftEMom,https://www.etsy.com/shop/AZCraftEMom,8.95,0,0,0,0,0,16 Mo.,0,0,5,Home & Living,118,0,0.0,1623,"wine glass,wine glass charms,wine lover,housewarming gift,home decor,handmade wine charms,wine accessories,wine lover gifts,new home gift,wine party supplies,wine themed gifts,unique wine charms,rose quartz",wine glass,wine glass charms,wine lover,housewarming gift,home decor,handmade wine charms,wine accessories,wine lover gifts,new home gift,wine party supplies,wine themed gifts,unique wine charms,rose quartz
"Wine theme glass cutting board, Decorative glass panel housewarming gift, Realtor client closing gift, Kitchen wine decor, Counter top art",https://www.etsy.com/listing/624776752/wine-theme-glass-cutting-board,AllThatsHome,https://www.etsy.com/shop/AllThatsHome,44.95,0,0,0,0,0,75 Mo.,11,0,197,Home & Living,97,0,0.0,2138,"kitchen wine decor,glass cutting board,housewarming gift,realtor closing gift,wine bar decoration,client appreciation,thank you gifts,new home gift,large serving plate,kitchen trivet,wine themed kitchen,decorative glass,glass art panel",kitchen wine decor,glass cutting board,housewarming gift,realtor closing gift,wine bar decoration,client appreciation,thank you gifts,new home gift,large serving plate,kitchen trivet,wine themed kitchen,decorative glass,glass art panel
"Glass Cutting Board, Wine Vineyard Decor, Kitchen Counter Decoration, Grapes Cheese & Wine Bar Decor",https://www.etsy.com/listing/685292489/glass-cutting-board-wine-vineyard-decor,AllThatsHome,https://www.etsy.com/shop/AllThatsHome,44.95,0,0,0,0,0,69 Mo.,10,0,189,Home & Living,97,0,0.0,2138,"glass cutting board,wine vineyard decor,kitchen wine theme,counter top decor,grapes cheese wine,housewarming gift,wine bar decoration,large glass trivet,cheese serving plate,tempered glass,glass art panel,high res images,bridal shower gift",glass cutting board,wine vineyard decor,kitchen wine theme,counter top decor,grapes cheese wine,housewarming gift,wine bar decoration,large glass trivet,cheese serving plate,tempered glass,glass art panel,high res images,bridal shower gift
Rooted floral silhouette Stemless Wine Glass | botanical nature art,https://www.etsy.com/listing/4470672551/rooted-floral-silhouette-stemless-wine,KRMCustomCreations,https://www.etsy.com/shop/KRMCustomCreations,21.68,0,0,0,0,0,1 Mo.,0,0,2,Home & Living,70,0,0.0,3,"stemless glass,wine tumbler,rooted glass,botanical wine,floral wine cup,garden theme gift,boho wine glass,nature lover gift,earthy glassware,rustic barware,housewarming gift,womens wine glass,bride wine glass",stemless glass,wine tumbler,rooted glass,botanical wine,floral wine cup,garden theme gift,boho wine glass,nature lover gift,earthy glassware,rustic barware,housewarming gift,womens wine glass,bride wine glass
"Red Wine Painting Print: Kitchen Wall Decor, Wine Lover Gift (Unframed)",https://www.etsy.com/listing/1276900484/red-wine-painting-print-kitchen-wall,SunnyMelodyArt,https://www.etsy.com/shop/SunnyMelodyArt,24.00,0,0,0,5,1,45 Mo.,7,0,145,Art & Collectibles,70,0,3.45,703,"red wine painting,wine bottle print,wine and grapes art,kitchen wall art,wine themed decor,wine lover gifts,gift for best friend,housewarming gift,dining room decor,red wine poster,modern still life,red wine still life,red wine artwork",red wine painting,wine bottle print,wine and grapes art,kitchen wall art,wine themed decor,wine lover gifts,gift for best friend,housewarming gift,dining room decor,red wine poster,modern still life,red wine still life,red wine artwork
"Wine-Themed Ceramic Mug - Perfect Gift for Wine Lovers, Coffee or Tea Drinkers, Fun Kitchen Decor, Housewarming Present, Unique Gifts. 11oz,",https://www.etsy.com/listing/4342237357/wine-themed-ceramic-mug-perfect-gift-for,Trazora,https://www.etsy.com/shop/Trazora,19.45,0,0,0,0,0,1 Mo.,1,0,5,Home & Living,1,0,0.0,0,"wine themed,wine lover,coffee drinker,tea drinker,fun kitchen,housewarming,unique gift,mug gift,drinkware gift,kitchen decor,gift for her,gift for him,gift for friend",wine themed,wine lover,coffee drinker,tea drinker,fun kitchen,housewarming,unique gift,mug gift,drinkware gift,kitchen decor,gift for her,gift for him,gift for friend
11 1/2&quot; Sea Seashell Resin Resin Art Wine Glass & Bottle Display Holder / Butler - Beach Theme Wine Glass Holder / Housewarming Gift,https://www.etsy.com/listing/1710104829/11-12-sea-seashell-resin-resin-art-wine,BeachinShack,https://www.etsy.com/shop/BeachinShack,26.00,0,0,0,0,0,25 Mo.,0,0,34,Home & Living,97,0,0.0,6187,"anniversary gift,wedding gift,gift for friends,housewarming gift,beach wedding,handmade with resin,resin,beach theme gifts,tiki bar accessories,wine bottle display,wine glass display,glass bottle display,beachinshack",anniversary gift,wedding gift,gift for friends,housewarming gift,beach wedding,handmade with resin,resin,beach theme gifts,tiki bar accessories,wine bottle display,wine glass display,glass bottle display,beachinshack
"Surfing Scene Glasses | Personalized etched beer, whiskey, wine & cocktail glassware. Beach Coast Lifestyle gift, Tropical Summer Vibes.",https://www.etsy.com/listing/1673390411/surfing-scene-glasses-personalized,BenoitsDesignCo,https://www.etsy.com/shop/BenoitsDesignCo,20.00,0,0,0,509,71,28 Mo.,606,3,16996,Home & Living,126,100,2.99,55564,"cocktail glasses,barware set,gifts for him,gifts for her,personalized gifts,wine glasses,whiskey glasses,beer glasses,housewarming gift,coastal home decor,beach lifestyle gift,summer surfer gift,ocean theme glasses",cocktail glasses,barware set,gifts for him,gifts for her,personalized gifts,wine glasses,whiskey glasses,beer glasses,housewarming gift,coastal home decor,beach lifestyle gift,summer surfer gift,ocean theme glasses
"Modern Wine Bottle Holder, Charcuterie Accessories, Eco-Friendly Housewarming Gift and Wine Display, 3D Printed Countertop Kitchen Decor",https://www.etsy.com/listing/1540578035/modern-wine-bottle-holder-charcuterie,RosebudHomeGoods,https://www.etsy.com/shop/RosebudHomeGoods,42.00,0,0,0,5,1,34 Mo.,6,0,177,Home & Living,70,0,2.82,27607,"simple modern decor,wine gift accessory,countertop kitchen,housewarming basket,wine glass coaster,wine bottle holder,charcuterie cups,personalized boards,wine themed kitchen,wine bottle coaster,taylorswift decor,room decor aesthetic,studio ghibli",simple modern decor,wine gift accessory,countertop kitchen,housewarming basket,wine glass coaster,wine bottle holder,charcuterie cups,personalized boards,wine themed kitchen,wine bottle coaster,taylorswift decor,room decor aesthetic,studio ghibli
"8 Tropical Wine Charms with Striped Turquoise Glass Beads - Toucan, Starfish, Hat, Palm Trees, Pineapple, Sunshine, Flip Flops, Beach Chair",https://www.etsy.com/listing/622099291/8-tropical-wine-charms-with-striped,SheSellsSeaStuff,https://www.etsy.com/shop/SheSellsSeaStuff,10.71,0,0,0,0,0,89 Mo.,7,0,54,Home & Living,113,0,0.0,525,"wine glass charms,tropical wine charms,beachy wine charms,drink charms,turquoise and silver,beach theme,housewarming gift,beach home decor,dinner decor,tropical patio decor,coastal theme,cocktail charms,wedding favor",wine glass charms,tropical wine charms,beachy wine charms,drink charms,turquoise and silver,beach theme,housewarming gift,beach home decor,dinner decor,tropical patio decor,coastal theme,cocktail charms,wedding favor
"Kitchen Towel, Wine Lover Gift, Funny Dish Towel, Christmas Tea Towel, Holiday Kitchen Decor, Wine Towel, Wine Theme Towel",https://www.etsy.com/listing/1790860182/kitchen-towel-wine-lover-gift-funny-dish,WineCountry4All,https://www.etsy.com/shop/WineCountry4All,24.99,0,0,0,0,0,6 Mo.,0,0,9,Home & Living,6,0,0.0,6,"tea towels,holiday decor,kitchen linens,wine lover,christmas gift,funny towel,wine theme,home decor,housewarming gift,hostess gift,kitchen towels,wine humor,holiday towels",tea towels,holiday decor,kitchen linens,wine lover,christmas gift,funny towel,wine theme,home decor,housewarming gift,hostess gift,kitchen towels,wine humor,holiday towels
"Funny Wieners & Wine Candle, Gift for Doxie Dog Lover, Present for Pet Parent, Dachshund Decor, Quirky Housewarming Item, Fur Baby Mom|Dad",https://www.etsy.com/listing/1521541499/funny-wieners-wine-candle-gift-for-doxie,SHINEHAPPYDesigns,https://www.etsy.com/shop/SHINEHAPPYDesigns,19.95,0,0,0,0,0,16 Mo.,0,0,2,Home & Living,19,0,0.0,40,"housewarming gift,dog and wine theme,animal candle,wine lover gift,unique home decor,funny dog candle,pet owner gift,canine themed decor,gift for dog lover,dachshund gift,wine scented candle,wiener dog candle,dachshund candle",housewarming gift,dog and wine theme,animal candle,wine lover gift,unique home decor,funny dog candle,pet owner gift,canine themed decor,gift for dog lover,dachshund gift,wine scented candle,wiener dog candle,dachshund candle
Vintage Porcelain Piggy Bank Wine Theme Decor Hand Painted Purple Green Grape Vine Savings Bank,https://www.etsy.com/listing/1517979853/vintage-porcelain-piggy-bank-wine-theme,DKVintageandBeyond,https://www.etsy.com/shop/DKVintageandBeyond,54.40,0,0,0,0,0,18 Mo.,1,0,45,Art & Collectibles,61,0,0.0,589,"porcelain pig,gift idea pig lover,collector pig,porcelain pig bank,piggy bank pig,wine theme pig bank,grape vine wine,housewarming gift,wine decor pig bank,purple grapevine pig,green grape vine pig,hand painted pig,collector pig grapes",porcelain pig,gift idea pig lover,collector pig,porcelain pig bank,piggy bank pig,wine theme pig bank,grape vine wine,housewarming gift,wine decor pig bank,purple grapevine pig,green grape vine pig,hand painted pig,collector pig grapes
"Humorous Cork Coaster Set - Perfect for Wine Lovers, Kitchen Decor, Unique Gift, Housewarming, Party Essential",https://www.etsy.com/listing/1864810200/humorous-cork-coaster-set-perfect-for,SimplyPrintByQuasira,https://www.etsy.com/shop/SimplyPrintByQuasira,29.97,0,0,0,0,0,4 Mo.,0,0,4,Home & Living,5,0,0.0,0,"cork coaster set,funny coasters,home bar decor,unique housewarming,gift for friends,wine lover gift,party coaster set,alcohol themed,kitchen decor,prevent water stains,funny drink coasters,rustic home decor,coaster gift set",cork coaster set,funny coasters,home bar decor,unique housewarming,gift for friends,wine lover gift,party coaster set,alcohol themed,kitchen decor,prevent water stains,funny drink coasters,rustic home decor,coaster gift set
Etched Cherry Stemless Wine Glass: Summer Drinkware,https://www.etsy.com/listing/4502039621/etched-cherry-stemless-wine-glass-summer,Blockislandarts,https://www.etsy.com/shop/Blockislandarts,14.99,0,0,0,0,0,1 Mo.,0,0,0,Home & Living,167,0,0.0,3778,"stemless wine glass,personalized glass,summer fruit motif,cherry themed decor,housewarming gift,summertime wine,fruit etched glass,cherry glassware,fun summer fruit,cherry wine glass,handmade in usa,wine lover gift,personalized gift",stemless wine glass,personalized glass,summer fruit motif,cherry themed decor,housewarming gift,summertime wine,fruit etched glass,cherry glassware,fun summer fruit,cherry wine glass,handmade in usa,wine lover gift,personalized gift
"Cin Cin Wine Poster, Perfect for Parties, Home Decor, Wine Lovers, Gifts, and Celebrations, Bar Cart Artwork, Cheers Wall Art",https://www.etsy.com/listing/1878292651/cin-cin-wine-poster-perfect-for-parties,WelcomeToPrintopia,https://www.etsy.com/shop/WelcomeToPrintopia,20.00,0,0,0,0,0,15 Mo.,1,0,12,Home & Living,19,0,0.0,200,"rolled poster art,home wall decor,celebration poster,party themed art,wine lover gift,cheers wall art,gift for friends,bar decor print,art print for party,toast to life art,housewarming gift,art for hostess",rolled poster art,home wall decor,celebration poster,party themed art,wine lover gift,cheers wall art,gift for friends,bar decor print,art print for party,toast to life art,housewarming gift,art for hostess,--
"Oversized Ceramic Ice Bucket with Red Drip Glaze Multi-Use Wine Chiller, Party Decor Vase, Fruit Bowl & Unique Halloween Table Centerpiece",https://www.etsy.com/listing/4463283926/artisan-red-glaze-ice-bucket-handmade,SpinCeramicsHome,https://www.etsy.com/shop/SpinCeramicsHome,209.00,0,0,0,0,0,3 Mo.,2,0,52,Home & Living,5,0,0.0,12,"ceramic ice bucket,red drip glaze mug,large wine chiller,halloween decor,multi use vessel,wine bottle cooler,gothic home decor,large flower vase,unique kitchen decor,fruit bowl ceramic,housewarming gift,vampire themed decor,party table decor",ceramic ice bucket,red drip glaze mug,large wine chiller,halloween decor,multi use vessel,wine bottle cooler,gothic home decor,large flower vase,unique kitchen decor,fruit bowl ceramic,housewarming gift,vampire themed decor,party table decor
"Enchanting Wine Country Christmas Diorama, Open Suitcase Ornament, Tuscan Inspired Holiday Tree Decoration, Personalized Gift",https://www.etsy.com/listing/4415836209/enchanting-wine-country-christmas,ScioneauxBodhi,https://www.etsy.com/shop/ScioneauxBodhi,8.30,0,0,0,0,0,1 Mo.,0,0,2,Home & Living,12,0,0.0,4111,"wine country gift,tuscan christmas,enchanted diorama,open suitcase decor,holiday ornament,vineyard scene,christmas gift,unique tree decor,rustic winery,travel theme,housewarming gift,charming miniature,bespoke present",wine country gift,tuscan christmas,enchanted diorama,open suitcase decor,holiday ornament,vineyard scene,christmas gift,unique tree decor,rustic winery,travel theme,housewarming gift,charming miniature,bespoke present
Wine Themed Decor/Wine Bottle Light/LED Fairy Lights/Gift for Women/Hostess Gift/Housewarming Gift/Local Buyers Use Code LOCALPICKUP,https://www.etsy.com/listing/1535317601/wine-themed-decorwine-bottle-lightled,NancysBottleService,https://www.etsy.com/shop/NancysBottleService,25.00,0,0,0,0,0,28 Mo.,2,0,181,Home & Living,29,0,0.0,75,"wine bottle light,wine themed decor,led fairy lights,frosted wine bottle,rustic decor,wine puns,wine bar decor,gift for women,hostess gift,housewarming gift,birthday gift,party gift,centerpiece",wine bottle light,wine themed decor,led fairy lights,frosted wine bottle,rustic decor,wine puns,wine bar decor,gift for women,hostess gift,housewarming gift,birthday gift,party gift,centerpiece
"Vintage Set of 4 Rosanna French Wine Themed Porcelain Plates Made in Italy, 8&quot; Salad Charcuterie Bread Cheese Plates, Housewarming Gift",https://www.etsy.com/listing/1799879705/vintage-set-of-4-rosanna-french-wine,BelleBloomVintage,https://www.etsy.com/shop/BelleBloomVintage,41.94,0,0,0,0,0,20 Mo.,7,0,129,Home & Living,154,0,0.0,1942,"rosanna plates set,vintage porcelain,french wine themed,set of 4 fine dishes,made in italy plates,8 inch salad plates,charcuterie serving,bread cheese plate,housewarming gift,wine cheese night,hostess serving dish,wine connoisseur,vintage home decor",rosanna plates set,vintage porcelain,french wine themed,set of 4 fine dishes,made in italy plates,8 inch salad plates,charcuterie serving,bread cheese plate,housewarming gift,wine cheese night,hostess serving dish,wine connoisseur,vintage home decor
"Detroit Sports Bamboo Wine Glass Toppers | Lions, Tigers, Red Wings, Pistons Appetizer Covers",https://www.etsy.com/listing/4488047779/detroit-sports-bamboo-wine-glass-toppers,DKWineDecor,https://www.etsy.com/shop/DKWineDecor,32.00,0,0,0,0,0,1 Mo.,0,0,2,Home & Living,4,0,0.0,38,"charcuterie,cheese board,charcuterie tray,home decor,wine accessory,wine and cheese tray,gift for her,housewarming gift,appetizer topper,football party decor,detroit gift idea,sports themed gift,hostess gift sports",charcuterie,cheese board,charcuterie tray,home decor,wine accessory,wine and cheese tray,gift for her,housewarming gift,appetizer topper,football party decor,detroit gift idea,sports themed gift,hostess gift sports
"Beach Theme Wine Charms: Bachelorette Party Favors, Set of 6",https://www.etsy.com/listing/1500116545/beach-theme-wine-charms-bachelorette,TheLovelyVioletShop,https://www.etsy.com/shop/TheLovelyVioletShop,13.00,0,0,0,0,0,35 Mo.,0,0,27,Home & Living,37,0,0.0,495,"set of 6,wine lover gift,girls trip gifts,beach house gifts,housewarming gift,beach theme,wine charms,bachelorette party,party favors,drink marker,drink tags,hostess gift,beach lover gift",set of 6,wine lover gift,girls trip gifts,beach house gifts,housewarming gift,beach theme,wine charms,bachelorette party,party favors,drink marker,drink tags,hostess gift,beach lover gift
"Hand-Painted Tulip Wine Glass Set of Four, Floral Design",https://www.etsy.com/listing/600781445/hand-painted-tulip-wine-glass-set-of,DeannaBakale,https://www.etsy.com/shop/DeannaBakale,125.00,0,0,0,22,6,98 Mo.,74,0,3529,Home & Living,177,0,0.62,4166,"house warming gift,tulip theme party,tulip decor,wedding gift,tulip wineglasses,bridesmaid gift,tulip glass,easter wine glass,tulip wine glass,painted wine glass,wine glass grandma,williamsburgva,personalized glass",house warming gift,tulip theme party,tulip decor,wedding gift,tulip wineglasses,bridesmaid gift,tulip glass,easter wine glass,tulip wine glass,painted wine glass,wine glass grandma,williamsburgva,personalized glass
Inspirational Wine Tumbler: &quot;With God All Things Are Possible&quot; - 12oz Stainless Steel,https://www.etsy.com/listing/4327489891/inspirational-wine-tumbler-with-god-all,7xSeventy,https://www.etsy.com/shop/7xSeventy,37.13,0,0,0,0,0,7 Mo.,0,0,1,Home & Living,84,0,0.0,47,"wine tumbler,religious gifts,god theme tumbler,positive vibes,christian gifts,gifts for her,birthday gifts,housewarming gifts,unique drinkware,party supplies,faith based,12oz tumbler,prayer tumbler",wine tumbler,religious gifts,god theme tumbler,positive vibes,christian gifts,gifts for her,birthday gifts,housewarming gifts,unique drinkware,party supplies,faith based,12oz tumbler,prayer tumbler
Wine club | kitchen wall print | kitchen decor | A4 or A3 unframed prints.,https://www.etsy.com/listing/1743741431/wine-club-kitchen-wall-print-kitchen,HGpersonaldesigns,https://www.etsy.com/shop/HGpersonaldesigns,8.79,0,0,0,0,0,23 Mo.,4,0,42,Home & Living,24,0,0.0,719,"kitchen decor,kitchen statement,gift for wine lovers,housewarming gift,a4 kitchen poster,a3 kitchen print,modern wall decor,new home gift ideas,wine theme wall art,wine club wall print,kitchen quote print,rustic kitchen print,classy kitchen print",kitchen decor,kitchen statement,gift for wine lovers,housewarming gift,a4 kitchen poster,a3 kitchen print,modern wall decor,new home gift ideas,wine theme wall art,wine club wall print,kitchen quote print,rustic kitchen print,classy kitchen print
"Killer Whale Ceramic Coaster, Orca Lover Gift, Sea Animal Art",https://www.etsy.com/listing/1785409934/killer-whale-ceramic-coaster-orca-lover,ByJoCraftsArt,https://www.etsy.com/shop/ByJoCraftsArt,9.46,0,0,0,16,5,20 Mo.,25,0,237,Home & Living,72,0,6.75,10165,"ceramic coasters,hand painted designs,coffee coasters,wine coasters,housewarming gift,home decor,set of 4,sea themed coaster,orca coaster,killer whale coaster,orca lover gift,killer whale gift",ceramic coasters,hand painted designs,coffee coasters,wine coasters,housewarming gift,home decor,set of 4,sea themed coaster,orca coaster,killer whale coaster,orca lover gift,killer whale gift,--
Wine Time Art Print: Funny Kitchen & Bar Wall Decor (A4),https://www.etsy.com/listing/1874589286/wine-time-art-print-funny-kitchen-bar,locknstitch,https://www.etsy.com/shop/locknstitch,20.28,0,0,0,0,0,14 Mo.,0,0,2,Home & Living,67,0,0.0,161,"wine lover,housewarming gift,alcohol theme,dopamine decor,wine themed presents,best friend birthday,funny quote wall art,trendy prints,physical wine prints,bar decor,homemade gifts,cocktails theme",wine lover,housewarming gift,alcohol theme,dopamine decor,wine themed presents,best friend birthday,funny quote wall art,trendy prints,physical wine prints,bar decor,homemade gifts,cocktails theme,--
"Dragonfly Wine Charms, Set of 12, Silver-plated ring",https://www.etsy.com/listing/1791827722/dragonfly-wine-charms-set-of-12-silver,DarlynnRose,https://www.etsy.com/shop/DarlynnRose,20.00,0,0,0,9,4,19 Mo.,18,0,310,Home & Living,19,0,2.9,244,"darlynnrose,dainty glass rings,housewarming gift,hostess present,themed event,girls night out,dragonfly drink tags,colorful wine charms,small party favor,champagne flute,butterfly crystal,handmade pendant,silver bug",darlynnrose,dainty glass rings,housewarming gift,hostess present,themed event,girls night out,dragonfly drink tags,colorful wine charms,small party favor,champagne flute,butterfly crystal,handmade pendant,silver bug
hand stamped silver wine lover glass charms,https://www.etsy.com/listing/545918132/hand-stamped-silver-wine-lover-glass,littledorisdesigns,https://www.etsy.com/shop/littledorisdesigns,22.98,0,0,0,9,2,104 Mo.,13,0,327,Home & Living,124,0,2.75,1053,"wine taster charms,glass marker,hand stamped,wine glass charms,wine lover,gifts for her,housewarming,hostess gift,funny,wine themed,wine tags,wine lover gift,wine tasting",wine taster charms,glass marker,hand stamped,wine glass charms,wine lover,gifts for her,housewarming,hostess gift,funny,wine themed,wine tags,wine lover gift,wine tasting
Dashing Through The Snow With A Bottle of Merlot Hanging Kitchen Towel with Potholder Top,https://www.etsy.com/listing/1680984763/dashing-through-the-snow-with-a-bottle,StitchedByAbbie,https://www.etsy.com/shop/StitchedByAbbie,9.00,0,0,0,0,0,27 Mo.,1,0,28,Home & Living,32,0,0.0,186,"hanging towel,kitchen towel,kitchen decor,kitchen gift idea,gifts for her,housewarming gift,christmas gift,gifts for mom,gifts for grandma,kitchen towel gift,merlot,wine gift,wine kitchen theme",hanging towel,kitchen towel,kitchen decor,kitchen gift idea,gifts for her,housewarming gift,christmas gift,gifts for mom,gifts for grandma,kitchen towel gift,merlot,wine gift,wine kitchen theme
Michigan themed Canvas Wine Tote,https://www.etsy.com/listing/4379401280/michigan-themed-canvas-wine-tote,PineCottageSewing,https://www.etsy.com/shop/PineCottageSewing,23.00,0,0,0,0,0,7 Mo.,0,0,6,Home & Living,48,0,0.0,36,"canvas wine bag,michigan gift,outdoor themed gift,cottage gift,buffalo check gift,plaid bag,bar gift,wine lover,woodsy type gift,cozy flannel,retirement gift,housewarming gift,made in michigan",canvas wine bag,michigan gift,outdoor themed gift,cottage gift,buffalo check gift,plaid bag,bar gift,wine lover,woodsy type gift,cozy flannel,retirement gift,housewarming gift,made in michigan
"Classy Bitches Drink Wine Candle | Soy Wax, Funny Gift | 9 oz. Natural Soy Wax",https://www.etsy.com/listing/4377854578/classy-bitches-drink-wine-candle-soy-wax,ZenBevCo,https://www.etsy.com/shop/ZenBevCo,15.00,0,0,0,0,0,8 Mo.,0,0,16,Home & Living,80,0,0.0,1059,"soy candle gift,candles,cozy candle,housewarming candle,wine scented candle,wine lover candle,gift for her,gift for bestie,wine enthusiast,natural soy candle,funny wine candles,wine themed candles,novelty candles",soy candle gift,candles,cozy candle,housewarming candle,wine scented candle,wine lover candle,gift for her,gift for bestie,wine enthusiast,natural soy candle,funny wine candles,wine themed candles,novelty candles
Wine Lover Hot Pad: Funny Quilted Cotton Pot Holder,https://www.etsy.com/listing/898621413/wine-lover-hot-pad-funny-quilted-cotton,DesignsByKimS,https://www.etsy.com/shop/DesignsByKimS,10.95,0,0,0,13,4,66 Mo.,5,0,193,Home & Living,109,0,6.74,545,"wine lover kitchen,funny wine hot pad,hostess wine gift,wine themed decor,cotton pot holder,wine cooking gift,kitchen wine humor,funny kitchen gift,quilting hot pad,housewarming wine,wine party gift,gift for wine friend,funny wine saying",wine lover kitchen,funny wine hot pad,hostess wine gift,wine themed decor,cotton pot holder,wine cooking gift,kitchen wine humor,funny kitchen gift,quilting hot pad,housewarming wine,wine party gift,gift for wine friend,funny wine saying
"Funny Bar Towel, Housewarming Gift, Alcohol Themed Kitchen Towel, Wine and Pinot Noir, Gift for Her or Him, Microfiber Waffle Weave",https://www.etsy.com/listing/1561394079/funny-bar-towel-housewarming-gift,Barleaux,https://www.etsy.com/shop/Barleaux,14.95,0,0,0,2,1,32 Mo.,1,0,14,Home & Living,65,0,14.29,230,"housewarming gift,alcohol themed towel,gift for her,gift for him,fun barware,funny kitchen towel,wine gift,pinot noir,birthday gift,gift for wine lovers,kitchen dish towel,cocktail towel,kitchen towel",housewarming gift,alcohol themed towel,gift for her,gift for him,fun barware,funny kitchen towel,wine gift,pinot noir,birthday gift,gift for wine lovers,kitchen dish towel,cocktail towel,kitchen towel
"Vintage Wine Bottle Area Rug, Dark Baroque Vineyard Living Room Carpet",https://www.etsy.com/listing/4458438684/vintage-wine-bottle-area-rug-dark,NartRugCo,https://www.etsy.com/shop/NartRugCo,123.79,0,0,0,0,0,3 Mo.,0,0,35,Home & Living,7,0,0.0,112,"vintage wine rug,vineyard decor rug,baroque area rug,wine lover gift,kitchen decor rug,dining room carpet,sommelier gift,rustic home decor,dark vintage rug,wine bar decor,grape theme rug,housewarming gift,elegant floor rug",vintage wine rug,vineyard decor rug,baroque area rug,wine lover gift,kitchen decor rug,dining room carpet,sommelier gift,rustic home decor,dark vintage rug,wine bar decor,grape theme rug,housewarming gift,elegant floor rug
"Wine themed large fabric wall hanging, holiday bar decor, housewarming gift, candy cane shape, handcrafted gift",https://www.etsy.com/listing/1838991125/wine-themed-large-fabric-wall-hanging,timelapse,https://www.etsy.com/shop/timelapse,35.00,0,0,0,0,0,17 Mo.,0,0,9,Home & Living,191,0,0.0,1320,"holiday decoration,wine bar decor,hostess gift,sommelier gift,winery theme party,neutral earth tones,rustic farmhouse,christmas wall,tv stage photo prop,winter  candy cane,pub bar decoration,coffee work wine,realtor closing gift",holiday decoration,wine bar decor,hostess gift,sommelier gift,winery theme party,neutral earth tones,rustic farmhouse,christmas wall,tv stage photo prop,winter  candy cane,pub bar decoration,coffee work wine,realtor closing gift
"Dog Wine Glass Charms, Set of 6, Dog Theme Drink Markers, Hostess Gift, Housewarming Gift, Dog Mom Gift, Pet Owner Gift, Pet Lover Gift",https://www.etsy.com/listing/1813952428/dog-wine-glass-charms-set-of-6-dog-theme,AntheaBySamanthaAnn,https://www.etsy.com/shop/AntheaBySamanthaAnn,24.99,0,0,0,0,0,18 Mo.,4,0,75,Home & Living,41,0,0.0,47,"dog wine charms,pet lover gift,dog mom gift,housewarming gift,hostess gift,animal theme gift,handmade charms,drink markers,dog theme gift,dog lover gift,paw print,dog charms,wine glass charms",dog wine charms,pet lover gift,dog mom gift,housewarming gift,hostess gift,animal theme gift,handmade charms,drink markers,dog theme gift,dog lover gift,paw print,dog charms,wine glass charms
"Peony Wine Wreath, Handmade Floral Summer Front Door Decor",https://www.etsy.com/listing/1737861888/peony-wine-wreath-handmade-floral-summer,ILoveYourWreath,https://www.etsy.com/shop/ILoveYourWreath,140.00,0,0,0,0,0,23 Mo.,2,0,16,Home & Living,50,0,0.0,107,"pink peony wreath,mother's day wreath,housewarming gift,wine decor,merlot theme wreath,wine enthusiast gift,winery wreath,merlot theme decor,wine lover gift,wine party decor,summer wreath,floral wreath,vineyard wreath",pink peony wreath,mother's day wreath,housewarming gift,wine decor,merlot theme wreath,wine enthusiast gift,winery wreath,merlot theme decor,wine lover gift,wine party decor,summer wreath,floral wreath,vineyard wreath
"Red Wine Decoupage Oil Dispenser: Crackled Kitchen Cruet, 16 ozs, 11&quot; x 2&quot;",https://www.etsy.com/listing/1355920681/red-wine-decoupage-oil-dispenser,CWdesignsGifts,https://www.etsy.com/shop/CWdesignsGifts,56.00,0,0,0,9,3,42 Mo.,4,0,111,Home & Living,72,0,8.11,3445,"oil dispenser,decanter,mediterranean,thank you gift,kitchen decor,house warming gift,detergent dispenser,vinegar dispenser,liquid dispenser,italian,wine theme",oil dispenser,decanter,mediterranean,thank you gift,kitchen decor,house warming gift,detergent dispenser,vinegar dispenser,liquid dispenser,italian,wine theme,--,--
Funny Dog Coaster Set: Dogs and Wine Lovers Gift - Group 1,https://www.etsy.com/listing/1738794503/funny-dog-coaster-set-dogs-and-wine,CreaturesCoversLLC,https://www.etsy.com/shop/CreaturesCoversLLC,12.50,0,0,0,0,0,24 Mo.,0,0,37,Home & Living,157,0,0.0,421,"dog lover's gift,wine lover's gift,novelty pups,dog themed coasters,housewarming gift,funny dog images,fun dog images,funny wine images,fun wine images",dog lover's gift,wine lover's gift,novelty pups,dog themed coasters,housewarming gift,funny dog images,fun dog images,funny wine images,fun wine images,--,--,--,--
Wine Bottle Light - Wine Party Decor - Wine Themed Decor - Housewarming Gift - Hostess Gift,https://www.etsy.com/listing/1742335113/wine-bottle-light-wine-party-decor-wine,ShopFireflyHome,https://www.etsy.com/shop/ShopFireflyHome,44.95,0,0,0,0,0,23 Mo.,4,0,119,,77,0,0.0,1083,"housewarming party,hostess gift,housewarming gift,wine party decor,wine themed decor,wine bottle lamp,wine bottle lights,wine bar decor,new house gift,decorative bottles,quote sign,bottle sign,wine bottle sign",housewarming party,hostess gift,housewarming gift,wine party decor,wine themed decor,wine bottle lamp,wine bottle lights,wine bar decor,new house gift,decorative bottles,quote sign,bottle sign,wine bottle sign
It&#39;s Just Wine Corkwood Coaster Set Wine Glass Illustration,https://www.etsy.com/listing/4479258516/its-just-wine-corkwood-coaster-set-wine,DMWineByKaren,https://www.etsy.com/shop/DMWineByKaren,22.00,0,0,0,0,0,2 Mo.,0,0,0,Home & Living,10,0,0.0,0,"wine coaster,cork coaster,drink coaster,wine lover gift,bar accessories,funny wine gift,kitchen coaster,housewarming gift,wine night decor,coaster set,hostess gift,wine theme gift,party coaster",wine coaster,cork coaster,drink coaster,wine lover gift,bar accessories,funny wine gift,kitchen coaster,housewarming gift,wine night decor,coaster set,hostess gift,wine theme gift,party coaster
Double Wine Canvas Tote: &quot;Save Water Drink Wine&quot; Gift Bag,https://www.etsy.com/listing/1835957197/double-wine-canvas-tote-save-water-drink,SorellaMiaDesignShop,https://www.etsy.com/shop/SorellaMiaDesignShop,32.95,0,0,0,0,0,17 Mo.,0,0,2,Bags & Purses,27,0,0.0,50,"gift tote,wine themed,wine carrier,wine accessory,sling bag,canvas shopping bag,reusable tote bag,wine art print,clutch,travel bag,hostess gift,reusable bags,housewarming gift",gift tote,wine themed,wine carrier,wine accessory,sling bag,canvas shopping bag,reusable tote bag,wine art print,clutch,travel bag,hostess gift,reusable bags,housewarming gift
"Garden Wine Charms, Set of 8, Hostess Gift",https://www.etsy.com/listing/498683121/gardening-wine-glass-charms-hostess-gift,LifeBaubles,https://www.etsy.com/shop/LifeBaubles,18.95,0,0,0,26,4,113 Mo.,25,0,564,Home & Living,120,0,4.61,6966,"wine gifts,gift for gardeners,garden themed gift,gardener gift,wine glass charm,hostess gift,wine charms,retirement gift,mothers day gift,wine glass marker,garden party decor,housewarming gifts,party favors",wine gifts,gift for gardeners,garden themed gift,gardener gift,wine glass charm,hostess gift,wine charms,retirement gift,mothers day gift,wine glass marker,garden party decor,housewarming gifts,party favors
Rittenhouse Stemmed Wine Glass – Hand Etched Philly Wine Glass – 20.5 oz Crystal – Optional Gift Box & Personalization,https://www.etsy.com/listing/4463523054/rittenhouse-stemmed-wine-glass-hand,MorningFogStudios,https://www.etsy.com/shop/MorningFogStudios,19.99,0,0,0,0,0,3 Mo.,0,0,7,Home & Living,139,0,0.0,7698,"stemmed wine glass,philly wine glass,philadelphia gift,rittenhouse square,etched wine glass,philly lover gift,crystal wine glass,wine lover gift,housewarming gift,philly themed gift,city wine glass,personalized wine,rittenhouse wine",stemmed wine glass,philly wine glass,philadelphia gift,rittenhouse square,etched wine glass,philly lover gift,crystal wine glass,wine lover gift,housewarming gift,philly themed gift,city wine glass,personalized wine,rittenhouse wine
Glass Beach Ocean Themed 15oz Stemless Wine Glass - Blue Teal and Gold - Custom  Wine Glass - Mom Gift - Beach House - Decor - Housewarming,https://www.etsy.com/listing/1316197883/glass-beach-ocean-themed-15oz-stemless,RusticAndRoseTexas,https://www.etsy.com/shop/RusticAndRoseTexas,27.50,0,0,0,110,26,43 Mo.,101,1,1694,Home & Living,151,0,6.49,7473,"painted wine glass,stemless wine glass,beach wine glass,beach glass,beach tumbler,mother gift,hostess gift,housewarming gift,ocean wine glass,beach cup,beach themed,beach house,beach decor",painted wine glass,stemless wine glass,beach wine glass,beach glass,beach tumbler,mother gift,hostess gift,housewarming gift,ocean wine glass,beach cup,beach themed,beach house,beach decor
"49ers Ceramic Tile Sign, Football Fan Decor with Easel",https://www.etsy.com/listing/1116306709/49ers-ceramic-tile-sign-football-fan,SmilesWithTilesGifts,https://www.etsy.com/shop/SmilesWithTilesGifts,10.00,0,0,0,3,1,54 Mo.,14,0,282,Home & Living,58,0,1.06,3064,"christmas gift idea,birthday gift idea,gift under 20 dollar,hippie decor ideas,italian tile,gifts from italy,wine lover gift,house warming gift,football theme,nfl dallas cowboys",christmas gift idea,birthday gift idea,gift under 20 dollar,hippie decor ideas,italian tile,gifts from italy,wine lover gift,house warming gift,football theme,nfl dallas cowboys,--,--,--
"Custom Grapevine Wine Glass, Art Gift for Wine Lovers.",https://www.etsy.com/listing/471762850/hand-painted-grapevine-wine-glasses-art,angelwoodgifts,https://www.etsy.com/shop/angelwoodgifts,58.00,0,0,0,11,3,115 Mo.,28,0,2190,Home & Living,221,0,0.5,2641,"grapevine wine glass,wine glass grapes,winery gift,wine themed decor,vinyard decor,wine lover gift,personalized glass,housewarming gift,anniversary gift,painted stemware,custom wine glass,vinyard wine glass,unique wine glass",grapevine wine glass,wine glass grapes,winery gift,wine themed decor,vinyard decor,wine lover gift,personalized glass,housewarming gift,anniversary gift,painted stemware,custom wine glass,vinyard wine glass,unique wine glass
"Wine Hand Towel & Potholder Set: Crochet Top, Wine Cork Button",https://www.etsy.com/listing/1859807816/wine-hand-towel-potholder-set-crochet,DianesPrettyThings,https://www.etsy.com/shop/DianesPrettyThings,12.99,0,0,0,0,0,15 Mo.,0,0,5,Home & Living,96,0,0.0,576,"bridal shower gift,housewarming gift,friendship gift,kitchen towel,hand towel,wine lover gift,wine club gift,wine theme potholder,winery kitchen set,wine grapes set,wine potholder set,towel potholder set,wine theme towel",bridal shower gift,housewarming gift,friendship gift,kitchen towel,hand towel,wine lover gift,wine club gift,wine theme potholder,winery kitchen set,wine grapes set,wine potholder set,towel potholder set,wine theme towel
"Kitchen Towel: Crochet Top Hanging Towel, Wine Lover Gift",https://www.etsy.com/listing/4490469472/kitchen-towel-crochet-top-hanging-towel,DianesPrettyThings,https://www.etsy.com/shop/DianesPrettyThings,7.50,0,0,0,0,0,1 Mo.,0,0,0,Home & Living,96,0,0.0,576,"hanging towel,housewarming gift,crochet top towel,kitchen towel,hand towel,wine lover gift,wine club gift,merlot wine towel,handing hand towel,wine theme towel,friendship gift,hanging tea towel,wine cork towel",hanging towel,housewarming gift,crochet top towel,kitchen towel,hand towel,wine lover gift,wine club gift,merlot wine towel,handing hand towel,wine theme towel,friendship gift,hanging tea towel,wine cork towel
Cloth wine bottle gift bag  festive table decoration,https://www.etsy.com/listing/262277847/cloth-wine-bottle-gift-bag-festive-table,StitchWitchWorks,https://www.etsy.com/shop/StitchWitchWorks,6.95,0,0,0,0,0,124 Mo.,0,0,25,Paper & Party Supplies,126,0,0.0,441,"wine bottle,decoration,wine bottle bag,party decoration,table centerpiece,housewarming gift,hostess gift,boho table theme,funky gift wrap,tie dye wine bag,hippie gift wrap,reusable recycle,eco friendly",wine bottle,decoration,wine bottle bag,party decoration,table centerpiece,housewarming gift,hostess gift,boho table theme,funky gift wrap,tie dye wine bag,hippie gift wrap,reusable recycle,eco friendly
"Personalized Shell Wine Charms: Coastal Drink Markers, Bachelorette Favors",https://www.etsy.com/listing/1778594149/personalized-shell-wine-charms-coastal,BriteStudio,https://www.etsy.com/shop/BriteStudio,3.86,0,0,0,0,0,22 Mo.,18,0,292,Home & Living,32,0,0.0,2101,"beach theme gifts,beach wine charms,glass identifier,hostess gifts,housewarming gifts,nautical gifts,nautical theme gifts,nautical wine charms,shell wine charms,wine glass charms,last toast,toast on the coast,bachelorette favor",beach theme gifts,beach wine charms,glass identifier,hostess gifts,housewarming gifts,nautical gifts,nautical theme gifts,nautical wine charms,shell wine charms,wine glass charms,last toast,toast on the coast,bachelorette favor
Etched Crab Stemless Wine Glass: Nautical Gift for Ocean Lovers,https://www.etsy.com/listing/1260527001/etched-crab-stemless-wine-glass-nautical,BevveeCo,https://www.etsy.com/shop/BevveeCo,19.95,0,0,0,0,0,48 Mo.,8,0,212,Home & Living,92,0,0.0,62040,"wine gifts for women,gift for wine lover,birthday wine glass,crab themed gift,beach house cups,sea food lover,king crab legs,deep sea fishing,gift for beach bum,beach theme gift,gift for fisherman,housewarming gifts,loves to fish",wine gifts for women,gift for wine lover,birthday wine glass,crab themed gift,beach house cups,sea food lover,king crab legs,deep sea fishing,gift for beach bum,beach theme gift,gift for fisherman,housewarming gifts,loves to fish
"Funny Wine and Wasted Time Scented Soy Candle, Relaxation Gift, Home Decor, Self Care Essential, Cozy Night In",https://www.etsy.com/listing/4385287571/funny-wine-and-wasted-time-scented-soy,PlanetSerpo,https://www.etsy.com/shop/PlanetSerpo,24.99,0,0,0,0,0,8 Mo.,0,0,0,Home & Living,28,0,0.0,196,"scented candle,soy wax candle,wine theme candle,home fragrance,relaxation gift,spa gift set,self care essentials,gift for her,unique home decor,cozy ambiance,aromatherapy candle,birthday gift ideas,housewarming gift",scented candle,soy wax candle,wine theme candle,home fragrance,relaxation gift,spa gift set,self care essentials,gift for her,unique home decor,cozy ambiance,aromatherapy candle,birthday gift ideas,housewarming gift
I Make Pour Decisions Wine Theme Magnet | Kitchen Magnet | Wood Cutout | Housewarming Gift | Funny Wine Saying | Wine Lover Gift,https://www.etsy.com/listing/1854773642/i-make-pour-decisions-wine-theme-magnet,MadeandFinds,https://www.etsy.com/shop/MadeandFinds,4.99,0,0,0,0,0,10 Mo.,0,0,4,Home & Living,152,0,0.0,2096,"housewarming gift,fridge magnet,kitchen accent,wine theme,funny wine sayings,gift for wine lover,wine bottle shape,wood magnets,pour decisions",housewarming gift,fridge magnet,kitchen accent,wine theme,funny wine sayings,gift for wine lover,wine bottle shape,wood magnets,pour decisions,--,--,--,--
"Wine Time Corkwood Coaster Set - Perfect for Wine Lovers, Home Decor, Housewarming Gift, Party Favors, Kitchen Accessories",https://www.etsy.com/listing/4372701830/wine-time-corkwood-coaster-set-perfect,Vermontcomfort,https://www.etsy.com/shop/Vermontcomfort,19.32,0,0,0,0,0,4 Mo.,0,0,1,Home & Living,5,0,0.0,8,"cork coaster set,wine lover gift,kitchen decor,home bar accessories,coasters for drinks,grape theme coasters,rustic home decor,wine tasting set,party supplies set,gift for hosts,housewarming gift,stylish drinkware,cork wood coaster",cork coaster set,wine lover gift,kitchen decor,home bar accessories,coasters for drinks,grape theme coasters,rustic home decor,wine tasting set,party supplies set,gift for hosts,housewarming gift,stylish drinkware,cork wood coaster
"Nautical Wine Charms, Set of 6 wine charms, wine charm set, Nautical charms",https://www.etsy.com/listing/1099757781/nautical-wine-charms-set-of-6-wine,LastingImpressionsJV,https://www.etsy.com/shop/LastingImpressionsJV,12.50,0,0,0,0,0,52 Mo.,1,0,40,Home & Living,95,0,0.0,1184,"housewarming gift,wine gift,sailboat charm,sail boat,anchor charms,handmade item,nautical,wine charm set,nautical theme,wine charm,set of charms,nautical wine charm,ship wheel charm",housewarming gift,wine gift,sailboat charm,sail boat,anchor charms,handmade item,nautical,wine charm set,nautical theme,wine charm,set of charms,nautical wine charm,ship wheel charm
Wine Tote Bag great christmas gift housewarming or host gift. The southwester theme is unique and looks great on the wine bottle bag. wine,https://www.etsy.com/listing/1592120513/wine-tote-bag-great-christmas-gift,Tshirtoutfitters,https://www.etsy.com/shop/Tshirtoutfitters,32.50,0,0,0,0,0,19 Mo.,0,0,0,Bags & Purses,23,0,0.0,12,"wine tote,wine bag,housewarming gift,christmas gift,wine accessory,wine bottle tote,wine bottle bag,wine bottle holder,neoprene tote bag,insulated bag,bottle bag,wine gift bag,wine carrier",wine tote,wine bag,housewarming gift,christmas gift,wine accessory,wine bottle tote,wine bottle bag,wine bottle holder,neoprene tote bag,insulated bag,bottle bag,wine gift bag,wine carrier
"Funny Wine Welcome Doormat, Home Decor Gift for Wine Lovers, Cute Entryway Rug, Housewarming Gift, Outdoor Mat, Kitchen Welcome Mat",https://www.etsy.com/listing/1817562715/funny-wine-welcome-doormat-home-decor,TimelessAndTextiles,https://www.etsy.com/shop/TimelessAndTextiles,50.24,0,0,0,0,0,7 Mo.,0,0,1,Home & Living,7,0,0.0,11,"front porch decor,funny doormat,wine lover gift,welcome mat home,outdoor entrance rug,kitchen entrance mat,housewarming gift,humorous welcome mat,seasonal home decor,beverage themed mat,personalized doormat,rustic home accents,party entrance rug",front porch decor,funny doormat,wine lover gift,welcome mat home,outdoor entrance rug,kitchen entrance mat,housewarming gift,humorous welcome mat,seasonal home decor,beverage themed mat,personalized doormat,rustic home accents,party entrance rug
"Unique bottle stopper, Decorative bottle stopper, make any bottle stand out at a garden party! Perfect for wine bottles",https://www.etsy.com/listing/1290243136/unique-bottle-stopper-decorative-bottle,NordicFurnitureCompy,https://www.etsy.com/shop/NordicFurnitureCompy,26.85,0,0,0,20,4,44 Mo.,12,0,425,Home & Living,58,0,4.71,2598,"roman bust,party gifts,house warming gift,bottle stopper,bust bottle stopper,party ideas,themed party items,wine stopper,wine bottle,wine bottle stopper,wine seal,bbq party,summer party",roman bust,party gifts,house warming gift,bottle stopper,bust bottle stopper,party ideas,themed party items,wine stopper,wine bottle,wine bottle stopper,wine seal,bbq party,summer party
Colorful Modern Wine Bottle Art Acrylic Serving Tray,https://www.etsy.com/listing/4419840654/colorful-modern-wine-bottle-art-acrylic,BusycornrGifts,https://www.etsy.com/shop/BusycornrGifts,124.95,0,0,0,0,0,1 Mo.,0,0,2,Home & Living,32,0,0.0,655,"acrylic serving,colorful serving,artistic serving,bar cart tray,wine lover gift,housewarming gift,kitchen decor,cocktail tray,entertaining tray,drink serving tray,wine themed gift,small tray decor,stylish serving",acrylic serving,colorful serving,artistic serving,bar cart tray,wine lover gift,housewarming gift,kitchen decor,cocktail tray,entertaining tray,drink serving tray,wine themed gift,small tray decor,stylish serving
Driftwood Wine Caddy with Starfish Stopper & Opener,https://www.etsy.com/listing/730167069/driftwood-wine-caddy-with-starfish,MendNomaPacific,https://www.etsy.com/shop/MendNomaPacific,50.00,0,0,0,0,0,81 Mo.,2,0,60,Home & Living,81,0,0.0,1019,"driftwood wine caddy,home decor,foraged,restaurant,hotel decor,dining,vase,winery decor,house warming gift,anniversary gift,wedding decor,home and living,beach theme",driftwood wine caddy,home decor,foraged,restaurant,hotel decor,dining,vase,winery decor,house warming gift,anniversary gift,wedding decor,home and living,beach theme
Strawberry Theme Note Cards,https://www.etsy.com/listing/1749902684/strawberry-theme-note-cards,WhatWineBox,https://www.etsy.com/shop/WhatWineBox,15.00,0,0,0,0,0,22 Mo.,0,0,21,Paper & Party Supplies,167,0,0.0,63,"novelty note cards,announcements,strawberries,holiday gifts,party invitations,handmade unique gift,house warming cards,gifts for her,thank you cards,what wine box,gifts for writers,special theme cards,hostess gifts",novelty note cards,announcements,strawberries,holiday gifts,party invitations,handmade unique gift,house warming cards,gifts for her,thank you cards,what wine box,gifts for writers,special theme cards,hostess gifts
Stars of Egypt: Cork-Backed Coaster,https://www.etsy.com/listing/1863890288/stars-of-egypt-cork-backed-coaster,MarandArtWorks,https://www.etsy.com/shop/MarandArtWorks,8.00,0,0,0,12,2,15 Mo.,0,0,20,Home & Living,15,0,60.0,48,"coaster,drink decor,drink coaster,gift for egypt lover,egyptian decor,gift for drinker,housewarming gift,wine lover gift,unique barware,egyptian theme gift,egyptian gift,gift for birthday,birthday gift",coaster,drink decor,drink coaster,gift for egypt lover,egyptian decor,gift for drinker,housewarming gift,wine lover gift,unique barware,egyptian theme gift,egyptian gift,gift for birthday,birthday gift
Pot Holder: Wine,https://www.etsy.com/listing/4357614910/pot-holder-wine,HandmadeDzignzsByT,https://www.etsy.com/shop/HandmadeDzignzsByT,8.00,0,0,0,0,0,9 Mo.,1,0,11,Home & Living,44,0,0.0,788,"gift sets,housewarming,pot holders,kitchen,dining,cookware,trivets,baking,hostess gifts,wine theme,wine and cheese,wine bar decor,wine lover",gift sets,housewarming,pot holders,kitchen,dining,cookware,trivets,baking,hostess gifts,wine theme,wine and cheese,wine bar decor,wine lover
"Personalized glass cutting board wine and fruit theme, wedding, anniversary, housewarming, home decor gift",https://www.etsy.com/listing/813316547/personalized-glass-cutting-board-wine,LetterPerfectGifts,https://www.etsy.com/shop/LetterPerfectGifts,44.99,0,0,0,0,0,72 Mo.,0,0,73,Home & Living,148,0,0.0,718,"glass,cutting board,personalized,monogram,gift,wedding,wine theme,wine,fruit,wedding gift",glass,cutting board,personalized,monogram,gift,wedding,wine theme,wine,fruit,wedding gift,--,--,--
"Wine Cork Napkin Rings-Set of 4,cork napkin ring,wine lovers,housewarming gift,wine themed event,corks,wine corks ,napkin holder,napkin ring",https://www.etsy.com/listing/506702957/wine-cork-napkin-rings-set-of-4cork,RockMyBeads,https://www.etsy.com/shop/RockMyBeads,20.00,0,0,0,0,0,112 Mo.,4,0,271,Home & Living,190,0,0.0,1344,"cork,wine cork,wine,wine accessories,cork napkin rings,napkin rings,wine napkin rings,decorative rings,wine cork crafts,unique napkin rings,cork rings,cork art,wine art",cork,wine cork,wine,wine accessories,cork napkin rings,napkin rings,wine napkin rings,decorative rings,wine cork crafts,unique napkin rings,cork rings,cork art,wine art
Blue Crab Wine Bottle and Wine Glass Holder with Colorful Patina Finish Gift,https://www.etsy.com/listing/1744578555/blue-crab-wine-bottle-and-wine-glass,BMLPlasmaArcWorks,https://www.etsy.com/shop/BMLPlasmaArcWorks,40.00,0,0,0,2,1,23 Mo.,9,0,181,Home & Living,81,0,1.1,599,"wine bottle holder,chesapeake blue crab,barware drink ware,stemmed wine glasses,housewarming present,handmade plasma cut,bmlplasmaarcworks,nautical theme gift,beach wedding decor,champagne flutes,mothers day mom,rustic metal art,thank you celebrate",wine bottle holder,chesapeake blue crab,barware drink ware,stemmed wine glasses,housewarming present,handmade plasma cut,bmlplasmaarcworks,nautical theme gift,beach wedding decor,champagne flutes,mothers day mom,rustic metal art,thank you celebrate
"Wine-Themed Framed Poster - Perfect for Home Decor, Wine Lover Gift, Kitchen Art, Celebration Wall Art, Housewarming Decor",https://www.etsy.com/listing/4351899906/wine-themed-framed-poster-perfect-for,PrintfulMoments24,https://www.etsy.com/shop/PrintfulMoments24,84.31,0,0,0,0,0,1 Mo.,0,0,15,Home & Living,1,0,0.0,0,"wine decor art,kitchen wall art,funny framed poster,wine lover gift,home bar decor,vertical wall art,modern home decor,unique wall art,gift for her,housewarming gift,celebration decor,quirky wall art,poster for kitchen",wine decor art,kitchen wall art,funny framed poster,wine lover gift,home bar decor,vertical wall art,modern home decor,unique wall art,gift for her,housewarming gift,celebration decor,quirky wall art,poster for kitchen
Bronze Paw Prints Wine Charms,https://www.etsy.com/listing/1328029622/bronze-paw-prints-wine-charms,KJCreationsStudios,https://www.etsy.com/shop/KJCreationsStudios,20.00,0,0,0,0,0,41 Mo.,4,0,0,Home & Living,45,0,0.0,47,"wine glass charms,pet lover,dog and cat lover,pet parents,bronze paw prints,wine lover,hostess gift,house warming gift,charm set,champagne charms,glass markers,boho theme,rescue dog",wine glass charms,pet lover,dog and cat lover,pet parents,bronze paw prints,wine lover,hostess gift,house warming gift,charm set,champagne charms,glass markers,boho theme,rescue dog
Hemmingway Wine Quote letterpress-printed greeting card,https://www.etsy.com/listing/1809490856/hemmingway-wine-quote-letterpress,12AcreStudio,https://www.etsy.com/shop/12AcreStudio,6.00,0,0,0,0,0,18 Mo.,2,0,18,Paper & Party Supplies,111,0,0.0,635,"12 acre studio,hemingway quote,hemingway wine,letterpress greeting,letterpress printing,wine themed greeting,wine greeting card,wine,wine birthday,wine housewarming,wine gift,ernest hemingway,hemingway greeting",12 acre studio,hemingway quote,hemingway wine,letterpress greeting,letterpress printing,wine themed greeting,wine greeting card,wine,wine birthday,wine housewarming,wine gift,ernest hemingway,hemingway greeting
"Florida Wine Glass Charms, Hostess Gift Ideas, Retirement Gift, Cocktail Party Accessories, Florida Themed Gift, Wine Gift",https://www.etsy.com/listing/571992441/florida-wine-glass-charms-hostess-gift,LifeBaubles,https://www.etsy.com/shop/LifeBaubles,18.95,0,0,0,100,15,102 Mo.,74,0,1637,Home & Living,120,0,6.11,6966,"gifts for him,wine gifts,florida state,florida themed gift,wine glass charms,wine glass charm,hostess gift,wine charms,for dad,housewarming gifts,party favors",gifts for him,wine gifts,florida state,florida themed gift,wine glass charms,wine glass charm,hostess gift,wine charms,for dad,housewarming gifts,party favors,--,--
"Picnic Wine Glass Charms, Set of 8",https://www.etsy.com/listing/462662703/picnic-wine-glass-charms-hostess-gift,LifeBaubles,https://www.etsy.com/shop/LifeBaubles,18.95,0,0,0,0,0,119 Mo.,186,0,319,Home & Living,120,0,0.0,6966,"wine glass charms,wine gifts,wine glass charm,hostess gift,wine charms,retirement gift,for dad,picnic theme,wine tasting party,housewarming gifts,party favors",wine glass charms,wine gifts,wine glass charm,hostess gift,wine charms,retirement gift,for dad,picnic theme,wine tasting party,housewarming gifts,party favors,--,--
"Oregon Wine Glass Charms, Hostess Gift Ideas, Cocktail Party Accessories, Portland Themed Gift",https://www.etsy.com/listing/671255782/oregon-wine-glass-charms-hostess-gift,LifeBaubles,https://www.etsy.com/shop/LifeBaubles,18.95,0,0,0,33,5,87 Mo.,34,0,961,Home & Living,120,0,3.43,6966,"oregon state,oregon wine charms,hostess gift,wine gifts,portland souvenir,portland themed,oregon themed gift,oregon souvenir,oregon gift,wine glass charm,wine charms,housewarming gifts,party favors",oregon state,oregon wine charms,hostess gift,wine gifts,portland souvenir,portland themed,oregon themed gift,oregon souvenir,oregon gift,wine glass charm,wine charms,housewarming gifts,party favors
"London Wine Glass Charms, London Themed Hostess Gift, Host Gift, British Themed Gift, Wine Lover Gift, Wine Gift",https://www.etsy.com/listing/567531887/london-wine-glass-charms-london-themed,LifeBaubles,https://www.etsy.com/shop/LifeBaubles,18.95,0,0,0,40,6,103 Mo.,52,0,1111,Home & Living,120,0,3.6,6966,"gifts for him,london themed gift,british themed gift,london wine charm,london charm,wine glass charm,hostess gift,wine charms,cocktail party ideas,mothers day gift,housewarming gifts,party favors",gifts for him,london themed gift,british themed gift,london wine charm,london charm,wine glass charm,hostess gift,wine charms,cocktail party ideas,mothers day gift,housewarming gifts,party favors,--
"Australia Wine Glass Charms, Austrailian Themed Gift, Hostess Gift",https://www.etsy.com/listing/722112422/australia-wine-glass-charms-austrailian,LifeBaubles,https://www.etsy.com/shop/LifeBaubles,18.95,0,0,0,26,4,80 Mo.,17,0,466,Home & Living,120,0,5.58,6966,"wine gifts,australian souvenir,australia souvenir,australian charms,australia gift,australia themed,australian themed,australia wine charm,wine glass charms,hostess gift,wine charms,party gift,housewarming gifts",wine gifts,australian souvenir,australia souvenir,australian charms,australia gift,australia themed,australian themed,australia wine charm,wine glass charms,hostess gift,wine charms,party gift,housewarming gifts
Montana Wine Glass Charms,https://www.etsy.com/listing/650086213/montana-wine-glass-charms-hostess-gift,LifeBaubles,https://www.etsy.com/shop/LifeBaubles,18.95,0,0,0,40,6,91 Mo.,37,0,769,Home & Living,120,0,5.2,6966,"hostess gift,wine gifts,western themed gift,montana state,montana gift,montana theme,montana souvenir,hostess gift ideas,wine glass charms,wine charms,wine glass marker,housewarming gifts,party favors",hostess gift,wine gifts,western themed gift,montana state,montana gift,montana theme,montana souvenir,hostess gift ideas,wine glass charms,wine charms,wine glass marker,housewarming gifts,party favors
"Las Vegas Wine Glass Charms, Nevada Wine Glass Charms, Nevada State Themed Gift, Las Vegas Themed Gift, Wine Gift",https://www.etsy.com/listing/809956210/las-vegas-wine-glass-charms-nevada-wine,LifeBaubles,https://www.etsy.com/shop/LifeBaubles,18.95,0,0,0,20,3,71 Mo.,10,0,212,Home & Living,120,0,9.43,6966,"wine gifts,nevada themed,las vegas gift,nevada gift,nevada state,retirement gift,hostess gift,wine charms,las vegas themed,wine glass charms,las vegas souvenir,housewarming gifts,party favors",wine gifts,nevada themed,las vegas gift,nevada gift,nevada state,retirement gift,hostess gift,wine charms,las vegas themed,wine glass charms,las vegas souvenir,housewarming gifts,party favors
"North Dakota Wine Glass Charms, Hostess Gift, North Dakota Themed Gift, Wine Lover Gift, Wine Gift",https://www.etsy.com/listing/1269848980/north-dakota-wine-glass-charms-hostess,LifeBaubles,https://www.etsy.com/shop/LifeBaubles,18.95,0,0,0,0,0,45 Mo.,3,0,52,Home & Living,120,0,0.0,6966,"dakota souvenir,north dakota state,north dakota themed,north dakota gift,drink marker,wine gifts,hostess gift ideas,wine glass charms,wine glass charm,hostess gift,wine charms,housewarming gifts,party favors",dakota souvenir,north dakota state,north dakota themed,north dakota gift,drink marker,wine gifts,hostess gift ideas,wine glass charms,wine glass charm,hostess gift,wine charms,housewarming gifts,party favors
"Treble Clef Stemless Wine Glasses, Etched Stemless wine glass, music lovers gift,",https://www.etsy.com/listing/1094979023/treble-clef-stemless-wine-glasses-etched,TheLittlePumpHouse,https://www.etsy.com/shop/TheLittlePumpHouse,17.58,0,0,0,20,3,46 Mo.,26,0,869,Home & Living,98,0,2.3,1935,"mothers day gift,housewarming gift,wine gift,gift for music lover,treble clef gifts,treble clef,decorated glass,music themed gift,music gift,double clef,wine glass,stemless wine glass,etched glass",mothers day gift,housewarming gift,wine gift,gift for music lover,treble clef gifts,treble clef,decorated glass,music themed gift,music gift,double clef,wine glass,stemless wine glass,etched glass
"Sea Glass Stemless x 4, Coastal Gift, Beach House Decor, Ocean Resin Gin Glass, Unique Wedding Gift",https://www.etsy.com/listing/4498824558/sea-glass-stemless-x-4-coastal-gift,PebbleandPourStudio,https://www.etsy.com/shop/PebbleandPourStudio,33.33,0,0,0,0,0,1 Mo.,0,0,3,Home & Living,75,0,0.0,112,"sea glass wine glass,coastal wine glass,beach house decor,ocean themed glass,resin wine glass,coastal gift,beach lover gift,ocean gift idea,unique wine glass,handmade wine glass,seaside home decor,wedding gift idea,housewarming gift",sea glass wine glass,coastal wine glass,beach house decor,ocean themed glass,resin wine glass,coastal gift,beach lover gift,ocean gift idea,unique wine glass,handmade wine glass,seaside home decor,wedding gift idea,housewarming gift
"Wine Design Flour Sack Towel, Cotton Kitchen Decor",https://www.etsy.com/listing/1106506832/wine-design-flour-sack-towel-cotton,DragonflyManorDesign,https://www.etsy.com/shop/DragonflyManorDesign,16.00,0,0,0,0,0,54 Mo.,0,0,13,Home & Living,73,0,0.0,66,"wine design towels,kitchen towels,funny wine towels,wine theme towels,wine flour sack,kitchen decor,wine gift,wine birthday gift,housewarming gift,hostess gift,wedding gift,bridal shower gift,wine tea towels",wine design towels,kitchen towels,funny wine towels,wine theme towels,wine flour sack,kitchen decor,wine gift,wine birthday gift,housewarming gift,hostess gift,wedding gift,bridal shower gift,wine tea towels
Cloth wine bottle gift bag  festive table decoration,https://www.etsy.com/listing/255149337/cloth-wine-bottle-gift-bag-festive-table,StitchWitchWorks,https://www.etsy.com/shop/StitchWitchWorks,6.95,0,0,0,0,0,126 Mo.,0,0,40,Paper & Party Supplies,126,0,0.0,441,"all occasion,gift bag,wine bottle bag,table centerpiece,plaid wrap,hostess gift,housewarming gift,farm table decor,country theme,party table decor,wine bottle cover,reusable recycle,eco friendly",all occasion,gift bag,wine bottle bag,table centerpiece,plaid wrap,hostess gift,housewarming gift,farm table decor,country theme,party table decor,wine bottle cover,reusable recycle,eco friendly
"Cowboy in the Desert Scene Glasses | Personalized etched glassware for beer, whiskey, wine & cocktails. Western Ranch, Southwestern Decor.",https://www.etsy.com/listing/1658955746/cowboy-in-the-desert-scene-glasses,BenoitsDesignCo,https://www.etsy.com/shop/BenoitsDesignCo,20.00,0,0,0,7,1,28 Mo.,14,0,261,Home & Living,126,0,2.68,55564,"cocktail glasses,barware set,gifts for him,gifts for her,personalized gifts,wine glasses,whiskey glasses,beer glasses,housewarming gift,southwestern glasses,country ranch decor,western theme glass,cowboy ranch glasses",cocktail glasses,barware set,gifts for him,gifts for her,personalized gifts,wine glasses,whiskey glasses,beer glasses,housewarming gift,southwestern glasses,country ranch decor,western theme glass,cowboy ranch glasses
"Seahorse Stemless Wine Glass - Handmade Beach Theme Gift, 20 oz",https://www.etsy.com/listing/4304953912/seahorse-stemless-wine-glass-handmade,designsbydenicemarie,https://www.etsy.com/shop/designsbydenicemarie,29.95,0,0,0,0,0,12 Mo.,0,0,19,Home & Living,14,0,0.0,19,"custom wine glass,seahorse wine glass,beach decor,wine glass,nautical gift,beach wedding,coastal decor,mandala art,beach theme gift,coastal living,hand crafted glass,ocean lover,housewarming gift",custom wine glass,seahorse wine glass,beach decor,wine glass,nautical gift,beach wedding,coastal decor,mandala art,beach theme gift,coastal living,hand crafted glass,ocean lover,housewarming gift
"Handcrafted Seashell  Wine Glass,Coastal Beach Ocean Drinkware,Nautical Housewarming Hostess Gift, Handmade Coastal Themed Drinking Glass.",https://www.etsy.com/listing/4488325660/handcrafted-seashell-wine-glasscoastal,AnongrakTidthong,https://www.etsy.com/shop/AnongrakTidthong,162.47,0,0,0,0,0,1 Mo.,0,0,0,Pet Supplies,5,0,0.0,0,"real seashell glass,handcrafted wine cup,beach wedding decor,nautical barware,conch shell cup,bridesmaid gift idea,unique hostess gift,ocean themed gift,coastal home decor,shell drinkware,mermaid birthday gift,boho table setting,nature inspired decor",real seashell glass,handcrafted wine cup,beach wedding decor,nautical barware,conch shell cup,bridesmaid gift idea,unique hostess gift,ocean themed gift,coastal home decor,shell drinkware,mermaid birthday gift,boho table setting,nature inspired decor
Wine Bottles and Glasses Candle | Amber Jar with Matches and Wick Trimmer,https://www.etsy.com/listing/4501141441/wine-bottles-and-glasses-candle-amber,Maresfloormats,https://www.etsy.com/shop/Maresfloormats,39.00,0,0,0,0,0,1 Mo.,0,0,4,Home & Living,69,0,0.0,1400,"scented candle,candle set,amber jar,home candle,wine theme,relaxing gift,spa candle,black wick trimmer,match jar,cozy decor,housewarming gift,birthday candle,romantic gift",scented candle,candle set,amber jar,home candle,wine theme,relaxing gift,spa candle,black wick trimmer,match jar,cozy decor,housewarming gift,birthday candle,romantic gift
Wine Tuscany Table Runner: Elegant Kitchen & Dining Decor,https://www.etsy.com/listing/1874023715/wine-tuscany-table-runner-elegant,Maresfloormats,https://www.etsy.com/shop/Maresfloormats,74.00,0,0,0,0,0,15 Mo.,0,0,64,Home & Living,69,0,0.0,1400,"wine tuscany,table decor,polyester runner,kitchen accessory,home decor,dining room,italian theme,gift for hostess,housewarming present,dinner party,wine table decor,wine table runner",wine tuscany,table decor,polyester runner,kitchen accessory,home decor,dining room,italian theme,gift for hostess,housewarming present,dinner party,wine table decor,wine table runner,--
Hope You Brought Wine Doormat | Printed Funny Wine Welcome Mat,https://www.etsy.com/listing/4446410044/hope-you-brought-wine-doormat-printed,GroundLevelStudio,https://www.etsy.com/shop/GroundLevelStudio,38.33,0,0,0,0,0,4 Mo.,0,0,0,Home & Living,4,0,0.0,0,"doormat wine,wine doormat,funny wine mat,welcome wine sign,wine lover mat,humorous doormat,housewarming gift,hostess doormat,wine party mat,wine themed mat,cute doormat wine,entryway wine mat,drink wine mat",doormat wine,wine doormat,funny wine mat,welcome wine sign,wine lover mat,humorous doormat,housewarming gift,hostess doormat,wine party mat,wine themed mat,cute doormat wine,entryway wine mat,drink wine mat
"Hostess gift for women, alcohol themed gifts, funny dishtowels, wine themed gifts, dirty martini, gifts for wine lover, gift friend, punny",https://www.etsy.com/listing/1792567080/hostess-gift-for-women-alcohol-themed,KitchenGiftCo,https://www.etsy.com/shop/KitchenGiftCo,23.98,0,0,0,0,0,19 Mo.,1,0,9,Home & Living,21,0,0.0,1323,"alcohol themed gifts,funny dishtowels,wine themed gifts,dirty martini,gifts for wine lover,gift friend,punny gift,hostess gift,for women,tea towel,kitchen towels,house warming gifts,cooking gifts",alcohol themed gifts,funny dishtowels,wine themed gifts,dirty martini,gifts for wine lover,gift friend,punny gift,hostess gift,for women,tea towel,kitchen towels,house warming gifts,cooking gifts
"Reversible Fabric Coasters (Set of 4), Wine & Floral Theme",https://www.etsy.com/listing/1504601860/reversible-fabric-coasters-set-of-4-wine,Lolatopia,https://www.etsy.com/shop/Lolatopia,10.00,0,0,0,0,0,34 Mo.,0,0,32,Home & Living,161,0,0.0,5755,"reversible coasters,fabric coasters,coasters,mug rugs,home decor,home accessories,gifts,housewarming gifts,reversible,wine theme,bird theme,aqua flowers,coaster sets",reversible coasters,fabric coasters,coasters,mug rugs,home decor,home accessories,gifts,housewarming gifts,reversible,wine theme,bird theme,aqua flowers,coaster sets
Original Still Life Painting: Wine & Glasses Kitchen Art,https://www.etsy.com/listing/4313904743/original-still-life-painting-wine,MoodDrinksArt,https://www.etsy.com/shop/MoodDrinksArt,75.45,0,0,0,0,0,11 Mo.,6,0,431,Art & Collectibles,13,0,0.0,2,"abstract bottle art,small dining artwork,shelf display art,party host wall gift,square canvas decor,pink background deco,wine wall art,gift for wine lover,housewarming gift,miniature wall art,vino painting,bar wall art,wine theme art",abstract bottle art,small dining artwork,shelf display art,party host wall gift,square canvas decor,pink background deco,wine wall art,gift for wine lover,housewarming gift,miniature wall art,vino painting,bar wall art,wine theme art
Hello Summer/LED Cork Light Wine Bottle Light/Decorated Wine Bottle/Farmhouse Country Decor/Kitchen Sunroom Decor/Garden Daisy Bees/,https://www.etsy.com/listing/4309807702/hello-summerled-cork-light-wine-bottle,UNcorkedUPcycled,https://www.etsy.com/shop/UNcorkedUPcycled,28.00,0,0,0,0,0,12 Mo.,5,0,53,,115,0,0.0,573,"vinyl decals,fairy lights,painted wine bottle,bumble bee,nightlight,wine bar,housewarming gift,wine themed,unique gift,frosted glass,upcycled wine bottle",vinyl decals,fairy lights,painted wine bottle,bumble bee,nightlight,wine bar,housewarming gift,wine themed,unique gift,frosted glass,upcycled wine bottle,--,--
"Wine Lover Canvas Print – Expressive Woman Wall Art, Kitchen or Dining Room Decor",https://www.etsy.com/listing/1886534918/abstract-wine-art-canvas-modern-kitchen,GiftByArtDesign,https://www.etsy.com/shop/GiftByArtDesign,56.92,0,0,0,0,0,13 Mo.,1,0,26,Art & Collectibles,13,0,0.0,7,"abstract wine art,modern wine canvas,kitchen wall decor,wine lover gift,dining room decor,home bar decor,pink wall art,abstract face art,modern kitchen art,housewarming gift,wine themed art,contemporary canvas,colorful wall art",abstract wine art,modern wine canvas,kitchen wall decor,wine lover gift,dining room decor,home bar decor,pink wall art,abstract face art,modern kitchen art,housewarming gift,wine themed art,contemporary canvas,colorful wall art
Pastel Tea Time Themed Wine Glass Charms | Party Favors | Hostess Gifts | Sip-and-See | Mother&#39;s Day Brunch | Baby Shower | Housewarming,https://www.etsy.com/listing/1554450675/pastel-tea-time-themed-wine-glass-charms,MUbyeDESIGN2022,https://www.etsy.com/shop/MUbyeDESIGN2022,10.00,0,0,0,0,0,33 Mo.,0,0,27,Home & Living,46,0,0.0,50,"baby shower,gifts,favors,party favors,hostess gifts,pink,wine glass charms,unique gift ideas,wine markers,wine lovers,tea party",baby shower,gifts,favors,party favors,hostess gifts,pink,wine glass charms,unique gift ideas,wine markers,wine lovers,tea party,--,--
"Old fashion, Steampunk, Wine Glass charms, Vintage Decor, Table Decor, Affordable Gift, Stocking Stuffer",https://www.etsy.com/listing/274534438/old-fashion-steampunk-wine-glass-charms,CharmsAndTreasure,https://www.etsy.com/shop/CharmsAndTreasure,10.00,0,0,0,0,0,122 Mo.,5,0,23,Home & Living,129,0,0.0,599,"decoration decor,theme table scape,toasting speech,drink markers idea,goblet vineyard cup,steampunk theme,hostess party idea,housewarming gift,wine glass charms,white elephant gift,stocking stuffer,affordable gift",decoration decor,theme table scape,toasting speech,drink markers idea,goblet vineyard cup,steampunk theme,hostess party idea,housewarming gift,wine glass charms,white elephant gift,stocking stuffer,affordable gift,--
"Tropical Fruit Wine Glass Charms: Summer Drink Markers, Set of 4",https://www.etsy.com/listing/1253364151/tropical-fruit-wine-glass-charms-summer,CharmsAndTreasure,https://www.etsy.com/shop/CharmsAndTreasure,8.00,0,0,0,0,0,47 Mo.,4,0,24,Home & Living,129,0,0.0,599,"tropical fruit,themed party favor,hostess basket,present for realtor,house warming gift,vacation celebration,goblet dinner decor,identification id,wine glass stem,club organization,company party,champagne flute",tropical fruit,themed party favor,hostess basket,present for realtor,house warming gift,vacation celebration,goblet dinner decor,identification id,wine glass stem,club organization,company party,champagne flute,--
Valentine Door Decorations | Valentine Themed Items | Grandparents Doormat | Holiday Hosting Decor | Host Gift | Unique Housewarming Gifts,https://www.etsy.com/listing/1853270941/valentine-door-decorations-valentine,DesignSpinns,https://www.etsy.com/shop/DesignSpinns,54.99,0,0,0,0,0,16 Mo.,0,0,0,Home & Living,33,0,0.0,3,"grandparents doormat,outdoor hosting,hosting decor,holiday hosting,host gift,modern doormat,valentine theme item,valentine door decor,door decorations,unique housewarming,funny wine gift,unique wine gift,wine lover",grandparents doormat,outdoor hosting,hosting decor,holiday hosting,host gift,modern doormat,valentine theme item,valentine door decor,door decorations,unique housewarming,funny wine gift,unique wine gift,wine lover
Champagne Bottle Pattern Sherpa Blanket | bubbly champagne bottles design,https://www.etsy.com/listing/4475548054/champagne-bottle-pattern-sherpa-blanket,MACcoStudio,https://www.etsy.com/shop/MACcoStudio,41.99,0,0,0,0,0,2 Mo.,0,0,1,Home & Living,4,0,0.0,97,"sherpa blanket,cozy throw,champagne decor,wine lover gift,sparkling wine,luxury blanket,drink themed,living room throw,brunch decor,girls night gift,housewarming,birthday present,picnic blanket",sherpa blanket,cozy throw,champagne decor,wine lover gift,sparkling wine,luxury blanket,drink themed,living room throw,brunch decor,girls night gift,housewarming,birthday present,picnic blanket
"Hand-Painted Wine Glass, Custom Fall Season Glasses, Summer Autumn Decor, Folk Art Painted Glassware, Wine Lovers Gift",https://www.etsy.com/listing/4303428697/hand-painted-wine-glass-custom-fall,UAmaze,https://www.etsy.com/shop/UAmaze,90.00,0,0,0,0,0,12 Mo.,1,0,77,Home & Living,109,0,0.0,10247,"unique gift,hand painted glass,wine glass set,wine lover gifte,cottagecore glasses,handmade decorated,wine glasses,artistic wine glass,custom wine glass,housewarming gift,summer themed art,sunflowers painted,fall home decor",unique gift,hand painted glass,wine glass set,wine lover gifte,cottagecore glasses,handmade decorated,wine glasses,artistic wine glass,custom wine glass,housewarming gift,summer themed art,sunflowers painted,fall home decor
"Halloween coasters, poison spider skull fabric coaster, set of 4 drink coasters",https://www.etsy.com/listing/1318337759/halloween-coasters-poison-spider-skull,SeaminglyCrazy,https://www.etsy.com/shop/SeaminglyCrazy,26.00,0,0,0,0,0,43 Mo.,5,0,26,Home & Living,82,0,0.0,416,"housewarming gift,halloween all year,decorative handmade,creepy home decor,wine bar beer drink,reusable durable,poison tonic theme,everyday horror,set of 4,grey orange black,spider skull coaster,coasters matching,spooky vinyl fabric",housewarming gift,halloween all year,decorative handmade,creepy home decor,wine bar beer drink,reusable durable,poison tonic theme,everyday horror,set of 4,grey orange black,spider skull coaster,coasters matching,spooky vinyl fabric
"Funny Wine Lovers, Coaster Set 4pcs, Everything Happen for a Riesling, Bar Gift, Housewarming, Cork Backed",https://www.etsy.com/listing/1662987528/funny-wine-lovers-coaster-set-4pcs,ReCorkedCreationsOG,https://www.etsy.com/shop/ReCorkedCreationsOG,18.99,0,0,0,0,0,27 Mo.,0,0,17,Home & Living,160,0,0.0,78,"set of 4 coasters,cork backed coasters,wine themed,drinking humor,housewarming gift,funny wine quote,white coasters,wine graphics,barware,home decor,kitchen,coasters",set of 4 coasters,cork backed coasters,wine themed,drinking humor,housewarming gift,funny wine quote,white coasters,wine graphics,barware,home decor,kitchen,coasters,--
"Quirky Wine Pouring Print, Abstract Pink Green Wall Art, Funny Say When Poster for Kitchen Bar Cart Decor, Wine Lover Gift Maximalist Home",https://www.etsy.com/listing/4490658896/quirky-wine-pouring-print-abstract-pink,ItalyIcon,https://www.etsy.com/shop/ItalyIcon,46.56,0,0,0,0,0,1 Mo.,1,0,32,Art & Collectibles,1,0,0.0,11,"contemporary art,dining room art,bar cart art print,kitchen art print,eclectic wall art,statement wall art,pink art print,home bar decor,wine enthusiast,wine drinker gift,hostess gift idea,housewarming gift,wine themed art",contemporary art,dining room art,bar cart art print,kitchen art print,eclectic wall art,statement wall art,pink art print,home bar decor,wine enthusiast,wine drinker gift,hostess gift idea,housewarming gift,wine themed art
Laser Engraved Wine Cork Coasters: Funny Sarcastic Bar Accessory,https://www.etsy.com/listing/1489930797/laser-engraved-wine-cork-coasters-funny,B4homemade,https://www.etsy.com/shop/B4homemade,18.50,0,0,0,0,0,36 Mo.,3,0,47,Home & Living,47,0,0.0,495,"wine theme,round cork coaster,engraved coasters,peace love wine,home bar,bar accessory,hostess gift,gift for mom,housewarming gift,funny wine sayings,drink coaster,party favor,laser engraved",wine theme,round cork coaster,engraved coasters,peace love wine,home bar,bar accessory,hostess gift,gift for mom,housewarming gift,funny wine sayings,drink coaster,party favor,laser engraved
"Cat Trio Wine Glass Cutting Board, Kitchen Decor, Cat Lover Gift, Glass Serving Platter, Housewarming Present, Cute Kitchen Accessories",https://www.etsy.com/listing/1838776630/cat-trio-wine-glass-cutting-board,Outstandinggifting,https://www.etsy.com/shop/Outstandinggifting,25.00,0,0,0,5,1,16 Mo.,10,0,484,Home & Living,18,0,1.03,80,"cat lover,kitchen decor,cat mom gift,unique gift idea,housewarming present,cute cats,kitchen essentials,foodie gift,mother's day gift,glass cutting board,wine enthusiast,cat theme,bar accessory",cat lover,kitchen decor,cat mom gift,unique gift idea,housewarming present,cute cats,kitchen essentials,foodie gift,mother's day gift,glass cutting board,wine enthusiast,cat theme,bar accessory
"Wine Glass Monstera Plant Design for New Home Gift, 11.75oz Tropical Wine Glass",https://www.etsy.com/listing/1518909032/wine-glass-monstera-plant-design-for-new,DailyGoodsDesign,https://www.etsy.com/shop/DailyGoodsDesign,11.00,0,0,0,0,0,34 Mo.,0,0,37,Craft Supplies & Tools,76,0,0.0,112,"party favor,tropical theme glass,picnic basket glass,gift for couple,gift for her,housewarming present,beach theme decor,wine lover,motivational quote,vacation mode,cute wine glass,mom glass,decorative glass",party favor,tropical theme glass,picnic basket glass,gift for couple,gift for her,housewarming present,beach theme decor,wine lover,motivational quote,vacation mode,cute wine glass,mom glass,decorative glass
Red White Blue Wine Glasses Tea Towel | Funny  Patriotic Kitchen,https://www.etsy.com/listing/4448383303/red-white-blue-wine-glasses-tea-towel,ThirstyDawg,https://www.etsy.com/shop/ThirstyDawg,17.99,0,0,0,0,0,4 Mo.,0,0,2,Home & Living,11,0,0.0,442,"tea towel,wine towel,kitchen towel,dish towel,wine lover,wine glasses,hostess gift,housewarming,bar cart decor,kitchen decor,cotton towel,funny kitchen,drink themed",tea towel,wine towel,kitchen towel,dish towel,wine lover,wine glasses,hostess gift,housewarming,bar cart decor,kitchen decor,cotton towel,funny kitchen,drink themed
"Four Seasons Wine Glass Set, Hand Painted Artistic Wine Glasses, Season themed Decor, Folk Art Painted Glassware, Wine Lovers Gift",https://www.etsy.com/listing/1866424680/four-seasons-wine-glass-set-hand-painted,UAmaze,https://www.etsy.com/shop/UAmaze,48.00,0,0,0,2,1,15 Mo.,47,0,1718,Home & Living,109,39,0.12,10247,"unique gift,hand painted glass,wine glass set,wine lover gifte,folkful art,folk art paints,cottagecore glasses,handmade decorated,wine glasses,artistic wine glass,custom wine glass,housewarming gift,four seasons themed",unique gift,hand painted glass,wine glass set,wine lover gifte,folkful art,folk art paints,cottagecore glasses,handmade decorated,wine glasses,artistic wine glass,custom wine glass,housewarming gift,four seasons themed
Summertime Spiral Wreath,https://www.etsy.com/listing/1044321527/summertime-spiral-wreath,TheCorkyDecorShop,https://www.etsy.com/shop/TheCorkyDecorShop,125.00,0,0,0,0,0,59 Mo.,0,0,75,Home & Living,115,0,0.0,315,"country rustic,wine cork wreath,gift for wine lovers,wine themed gifts,house warming gift,all year round decor,wine wreath,ready to ship,cork wreath,door wine wreath,patriotic wreath,wreath w lights,large wreath",country rustic,wine cork wreath,gift for wine lovers,wine themed gifts,house warming gift,all year round decor,wine wreath,ready to ship,cork wreath,door wine wreath,patriotic wreath,wreath w lights,large wreath
Ceramic Coaster - Wine Bottles,https://www.etsy.com/listing/1615077502/ceramic-coaster-wine-bottles,TheTangledPath,https://www.etsy.com/shop/TheTangledPath,10.00,0,0,0,6,1,29 Mo.,0,0,25,Home & Living,165,0,24.0,4756,"ceramic coaster,drinkware,housewarming gift,barware,wine,wine theme,wine gifts,gifts for wine lover,wine bottles,wine tasting,wine glass coasters,wedding gifts,wine tasting party",ceramic coaster,drinkware,housewarming gift,barware,wine,wine theme,wine gifts,gifts for wine lover,wine bottles,wine tasting,wine glass coasters,wedding gifts,wine tasting party
"Digital design, 2 glass wine caddy png, oval wine caddy, sublimation design, fall decor, house  warming gift, wine bottle caddy, fall themed",https://www.etsy.com/listing/1037342080/digital-design-2-glass-wine-caddy-png,PixelandInkDesigns,https://www.etsy.com/shop/PixelandInkDesigns,3.00,0,0,0,0,0,40 Mo.,11,0,97,Craft Supplies & Tools,62,0,0.0,2514,"digital design,wine caddy,oval caddy,wine inspired,2 glass caddy design,kitchen decor,wedding ideas,fall inspired caddy,wine bottle caddy,oval wine caddy,sublimation design,fall decor,house  warming gift",digital design,wine caddy,oval caddy,wine inspired,2 glass caddy design,kitchen decor,wedding ideas,fall inspired caddy,wine bottle caddy,oval wine caddy,sublimation design,fall decor,house  warming gift
A great comforter for yourself or a gift maybe a wedding gift. Lover of Tuscany for a new bed spread. Buy now or add to cart,https://www.etsy.com/listing/1741785521/a-great-comforter-for-yourself-or-a-gift,SimpleSunnyLife,https://www.etsy.com/shop/SimpleSunnyLife,177.28,0,0,0,0,0,11 Mo.,0,0,5,Home & Living,12,0,0.0,213,"rustic themed,italy themed,italy lovers,tuscany,tuscany themed,mediterranean themed,comforters,bedding,housewarming gift,italia,bella,wine lovers,wine themed",rustic themed,italy themed,italy lovers,tuscany,tuscany themed,mediterranean themed,comforters,bedding,housewarming gift,italia,bella,wine lovers,wine themed
Fabric Bowl Cozies - Wine Bottles and Cork - Set of two,https://www.etsy.com/listing/1755551375/fabric-bowl-cozies-wine-bottles-and-cork,GretasHandmadeGifts,https://www.etsy.com/shop/GretasHandmadeGifts,20.00,0,0,0,0,0,10 Mo.,0,0,15,,160,0,0.0,5039,"bowl cozies,kitchen tools,soup gumbo ice cream,housewarming gift,college dorm,cottage decor,microwavable,home decor,holiday gift,set of two,christmas gift,wine cork theme,red wine",bowl cozies,kitchen tools,soup gumbo ice cream,housewarming gift,college dorm,cottage decor,microwavable,home decor,holiday gift,set of two,christmas gift,wine cork theme,red wine
"Laser engraved bee and wreath wine glass, Bee gift, 16 oz",https://www.etsy.com/listing/1040119410/laser-engraved-bee-and-wreath-wine-glass,ElysianAtmosphereLLC,https://www.etsy.com/shop/ElysianAtmosphereLLC,20.00,0,0,0,0,0,55 Mo.,2,0,120,Home & Living,55,0,0.0,343,"bee wine glass,bee theme decor,bee wedding,farmhouse bar decor,country wedding,unique wine glass,honey bee glass,nature decor,laser engraved,gardener gift,bee gift,engraved bee,housewarming gift",bee wine glass,bee theme decor,bee wedding,farmhouse bar decor,country wedding,unique wine glass,honey bee glass,nature decor,laser engraved,gardener gift,bee gift,engraved bee,housewarming gift
Cloth wine bottle gift bag  festive table decoration,https://www.etsy.com/listing/262377734/cloth-wine-bottle-gift-bag-festive-table,StitchWitchWorks,https://www.etsy.com/shop/StitchWitchWorks,6.95,0,0,0,0,0,124 Mo.,1,0,103,Paper & Party Supplies,126,0,0.0,441,"gift wrap,wine bottle cover,decoration,wine bottle bag,party decoration,table centerpiece,house warming gift,hostess gift,blue wine bag,leaf theme table,reusable wine bag,reusable recycle,eco friendly",gift wrap,wine bottle cover,decoration,wine bottle bag,party decoration,table centerpiece,house warming gift,hostess gift,blue wine bag,leaf theme table,reusable wine bag,reusable recycle,eco friendly
Cloth wine bottle gift bag  festive table decoration,https://www.etsy.com/listing/262383534/cloth-wine-bottle-gift-bag-festive-table,StitchWitchWorks,https://www.etsy.com/shop/StitchWitchWorks,6.95,0,0,0,0,0,124 Mo.,3,0,70,Paper & Party Supplies,126,0,0.0,441,"gift wrap,wine bottle cover,flower,wine bottle bag,party decoration,table centerpiece,housewarming gift,hostess gift,floral wine bag,grape wine bag,vineyard theme decor,reusable recycle,eco friendly",gift wrap,wine bottle cover,flower,wine bottle bag,party decoration,table centerpiece,housewarming gift,hostess gift,floral wine bag,grape wine bag,vineyard theme decor,reusable recycle,eco friendly
Every Sip Is Cat Approved Personalized Coaster - Perfect Gift For Cat and Wine Lovers - Customizable Square Slate Drink Coaster,https://www.etsy.com/listing/1874190913/every-sip-is-cat-approved-personalized,PertsLaserWorks,https://www.etsy.com/shop/PertsLaserWorks,7.99,0,0,0,0,0,15 Mo.,1,0,3,Home & Living,15,0,0.0,121,"gift for her,present for him,home bar decor,laser engraved,gifts for sister,custom barware,cute unique coaster,customizable idea,cat themed desk,wine and pet lover,funny cat dad,housewarming gift,cat mom lady",gift for her,present for him,home bar decor,laser engraved,gifts for sister,custom barware,cute unique coaster,customizable idea,cat themed desk,wine and pet lover,funny cat dad,housewarming gift,cat mom lady
"Personalized Tuscany Vineyard Glass Cutting Board, Italian Decor",https://www.etsy.com/listing/4308081717/personalized-tuscany-vineyard-glass,AnnikaGifts,https://www.etsy.com/shop/AnnikaGifts,78.42,0,0,0,0,0,12 Mo.,1,0,50,Home & Living,16,0,0.0,6,"wine lover gift,rustic kitchen gift,housewarming present,cheese board glass,italy themed kitchen,grape decor,wine gift idea,vineyard decor,personalized board,tuscany decor,vineyard board,custom name board,italy kitchen board",wine lover gift,rustic kitchen gift,housewarming present,cheese board glass,italy themed kitchen,grape decor,wine gift idea,vineyard decor,personalized board,tuscany decor,vineyard board,custom name board,italy kitchen board
Strawberry themed wine bottle stopper & opener set,https://www.etsy.com/listing/4364910229/strawberry-themed-wine-bottle-stopper,CharmsAndTreasure,https://www.etsy.com/shop/CharmsAndTreasure,20.00,0,0,0,0,0,8 Mo.,0,0,3,Home & Living,129,0,0.0,599,"wine bottle topper,house warming gift,realestate present,birthday anniversary,party theme,champagne lid,cork replacement,opened drink,contain freshness,screw opener,fresh seal stopper,strawberry red,summer fruit",wine bottle topper,house warming gift,realestate present,birthday anniversary,party theme,champagne lid,cork replacement,opened drink,contain freshness,screw opener,fresh seal stopper,strawberry red,summer fruit
Flour Sack Towel - Housewarming Gift - Tea Towel - Wine Theme Towel - Kitchen Towel - Towel Set - Cute Kitchen Towel,https://www.etsy.com/listing/883436597/flour-sack-towel-housewarming-gift-tea,PersonalizeStationUS,https://www.etsy.com/shop/PersonalizeStationUS,13.99,0,0,0,0,0,62 Mo.,19,0,587,Home & Living,91,0,0.0,830,"kitchen towel,wine towel,flour sack towel,tea towel,absorbent towel,lovely towel,towel,oven towel,white wine,christmas gift,towel set,housewarming gift,funny towel",kitchen towel,wine towel,flour sack towel,tea towel,absorbent towel,lovely towel,towel,oven towel,white wine,christmas gift,towel set,housewarming gift,funny towel
Western Silver Bottle Themed Wine Charms with crystal beading embelishments,https://www.etsy.com/listing/4318584702/western-silver-bottle-themed-wine-charms,BasilSageArtisan,https://www.etsy.com/shop/BasilSageArtisan,25.00,0,0,0,0,0,11 Mo.,1,0,21,Home & Living,53,0,0.0,224,"western theme charm,southwestern charms,western wine charm,rodeo wine charm,steer wine charm,housewarming gift,gift for friend,gift for wine lover,wine accessory,gift for neighbor,gift for coworker,gift for artist,sunflower charm",western theme charm,southwestern charms,western wine charm,rodeo wine charm,steer wine charm,housewarming gift,gift for friend,gift for wine lover,wine accessory,gift for neighbor,gift for coworker,gift for artist,sunflower charm
"Champagne Problems Wine Glass, Swift Drink Themed, Stemless Wine Glass with Swift Lyrics, Gift Housewarming Engagement Wedding",https://www.etsy.com/listing/1545525437/champagne-problems-wine-glass-swift,AugustandArcher,https://www.etsy.com/shop/AugustandArcher,19.99,0,0,0,22,3,20 Mo.,65,0,2104,Home & Living,34,39,1.05,5005,"champagne problems,stemless wine,november flush,flannel cure,champagne glass,wine gift,bff glasses,bff wine,wine glass,swift,housewarming,wedding,friend gift",champagne problems,stemless wine,november flush,flannel cure,champagne glass,wine gift,bff glasses,bff wine,wine glass,swift,housewarming,wedding,friend gift
"wine bar art, personalized print, wine lover, romantic art, rustic winery, wedding gift idea, wine connoisseur, housewarming gift, Mom wine",https://www.etsy.com/listing/124910468/wine-bar-art-personalized-print-wine,IrishVikingDesigns,https://www.etsy.com/shop/IrishVikingDesigns,85.99,0,0,0,3,1,153 Mo.,54,0,288,Art & Collectibles,201,0,1.04,630,"wine room art,wine bar art,wine wedding gift,wine anniversary art,kitchen wine art,wine bar decor,home bar art,wine themed art,wine lover,rustic winery,wine connoisseur,housewarming gift,mom wine",wine room art,wine bar art,wine wedding gift,wine anniversary art,kitchen wine art,wine bar decor,home bar art,wine themed art,wine lover,rustic winery,wine connoisseur,housewarming gift,mom wine
"Sea Coral Wine Glass, Set of 2  Stemless Glasses , Hand Painted Coral, White, Red and Blue,Coastal Theme, Sea Coral Decor, 4th of July glass",https://www.etsy.com/listing/487633021/sea-coral-wine-glass-set-of-2-stemless,PKPaintedKreations,https://www.etsy.com/shop/PKPaintedKreations,52.00,0,0,0,13,4,97 Mo.,28,0,482,Home & Living,115,0,2.7,692,"drinkware,stemless glass,nautical glassware,coastal living,tropical decor,beach house,nautical theme,housewarming gift,fourth of july,pool party,beach wedding,birthday gift,painted wine glass",drinkware,stemless glass,nautical glassware,coastal living,tropical decor,beach house,nautical theme,housewarming gift,fourth of july,pool party,beach wedding,birthday gift,painted wine glass
Funny Embroidered Wine & Cheese Kitchen Towel - Bar Cart Decor,https://www.etsy.com/listing/4432202744/wine-bar-kitchen-towel-funny-cheese-and,StitchesThatSatisfy,https://www.etsy.com/shop/StitchesThatSatisfy,19.99,0,0,0,0,0,5 Mo.,0,0,2,Home & Living,43,0,0.0,772,"wine lover towel,wine kitchen towel,wine lover gift,wine humor decor,cheese lover gift,kitchen humor decor,hostess gift towel,housewarming gift,funny kitchen towel,wine bar decor,charcuterie decor,wine themed decor,bar cart towel",wine lover towel,wine kitchen towel,wine lover gift,wine humor decor,cheese lover gift,kitchen humor decor,hostess gift towel,housewarming gift,funny kitchen towel,wine bar decor,charcuterie decor,wine themed decor,bar cart towel
"Hostess gift for women, my favorite workout tea towel, alcohol themed gifts, funny dishtowels, wine themed gifts, dirty martini, margs",https://www.etsy.com/listing/1797887499/hostess-gift-for-women-my-favorite,KitchenGiftCo,https://www.etsy.com/shop/KitchenGiftCo,23.98,0,0,0,0,0,20 Mo.,5,0,47,Home & Living,21,0,0.0,1323,"alcohol themed gifts,funny dishtowels,wine themed gifts,dirty martini,margs,hostess gift,for women,my favorite workout,tea towel,gifts for wine lover,kitchen towels,house warming gift,punny gifts",alcohol themed gifts,funny dishtowels,wine themed gifts,dirty martini,margs,hostess gift,for women,my favorite workout,tea towel,gifts for wine lover,kitchen towels,house warming gift,punny gifts
Tipsy And Bright Kitchen Embroidered Hand Bath Tea Towel Set of 1 Great Gift Idea!,https://www.etsy.com/listing/1735232877/tipsy-and-bright-kitchen-embroidered,HarbourBlueXOXO,https://www.etsy.com/shop/HarbourBlueXOXO,16.00,0,0,0,0,0,24 Mo.,0,0,2,Home & Living,63,0,0.0,531,"hostess gift,chef gift,christmas gift,bridal shower gift,bachelorette gift,party favor,housewarming gift,bar towel,funny towel,mother's day gift,wine theme kitchen,kitchen towel,embroidered towel",hostess gift,chef gift,christmas gift,bridal shower gift,bachelorette gift,party favor,housewarming gift,bar towel,funny towel,mother's day gift,wine theme kitchen,kitchen towel,embroidered towel
Wine-Themed Kitchen Hand Towel: &quot;Pour Decisions&quot; Funny Decor,https://www.etsy.com/listing/4366466427/wine-themed-kitchen-hand-towel-pour,AuggiesCornerDesigns,https://www.etsy.com/shop/AuggiesCornerDesigns,17.99,0,0,0,0,0,8 Mo.,1,0,3,Home & Living,8,0,0.0,10,"funny hand towel,wine lover gift,kitchen decor,humorous towel,gift for her,housewarming gift,quirky kitchen,gag gift towel,wine theme gift,drinkware towel,novelty hand towel,comical kitchen,funny quote towel",funny hand towel,wine lover gift,kitchen decor,humorous towel,gift for her,housewarming gift,quirky kitchen,gag gift towel,wine theme gift,drinkware towel,novelty hand towel,comical kitchen,funny quote towel
"Deer Themed Wine Holder, Handmade Deer Wine Rack: Christmas Statue, Christmas Gift",https://www.etsy.com/listing/1369812603/deer-themed-wine-holder-handmade-deer,SRSdizayn,https://www.etsy.com/shop/SRSdizayn,149.00,0,0,0,0,0,41 Mo.,9,0,204,Home & Living,43,0,0.0,804,"home decor,housewarming gift,wedding gift,chrismist gift,animal figurines,authentic gift,elegant decor,wine holder,wine rack,deer themed,gift for her,new year gift,deer carriage",home decor,housewarming gift,wedding gift,chrismist gift,animal figurines,authentic gift,elegant decor,wine holder,wine rack,deer themed,gift for her,new year gift,deer carriage
"Etched Stemless Wine Glass: Beach Flip Flop Design, Summer Drinkware",https://www.etsy.com/listing/233142005/etched-stemless-wine-glass-beach-flip,StoneEffectsMD,https://www.etsy.com/shop/StoneEffectsMD,15.95,0,0,0,5,1,132 Mo.,27,0,790,Home & Living,162,0,0.63,26855,"stemless wine glass,etched wine glasses,housewarming gift,mother's day,flip flops,wine gift,beach wine glass,beach house gift,gift for her,fun wine glass,custom engraved,beach theme,wine tumbler",stemless wine glass,etched wine glasses,housewarming gift,mother's day,flip flops,wine gift,beach wine glass,beach house gift,gift for her,fun wine glass,custom engraved,beach theme,wine tumbler
"Funny Wine Coasters - Cork Drink Coasters with Wine Quotes, Gift for Wine Lovers",https://www.etsy.com/listing/4451686566/funny-wine-coasters-cork-drink-coasters,LoraCraftArt,https://www.etsy.com/shop/LoraCraftArt,4.09,0,0,0,0,0,3 Mo.,0,0,0,Home & Living,7,0,0.0,2,"wine coasters,funny wine gift,cork coasters,wine lover gift,hostess gift,housewarming gift,drink coasters,funny drink coasters,wine night decor,wine themed gift,engraved coaster,wine bar accessories,cork wine decor",wine coasters,funny wine gift,cork coasters,wine lover gift,hostess gift,housewarming gift,drink coasters,funny drink coasters,wine night decor,wine themed gift,engraved coaster,wine bar accessories,cork wine decor
"Camping Wine Charms, Nature Enthusiast Gift",https://www.etsy.com/listing/472097125/happy-camper-wine-charms-camping-wine,LifeBaubles,https://www.etsy.com/shop/LifeBaubles,18.95,0,0,0,147,22,117 Mo.,134,0,2250,Home & Living,120,0,6.53,6966,"wine gifts,camping gift,happy camper,camper gift,wine glass charm,hostess gift,wine charms,teacher gift,camping themed,fathers day gift,for dad,housewarming gifts,party favors",wine gifts,camping gift,happy camper,camper gift,wine glass charm,hostess gift,wine charms,teacher gift,camping themed,fathers day gift,for dad,housewarming gifts,party favors
Wine Themed Custom Gift Box for Housewarming Present for Newlyweds Wedding Gift box Personalized Giftbox Customized High End Gift Ideas,https://www.etsy.com/listing/1754309545/wine-themed-custom-gift-box-for,RealtorsEdge,https://www.etsy.com/shop/RealtorsEdge,46.99,0,0,0,0,0,23 Mo.,1,0,131,Home & Living,24,0,0.0,174,"realtor closing gift,gift basket ideas,custom closing gift,real estate sale,gift box for client,housewarming gift,custom branding idea,wedding gift box,newlywed wine themed,wine themed giftbox",realtor closing gift,gift basket ideas,custom closing gift,real estate sale,gift box for client,housewarming gift,custom branding idea,wedding gift box,newlywed wine themed,wine themed giftbox,--,--,--
"Cubist Wine Art Print, Abstract Bottles & Glasses, Large Canvas",https://www.etsy.com/listing/1572266631/cubist-wine-art-print-abstract-bottles,DecorArtCanvas,https://www.etsy.com/shop/DecorArtCanvas,43.00,0,0,0,0,0,32 Mo.,1,0,40,Art & Collectibles,35,0,0.0,563,"cubism bottles,wine themes,bottles glasses,canvas painting,home wall decor,wine glasses art,red wine print,cubism canvas,pastel painting,wine glass wall art,modern home decor,housewarming gift,abstract landscape",cubism bottles,wine themes,bottles glasses,canvas painting,home wall decor,wine glasses art,red wine print,cubism canvas,pastel painting,wine glass wall art,modern home decor,housewarming gift,abstract landscape
Handmade Tiki Wine Bottle Cork Stoppers – Reclaimed Wood Bar Accessories,https://www.etsy.com/listing/1804959459/handmade-tiki-wine-bottle-cork-toppers,ThePickleTreeFarm,https://www.etsy.com/shop/ThePickleTreeFarm,35.00,0,0,0,8,5,19 Mo.,23,0,218,Home & Living,53,0,3.67,98,"tiki bar utensil,themed wine stopper,cork topper bottle,beach barware,island theme party,polynesian topper,shower gift sorority,frat bachelor party,housewarming gift,handmade upcycled,mother's father's,tropical wedding",tiki bar utensil,themed wine stopper,cork topper bottle,beach barware,island theme party,polynesian topper,shower gift sorority,frat bachelor party,housewarming gift,handmade upcycled,mother's father's,tropical wedding,--
Personalized Wine Label Pillow: Spun Polyester Cushion,https://www.etsy.com/listing/1852231371/personalized-wine-label-pillow-spun,HUSHTUBBY,https://www.etsy.com/shop/HUSHTUBBY,32.95,0,0,0,6,1,16 Mo.,0,0,31,Home & Living,37,0,19.35,468,"custom pillow,personalized cushion,wine label decor,square throw pillow,spun polyester,home decor gift,unique housewarming,custom wine gift,customized cushion,gift for wine lovers,wine themed decor,unique pillow design,square accent pillow",custom pillow,personalized cushion,wine label decor,square throw pillow,spun polyester,home decor gift,unique housewarming,custom wine gift,customized cushion,gift for wine lovers,wine themed decor,unique pillow design,square accent pillow
Last Name Wooden Wine T-Cork - Standard Wooden Wine Bottle Stoppers -  Inscribed Bottle Toppers - Wine Tasting Gift  - Newlywed Housewarming,https://www.etsy.com/listing/1408243661/last-name-wooden-wine-t-cork-standard,EngravingForYou,https://www.etsy.com/shop/EngravingForYou,4.80,0,0,0,0,0,39 Mo.,0,0,18,Weddings,152,0,0.0,10355,"custom t-cork,wedding stopper,etched wine toppers,gifts for couples,winery wedding,housewarming wine,wine gift basket,wine themed decor,favors for guests,anniversary gift,wine enthusiasts,wine lover gifts,engravingforyou",custom t-cork,wedding stopper,etched wine toppers,gifts for couples,winery wedding,housewarming wine,wine gift basket,wine themed decor,favors for guests,anniversary gift,wine enthusiasts,wine lover gifts,engravingforyou
"Wine Bag, nautical themed wine bag, marine, light house, ship, recreation, gift bag, gift, cotton fabric, cloth bag, bag for wine bottle",https://www.etsy.com/listing/1311923303/wine-bag-nautical-themed-wine-bag-marine,NancyGPhotography,https://www.etsy.com/shop/NancyGPhotography,9.99,0,0,0,0,0,44 Mo.,0,0,32,Paper & Party Supplies,135,0,0.0,1896,"home decor,home accents,gift,housewarming,house warming gift,cloth wine bag,designed wine bag,fabric wine bag,winebag,wine bag gift,fabric bag,nautical theme,lighthouse pattern",home decor,home accents,gift,housewarming,house warming gift,cloth wine bag,designed wine bag,fabric wine bag,winebag,wine bag gift,fabric bag,nautical theme,lighthouse pattern
"Wine Bag, summer ice cream truck themed wine bag, recreation, gift bag, gift, cotton fabric, cloth bag, present bag for wine bottle, park",https://www.etsy.com/listing/1311920557/wine-bag-summer-ice-cream-truck-themed,NancyGPhotography,https://www.etsy.com/shop/NancyGPhotography,9.99,0,0,0,0,0,44 Mo.,0,0,21,Paper & Party Supplies,135,0,0.0,1896,"home accents,gift,housewarming,house warming gift,cloth wine bag,designed wine bag,fabric wine bag,winebag,wine bag gift,summer theme,fabric bag,ice cream truck,summer pattern park",home accents,gift,housewarming,house warming gift,cloth wine bag,designed wine bag,fabric wine bag,winebag,wine bag gift,summer theme,fabric bag,ice cream truck,summer pattern park
"Handmade Lemon Confetti Stemless Wine Glasses, Colorful Drinkware",https://www.etsy.com/listing/1709043005/handmade-lemon-confetti-stemless-wine,BubblesBarrNGifts,https://www.etsy.com/shop/BubblesBarrNGifts,32.78,0,0,0,0,0,25 Mo.,12,0,281,Home & Living,40,0,0.0,135,"stemless wine glass,ocean waves art,wine glass,unique and handmade,handmade gift,housewarming gift,gift for couple,mothers day gift,drinking glasses,anniversay gift,unique glasses,beach waves,beach theme decor",stemless wine glass,ocean waves art,wine glass,unique and handmade,handmade gift,housewarming gift,gift for couple,mothers day gift,drinking glasses,anniversay gift,unique glasses,beach waves,beach theme decor
Wine Themed Doormat for Friends | Entry Mat | Funny Welcome Mat | Housewarming Gift | Wine Lover Decor | Best Friend Gift | Wine Enthusiast,https://www.etsy.com/listing/4321652237/wine-themed-doormat-for-friends-entry,DesignsWithCK,https://www.etsy.com/shop/DesignsWithCK,30.95,0,0,0,0,0,11 Mo.,0,0,1,Home & Living,76,0,0.0,307,"funny doormat,rustic decor,home entrance,kitchen welcome,gift for host,wine lovers gift,cozy home,friendship gift,party decor,housewarming gift,personalized mat,unique welcome,decorative mat",funny doormat,rustic decor,home entrance,kitchen welcome,gift for host,wine lovers gift,cozy home,friendship gift,party decor,housewarming gift,personalized mat,unique welcome,decorative mat
Wine Glass Candle Set,https://www.etsy.com/listing/1840472736/wine-glass-candle-set,AshlinsCozyCorners,https://www.etsy.com/shop/AshlinsCozyCorners,18.00,0,0,0,0,1,16 Mo.,4,0,97,Home & Living,16,0,0.0,13,"wine glass candles,candle gift set,wine lovers gift,wine themed decor,unique candle,housewarming gift,handmade candles,wine country decor,wine bottle inspired,wine tasting party,wine enthusiast gift,home decor candles,wine inspired",wine glass candles,candle gift set,wine lovers gift,wine themed decor,unique candle,housewarming gift,handmade candles,wine country decor,wine bottle inspired,wine tasting party,wine enthusiast gift,home decor candles,wine inspired
Kitchen is the Heart of the Home/LED Cork Light Wine Bottle Light/Farmhouse Rustic Kitchen/Unique Home Gift /Twine Wrapped Bottle/New House,https://www.etsy.com/listing/1728814580/kitchen-is-the-heart-of-the-homeled-cork,UNcorkedUPcycled,https://www.etsy.com/shop/UNcorkedUPcycled,28.00,0,0,0,2,1,23 Mo.,2,0,68,,115,0,2.94,573,"vinyl decals,wine bar decor,night light,frosted paint,fairy lights bottle,housewarming gift,wine themed,home vertical sign,cute kitchen,buffalo plaid burlap,gift for mom,wide ribbon",vinyl decals,wine bar decor,night light,frosted paint,fairy lights bottle,housewarming gift,wine themed,home vertical sign,cute kitchen,buffalo plaid burlap,gift for mom,wide ribbon,--
Mid-Century Modern Wine Bottle Holder - Eco-Friendly 3D Printed Charcuterie & Kitchen Décor - Perfect Housewarming or Holiday Gift - Rib,https://www.etsy.com/listing/1526391938/mid-century-modern-wine-bottle-holder,RosebudHomeGoods,https://www.etsy.com/shop/RosebudHomeGoods,42.00,0,0,0,5,1,34 Mo.,12,0,196,Home & Living,70,0,2.55,27607,"simple modern decor,wine gift accessory,countertop kitchen,wine glass coaster,wine bottle holder,wine themed kitchen,wine bottle coaster,room decor aesthetic,hypebeast decor,new homeowner gift,housewarming gift,gifts under 30,holiday hosting gift",simple modern decor,wine gift accessory,countertop kitchen,wine glass coaster,wine bottle holder,wine themed kitchen,wine bottle coaster,room decor aesthetic,hypebeast decor,new homeowner gift,housewarming gift,gifts under 30,holiday hosting gift
"Coaster Set, Hills of Tuscany Impressionist Corkwood Coasters, Drink Coaster Set, Home Decor, Housewarming Gift, Kitchen Accessories",https://www.etsy.com/listing/1850746938/coaster-set-hills-of-tuscany,ArtandSoulLA,https://www.etsy.com/shop/ArtandSoulLA,21.95,0,0,0,0,0,4 Mo.,0,0,17,Home & Living,28,0,0.0,193,"corkwood set,home decor,italian theme,housewarming gift,rustic coasters,drink coaster,table protection,wine lover gift,kitchen accessories,unique design,gift for him,gift for her",corkwood set,home decor,italian theme,housewarming gift,rustic coasters,drink coaster,table protection,wine lover gift,kitchen accessories,unique design,gift for him,gift for her,--
Sassy Wine Porcelain Magnet,https://www.etsy.com/listing/4394109410/sassy-wine-porcelain-magnet,QuirkyWineAndSmut,https://www.etsy.com/shop/QuirkyWineAndSmut,12.38,0,0,0,0,0,3 Mo.,0,0,0,Home & Living,3,0,0.0,0,"adult theme,alcohol themed decor,creative wall art,funny kitchen decor,gift for her,gift for wine lovers,housewarming gift,humorous fridge art,kitchenware gift,modern magnet design,perfect for parties,personalized kitchen,quirky gift idea",adult theme,alcohol themed decor,creative wall art,funny kitchen decor,gift for her,gift for wine lovers,housewarming gift,humorous fridge art,kitchenware gift,modern magnet design,perfect for parties,personalized kitchen,quirky gift idea
"Vintage Crystal Glass Black Onyx Wine Goblets with Clear Base, Set of 3 Art Deco Champagne Flutes",https://www.etsy.com/listing/726547023/vintage-crystal-glass-black-onyx-wine,BelleBloomVintage,https://www.etsy.com/shop/BelleBloomVintage,62.40,0,0,0,0,0,81 Mo.,47,0,485,Home & Living,154,0,0.0,1942,"black onyx goblets,dark champagne flute,tall glass stemware,art deco glasses,midcentury modern,ooak toasting flutes,black white themed,amethyst wine goblet,housewarming gift,four 4 fluid ounces,vintage home décor,set of 3 wine glass,footed crystal glass",black onyx goblets,dark champagne flute,tall glass stemware,art deco glasses,midcentury modern,ooak toasting flutes,black white themed,amethyst wine goblet,housewarming gift,four 4 fluid ounces,vintage home décor,set of 3 wine glass,footed crystal glass
Thanksgiving Wine Glass Charms Set,https://www.etsy.com/listing/472098411/thanksgiving-hostess-gift-thanksgiving,LifeBaubles,https://www.etsy.com/shop/LifeBaubles,18.95,0,0,0,47,7,117 Mo.,44,0,963,Home & Living,120,0,4.88,6966,"wine gifts,fall themed gift,thanksgiving theme,thanksgiving hostess,fall gift ideas,wine glass charms,hostess gift,wine charms,thanksgiving gift,wine gift,wine theme gift,housewarming gifts,party favors",wine gifts,fall themed gift,thanksgiving theme,thanksgiving hostess,fall gift ideas,wine glass charms,hostess gift,wine charms,thanksgiving gift,wine gift,wine theme gift,housewarming gifts,party favors
"St. Joseph, Michigan Wine Glass Charms, Hostess Gift Ideas, Cocktail Party Accessories, Michigan Themed Gift",https://www.etsy.com/listing/610386528/st-joseph-michigan-wine-glass-charms,LifeBaubles,https://www.etsy.com/shop/LifeBaubles,18.95,0,0,0,13,2,95 Mo.,13,0,709,Home & Living,120,0,1.83,6966,"wine gifts,souvenir,st joseph mi gift,michigan themed gift,michigan gift,hostess gift ideas,wine glass charms,wine glass charm,hostess gift,wine charms,wine glass marker,housewarming gifts,party favors",wine gifts,souvenir,st joseph mi gift,michigan themed gift,michigan gift,hostess gift ideas,wine glass charms,wine glass charm,hostess gift,wine charms,wine glass marker,housewarming gifts,party favors
"New Mexico Wine Glass Charms, Hostess Gift Ideas, Cocktail Party Accessories, Southwest Themed Gift",https://www.etsy.com/listing/631247990/new-mexico-wine-glass-charms-hostess,LifeBaubles,https://www.etsy.com/shop/LifeBaubles,18.95,0,0,0,60,9,92 Mo.,23,0,557,Home & Living,120,0,10.77,6966,"hostess gift,wine gifts,new mexico state,new mexico charms,mew mexico gift,new mexico souvenir,southwest themed,wine glass charms,wine glass charm,wine charms,wine glass marker,housewarming gifts,party favors",hostess gift,wine gifts,new mexico state,new mexico charms,mew mexico gift,new mexico souvenir,southwest themed,wine glass charms,wine glass charm,wine charms,wine glass marker,housewarming gifts,party favors
Oklahoma Wine Glass Charms,https://www.etsy.com/listing/1288292216/oklahoma-wine-glass-charms-hostess-gift,LifeBaubles,https://www.etsy.com/shop/LifeBaubles,18.95,0,0,0,0,0,44 Mo.,3,0,92,Home & Living,120,0,0.0,6966,"hostess gift,wine gifts,western themed gift,montana state,montana gift,montana theme,montana souvenir,hostess gift ideas,wine glass charms,wine charms,wine glass marker,housewarming gifts,party favors",hostess gift,wine gifts,western themed gift,montana state,montana gift,montana theme,montana souvenir,hostess gift ideas,wine glass charms,wine charms,wine glass marker,housewarming gifts,party favors
Wine & Cheese Embroidered Cocktail Napkins – Set of 4 Hostess Gift,https://www.etsy.com/listing/4332422079/wine-cheese-embroidered-cocktail-napkins,MagnoliaMadeCustom,https://www.etsy.com/shop/MagnoliaMadeCustom,34.00,0,0,0,0,0,10 Mo.,9,0,89,Home & Living,23,0,0.0,455,"wine napkins,cocktail napkins,embroidered napkins,cheese party decor,hostess gift,wine lover gift,linen napkins,wine cheese theme,kitchen textiles,custom napkins,housewarming gift,wine night decor,funny cocktail gift",wine napkins,cocktail napkins,embroidered napkins,cheese party decor,hostess gift,wine lover gift,linen napkins,wine cheese theme,kitchen textiles,custom napkins,housewarming gift,wine night decor,funny cocktail gift
Abstract Wine Glasses Canvas Wall Art - Modern Colourful Illustration Artwork for Dining Room or Kitchen - Framed Contemporary Decor,https://www.etsy.com/listing/4371135857/abstract-wine-glasses-canvas-wall-art,TheArtPoint,https://www.etsy.com/shop/TheArtPoint,26.84,0,0,0,0,0,8 Mo.,0,0,11,Art & Collectibles,48,0,0.0,526,"housewarming gift,wine picture,kitchen wall prints,abstract wall art,dining room decor,modern canvas art,wine themed decor,elegant wall decor,vibrant,party theme,picture for kitchen,multicolour,colourful and bright",housewarming gift,wine picture,kitchen wall prints,abstract wall art,dining room decor,modern canvas art,wine themed decor,elegant wall decor,vibrant,party theme,picture for kitchen,multicolour,colourful and bright
"Modern Wine Bottle Holder, Charcuterie Accessories, Eco-Friendly Housewarming Gift and Wine Display, 3D Printed Countertop Kitchen Decor",https://www.etsy.com/listing/1540581871/modern-wine-bottle-holder-charcuterie,RosebudHomeGoods,https://www.etsy.com/shop/RosebudHomeGoods,42.00,0,0,0,0,0,34 Mo.,5,0,136,Home & Living,70,0,0.0,27607,"simple modern decor,wine gift accessory,housewarming basket,wine glass coaster,wine bottle holder,charcuterie cups,personalized boards,wine themed kitchen,wine bottle coaster,taylorswift decor,room decor aesthetic,studio ghibli,spring decor",simple modern decor,wine gift accessory,housewarming basket,wine glass coaster,wine bottle holder,charcuterie cups,personalized boards,wine themed kitchen,wine bottle coaster,taylorswift decor,room decor aesthetic,studio ghibli,spring decor
"Island Sunset Scene Glasses | Personalized etched beer, whiskey, wine & cocktail glassware. Beach Coast Lifestyle gift, Tropical Summer Vibe",https://www.etsy.com/listing/1673437099/island-sunset-scene-glasses-personalized,BenoitsDesignCo,https://www.etsy.com/shop/BenoitsDesignCo,20.00,0,0,0,115,16,28 Mo.,101,1,2021,Home & Living,126,30,5.69,55564,"cocktail glasses,barware set,gifts for him,gifts for her,personalized gifts,wine glasses,whiskey glasses,beer glasses,housewarming gift,coastal home decor,beach lifestyle gift,summer surfer gift,ocean theme glasses",cocktail glasses,barware set,gifts for him,gifts for her,personalized gifts,wine glasses,whiskey glasses,beer glasses,housewarming gift,coastal home decor,beach lifestyle gift,summer surfer gift,ocean theme glasses
Vintage 3 Piece Arthur Court Grape Bamboo Cheese Server Set,https://www.etsy.com/listing/1876942904/vintage-3-piece-arthur-court-grape,LivelyListings,https://www.etsy.com/shop/LivelyListings,160.20,0,0,0,0,0,11 Mo.,0,0,2,Home & Living,104,0,0.0,1538,"cheese board,serving set,bamboo tray,wine lover,charcuterie,elegant decor,cheese tools,gift for host,grapevine theme,kitchen essentials,rustic charm,party serving,housewarming gift",cheese board,serving set,bamboo tray,wine lover,charcuterie,elegant decor,cheese tools,gift for host,grapevine theme,kitchen essentials,rustic charm,party serving,housewarming gift
Benjamin Franklin Wine Quote Canvas | God Loves Us Wall Art | Bar or Kitchen Decor | Wine Lover Gift | Minimalist Printable Art,https://www.etsy.com/listing/4338379723/benjamin-franklin-wine-quote-canvas-god,GraceCoCraft,https://www.etsy.com/shop/GraceCoCraft,41.29,0,0,0,0,0,3 Mo.,0,0,0,Home & Living,14,0,0.0,1,"framed art,home decor,wine lover gift,kitchen wall art,gift for friends,motivational prints,wine themed decor,positive vibes,custom canvas art,quote print,housewarming gift,unique wall decor,celebration decor",framed art,home decor,wine lover gift,kitchen wall art,gift for friends,motivational prints,wine themed decor,positive vibes,custom canvas art,quote print,housewarming gift,unique wall decor,celebration decor
Home Sweet Home Wine Bottle with Fairy Lights:  Lemon Decor/Bee Decor/Sunflower Decor,https://www.etsy.com/listing/1738795705/home-sweet-home-wine-bottle-with-fairy,UNcorkedUPcycled,https://www.etsy.com/shop/UNcorkedUPcycled,27.00,0,0,0,8,4,24 Mo.,4,0,141,,115,0,5.67,573,"wine bar decor,frosted glass,night light,vinyl decals,lemon ribbon,buffalo plaid,housewarming gift,farmhouse kitchen,unique gift for home,sunflower ribbon,bee ribbon,wine themed gift",wine bar decor,frosted glass,night light,vinyl decals,lemon ribbon,buffalo plaid,housewarming gift,farmhouse kitchen,unique gift for home,sunflower ribbon,bee ribbon,wine themed gift,--
"Flour Sack Fabric Bag Dispenser: Handmade Cotton Grocery Bag Organizer,Cooking ,Beach themes",https://www.etsy.com/listing/4317939142/flour-sack-fabric-bag-dispenser-handmade,GrannyAndMeSewing,https://www.etsy.com/shop/GrannyAndMeSewing,9.75,0,0,0,0,0,11 Mo.,1,0,22,Home & Living,31,0,0.0,160,"bag holders,organization kitchen,kitchen bag holders,wine themed bag hold,beach bag holder,plastic bag holder,organization on bags,affordable gifts,housewarming gift,beach house bag cycl,up cycling bags,x large bag holders,coffee bag holder",bag holders,organization kitchen,kitchen bag holders,wine themed bag hold,beach bag holder,plastic bag holder,organization on bags,affordable gifts,housewarming gift,beach house bag cycl,up cycling bags,x large bag holders,coffee bag holder
"Wine Themed Slate Coasters Set of Four, Unique Barware Gifts, Printed Coasters, Christmas Gift for Wine Lover Gift, Drinkware Gift",https://www.etsy.com/listing/1596618677/wine-themed-slate-coasters-set-of-four,LulaRoseUSA,https://www.etsy.com/shop/LulaRoseUSA,39.95,0,0,0,0,0,31 Mo.,1,0,17,Home & Living,72,0,0.0,1368,"wine themed,unique barware,barware gifts,printed coasters,wine lover gift,wine decor,drinkware gift,home bar decor,housewarming gift,slate coaster,bar accessory,stone coaster,birthday gift idea",wine themed,unique barware,barware gifts,printed coasters,wine lover gift,wine decor,drinkware gift,home bar decor,housewarming gift,slate coaster,bar accessory,stone coaster,birthday gift idea
wine cork trivet - wine gift - rustic table decor,https://www.etsy.com/listing/693890021/wine-cork-trivet-wine-gift-rustic-table,DesertCoastalStudios,https://www.etsy.com/shop/DesertCoastalStudios,59.95,0,0,0,21,5,86 Mo.,277,0,19936,Home & Living,204,63,0.11,4370,"wine cork,centerpiece,wine gift,table centerpiece,wine lover gift,housewarming gift,bridal shower gift,bridal shower gifts,wedding gift ideas,table decor,rustic,trivet,wine themed",wine cork,centerpiece,wine gift,table centerpiece,wine lover gift,housewarming gift,bridal shower gift,bridal shower gifts,wedding gift ideas,table decor,rustic,trivet,wine themed
Pink Abstract Bottle & Glass Painting: Minimalist Bar Decor (8x8 in),https://www.etsy.com/listing/4303098036/pink-abstract-bottle-glass-painting,MoodDrinksArt,https://www.etsy.com/shop/MoodDrinksArt,69.64,0,0,0,0,0,12 Mo.,4,0,35,Art & Collectibles,13,0,0.0,2,"abstract bottle art,20x20 bar wall piece,minimalist wine gift,small dining artwork,handmade pink canvas,shelf display art,party host wall gift,square canvas decor,wine wall art,gift for wine lover,housewarming gift,winery art print,wine theme",abstract bottle art,20x20 bar wall piece,minimalist wine gift,small dining artwork,handmade pink canvas,shelf display art,party host wall gift,square canvas decor,wine wall art,gift for wine lover,housewarming gift,winery art print,wine theme
Sip Happiness Wine Theme Magnet | Kitchen Magnet | Wood Cutout | Housewarming Gift | Funny Wine Sayings | Wine Lover Gift,https://www.etsy.com/listing/1166680634/sip-happiness-wine-theme-magnet-kitchen,MadeandFinds,https://www.etsy.com/shop/MadeandFinds,4.99,0,0,0,0,0,46 Mo.,1,0,27,Home & Living,152,0,0.0,2096,"housewarming gift,fridge magnet,kitchen accent,wine theme,funny wine sayings,gift for wine lover,sip happiness,wood magnets,wine bottle shape",housewarming gift,fridge magnet,kitchen accent,wine theme,funny wine sayings,gift for wine lover,sip happiness,wood magnets,wine bottle shape,--,--,--,--
Liquid Therapy Wine Theme Magnet | Kitchen Magnet | Wood Cutout | Housewarming Gift | Funny Wine Saying | Wine Lover Gift,https://www.etsy.com/listing/1868971971/liquid-therapy-wine-theme-magnet-kitchen,MadeandFinds,https://www.etsy.com/shop/MadeandFinds,4.99,0,0,0,0,0,10 Mo.,0,0,1,Home & Living,152,0,0.0,2096,"housewarming gift,fridge magnet,kitchen accent,wine theme,funny wine sayings,gift for wine lover,wine bottle shape,wood magnets,liquid therapy",housewarming gift,fridge magnet,kitchen accent,wine theme,funny wine sayings,gift for wine lover,wine bottle shape,wood magnets,liquid therapy,--,--,--,--
"Bamboo Wine Bottle Cutting Board 17&quot; x 5 1/4&quot; Housewarming Gift, Mom gift, Christmas Gift, Realtor Gift, Chef Gift, Bar Decor&#39;",https://www.etsy.com/listing/1774935918/bamboo-wine-bottle-cutting-board-17-x-5,TechnicallyArtCo,https://www.etsy.com/shop/TechnicallyArtCo,40.00,0,0,0,0,0,17 Mo.,0,0,9,Home & Living,18,0,0.0,4,"housewarming gift,cutting board,kitchen deco,bottle shape board,wine shape board,monogram board,kitchen entertaining,novelty gift,wine theme board,engraved board,custom cutting board,charcuterie,paddle cutting board",housewarming gift,cutting board,kitchen deco,bottle shape board,wine shape board,monogram board,kitchen entertaining,novelty gift,wine theme board,engraved board,custom cutting board,charcuterie,paddle cutting board
"Fluid Art Wine Glass Charms: Hand-Painted Acrylic, Set of 6",https://www.etsy.com/listing/1411284537/fluid-art-wine-glass-charms-hand-painted,JanellesAcrylicArt,https://www.etsy.com/shop/JanellesAcrylicArt,18.00,0,0,0,3,1,39 Mo.,16,0,615,Home & Living,40,0,0.49,1108,"wine glass charms,hand painted,wine theme gift,unique gift idea,housewarming gift,wine charms,wedding gift,bridesmaid gift,bridal party gift,girls night,wine shower,wine lover gift,hand made wine charm",wine glass charms,hand painted,wine theme gift,unique gift idea,housewarming gift,wine charms,wedding gift,bridesmaid gift,bridal party gift,girls night,wine shower,wine lover gift,hand made wine charm
"Wine Bag, Travel themed wine bag, Paris France, gift bag, holiday, gift, cotton fabric, cloth bag, present bag for wine bottle, Eiffel Tower",https://www.etsy.com/listing/1303363109/wine-bag-travel-themed-wine-bag-paris,NancyGPhotography,https://www.etsy.com/shop/NancyGPhotography,9.99,0,0,0,8,2,44 Mo.,0,0,58,Paper & Party Supplies,135,0,13.79,1896,"home decor,home accents,gift,housewarming,house warming gift,cloth wine bag,designed wine bag,fabric wine bag,winebag,wine bag gift,travel themed bag,paris france,eiffel tower",home decor,home accents,gift,housewarming,house warming gift,cloth wine bag,designed wine bag,fabric wine bag,winebag,wine bag gift,travel themed bag,paris france,eiffel tower
Handcrafted Epoxy Resin Wine Glass: Beach Ocean Decor,https://www.etsy.com/listing/1834296012/handcrafted-epoxy-resin-wine-glass-beach,BowlineArtistry,https://www.etsy.com/shop/BowlineArtistry,56.75,0,0,0,8,2,17 Mo.,8,0,513,Home & Living,20,0,1.56,280,"wine glasses,coastal decor,wine glasses gift,unique wine glasses,beach theme glasses,beach barware,christmas gift,beach drinkware,beach wine glasses,beach glassware,housewarming gift,beach wedding decor,beach wedding gift",wine glasses,coastal decor,wine glasses gift,unique wine glasses,beach theme glasses,beach barware,christmas gift,beach drinkware,beach wine glasses,beach glassware,housewarming gift,beach wedding decor,beach wedding gift
Glass Desert Cactus Themed Stem Wine Glass - Yellow and Green - Mom Gift - Hand painted - Housewarming - Hostess - Texas - Succulents,https://www.etsy.com/listing/1664831165/glass-desert-cactus-themed-stem-wine,RusticAndRoseTexas,https://www.etsy.com/shop/RusticAndRoseTexas,28.50,0,0,0,0,0,28 Mo.,3,0,33,Home & Living,151,0,0.0,7473,"cactus theme,desert theme,cactus wine glass,desert glass,desert tumbler,desert wine glass,painted wine glass,hand painted wine,mothers day gift,mother gift,hostess gift,housewarming gift,stemmed wine glass",cactus theme,desert theme,cactus wine glass,desert glass,desert tumbler,desert wine glass,painted wine glass,hand painted wine,mothers day gift,mother gift,hostess gift,housewarming gift,stemmed wine glass
Choose Your Size Spiral Wine Cork Wreath,https://www.etsy.com/listing/995557414/choose-your-size-spiral-wine-cork-wreath,TheCorkyDecorShop,https://www.etsy.com/shop/TheCorkyDecorShop,39.99,0,0,0,0,0,61 Mo.,11,0,826,Home & Living,115,0,0.0,315,"cork wreath,wine cork wreath,wine wreath,wine themed gifts,bar decor,kitchen decor,wine gifts,farmhouse wreath,vineyard wreath,housewarming gift,office decor",cork wreath,wine cork wreath,wine wreath,wine themed gifts,bar decor,kitchen decor,wine gifts,farmhouse wreath,vineyard wreath,housewarming gift,office decor,--,--
Wine Glass Charms-Initials - Custom Designed & Special Orders,https://www.etsy.com/listing/1744628199/wine-glass-charms-initials-custom,TheRusticWitchShoppe,https://www.etsy.com/shop/TheRusticWitchShoppe,18.20,0,0,0,0,0,23 Mo.,2,0,62,Home & Living,98,0,0.0,91,"wine lovers,wine gifts,wine glass charms,hostess gifts,party favors,housewarming gift,wedding favors,unique gifts,bridesmaids gifts,drink charms,crystal charms,themed wine charms,celebrate",wine lovers,wine gifts,wine glass charms,hostess gifts,party favors,housewarming gift,wedding favors,unique gifts,bridesmaids gifts,drink charms,crystal charms,themed wine charms,celebrate
Wine Glass Ornament,https://www.etsy.com/listing/1029813652/wine-glass-ornament,PurpleBasset,https://www.etsy.com/shop/PurpleBasset,12.00,0,0,0,0,0,59 Mo.,1,0,5,Home & Living,116,0,0.0,4480,"purplebasset,wine glass ornament,wine lover,home decor,house warming,hostess gift,office decor,mini sweater,sweater ornament,wine theme,wine gift,wine glass",purplebasset,wine glass ornament,wine lover,home decor,house warming,hostess gift,office decor,mini sweater,sweater ornament,wine theme,wine gift,wine glass,--
"Vintage Floral Wine Tote Bag, Retro Theme Hostess Gift, Housewarming Gift, Canvas Bottle Carrier, Wine Lover Present, Gift for Her",https://www.etsy.com/listing/1868769768/vintage-floral-wine-tote-bag-retro-theme,YepNope2024,https://www.etsy.com/shop/YepNope2024,25.95,0,0,0,0,0,14 Mo.,0,0,4,Bags & Purses,30,0,0.0,726,"wine carrier,hostess gift,canvas bag,nautical decor,gift for her,beach house,birthday present,vintage floral,housewarming gift,gift for him,home decor,vintage wine tote,gift",wine carrier,hostess gift,canvas bag,nautical decor,gift for her,beach house,birthday present,vintage floral,housewarming gift,gift for him,home decor,vintage wine tote,gift
"Wine & Cheese Night Shower Curtain | Wine Glass Bathroom Decor, Gift for Couples, Home Accessories, Cozy Vibes, Christmas Gift Idea",https://www.etsy.com/listing/4429943230/wine-cheese-night-shower-curtain-wine,IZYShowerCurtains,https://www.etsy.com/shop/IZYShowerCurtains,49.99,0,0,0,0,0,5 Mo.,0,0,3,Home & Living,5,0,0.0,68,"shower curtain,wine and cheese,bathroom decor,kitchen theme,grape pattern,cheese lover,wine bathroom,dark floral,rustic bathroom,luxury shower,wine gift,housewarming gift,bachelorette gift",shower curtain,wine and cheese,bathroom decor,kitchen theme,grape pattern,cheese lover,wine bathroom,dark floral,rustic bathroom,luxury shower,wine gift,housewarming gift,bachelorette gift
"Wine Table Topper - Beaded Wine Lover Gift, Handmade",https://www.etsy.com/listing/279346326/wine-table-topper-beaded-wine-lover-gift,LasmasCreations,https://www.etsy.com/shop/LasmasCreations,24.00,0,0,0,0,0,120 Mo.,192,0,2440,Home & Living,150,0,0.0,4995,"wine table topper,wine snack mat,table topper,over sized coaster,wine mug rug,wine theme gift,housewarming gift,wine birthday gift,wine gift basket,wine gift idea,christmas wine gift,xmas wine gifts,christmas gifts",wine table topper,wine snack mat,table topper,over sized coaster,wine mug rug,wine theme gift,housewarming gift,wine birthday gift,wine gift basket,wine gift idea,christmas wine gift,xmas wine gifts,christmas gifts
Halloween Witch & Wine Embroidered Waffle Weave Towel,https://www.etsy.com/listing/4346191931/halloween-witch-wine-embroidered-waffle,SouthernWayStitching,https://www.etsy.com/shop/SouthernWayStitching,15.50,0,0,0,0,0,9 Mo.,1,0,20,Home & Living,44,0,0.0,89,"house warming gift,gift for anyone,embroidered towel,unique gift,custom gift,sarcastic towel,gift with humor,custom tea towel,wine themed decor,spooky kitchen decor,halloween towel,witch and wine decor,halloween party",house warming gift,gift for anyone,embroidered towel,unique gift,custom gift,sarcastic towel,gift with humor,custom tea towel,wine themed decor,spooky kitchen decor,halloween towel,witch and wine decor,halloween party
Wine Theme Gift Set,https://www.etsy.com/listing/1308636577/wine-theme-gift-set,FreshFaithCreation,https://www.etsy.com/shop/FreshFaithCreation,30.00,0,0,0,0,0,44 Mo.,1,0,11,Home & Living,75,0,0.0,203,"wine theme,wine gift set,wine glass,wine corks,wine lovers,housewarming gift,home decor,birthday gift,christmas gift,gift for couple,wine plaques,gift for her,thinking of you gift",wine theme,wine gift set,wine glass,wine corks,wine lovers,housewarming gift,home decor,birthday gift,christmas gift,gift for couple,wine plaques,gift for her,thinking of you gift
Personalized Double Wine Bag Wine Drinker Gift Wine Gifts Bag Wine Bag Wine Gift For Men Wine Gift For Women Housewarming Gift For Couple,https://www.etsy.com/listing/1785194032/personalized-double-wine-bag-wine,WellAppointedTravel,https://www.etsy.com/shop/WellAppointedTravel,44.23,0,0,0,0,0,20 Mo.,0,0,3,Bags & Purses,32,0,0.0,26,"double wine carrier,wine drinker gift,wine bottle holder,wine gift for men,wine themed gifts,barware wine bag,wine travel case,wine tote custom,personalized wine,customizable wine,wine gift for women,housewarming gift,custom wine tote bag",double wine carrier,wine drinker gift,wine bottle holder,wine gift for men,wine themed gifts,barware wine bag,wine travel case,wine tote custom,personalized wine,customizable wine,wine gift for women,housewarming gift,custom wine tote bag
"Beer kitchen towel bundle, funny dish towel, beer puns, hostess gift, beer lover gift, gift for him, Christmas gift, gift for her, shower",https://www.etsy.com/listing/1349634940/beer-kitchen-towel-bundle-funny-dish,ExpresslyCreative,https://www.etsy.com/shop/ExpresslyCreative,13.00,0,0,0,11,2,41 Mo.,0,0,133,Home & Living,93,0,8.27,2496,"housewarming gift,funny kitchen towel,friend gift,teacher gift,funny towel for mom,funny  dish towel,hostess gift,gift for mom,wine lover gift,wine theme towel,gift for her,gift for him,christmas gift",housewarming gift,funny kitchen towel,friend gift,teacher gift,funny towel for mom,funny  dish towel,hostess gift,gift for mom,wine lover gift,wine theme towel,gift for her,gift for him,christmas gift
"Hostess gift for women, Then the wine whispered tea towel, alcohol themed gifts, funny dishtowels, wine themed gifts, dirty martini, margs",https://www.etsy.com/listing/1803321427/hostess-gift-for-women-then-the-wine,KitchenGiftCo,https://www.etsy.com/shop/KitchenGiftCo,24.98,0,0,0,0,0,19 Mo.,6,0,45,Home & Living,21,0,0.0,1323,"alcohol themed gifts,funny dishtowels,wine themed gifts,dirty martini,margs,tea towel,the wine whispered,hostess gift,for women,kitchen towels,house warming gifts,gift friend,be kind of a bitch",alcohol themed gifts,funny dishtowels,wine themed gifts,dirty martini,margs,tea towel,the wine whispered,hostess gift,for women,kitchen towels,house warming gifts,gift friend,be kind of a bitch
Acrylic Wine O Clock Wall Clock | Chalkboard Kitchen Decor | Bar Art | Funny Kitchen Bar Decor | Gift for Wine Lovers,https://www.etsy.com/listing/4465823160/acrylic-wine-o-clock-wall-clock,SmitclanDesigns,https://www.etsy.com/shop/SmitclanDesigns,49.99,0,0,0,0,0,2 Mo.,0,0,0,Home & Living,9,0,0.0,10,"bar clock,contemporary decor,kitchen decor,chic gift,housewarming gift,bar wall clock,wine wall clock,themed wall clock,home bar decor,wine o clock clock,wine lover gift,wine bottle clock,funny kitchen decor",bar clock,contemporary decor,kitchen decor,chic gift,housewarming gift,bar wall clock,wine wall clock,themed wall clock,home bar decor,wine o clock clock,wine lover gift,wine bottle clock,funny kitchen decor
"Champagne Cork Groomsman Dog for Dog Lover Wedding Decor, Vineyard Wedding, Dog Lovers Bridal Shower, Housewarming Gift, Anniversary Gift",https://www.etsy.com/listing/776705566/champagne-cork-groomsman-dog-for-dog,CorkiesBySteph,https://www.etsy.com/shop/CorkiesBySteph,22.00,0,0,0,0,0,74 Mo.,5,0,161,Weddings,74,0,0.0,3976,"wine cork art,wine lovers wedding,dog anniversary,dog bachelor party,dog themed wedding,dog housewarming,vineyard wedding,dog bridal shower,groomsman dog favors,wedding table decor,wedding gift dog,dog lover wedding,new couple dog gift",wine cork art,wine lovers wedding,dog anniversary,dog bachelor party,dog themed wedding,dog housewarming,vineyard wedding,dog bridal shower,groomsman dog favors,wedding table decor,wedding gift dog,dog lover wedding,new couple dog gift
Love The Wine You&#39;re With Burlap Print - Wine Lover - Wine Gift - Wine Sign - Burlap Print - Burlap Wall Decor,https://www.etsy.com/listing/634346167/love-the-wine-youre-with-burlap-print,EllieBugCreations,https://www.etsy.com/shop/EllieBugCreations,5.00,0,0,0,0,0,93 Mo.,7,0,105,Home & Living,123,0,0.0,1671,"wall decor,burlap print,housewarming,wine print,wine decor,wine quote,wine sign,wine gift,wine lover,love the wine,wine you're with,wine theme",wall decor,burlap print,housewarming,wine print,wine decor,wine quote,wine sign,wine gift,wine lover,love the wine,wine you're with,wine theme,--
Country Flag Stopper Wedding Favor Party Gift Travel Themed Wine Accessory Cork Stopper Unique Present World Flag Italy France Usa Uk,https://www.etsy.com/listing/1278415999/country-flag-stopper-wedding-favor-party,HobKnobin,https://www.etsy.com/shop/HobKnobin,7.99,0,0,0,20,4,45 Mo.,2,0,472,Home & Living,203,0,4.24,28544,"country flag,flag stopper,wedding favor,party gift,travel themed wine,wine accessory,cork stopper,unique present,world flag,italy france usa uk,bottle stopper,housewarming gift,travel lover gift",country flag,flag stopper,wedding favor,party gift,travel themed wine,wine accessory,cork stopper,unique present,world flag,italy france usa uk,bottle stopper,housewarming gift,travel lover gift
"Kitchen Towel, Hooray for Chardonnay, Wine Bottle Glass Design, Wedding Gift",https://www.etsy.com/listing/4373235389/hooray-for-chardonnay-kitchen-towel-wine,VitaBrillante,https://www.etsy.com/shop/VitaBrillante,30.37,0,0,0,0,0,8 Mo.,0,0,4,Home & Living,8,0,0.0,803,"wine lovers,tea towels,kitchen decor,home gift,wine theme,housewarming gift,cooking accessory,bottle and glass,line drawing,funny quote,cotton towel,poly blend,kitchen towel",wine lovers,tea towels,kitchen decor,home gift,wine theme,housewarming gift,cooking accessory,bottle and glass,line drawing,funny quote,cotton towel,poly blend,kitchen towel
Wine Glass & Vineyard - Rustic Kitchen Décor - Glass Cabochon Magnets - Set of 6,https://www.etsy.com/listing/4363498005/wine-glass-vineyard-rustic-kitchen-decor,BasicOrderofSisters,https://www.etsy.com/shop/BasicOrderofSisters,15.00,0,0,0,0,0,8 Mo.,0,0,12,Home & Living,16,0,0.0,80,"glass dome magnets,fridge office locker,stocking stuffer set,housewarming present,pretty kitchen decor,decorative cabochon,small birthday gift,wine vineyard theme,rustic cabin decor,elegant grapevine,dinner party gift,bar accessories,hostess thank you",glass dome magnets,fridge office locker,stocking stuffer set,housewarming present,pretty kitchen decor,decorative cabochon,small birthday gift,wine vineyard theme,rustic cabin decor,elegant grapevine,dinner party gift,bar accessories,hostess thank you
"Wine and More Wine Poster, Digital Download, Kitchen Wall Art, Wine Lover Gift, Bar Decor Printable, Wine Print, Wine Wall Art, Wine Art",https://www.etsy.com/listing/4352562343/wine-and-more-wine-poster-digital,GlowFishPrintables,https://www.etsy.com/shop/GlowFishPrintables,4.26,0,0,0,0,0,9 Mo.,0,0,10,Art & Collectibles,47,0,0.0,1795,"wine quote,funny wine print,wine lover gift idea,funny kitchen,wine wall decor,funny alcohol poster,wine bottle print,wine glass print,kitchen print,housewarming gift,more wine print,wine theme art,say when wine",wine quote,funny wine print,wine lover gift idea,funny kitchen,wine wall decor,funny alcohol poster,wine bottle print,wine glass print,kitchen print,housewarming gift,more wine print,wine theme art,say when wine
It’s Wine O’Clock Sign | Wine Lover Home Decor | Kitchen Bar Shelf Decor | Funny Wine Gift,https://www.etsy.com/listing/4472651660/its-wine-oclock-sign-o-wine-lover-home,MissMoo3D,https://www.etsy.com/shop/MissMoo3D,9.29,0,0,0,0,0,2 Mo.,0,0,6,Home & Living,16,0,0.0,10,"wine lover gift,wine gift idea,wine bar decor,funny wine sign,wine kitchen decor,housewarming gift,new home gift,wine lover decor,wine bar sign,wine themed décor,wine drinker gift,wine night décor,fun kitchen decor",wine lover gift,wine gift idea,wine bar decor,funny wine sign,wine kitchen decor,housewarming gift,new home gift,wine lover decor,wine bar sign,wine themed décor,wine drinker gift,wine night décor,fun kitchen decor
Wine bottle stopper in handcrafted Japanese camphor wood,https://www.etsy.com/listing/267596847/wine-bottle-stopper-in-handcrafted,HopeAndGracePens,https://www.etsy.com/shop/HopeAndGracePens,24.00,0,0,0,0,0,123 Mo.,5,0,113,Home & Living,169,0,0.0,907,"wine bottle stopper,bottle stopper,wood bottle stopper,bar accessories,love wine,bottle top,bottle topper,gifts under 30,housewarming gift,gifts for him,gifts for her,bar gift,wine theme",wine bottle stopper,bottle stopper,wood bottle stopper,bar accessories,love wine,bottle top,bottle topper,gifts under 30,housewarming gift,gifts for him,gifts for her,bar gift,wine theme
"Personalized Hardwood Rustic Coasters set, Rustic Wedding Decor Gift, Christmas Gift, Housewarming gift, Handmade Coasters, Coffee Coasters",https://www.etsy.com/listing/1818926628/personalized-hardwood-rustic-coasters,handmadesupplyer,https://www.etsy.com/shop/handmadesupplyer,19.99,0,0,0,0,0,19 Mo.,0,0,180,Home & Living,142,0,0.0,52694,"baseball themed gift,dad gifts,gifts from daughter,fathers day gifts,gifts for him,coaches gift,baseball gift,baseball lovers gift,housewarming gift,coffee coasters,tea  coasters,wine coasters,whisky coasters",baseball themed gift,dad gifts,gifts from daughter,fathers day gifts,gifts for him,coaches gift,baseball gift,baseball lovers gift,housewarming gift,coffee coasters,tea  coasters,wine coasters,whisky coasters
Texas Flag Stemless Wine Glass: Etched 17 oz Gift,https://www.etsy.com/listing/660261629/texas-flag-stemless-wine-glass-etched-17,BevveeCo,https://www.etsy.com/shop/BevveeCo,19.95,0,0,0,6,1,91 Mo.,38,0,497,Home & Living,92,0,1.21,62040,"texas flag,gifts for texans,tx flag wine glass,moving to texas,out of state texans,texas wine glasses,texas wine gifts,lone star state,housewarming gifts,texas decor,cowboy decor,texas themed gifts,texas souvenirs",texas flag,gifts for texans,tx flag wine glass,moving to texas,out of state texans,texas wine glasses,texas wine gifts,lone star state,housewarming gifts,texas decor,cowboy decor,texas themed gifts,texas souvenirs
"Butterfly Themed Wineglass Charms, Wine Glass Charms, Covid Responsible, Dinner Party, Housewarming Gift",https://www.etsy.com/listing/1020355245/butterfly-themed-wineglass-charms-wine,KatesKraftsGroup,https://www.etsy.com/shop/KatesKraftsGroup,14.00,0,0,0,0,0,43 Mo.,1,0,15,Home & Living,53,0,0.0,91,"bachelorette party,bridal party,bohemian,silver,gift idea,party favors,covid responsible,black owned,woman owned,gift ideas,gifting,boho,hippie",bachelorette party,bridal party,bohemian,silver,gift idea,party favors,covid responsible,black owned,woman owned,gift ideas,gifting,boho,hippie
"Hostess gift, funny dishtowels, alcohol themed gifts, be kind of a bitch, retro dish towels, novelty tea towel, kitchen gift, gift friend",https://www.etsy.com/listing/1830698269/hostess-gift-funny-dishtowels-alcohol,KitchenGiftCo,https://www.etsy.com/shop/KitchenGiftCo,24.99,0,0,0,5,1,18 Mo.,5,0,16,Home & Living,21,0,31.25,1323,"hostess gift,funny dishtowels,alcohol themed gifts,be kind of a bitch,retro dish towels,novelty tea towel,kitchen gift,gift friend,for women,house warming gift,gifts for wine,lovers,wine themed gifts",hostess gift,funny dishtowels,alcohol themed gifts,be kind of a bitch,retro dish towels,novelty tea towel,kitchen gift,gift friend,for women,house warming gift,gifts for wine,lovers,wine themed gifts
"Hostess gift for women, my doctor says I need glasses tea towel, alcohol themed gifts, funny dishtowels, wine themed gifts, dirty martini",https://www.etsy.com/listing/1783167396/hostess-gift-for-women-my-doctor-says-i,KitchenGiftCo,https://www.etsy.com/shop/KitchenGiftCo,23.98,0,0,0,0,0,20 Mo.,7,0,59,Home & Living,21,0,0.0,1323,"alcohol themed gifts,funny dishtowels,wine themed gifts,dirty martini,my doctor says,i need glasses,tea towel,gifts for wine lover,hostess gift,for women,kitchen towels,house warming gift,cooking gifts",alcohol themed gifts,funny dishtowels,wine themed gifts,dirty martini,my doctor says,i need glasses,tea towel,gifts for wine lover,hostess gift,for women,kitchen towels,house warming gift,cooking gifts
"Halloween Wine Bag, Halloween themed wine bag, Halloween, gift bag, holiday, gift, duck canvas fabric, cloth bag, present bag wine bottle",https://www.etsy.com/listing/1293025350/halloween-wine-bag-halloween-themed-wine,NancyGPhotography,https://www.etsy.com/shop/NancyGPhotography,10.99,0,0,0,3,1,44 Mo.,0,0,29,Paper & Party Supplies,135,0,10.34,1896,"home decor,gift,housewarming,house warming gift,cloth wine bag,designed wine bag,fabric wine bag,winebag,wine bag gift,halloween,candy corn theme,duck canvas bag,halloween wine bag",home decor,gift,housewarming,house warming gift,cloth wine bag,designed wine bag,fabric wine bag,winebag,wine bag gift,halloween,candy corn theme,duck canvas bag,halloween wine bag
"Wine Not Framed Vertical Poster, Wall Art Decor, Kitchen Decor, Wine Lover Gift, Funny Wine Poster",https://www.etsy.com/listing/4349636867/wine-not-framed-vertical-poster-wall-art,1ofakindprinted,https://www.etsy.com/shop/1ofakindprinted,101.27,0,0,0,0,0,4 Mo.,0,0,0,Home & Living,4,0,0.0,0,"vertical poster,wine lovers,home decor,gift idea,kitchen wall art,funny quote,dining room decor,housewarming gift,typography art,bar decor,poster print,modern design,wine theme",vertical poster,wine lovers,home decor,gift idea,kitchen wall art,funny quote,dining room decor,housewarming gift,typography art,bar decor,poster print,modern design,wine theme
Wine Glass Shadow Cork Coasters Set I Gift I Houseware,https://www.etsy.com/listing/4439625824/wine-glass-shadow-cork-coasters-set-i,CraftedWoodenCharm,https://www.etsy.com/shop/CraftedWoodenCharm,29.88,0,0,0,0,0,2 Mo.,0,0,3,Home & Living,34,0,0.0,8,"cork coasters,wine glass coaster,wine lover gift,barware coaster,drink coaster set,wine decor,wine accessory,table protection,wine tasting gift,housewarming gift,cocktail coaster,wine themed gift,small batch coasters",cork coasters,wine glass coaster,wine lover gift,barware coaster,drink coaster set,wine decor,wine accessory,table protection,wine tasting gift,housewarming gift,cocktail coaster,wine themed gift,small batch coasters
Will work for wine tapas plate,https://www.etsy.com/listing/547871159/will-work-for-wine-tapas-plate,WildTastefulWomen,https://www.etsy.com/shop/WildTastefulWomen,25.00,0,0,0,0,0,103 Mo.,7,0,108,Home & Living,142,0,0.0,614,"cheese plate,tapas plate,wine theme gifts,house warming gifts,platter with knife,wine decor,cheese plate gift,appetizer plates,wild women,friendship gift,wine loving women,wine lover,will work for wine",cheese plate,tapas plate,wine theme gifts,house warming gifts,platter with knife,wine decor,cheese plate gift,appetizer plates,wild women,friendship gift,wine loving women,wine lover,will work for wine
"Shell Wine Bottle Stopper,Bridesmaid Gifts,Beach Themed Wedding Gift,Housewarming Gift,Unique Hostess Gifts,Beach Decor, Favors,wine cork",https://www.etsy.com/listing/4306101808/shell-wine-bottle-stopperbridesmaid,RusticEleganceSS,https://www.etsy.com/shop/RusticEleganceSS,101.00,0,0,0,0,0,1 Mo.,0,0,9,Home & Living,11,0,0.0,1,"blue chinoiserie,unique hostess gifts,bridesmaid gifts,housewarming gift,oyster wine stopper,blue and white,shell bottle stopper,wine bottle stopper,oyster shell art,coastal decor,christmas ornament,unique wedding gift,beach wedding favors",blue chinoiserie,unique hostess gifts,bridesmaid gifts,housewarming gift,oyster wine stopper,blue and white,shell bottle stopper,wine bottle stopper,oyster shell art,coastal decor,christmas ornament,unique wedding gift,beach wedding favors
"2 Custom-made wine bags Shark, Shark week, Jaws theme with FREE GIFT!",https://www.etsy.com/listing/4342141145/2-custom-made-wine-bags-shark-shark-week,FunFashunAndDecor,https://www.etsy.com/shop/FunFashunAndDecor,7.99,0,0,0,0,0,10 Mo.,4,0,32,Paper & Party Supplies,12,0,0.0,68,"wine bag,gift for wine lover,house warming gift,jaws,jaws 50,gift bags,shark week,shark theme,kitchen decor,handmade,jaws anniversary,party supplies,summer",wine bag,gift for wine lover,house warming gift,jaws,jaws 50,gift bags,shark week,shark theme,kitchen decor,handmade,jaws anniversary,party supplies,summer
"Bamboo Gift Box Grape Soap Rustic Wedding Favors, Vineyard Bridal Shower Gifts, Handmade Guest Soap",https://www.etsy.com/listing/4485954556/bamboo-gift-box-grape-soap-rustic,GarZenBotanicalDesi,https://www.etsy.com/shop/GarZenBotanicalDesi,22.50,0,0,0,0,0,1 Mo.,0,0,12,Weddings,80,0,0.0,5022,"wedding favors,bamboo giftbox,wine theme,vineyard,rustic wedding,country wedding,handmade soaps,bridal shower,anniversary party,affordable gifts,birthday favors,housewarming,mothers day",wedding favors,bamboo giftbox,wine theme,vineyard,rustic wedding,country wedding,handmade soaps,bridal shower,anniversary party,affordable gifts,birthday favors,housewarming,mothers day
Polynesian Tiki Hawaiian Luau Acrylic Wine Glasses by Easter Unlimited Set of 12,https://www.etsy.com/listing/4328191045/polynesian-tiki-hawaiian-luau-acrylic,GizmosGalleryVintage,https://www.etsy.com/shop/GizmosGalleryVintage,100.00,0,0,0,0,0,11 Mo.,5,0,75,Home & Living,167,0,0.0,1167,"tiki wine glasses,polynesian tiki,hawaiian glass,acrylic glasses,acrylic wine glass,tiki shaped wine,luau theme,novelty wine glass,tiki barware,tiki outdoor barware,housewarming gift,gifts for women,outdoor serveware",tiki wine glasses,polynesian tiki,hawaiian glass,acrylic glasses,acrylic wine glass,tiki shaped wine,luau theme,novelty wine glass,tiki barware,tiki outdoor barware,housewarming gift,gifts for women,outdoor serveware
"Wine Design Flour Sack Towel, Cotton Kitchen Towel",https://www.etsy.com/listing/1106504958/wine-design-flour-sack-towel-cotton,DragonflyManorDesign,https://www.etsy.com/shop/DragonflyManorDesign,16.00,0,0,0,0,0,54 Mo.,0,0,9,Home & Living,73,0,0.0,66,"wine design towels,kitchen towels,funny wine towels,wine theme towels,wine flour sack,kitchen decor,wine gift,wine birthday gift,housewarming gift,hostess gift,wedding gift,bridal shower gift,wine tea towels",wine design towels,kitchen towels,funny wine towels,wine theme towels,wine flour sack,kitchen decor,wine gift,wine birthday gift,housewarming gift,hostess gift,wedding gift,bridal shower gift,wine tea towels
"Wine lover gift, Wine charm bracelet, Personalized Gift for wine lover, wino gift, wine glass  bracelet, I love wine jewelry, wine charm",https://www.etsy.com/listing/499552981/wine-lover-gift-wine-charm-bracelet,LuxedesignsbySarah,https://www.etsy.com/shop/LuxedesignsbySarah,22.95,0,0,0,19,3,113 Mo.,25,0,676,Jewelry,127,0,2.81,17190,"wine lover,personalized gift,gift for wino,wine lover gift,wine theme bracelet,wine bangle bracelet,winery gift,wine glass jewlery,wine glass charm,housewarming gift,gift for friend,wine glass bracelet,wine glass tag",wine lover,personalized gift,gift for wino,wine lover gift,wine theme bracelet,wine bangle bracelet,winery gift,wine glass jewlery,wine glass charm,housewarming gift,gift for friend,wine glass bracelet,wine glass tag
"Seashell Wine Bottle Stopper,Conch Shell Stopper, Coastal Kitchen Decor, Beach Themed Gift, Nautical Bar Accessory, Unique Housewarming Gift",https://www.etsy.com/listing/4470103895/seashell-wine-bottle-stopperconch-shell,AnongrakTidthong,https://www.etsy.com/shop/AnongrakTidthong,111.11,0,0,0,0,0,2 Mo.,0,0,1,Pet Supplies,5,0,0.0,0,"seashell wine stopper,silver bottle stopper,coastal kitchen decor,beach themed gift,nautical bar accessory,unique housewarming gift,conch shell decor,wine lover gift,hostess gift idea,coastal home accents,shell bottle stopper,beach wedding favor,metal wine stopper",seashell wine stopper,silver bottle stopper,coastal kitchen decor,beach themed gift,nautical bar accessory,unique housewarming gift,conch shell decor,wine lover gift,hostess gift idea,coastal home accents,shell bottle stopper,beach wedding favor,metal wine stopper
"Handcrafted Seashell  Wine Glass,Coastal Beach Ocean Drinkware,Nautical Housewarming Hostess Gift, Handmade Coastal Themed Drinking Glass.",https://www.etsy.com/listing/4488313735/handcrafted-seashell-wine-glasscoastal,AnongrakTidthong,https://www.etsy.com/shop/AnongrakTidthong,162.47,0,0,0,0,0,1 Mo.,0,0,0,Pet Supplies,5,0,0.0,0,"seashell wine glass,coastal wine glass,handmade wine glass,beach themed wine glass,stemless wine glass,ocean resin wine glass,beach wedding gift,bridesmaid gift,nautical housewarming gift,hostess gift,beach house decor,handcrafted seashell glass,coastal drinking glass",seashell wine glass,coastal wine glass,handmade wine glass,beach themed wine glass,stemless wine glass,ocean resin wine glass,beach wedding gift,bridesmaid gift,nautical housewarming gift,hostess gift,beach house decor,handcrafted seashell glass,coastal drinking glass
"Wine Theme Halloween Tea Towel, Wine Drinker Funny Kitchen Towel, Hostess Gift, Halloween Decoration, Fall Decor, Large Towel",https://www.etsy.com/listing/1280795292/wine-theme-halloween-tea-towel-wine,LockCreekCreations,https://www.etsy.com/shop/LockCreekCreations,18.05,0,0,0,0,0,37 Mo.,1,0,33,Home & Living,44,0,0.0,297,"bar towel,kitchen decor,hostess gift,best friend gift,housewarming gift,home decore,wine drinker gift,funny kitchen towel,halloween decoration,fall decoration,halloween tea towel,custom seasonal,wine theme gift",bar towel,kitchen decor,hostess gift,best friend gift,housewarming gift,home decore,wine drinker gift,funny kitchen towel,halloween decoration,fall decoration,halloween tea towel,custom seasonal,wine theme gift
"Bordeaux the Octopus Wine Holder - 3D Printed Nautical Bottle Display, Unique Tentacle Kitchen Decor",https://www.etsy.com/listing/4343711712/bordeaux-the-octopus-wine-holder-3d,CalderlabsCreations,https://www.etsy.com/shop/CalderlabsCreations,33.77,0,0,0,0,0,1 Mo.,0,0,9,Electronics & Accessories,1,0,0.0,7,"wine holder,octopus wine rack,kitchen decor,ocean theme,unique wine gift,nautical decor,3dprintedwinestand,tentacle decor,bar accessory,housewarming gift",wine holder,octopus wine rack,kitchen decor,ocean theme,unique wine gift,nautical decor,3dprintedwinestand,tentacle decor,bar accessory,housewarming gift,--,--,--
Wine Tuscany Table Runner: Elegant Kitchen & Dining Decor,https://www.etsy.com/listing/4304322215/wine-tuscany-table-runner-elegant,drinksbymare,https://www.etsy.com/shop/drinksbymare,69.00,0,0,0,0,0,12 Mo.,0,0,11,Home & Living,33,0,0.0,174,"wine tuscany,table decor,polyester runner,kitchen accessory,home decor,dining room,italian theme,gift for hostess,housewarming present,dinner party,wine table decor,wine table runner,tuscany wine decor",wine tuscany,table decor,polyester runner,kitchen accessory,home decor,dining room,italian theme,gift for hostess,housewarming present,dinner party,wine table decor,wine table runner,tuscany wine decor
"Patriotic Wine Charm Set - in Red, White and Blue this 4 charm set includes a flagged kiss, flagged heart, star and starred emblem.",https://www.etsy.com/listing/4319986403/patriotic-wine-charm-set-in-red-white,BasilSageArtisan,https://www.etsy.com/shop/BasilSageArtisan,25.00,0,0,0,0,0,11 Mo.,0,0,13,Home & Living,53,0,0.0,224,"american wine charm,patriotic wine charm,star charm,housewarming gift,drink markers,holiday gift,special occassion,americana theme,new home gift,patriotic gift,heart charm,summer charms,party favor",american wine charm,patriotic wine charm,star charm,housewarming gift,drink markers,holiday gift,special occassion,americana theme,new home gift,patriotic gift,heart charm,summer charms,party favor
"Funny Kitchen Towel, Fun housewarming gift | Nothing Says I mean Business Like Using a Cart at the Liquor Store | Neighbor gift",https://www.etsy.com/listing/1387767044/funny-kitchen-towel-fun-housewarming,JennaDoorDecor,https://www.etsy.com/shop/JennaDoorDecor,10.00,0,0,0,8,2,40 Mo.,4,0,120,Home & Living,50,0,6.67,1569,"funny kitchen decor,funny kitchen towel,fun housewarming,fun kitchen towel,wine lover gift,tea towel wine,wine kitchen towel,wine theme gift,wine gift addition,means business like,alcohol saying towel,snarky dish towel,funny tea towel",funny kitchen decor,funny kitchen towel,fun housewarming,fun kitchen towel,wine lover gift,tea towel wine,wine kitchen towel,wine theme gift,wine gift addition,means business like,alcohol saying towel,snarky dish towel,funny tea towel
"Housewarming Gift, Funny Alcohol Themed Microfiber Towel for Kitchen, Wine Lover, Cocktail, Barware, Gift for Her or Him, Merlot",https://www.etsy.com/listing/1139466975/housewarming-gift-funny-alcohol-themed,Barleaux,https://www.etsy.com/shop/Barleaux,14.95,0,0,0,0,0,53 Mo.,0,0,20,Home & Living,65,0,0.0,230,"housewarming gift,alcohol themed towel,gift for her,gift for him,funny kitchen towel,kitchen dish towel,wine gift,gift for wine lover,cocktail towel,birthday gift,merlot,fun gift,kitchen towel",housewarming gift,alcohol themed towel,gift for her,gift for him,funny kitchen towel,kitchen dish towel,wine gift,gift for wine lover,cocktail towel,birthday gift,merlot,fun gift,kitchen towel
Funny Bar Towel/ Housewarming/ Microfiber Towel/ Alcohol Themed Towel/Gift for Her/ Gift for Him/ Barware/,https://www.etsy.com/listing/1614695956/funny-bar-towel-housewarming-microfiber,Barleaux,https://www.etsy.com/shop/Barleaux,14.95,0,0,0,0,0,29 Mo.,1,0,17,Home & Living,65,0,0.0,230,"funny bar towel,housewarming gift,microfiber towel,alcohol themed towel,gift for her,gift for him,barware,fun barware,wine",funny bar towel,housewarming gift,microfiber towel,alcohol themed towel,gift for her,gift for him,barware,fun barware,wine,--,--,--,--
"Sarcastic Cats Coasters, Set of 4 square coasters - Group 4",https://www.etsy.com/listing/1724627608/sarcastic-cats-coasters-set-of-4-square,CreaturesCoversLLC,https://www.etsy.com/shop/CreaturesCoversLLC,12.50,0,0,0,0,0,24 Mo.,1,0,29,Home & Living,157,0,0.0,421,"cat lover's gift,wine lover's gift,novelty cats,cat themed coasters,wine themed coasters,housewarming gift,funny cat images,fun cat images,funny wine images,fun wine images",cat lover's gift,wine lover's gift,novelty cats,cat themed coasters,wine themed coasters,housewarming gift,funny cat images,fun cat images,funny wine images,fun wine images,--,--,--
Friendship Wine Bottle Lamp - Housewarming Gift - Hostess Gift,https://www.etsy.com/listing/1747502935/friendship-wine-bottle-lamp-housewarming,ShopFireflyHome,https://www.etsy.com/shop/ShopFireflyHome,44.95,0,0,0,6,2,23 Mo.,2,0,138,,77,0,4.35,1083,"friendship wine lamp,wine bottle lamp,wine bottle lights,hostess gift,housewarming gift,wine themed decor,home bar decor,wine bottle decor,wine decor,light up wine bottle,long distance gift,friendship gift,gifts for wine lover",friendship wine lamp,wine bottle lamp,wine bottle lights,hostess gift,housewarming gift,wine themed decor,home bar decor,wine bottle decor,wine decor,light up wine bottle,long distance gift,friendship gift,gifts for wine lover
Funny Snowman Christmas Towel: Wine Lover Holiday Decor,https://www.etsy.com/listing/1622730951/funny-snowman-christmas-towel-wine-lover,CrestlineDreamGifts,https://www.etsy.com/shop/CrestlineDreamGifts,12.00,0,0,0,0,0,30 Mo.,0,0,12,Home & Living,35,0,0.0,127,"special person,waffle weave,best kitchen towel,housewarming gift,colorful kitchen,holiday bath towel,winter theme towel,wine is fine time,christmas decor,winter decor,christmas gift,wine  gift,snowman gift",special person,waffle weave,best kitchen towel,housewarming gift,colorful kitchen,holiday bath towel,winter theme towel,wine is fine time,christmas decor,winter decor,christmas gift,wine  gift,snowman gift
"Handmade Whale Wine Glass Charms – Nautical Drink Markers, Ocean-Themed Party Accessories, Summer Coastal Charms, Wedding Housewarming Gifts",https://www.etsy.com/listing/4320901221/handmade-whale-wine-glass-charms,speciallyclayed,https://www.etsy.com/shop/speciallyclayed,14.07,0,0,0,2,1,11 Mo.,3,0,24,Home & Living,19,0,8.33,29,"beach jewelry,summer accessories,ocean animal charms,wine glass markers,beach wedding gifts,wedding accessories,ocean decor,whale wine charms,unique wine charms,ocean wine markers,wine lover gifts,housewarming gifts,reuseable charms",beach jewelry,summer accessories,ocean animal charms,wine glass markers,beach wedding gifts,wedding accessories,ocean decor,whale wine charms,unique wine charms,ocean wine markers,wine lover gifts,housewarming gifts,reuseable charms
Etched Cherry Stemless Wine Glasses - Set of 4 - Summer Drinkware,https://www.etsy.com/listing/4438327875/etched-cherry-stemless-wine-glasses-set,Blockislandarts,https://www.etsy.com/shop/Blockislandarts,59.96,0,0,0,0,0,4 Mo.,0,0,10,Home & Living,167,0,0.0,3778,"stemless wine glass,personalized glass,summer fruit motif,cherry themed decor,housewarming gift,summertime wine,fruit etched glass,cherry glassware,cherry wine glass,handmade in usa,wine lover gift,personalized gift,set of 4",stemless wine glass,personalized glass,summer fruit motif,cherry themed decor,housewarming gift,summertime wine,fruit etched glass,cherry glassware,cherry wine glass,handmade in usa,wine lover gift,personalized gift,set of 4
Etched Summer Fruit Stemless Wine Glasses - Set of 4,https://www.etsy.com/listing/4445899053/etched-summer-fruit-stemless-wine,Blockislandarts,https://www.etsy.com/shop/Blockislandarts,67.96,0,0,0,0,0,4 Mo.,0,0,2,Home & Living,167,0,0.0,3778,"stemless wine glass,personalized glass,summer fruit motif,cherry themed decor,housewarming gift,summertime wine,fruit etched glass,handmade in usa,wine lover gift,personalized gift,set of 4 fruit glass,watermelon cherry,strawberries citrus",stemless wine glass,personalized glass,summer fruit motif,cherry themed decor,housewarming gift,summertime wine,fruit etched glass,handmade in usa,wine lover gift,personalized gift,set of 4 fruit glass,watermelon cherry,strawberries citrus
Wine Glass Charms-Silver Pentagrams-Custom Designed & Special Orders,https://www.etsy.com/listing/1744623337/wine-glass-charms-silver-pentagrams,TheRusticWitchShoppe,https://www.etsy.com/shop/TheRusticWitchShoppe,23.20,0,0,0,0,0,23 Mo.,0,0,7,Home & Living,98,0,0.0,91,"wine lovers,wine gifts,wine glass charms,hostess gifts,party favors,housewarming gift,wedding favors,unique gifts,bridesmaids gifts,drink charms,crystal charms,themed wine charms,celebrate",wine lovers,wine gifts,wine glass charms,hostess gifts,party favors,housewarming gift,wedding favors,unique gifts,bridesmaids gifts,drink charms,crystal charms,themed wine charms,celebrate
Silver White Beaches Ocean Themed Stemmed Wine Glass - Blue & Silver - Custom Glass - Mom Gift - Hand Painted - Housewarming - Gifts for Her,https://www.etsy.com/listing/1756650810/silver-white-beaches-ocean-themed,RusticAndRoseTexas,https://www.etsy.com/shop/RusticAndRoseTexas,28.50,0,0,0,0,0,22 Mo.,2,0,66,Home & Living,151,0,0.0,7473,"stemless wine glass,beach wine glass,beach glass,beach tumbler,mother gift,housewarming gift,ocean wine glass,beach themed,beach decor,beach house,bar ware glasses,white beaches,beach lover gift for",stemless wine glass,beach wine glass,beach glass,beach tumbler,mother gift,housewarming gift,ocean wine glass,beach themed,beach decor,beach house,bar ware glasses,white beaches,beach lover gift for
"Funny Wine Quote Canvas Print, Wine Lover Gift, Kitchen Bar Art",https://www.etsy.com/listing/4347340231/funny-wine-quote-canvas-print-wine-lover,Maquaticus,https://www.etsy.com/shop/Maquaticus,19.99,0,0,0,0,0,8 Mo.,0,0,138,Home & Living,10,0,0.0,1,"wine themed decor,home bar art,funny canvas art,wine lover gift,kitchen wall art,funny gift idea,wine quote decor,red wine artwork,gift for sister,housewarming decor,unique wall art,funny home decor,gift for friends",wine themed decor,home bar art,funny canvas art,wine lover gift,kitchen wall art,funny gift idea,wine quote decor,red wine artwork,gift for sister,housewarming decor,unique wall art,funny home decor,gift for friends
Horses Wine Glass//&quot;Little horses&quot;//Hand Etched//Horse Glasses//Equestrian Gift//Horse Gifts//Wine Gift//Wine Glasses,https://www.etsy.com/listing/601327807/horses-wine-glasslittle-horseshand,TheLittlePumpHouse,https://www.etsy.com/shop/TheLittlePumpHouse,19.01,0,0,0,87,13,89 Mo.,72,0,3540,Home & Living,98,0,2.46,1935,"etched wine glasses,horse themed gifts,wine gift,horse wine glass,horse lovers gift,horsey gift,mothers day gift,equestrian gift,housewarming gift,equestrian,ponies,horses,horse",etched wine glasses,horse themed gifts,wine gift,horse wine glass,horse lovers gift,horsey gift,mothers day gift,equestrian gift,housewarming gift,equestrian,ponies,horses,horse
"Party is in the Back, Closing Gift, Funny Door Mat, New Home Gift, Wedding Gift, Happy Hour Decor, Back Porch Door Mat, Wine Time, Relator",https://www.etsy.com/listing/1471186719/party-is-in-the-back-closing-gift-funny,HomeDecorByAnastasia,https://www.etsy.com/shop/HomeDecorByAnastasia,35.57,0,0,0,5,1,29 Mo.,0,0,26,Home & Living,75,0,19.23,15529,"closing gift,door mats,funny doormats,house warming gift,new home gift,welcome mat,funny door mat,home doormat,door mat,wedding gift,gift for new home,wine theme decor,happy hour decor",closing gift,door mats,funny doormats,house warming gift,new home gift,welcome mat,funny door mat,home doormat,door mat,wedding gift,gift for new home,wine theme decor,happy hour decor
"Wine Lover Ceramic Coffee Mug: Funny Wine Meme Gift (11oz, 15oz)",https://www.etsy.com/listing/1515487552/wine-lover-ceramic-coffee-mug-funny-wine,MeljafDesigns,https://www.etsy.com/shop/MeljafDesigns,18.61,0,0,0,0,0,34 Mo.,0,0,18,Home & Living,37,0,0.0,78,"wine-themed mug,wine lover gift,wine accessories,funny wine mug,wine quote cup,wine sayings mug,wine mug ceramic,wine enthusiast gift,home decor,secret santa gift,house warming gift,couples gifts,gift for mum",wine-themed mug,wine lover gift,wine accessories,funny wine mug,wine quote cup,wine sayings mug,wine mug ceramic,wine enthusiast gift,home decor,secret santa gift,house warming gift,couples gifts,gift for mum
Cork coasters acohol themed coasters mothers day fathers day stocking fillers birthday presents,https://www.etsy.com/listing/1797339191/cork-coasters-acohol-themed-coasters,wdnpuzzles,https://www.etsy.com/shop/wdnpuzzles,3.98,0,0,0,0,0,20 Mo.,0,0,13,Home & Living,40,0,0.0,106,"birthday gift,stocking filler,gifts,gift idea,coasters,wine coasters,beer coasters,acohol themed coaste,drink coaster,table coaster,table decor,home decor,housewarming gift",birthday gift,stocking filler,gifts,gift idea,coasters,wine coasters,beer coasters,acohol themed coaste,drink coaster,table coaster,table decor,home decor,housewarming gift
"Empty Wine Bottle, No Genie Kitchen Towel",https://www.etsy.com/listing/1384409377/empty-wine-bottle-no-genie-kitchen-towel,CactusandSnow,https://www.etsy.com/shop/CactusandSnow,9.00,0,0,0,0,0,40 Mo.,4,0,402,Home & Living,72,0,0.0,457,"empty wine bottle,kitchen towel,flour sack towel,tea towel,no genie,try again,bridal shower gift,housewarming gift,cotton towel,kitchen decor,wine decor,wine lover gift,wine themed towel",empty wine bottle,kitchen towel,flour sack towel,tea towel,no genie,try again,bridal shower gift,housewarming gift,cotton towel,kitchen decor,wine decor,wine lover gift,wine themed towel
Wine Themed Coasters - Mug Rug - Set of 4 - Housewarming Gift - Hostess Gift - READT to SHIP,https://www.etsy.com/listing/1541082022/wine-themed-coasters-mug-rug-set-of-4,Stitch4Dreams,https://www.etsy.com/shop/Stitch4Dreams,8.00,0,0,0,0,0,33 Mo.,0,0,24,Home & Living,176,0,0.0,1445,"coaster,set of 4 coaster,fabric coaster,hostess gift,housewarming gift,drink ware,bar,drink coasters,fun coasters,wine themed coaster,christmas gift,birthday gift,mug rug",coaster,set of 4 coaster,fabric coaster,hostess gift,housewarming gift,drink ware,bar,drink coasters,fun coasters,wine themed coaster,christmas gift,birthday gift,mug rug
Hand crocheted &quot;wine and dine&quot; themed hanging double kitchen towel,https://www.etsy.com/listing/699844433/hand-crocheted-wine-and-dine-themed,NancysKitchenKrafts,https://www.etsy.com/shop/NancysKitchenKrafts,8.50,0,0,0,0,0,85 Mo.,0,0,22,Home & Living,143,0,0.0,511,"crocheted gift,kitchen gift,hostess gift,housewarming gift,crocheted towel,hanging towel,kitchen towel,wine themed towel,wine lover,double towel",crocheted gift,kitchen gift,hostess gift,housewarming gift,crocheted towel,hanging towel,kitchen towel,wine themed towel,wine lover,double towel,--,--,--
"Rustic Barn with Texas Bluebonnets Oil Painting on Repurposed Wine Barrel Stave – Hand-Painted Western Wall Art, Hill Country Home Decor",https://www.etsy.com/listing/4307799558/rustic-barn-with-texas-bluebonnets-oil,EricBostonDesign,https://www.etsy.com/shop/EricBostonDesign,495.00,0,0,0,0,0,12 Mo.,1,0,62,Art & Collectibles,28,0,0.0,57,"wine barrel,rustic art,bluebonnet meadow,barn painting,upcycled barrel art,reclaimed barrel art,eco friendly,wine themed gift,wine lover gift,wine country decor,rustic wood painting,housewarming gift,anniversary gift",wine barrel,rustic art,bluebonnet meadow,barn painting,upcycled barrel art,reclaimed barrel art,eco friendly,wine themed gift,wine lover gift,wine country decor,rustic wood painting,housewarming gift,anniversary gift
"Vintage Fiat in Italian City Square Oil Painting on Wine Barrel Stave – Handmade Tuscany Art, European Travel Gift, Rustic Wall Decor",https://www.etsy.com/listing/4311373184/vintage-fiat-in-italian-city-square-oil,EricBostonDesign,https://www.etsy.com/shop/EricBostonDesign,495.00,0,0,0,0,0,12 Mo.,0,0,16,Art & Collectibles,28,0,0.0,57,"automotive,upcycled barrel art,wine lover gift,rustic decor,reclaimed wood,wine country art,eco friendly,wine themed art,housewarming gift,anniversary gift,kitchen wall art,custom wine decor,italian themed art",automotive,upcycled barrel art,wine lover gift,rustic decor,reclaimed wood,wine country art,eco friendly,wine themed art,housewarming gift,anniversary gift,kitchen wall art,custom wine decor,italian themed art
"Wyoming Wine Glass Charms, Hostess Gift Ideas, Western Themed Gift, Wine Lover Gift, Wine Gift",https://www.etsy.com/listing/657825331/wyoming-wine-glass-charms-hostess-gift,LifeBaubles,https://www.etsy.com/shop/LifeBaubles,18.95,0,0,0,53,8,90 Mo.,27,0,736,Home & Living,120,0,7.2,6966,"wine gifts,wyoming souvenir,wyoming theme,wyoming gift,wyoming state,western themed gift,hostess gift ideas,wine glass charms,gifts for him,hostess gift,wine charms,housewarming gifts,party favors",wine gifts,wyoming souvenir,wyoming theme,wyoming gift,wyoming state,western themed gift,hostess gift ideas,wine glass charms,gifts for him,hostess gift,wine charms,housewarming gifts,party favors
"Arkansas Wine Glass Charms, Hostess Gift Ideas",https://www.etsy.com/listing/1191157910/arkansas-wine-glass-charms-hostess-gift,LifeBaubles,https://www.etsy.com/shop/LifeBaubles,18.95,0,0,0,0,0,50 Mo.,2,0,94,Home & Living,120,0,0.0,6966,"arkansas charm,wine glass marker,arkansas themed,arkansas state,arkansas souvenir,arkansas gift,wine gifts,wine glass charms,wine glass charm,hostess gift,wine charms,housewarming gifts,party favors",arkansas charm,wine glass marker,arkansas themed,arkansas state,arkansas souvenir,arkansas gift,wine gifts,wine glass charms,wine glass charm,hostess gift,wine charms,housewarming gifts,party favors
"Rhode Island Wine Glass Charms, Hostess Gift Ideas, Cocktail Party Accessories, New England Themed Gift",https://www.etsy.com/listing/1112374221/rhode-island-wine-glass-charms-hostess,LifeBaubles,https://www.etsy.com/shop/LifeBaubles,18.95,0,0,0,20,3,54 Mo.,16,0,254,Home & Living,120,0,7.87,6966,"wine gifts,rhode island theme,rhode island state,rhode island souveni,rhode island gift,rhode island wine,wine glass charms,wine glass charm,hostess gift,wine charms,best hostess gift,housewarming gifts,party favors",wine gifts,rhode island theme,rhode island state,rhode island souveni,rhode island gift,rhode island wine,wine glass charms,wine glass charm,hostess gift,wine charms,best hostess gift,housewarming gifts,party favors
"Cowboy Hat Scene Glasses | Personalized etched glassware for beer, whiskey, wine & cocktails. Western Desert Scene, Southwestern Decor.",https://www.etsy.com/listing/1673116203/cowboy-hat-scene-glasses-personalized,BenoitsDesignCo,https://www.etsy.com/shop/BenoitsDesignCo,20.00,0,0,0,14,2,28 Mo.,49,0,887,Home & Living,126,0,1.58,55564,"cocktail glasses,barware set,gifts for him,gifts for her,personalized gifts,wine glasses,whiskey glasses,beer glasses,housewarming gift,southwestern glasses,country ranch decor,western theme glass,cowboy hat glasses",cocktail glasses,barware set,gifts for him,gifts for her,personalized gifts,wine glasses,whiskey glasses,beer glasses,housewarming gift,southwestern glasses,country ranch decor,western theme glass,cowboy hat glasses
"Hand Painted Beach Wine Glass: Seagull Design, Summer Drinkware",https://www.etsy.com/listing/1317223431/hand-painted-beach-wine-glass-seagull,HintOfColorCreations,https://www.etsy.com/shop/HintOfColorCreations,40.00,0,0,0,0,0,43 Mo.,8,0,343,Home & Living,84,0,0.0,413,"unique wine glass,pretty wine glass,beach wine glass,bird wine glass,ocean wine glass,summer wine glass,beach themed gift,seagull wine glass,cute wine glass,painted wine glass,sea wine glass,summer gift,housewarming gift",unique wine glass,pretty wine glass,beach wine glass,bird wine glass,ocean wine glass,summer wine glass,beach themed gift,seagull wine glass,cute wine glass,painted wine glass,sea wine glass,summer gift,housewarming gift
Holiday Martini Kitchen Towel: Embroidered Cocktail Gift,https://www.etsy.com/listing/1344280547/holiday-martini-kitchen-towel,BouillionsCreations,https://www.etsy.com/shop/BouillionsCreations,10.00,0,0,0,8,2,42 Mo.,8,0,185,Home & Living,204,0,4.32,359,"kitchen décor,housewarming,cotton,tea towels,for sister inlaw,wine towels,kitchen hand towel,funny decorations,for kitchen,martini themed gifts,for her,decorative towels,tea towel gift",kitchen décor,housewarming,cotton,tea towels,for sister inlaw,wine towels,kitchen hand towel,funny decorations,for kitchen,martini themed gifts,for her,decorative towels,tea towel gift
Embroidered Easter Bunny Wine Towel: Waffle Weave Kitchen Decor,https://www.etsy.com/listing/1694422061/embroidered-easter-bunny-wine-towel,BouillionsCreations,https://www.etsy.com/shop/BouillionsCreations,10.00,0,0,0,4,1,26 Mo.,5,0,61,Home & Living,204,0,6.56,359,"bathroom décor,bathroom essentials,funny décor,easter gifts for,bunny themed gifts,easter basket,kitchen hand towels,embroidered towels,for kitchen,easter party gifts,housewarming gift,hostess gift,wine towel",bathroom décor,bathroom essentials,funny décor,easter gifts for,bunny themed gifts,easter basket,kitchen hand towels,embroidered towels,for kitchen,easter party gifts,housewarming gift,hostess gift,wine towel
Real Friends Bring Beer Doormat | Real Friends Bring Wine | Funny Welcome Mat | Housewarming Gift | New Homeowners Gift | Alcohol Themed Mat,https://www.etsy.com/listing/994978168/real-friends-bring-beer-doormat-real,EmTaylorDesignCo,https://www.etsy.com/shop/EmTaylorDesignCo,40.00,0,0,0,0,0,61 Mo.,7,0,138,,66,0,0.0,3132,"emtaylordesignco,emtaylordesigns,em taylor designs,em taylor design co,better have wine,better have beer,funny alcohol mat,funny welcome mat,cute welcome mat,cute home doormat,front porch decor,outdoor welcome mat,housewarming gift",emtaylordesignco,emtaylordesigns,em taylor designs,em taylor design co,better have wine,better have beer,funny alcohol mat,funny welcome mat,cute welcome mat,cute home doormat,front porch decor,outdoor welcome mat,housewarming gift
Upcycled Wine Bottle Night Light: Hand-Painted Rose Vine Decor,https://www.etsy.com/listing/4323380724/upcycled-wine-bottle-night-light-hand,MyPaintedSwan,https://www.etsy.com/shop/MyPaintedSwan,30.00,0,0,0,0,0,11 Mo.,0,0,14,Home & Living,141,0,0.0,951,"upcycled wine bottle,green glass,hand painted roses,flowers on vine,glass night light,repurposed bottle,housewarming gift,home decor,bathroom art light,20 electric lights,maroon floral,garden theme,colorful flowers",upcycled wine bottle,green glass,hand painted roses,flowers on vine,glass night light,repurposed bottle,housewarming gift,home decor,bathroom art light,20 electric lights,maroon floral,garden theme,colorful flowers
"Wine Quilt, Full Size Blanket, Bedroom Decor",https://www.etsy.com/listing/1509250638/wine-lovers-full-size-quilt-cotton-bed,CraftsySeamstitch,https://www.etsy.com/shop/CraftsySeamstitch,485.00,0,0,0,0,0,34 Mo.,4,0,369,Home & Living,36,0,0.0,245,"full size quilt,bedroom decor,housewarming gift,gift for wine lover,wine lovers gift,wine decor,wine quilt,wine blanket,handmade quilt,full size blanket,wine country gift,wine theme,farmhouse decor",full size quilt,bedroom decor,housewarming gift,gift for wine lover,wine lovers gift,wine decor,wine quilt,wine blanket,handmade quilt,full size blanket,wine country gift,wine theme,farmhouse decor
"Personalized Floating Wine Bottle Holder Gift for Home Gift Unique, Wedding Gift for Wine Lover, Wine Rack as Couple Gift, Happy Mothers Day",https://www.etsy.com/listing/1680033670/personalized-floating-wine-bottle-holder,BoldianDesigns,https://www.etsy.com/shop/BoldianDesigns,44.55,0,0,0,31,7,26 Mo.,85,0,5453,Weddings,30,57,0.57,6993,"gift for wine lovers,wine gift for her,wine wedding gift,portable wine table,wine themed gift,wine bottle holder,gift for mothers day,wine rack new home,housewarming gift,anniversary gift,wine rack free stand,christmas gifts,groomsmen gifts",gift for wine lovers,wine gift for her,wine wedding gift,portable wine table,wine themed gift,wine bottle holder,gift for mothers day,wine rack new home,housewarming gift,anniversary gift,wine rack free stand,christmas gifts,groomsmen gifts
"Wine bottle gift bag/holder, upscale wine bottle decoration",https://www.etsy.com/listing/4320966730/wine-bottle-gift-bagholder-upscale-wine,TeaBobbinDesigns,https://www.etsy.com/shop/TeaBobbinDesigns,25.00,0,0,0,0,0,11 Mo.,0,0,8,Home & Living,178,0,0.0,15,"style sophisticated,wine bottle gift bag,purple green,gold silver,quilted design,fits regular bottle,beautiful wine theme,grapes geometric,anniversary,wedding,new year's,housewarming,bridal shower",style sophisticated,wine bottle gift bag,purple green,gold silver,quilted design,fits regular bottle,beautiful wine theme,grapes geometric,anniversary,wedding,new year's,housewarming,bridal shower
"Arizona themed wine charms Hostess Gift,Housewarming Gift,Arizona wine glass markers,Arizona Wedding gift,Unique Wine Gift",https://www.etsy.com/listing/280025614/arizona-themed-wine-charms-hostess,WhiteTankMtnDesigns,https://www.etsy.com/shop/WhiteTankMtnDesigns,9.00,0,0,0,0,0,120 Mo.,6,0,291,Home & Living,125,0,0.0,3813,"wine themed,southwest,wine charms,wine glass markers,arizona,desert,gift under 10,desert vacation,wedding favor,party favor,southwest decor,unique wine gift,wine acessories",wine themed,southwest,wine charms,wine glass markers,arizona,desert,gift under 10,desert vacation,wedding favor,party favor,southwest decor,unique wine gift,wine acessories
"Re-wined Collection, Lighthouse, hand-painted New England inspired wine glass",https://www.etsy.com/listing/4464982686/re-wined-collection-lighthouse-hand,GlassParadox,https://www.etsy.com/shop/GlassParadox,15.50,0,0,0,0,0,2 Mo.,0,0,3,Home & Living,184,0,0.0,1372,"maine made,etsy maine team,maine craft artisans,nautical theme,vacation wine,beach house wine,gifts for him or her,anniversary gifts,wedding gifts,retirement gifts,coastal theme,housewarming gifts,hostess gifts",maine made,etsy maine team,maine craft artisans,nautical theme,vacation wine,beach house wine,gifts for him or her,anniversary gifts,wedding gifts,retirement gifts,coastal theme,housewarming gifts,hostess gifts
"Peace Love Wine Doormat, Front Porch Welcome Mat, Housewarming Gift",https://www.etsy.com/listing/1796420524/doormat-peace-love-wine-housewarming-or,GiftSpace1,https://www.etsy.com/shop/GiftSpace1,41.88,0,0,0,0,0,20 Mo.,6,0,120,,31,0,0.0,9753,"wine lover gift,peace love wine,doormat,door mat,housewarming gift,new home gift,porch decor,front door mat,wine glass decor,custom doormat,welcome mat,wine bar decor,wine theme gift",wine lover gift,peace love wine,doormat,door mat,housewarming gift,new home gift,porch decor,front door mat,wine glass decor,custom doormat,welcome mat,wine bar decor,wine theme gift
Zen Panda Wine Holder | Cute Panda Decor | Unique Gift for Wine Lovers | Animal-Themed Wine Rack | Perfect Housewarming Gift,https://www.etsy.com/listing/1825976343/zen-panda-wine-holder-cute-panda-decor,TheArtzieStore,https://www.etsy.com/shop/TheArtzieStore,39.43,0,0,0,0,0,1 Mo.,0,0,0,Home & Living,28,0,0.0,3,"panda wine holder,animal wine rack,cute wine decor,panda decor,wine bottle holder,wine lover gift,unique panda gift,cute wine rack,housewarming gift,animal figurine,panda wine rack,kitchen decor,dining room decor",panda wine holder,animal wine rack,cute wine decor,panda decor,wine bottle holder,wine lover gift,unique panda gift,cute wine rack,housewarming gift,animal figurine,panda wine rack,kitchen decor,dining room decor
Table Runner - Wedding Anniverary Gift - 2nd Anniversary Gift ** Wine Bottles and Glasses Runner ** ** Gift for Mothers Day,https://www.etsy.com/listing/247911250/table-runner-wedding-anniverary-gift-2nd,GenerationsOfCrafts,https://www.etsy.com/shop/GenerationsOfCrafts,17.00,0,0,0,0,0,112 Mo.,2,0,66,Home & Living,179,0,0.0,1954,"christmas gift,wine themed gift,mothers day gift,gift for mom,table runner,house warming gift,hostess gift,dresser scarf,wedding gift,bridal shower,2nd annivsary gift,handmade,table linen",christmas gift,wine themed gift,mothers day gift,gift for mom,table runner,house warming gift,hostess gift,dresser scarf,wedding gift,bridal shower,2nd annivsary gift,handmade,table linen
Sail Boat Wine Charm - Single Wine Charm - Boat Wine Charm - Nautical Wine Charm - Wine Lover Gift - Sailing Wine Charm,https://www.etsy.com/listing/1486357444/sail-boat-wine-charm-single-wine-charm,maitrinkets,https://www.etsy.com/shop/maitrinkets,4.50,0,0,0,0,0,19 Mo.,1,0,22,Home & Living,44,0,0.0,710,"sail boat wine charm,wine glass marker,wine glass charm,sailing wine charm,sailing lover gift,nautical wine charm,nautical theme gift,ocean wine charm,housewarming gift,single wine charm,sailor wine charm,sailor gift,wine lover gift",sail boat wine charm,wine glass marker,wine glass charm,sailing wine charm,sailing lover gift,nautical wine charm,nautical theme gift,ocean wine charm,housewarming gift,single wine charm,sailor wine charm,sailor gift,wine lover gift
Wine Bottle Seashell Stopper,https://www.etsy.com/listing/1669362824/wine-bottle-seashell-stopper,FromTheSeabyR8chelK,https://www.etsy.com/shop/FromTheSeabyR8chelK,35.00,0,0,0,0,0,10 Mo.,0,0,23,Home & Living,10,0,0.0,7,"wine bottle stopper,seashell topper,beach decor,coastal barware,nautical gift,handcrafted wine,unique hostess gift,housewarming present,wine lover accessory,beach themed gift,ocean wine seal,barware essential,beach enthusiast",wine bottle stopper,seashell topper,beach decor,coastal barware,nautical gift,handcrafted wine,unique hostess gift,housewarming present,wine lover accessory,beach themed gift,ocean wine seal,barware essential,beach enthusiast
Embroidered Kitchen Towel - Camper Theme,https://www.etsy.com/listing/1425175382/embroidered-kitchen-towel-camper-theme,ecogardenbotanicals,https://www.etsy.com/shop/ecogardenbotanicals,15.00,0,0,0,0,0,21 Mo.,0,0,15,Home & Living,175,0,0.0,3201,"embroidered,dishtowel,kitchen decor,funny quotes,housewarming,mom gift,humor,camping theme,rv lifestyle,travel trailer,camping,wine theme,wine glass",embroidered,dishtowel,kitchen decor,funny quotes,housewarming,mom gift,humor,camping theme,rv lifestyle,travel trailer,camping,wine theme,wine glass
"Floral Barn Owl Wooden Coaster Set of 4- Nature Theme Drink Coasters, Gift for Coffee & Tea Lovers",https://www.etsy.com/listing/4315964692/floral-barn-owl-wooden-coaster-set-of-4,crabbymamashellshack,https://www.etsy.com/shop/crabbymamashellshack,20.00,0,0,0,0,0,11 Mo.,0,0,11,Home & Living,18,0,0.0,276,"coaster set,owl coaster,wooden drink coaster,hostess gift,coffee table decor,kitchen accessories,tea lover gift,housewarming gift,bird lover gift,book club gift,wine lover gift,owl lover gift,woodland themed gift",coaster set,owl coaster,wooden drink coaster,hostess gift,coffee table decor,kitchen accessories,tea lover gift,housewarming gift,bird lover gift,book club gift,wine lover gift,owl lover gift,woodland themed gift
Wine Themed Decor/Wine Bottle Light/Fairy Lights/Wine Puns/Gift for Women/Hostess Gift/Housewarming Gift/Local Buyers Use Code LOCALPICKUP,https://www.etsy.com/listing/1520686644/wine-themed-decorwine-bottle-lightfairy,NancysBottleService,https://www.etsy.com/shop/NancysBottleService,25.00,0,0,0,0,0,29 Mo.,4,0,64,Home & Living,29,0,0.0,75,"wine bottle light,wine themed decor,led fairy lights,frosted wine bottle,rustic decor,wine puns,wine bar decor,gift for women,hostess gift,housewarming gift,birthday gift,centerpiece,party gift",wine bottle light,wine themed decor,led fairy lights,frosted wine bottle,rustic decor,wine puns,wine bar decor,gift for women,hostess gift,housewarming gift,birthday gift,centerpiece,party gift
"Scented Soy Candle, Wine Lover&#39;s House Warming Home Decor Gift",https://www.etsy.com/listing/1687324977/scented-soy-candle-wine-lovers-house,ComfortLaneGifts,https://www.etsy.com/shop/ComfortLaneGifts,33.73,0,0,0,0,0,26 Mo.,0,0,3,Home & Living,27,0,0.0,24,"wine party gift,coworker gift,home wine decor,unique funny candle,wine decoration,gift for wine lover,housewarming gift,hostess gift,gift for best friend,scented soy candle,bff gifts,9 ounce candle,wine themed gifts",wine party gift,coworker gift,home wine decor,unique funny candle,wine decoration,gift for wine lover,housewarming gift,hostess gift,gift for best friend,scented soy candle,bff gifts,9 ounce candle,wine themed gifts
Smile there is Wine/ wine sign/ hand painted/ wood sign/ home decor/ wine theme/ vino/ 12&quot; x 6&quot;/Maria&#39;sMakeryEtc.,https://www.etsy.com/listing/507085619/smile-there-is-wine-wine-sign-hand,MariasMakeryDesigns,https://www.etsy.com/shop/MariasMakeryDesigns,18.95,0,0,0,0,0,112 Mo.,13,0,148,Home & Living,160,0,0.0,3223,"italian theme,wine sign,home decor,painted wood sign,hostess gift,hand painted sign,housewarming gift,wood sign,gift,wall decor",italian theme,wine sign,home decor,painted wood sign,hostess gift,hand painted sign,housewarming gift,wood sign,gift,wall decor,--,--,--
"Tuscany Italy Apron, OOAK Design Rustic Village Apron, Grape Wine Apron, Foodie Gift, Home Chef Gift, Kitchen Gift, Dinner Party Host Gift",https://www.etsy.com/listing/1572807906/tuscany-italy-apron-ooak-design-rustic,TheSillyRedPanda,https://www.etsy.com/shop/TheSillyRedPanda,47.99,0,0,0,3,1,15 Mo.,3,0,134,Home & Living,31,0,2.24,237,"tuscany italy apron,italian food lover,gourmand,foodie kitchen gear,grape wine bread,dinner party,family feast,mom stocking stuffer,gift for home chef,tuscan village theme,the silly red panda,gift apron,housewarming gift",tuscany italy apron,italian food lover,gourmand,foodie kitchen gear,grape wine bread,dinner party,family feast,mom stocking stuffer,gift for home chef,tuscan village theme,the silly red panda,gift apron,housewarming gift
Wine Not Welcome Yourself In? Welcome Mat - Perfect Housewarming Gift for Wine Lovers,https://www.etsy.com/listing/4342915986/wine-not-welcome-yourself-in-welcome-mat,IronTurtleDesigns,https://www.etsy.com/shop/IronTurtleDesigns,39.99,0,0,0,0,0,10 Mo.,0,0,8,,10,0,0.0,24,"welcome mat,housewarming gift,wine lovers,doormat,funny doormat,entryway decor,front door mat,welcome sign,outdoor mat,funny gift,coir mat,gift for wine lovers,wine theme",welcome mat,housewarming gift,wine lovers,doormat,funny doormat,entryway decor,front door mat,welcome sign,outdoor mat,funny gift,coir mat,gift for wine lovers,wine theme
"Wine wall art, Home decor, Kitchen decor, Minimalist print, Typography quote, Retro wall art, Digital download",https://www.etsy.com/listing/4487157532/wine-wall-art-home-decor-kitchen-decor,LuluStudiosCo,https://www.etsy.com/shop/LuluStudiosCo,3.99,0,0,0,0,0,1 Mo.,0,0,3,Art & Collectibles,40,0,0.0,186,"wine lover gift,kitchen wall art,home decor,wine wall art,minimalist print,bar cart decor,housewarming gift,dopamine art,wine themed decor,digital print,humour kitchen sign,funny wall quote,alcohol print",wine lover gift,kitchen wall art,home decor,wine wall art,minimalist print,bar cart decor,housewarming gift,dopamine art,wine themed decor,digital print,humour kitchen sign,funny wall quote,alcohol print
"Charcuterie Board Upcycled Wine Bottle, Wine Lover Gifts,  Entertaining Serving Platter with Dragonfly Design",https://www.etsy.com/listing/4356639335/charcuterie-board-upcycled-wine-bottle,BottleNovaDesigns,https://www.etsy.com/shop/BottleNovaDesigns,35.00,0,0,0,7,1,9 Mo.,5,0,98,Home & Living,9,0,7.14,23,"charcuterie board,cheese board,eco-friendly gift,housewarming gift,wedding gift,handmade gift,serving platter,serving tray,snack dish,home decor,wine lover gift,upcycled gift,wine theme gift",charcuterie board,cheese board,eco-friendly gift,housewarming gift,wedding gift,handmade gift,serving platter,serving tray,snack dish,home decor,wine lover gift,upcycled gift,wine theme gift
New Years  Themed Wine  Glass Markers with storage bag (Set of 10),https://www.etsy.com/listing/4403104755/new-years-themed-wine-glass-markers-with,MaisonCharms,https://www.etsy.com/shop/MaisonCharms,16.00,0,0,0,9,2,6 Mo.,15,0,205,Home & Living,94,0,4.39,784,"wine glass charms,hostess gift,wine gift,wine themed gift,wine markers,drink charms,wine accessories,wine party favor,wine gift idea,housewarming gift,new years wine glass,new years charms,stocking stuffer",wine glass charms,hostess gift,wine gift,wine themed gift,wine markers,drink charms,wine accessories,wine party favor,wine gift idea,housewarming gift,new years wine glass,new years charms,stocking stuffer
Starfish Pewter Whisky Tumbler | Starfish Engraved Glass | Hand Engraved Starfish Tumbler | Handcrafted by A E Williams Pewter,https://www.etsy.com/listing/4330105905/starfish-pewter-whisky-tumbler-starfish,AEWilliamsEst1779,https://www.etsy.com/shop/AEWilliamsEst1779,40.27,0,0,0,0,0,10 Mo.,2,0,25,Home & Living,38,0,0.0,6010,"starfish wine glass,beach themed gifts,starfish gifts,starfish lovers,beach house cups,starfish themed gift,beach wine glass,gift for beach bum,tidal pools,beach lover,housewarming gifts,loves to fish,ocean lovers",starfish wine glass,beach themed gifts,starfish gifts,starfish lovers,beach house cups,starfish themed gift,beach wine glass,gift for beach bum,tidal pools,beach lover,housewarming gifts,loves to fish,ocean lovers
Wine themed Coaster Sets of 4 | Farmhouse Style Drinkware Decor | Wine Lover Gift  | Geometric Low Poly Artwork for Wine Nights,https://www.etsy.com/listing/4442414183/wine-themed-coaster-sets-of-4-farmhouse,uvMake,https://www.etsy.com/shop/uvMake,11.99,0,0,0,0,0,3 Mo.,0,0,27,Home & Living,7,0,0.0,369,"housewarming gift,rustic home decor,bar accessories gift,drink coaster set,wine lover gift,gift for wine lovers,wine themed decor,wine lover gift set,gift for wine night,wine coasters set,wine tasting gift,wine night decor,wine coaster",housewarming gift,rustic home decor,bar accessories gift,drink coaster set,wine lover gift,gift for wine lovers,wine themed decor,wine lover gift set,gift for wine night,wine coasters set,wine tasting gift,wine night decor,wine coaster
"Handmade Resin Wine Stopper: Ocean Theme with Seashells, Starfish, Moss & Mother of Pearl Housewarming Gift for Beach Lovers",https://www.etsy.com/listing/1514113614/handmade-resin-wine-stopper-ocean-theme,ElenasBoutiqueStudio,https://www.etsy.com/shop/ElenasBoutiqueStudio,25.00,0,0,0,28,13,34 Mo.,44,0,2908,Home & Living,91,33,0.96,528,"wine stoppers,bottle accessories,wine lover gift,ocean theme design,barware accessories,seashells stopper,bottle cork plugs,beach wine stoppers,beach wedding favor,sea theme wine gift,wine accessories,seashell bottle cork,resin art stopper",wine stoppers,bottle accessories,wine lover gift,ocean theme design,barware accessories,seashells stopper,bottle cork plugs,beach wine stoppers,beach wedding favor,sea theme wine gift,wine accessories,seashell bottle cork,resin art stopper
Wine Country Waffle Weave Kitchen Towel,https://www.etsy.com/listing/1799953402/wine-country-waffle-weave-kitchen-towel,SoulfullySewnByPenni,https://www.etsy.com/shop/SoulfullySewnByPenni,13.00,0,0,0,0,0,19 Mo.,0,0,10,Home & Living,109,0,0.0,815,"wine,kitchen towel,waffle weave towel,hostess gift,housewarming gift,bridal shower gift,wine theme,wine theme towel,wine country",wine,kitchen towel,waffle weave towel,hostess gift,housewarming gift,bridal shower gift,wine theme,wine theme towel,wine country,--,--,--,--
"Rose All Day Ruffle Half Apron, Vendor Garden Barista Apron",https://www.etsy.com/listing/1442431481/rose-all-day-ruffle-half-apron-vendor,CedarandStitches,https://www.etsy.com/shop/CedarandStitches,35.00,0,0,0,0,0,38 Mo.,2,0,72,,164,0,0.0,738,"funny,ruffled apron,retro apron,vintage style,vendor apron,garden apron,half apron,plant care apron,hand made apron,handmade gift women,house warming gift,dog,wine theme",funny,ruffled apron,retro apron,vintage style,vendor apron,garden apron,half apron,plant care apron,hand made apron,handmade gift women,house warming gift,dog,wine theme
"Massachusetts Wine Glass Charms, Hostess Gift Ideas, Cocktail Party Accessories, Massachusetts Themed Gift",https://www.etsy.com/listing/645053791/massachusetts-wine-glass-charms-hostess,LifeBaubles,https://www.etsy.com/shop/LifeBaubles,18.95,0,0,0,87,13,92 Mo.,50,0,1219,Home & Living,120,0,7.14,6966,"wine gifts,boston themed gift,massachusetts state,new england themed,massachusetts theme,boston souvenir,massachusetts gift,wine glass charms,hostess gift,wine charms,best hostess gift,housewarming gifts,party favors",wine gifts,boston themed gift,massachusetts state,new england themed,massachusetts theme,boston souvenir,massachusetts gift,wine glass charms,hostess gift,wine charms,best hostess gift,housewarming gifts,party favors
"Delaware Wine Glass Charms, Hostess Gift Ideas, Delaware Themed Gift, Wine Lover Gift, Wine Gift",https://www.etsy.com/listing/862700120/delaware-wine-glass-charms-hostess-gift,LifeBaubles,https://www.etsy.com/shop/LifeBaubles,18.95,0,0,0,26,4,68 Mo.,6,0,169,Home & Living,120,0,15.38,6966,"wine gifts,delaware state,delaware gift,delaware theme,delaware souvenir,delaware themed gift,hostess gift ideas,wine glass charms,hostess gift,wine charms,housewarming gifts,party favors",wine gifts,delaware state,delaware gift,delaware theme,delaware souvenir,delaware themed gift,hostess gift ideas,wine glass charms,hostess gift,wine charms,housewarming gifts,party favors,--
"South Dakota Wine Glass Charms, Hostess Gift Ideas",https://www.etsy.com/listing/1205091779/south-dakota-wine-glass-charms-hostess,LifeBaubles,https://www.etsy.com/shop/LifeBaubles,18.95,0,0,0,0,0,50 Mo.,3,0,38,Home & Living,120,0,0.0,6966,"south dakota gift,dakota souvenir,south dakota souveni,south dakota state,south dakota themed,wine gifts,wine glass charms,wine glass charm,hostess gift,wine charms,housewarming gifts,party favors",south dakota gift,dakota souvenir,south dakota souveni,south dakota state,south dakota themed,wine gifts,wine glass charms,wine glass charm,hostess gift,wine charms,housewarming gifts,party favors,--
Handmade Marble Horse Wine Rack: Gold Animal Sculpture,https://www.etsy.com/listing/1394442369/handmade-marble-horse-wine-rack-gold,SRSdizayn,https://www.etsy.com/shop/SRSdizayn,119.00,0,0,0,0,0,40 Mo.,3,0,297,Home & Living,43,0,0.0,804,"housewarming gift,wedding gift,office decor,sculpture,anniversary gift,house decor,roma art,bottle holder,gold sculpture,wine holder,horse statue,wine rack,horse themed",housewarming gift,wedding gift,office decor,sculpture,anniversary gift,house decor,roma art,bottle holder,gold sculpture,wine holder,horse statue,wine rack,horse themed
"Love Themed Wine Glass Charms, Valentine&#39;s Day Gift",https://www.etsy.com/listing/490726580/heart-shaped-wine-glass-charms,LifeBaubles,https://www.etsy.com/shop/LifeBaubles,18.95,0,0,0,47,7,112 Mo.,41,0,725,Home & Living,120,0,6.48,6966,"wine gifts,engagement party,anniversary party,valentine gift,heart themed gift,love themed gift,valentine's day,heart charms,wine glass charm,hostess gift,wine charms,housewarming gifts,party favors",wine gifts,engagement party,anniversary party,valentine gift,heart themed gift,love themed gift,valentine's day,heart charms,wine glass charm,hostess gift,wine charms,housewarming gifts,party favors
"Hawaii Wine Glass Charms, Hostess Gift Ideas, Hawaii Themed Gift, Wine Lover Gift, Wine Gift",https://www.etsy.com/listing/558195108/hawaii-wine-glass-charms-hostess-gift,LifeBaubles,https://www.etsy.com/shop/LifeBaubles,18.95,0,0,0,47,7,102 Mo.,50,0,925,Home & Living,120,0,5.08,6966,"wine gifts,hawaii state,hawaii themed gift,hawaii wine charms,hostess gift ideas,wine glass charms,gifts for him,wine charms,retirement gift,housewarming gifts,party favors",wine gifts,hawaii state,hawaii themed gift,hawaii wine charms,hostess gift ideas,wine glass charms,gifts for him,wine charms,retirement gift,housewarming gifts,party favors,--,--
Etched Elephant Stemless Wine Glass: Baby Elephant Gift,https://www.etsy.com/listing/528675021/etched-elephant-stemless-wine-glass-baby,StoneEffectsMD,https://www.etsy.com/shop/StoneEffectsMD,15.95,0,0,0,25,5,108 Mo.,24,0,631,Home & Living,162,0,3.96,26855,"wine glass wedding,stemless wine glass,etched wine glasses,housewarming gift,elephant gift,animal wine glasses,wildlife elephant,elephant theme,baby elephant,etched engraved,fun elephant,new mom,her mom mother",wine glass wedding,stemless wine glass,etched wine glasses,housewarming gift,elephant gift,animal wine glasses,wildlife elephant,elephant theme,baby elephant,etched engraved,fun elephant,new mom,her mom mother
Lobster Coaster: Hand-Painted Ceramic Sea Creature Coaster Set,https://www.etsy.com/listing/1784918832/lobster-coaster-hand-painted-ceramic-sea,ByJoCraftsArt,https://www.etsy.com/shop/ByJoCraftsArt,9.46,0,0,0,6,2,20 Mo.,8,0,86,Home & Living,72,0,6.98,10165,"ceramic coasters,hand painted designs,coffee coasters,wine coasters,housewarming gift,home decor,set of 4,under the sea,sea themed coaster,sea coasters,quirky sea coasters,lobster coaster,lobster",ceramic coasters,hand painted designs,coffee coasters,wine coasters,housewarming gift,home decor,set of 4,under the sea,sea themed coaster,sea coasters,quirky sea coasters,lobster coaster,lobster
Crochet Autumn Leaf Wine Cozy Pattern • Beginner Tutorial (PDF),https://www.etsy.com/listing/4401381290/crochet-wine-cozy-pattern-pdf-autumn,RachelRileyCrochet,https://www.etsy.com/shop/RachelRileyCrochet,3.50,0,0,0,0,0,6 Mo.,5,0,34,Home & Living,102,0,0.0,447,"wine bottle cover,olive oil cozy,crochet bottle bag,easy crochet gifts,housewarming present,reusable wine wrap,pumpkin themed decor,wine lover gifts,gifts for winos,easy crochet pdf,thanksgiving pattern,fall crochet pattern,autumn crochet easy",wine bottle cover,olive oil cozy,crochet bottle bag,easy crochet gifts,housewarming present,reusable wine wrap,pumpkin themed decor,wine lover gifts,gifts for winos,easy crochet pdf,thanksgiving pattern,fall crochet pattern,autumn crochet easy
"Funny Wine Lover&#39;s Magnet, Humorous Vintage Style Decor for Home or Office",https://www.etsy.com/listing/4373533220/funny-wine-lovers-magnet-humorous,ThatNaughtySquirrel,https://www.etsy.com/shop/ThatNaughtySquirrel,11.49,0,0,0,3,1,8 Mo.,5,0,53,Home & Living,83,0,5.66,1094,"funny kitchen decor,humorous magnets,wine lover gift,wine themed gift,gifts for friends,gift for him her,greeting card insert,birthday christmas,stocking stuffers,housewarming gift,drinking adult humor,vintage woman photo,magnets for women",funny kitchen decor,humorous magnets,wine lover gift,wine themed gift,gifts for friends,gift for him her,greeting card insert,birthday christmas,stocking stuffers,housewarming gift,drinking adult humor,vintage woman photo,magnets for women
Assorted Flower and Bee Candle Wine Base Round 5″ Decorative Home Candle Décor Floral Sunflower Design Natural Accent Gift for Living Room,https://www.etsy.com/listing/4464963330/assorted-flower-and-bee-candle-wine-base,BeesLightCandles,https://www.etsy.com/shop/BeesLightCandles,49.95,0,0,0,0,0,2 Mo.,1,0,31,Home & Living,90,0,0.0,46758,"floral candle base,bee home accent,decorative wine base,botanical piece,tabletop ornament,nature inspired gift,honey bee motif,nature inspired,shelf styling item,accent tabletop,cottage chic accent,garden themed,housewarm keepsake",floral candle base,bee home accent,decorative wine base,botanical piece,tabletop ornament,nature inspired gift,honey bee motif,nature inspired,shelf styling item,accent tabletop,cottage chic accent,garden themed,housewarm keepsake
Wine Glass Ornament,https://www.etsy.com/listing/1783621162/wine-glass-ornament,PurpleBasset,https://www.etsy.com/shop/PurpleBasset,12.00,0,0,0,0,0,20 Mo.,1,0,10,Home & Living,116,0,0.0,4480,"purplebasset,wine glass ornament,wine lover,home decor,house warming,hostess gift,office decor,mini sweater,sweater ornament,wine theme,wine gift,wine glass",purplebasset,wine glass ornament,wine lover,home decor,house warming,hostess gift,office decor,mini sweater,sweater ornament,wine theme,wine gift,wine glass,--
"Wine Glass Ornament, Mini Christmas Sweater Ornament w wine glass applique",https://www.etsy.com/listing/1029814056/wine-glass-ornament-mini-christmas,PurpleBasset,https://www.etsy.com/shop/PurpleBasset,12.00,0,0,0,0,0,59 Mo.,2,0,14,Home & Living,116,0,0.0,4480,"purplebasset,wine glass ornament,wine lover,home decor,house warming,hostess gift,office decor,mini sweater,sweater ornament,wine theme,wine gift,wine glass",purplebasset,wine glass ornament,wine lover,home decor,house warming,hostess gift,office decor,mini sweater,sweater ornament,wine theme,wine gift,wine glass,--
"It&#39;s 5 o&#39;clock Somewhere embroidered towel, lavender towel, wine lover&#39;s towel, cocktail towel, funny kitchen towel",https://www.etsy.com/listing/456982902/its-5-oclock-somewhere-embroidered-towel,SharisSudsNStuff,https://www.etsy.com/shop/SharisSudsNStuff,19.98,0,0,0,4,1,117 Mo.,4,0,172,Home & Living,205,0,2.33,1510,"soy wax tarts,29 forever soaps,29forever soaps,5 o'clock somewhere,wedding shower gift,birthday gift,housewarming gift,christmas towel,5'clock somewhere,wine themed towel,happy hour towel,gift for girlfriend,50th birthday woman",soy wax tarts,29 forever soaps,29forever soaps,5 o'clock somewhere,wedding shower gift,birthday gift,housewarming gift,christmas towel,5'clock somewhere,wine themed towel,happy hour towel,gift for girlfriend,50th birthday woman
Wine Not Wall Art Canvas | Trendy Drinks Home Decor;Living Room  | Winer Lover Gift,https://www.etsy.com/listing/4363156920/wine-not-wall-art-canvas-trendy-drinks,ForeverSundayClub,https://www.etsy.com/shop/ForeverSundayClub,30.33,0,0,0,0,0,8 Mo.,0,0,4,Home & Living,13,0,0.0,52,"wine wall art,canvas decor,home bar art,wine lovers art,funny wine print,cheers wall art,gift for wine lovers,colorful wall decor,wine not canvas,kitchen wall art,housewarming gift,wine theme decor,wine party decor",wine wall art,canvas decor,home bar art,wine lovers art,funny wine print,cheers wall art,gift for wine lovers,colorful wall decor,wine not canvas,kitchen wall art,housewarming gift,wine theme decor,wine party decor
Funny Wine Lovers Pillow Home Decor,https://www.etsy.com/listing/4462111246/funny-wine-lovers-pillow-home-decor,DMWineByKaren,https://www.etsy.com/shop/DMWineByKaren,25.00,0,0,0,0,0,3 Mo.,0,0,3,Home & Living,10,0,0.0,0,"wine lover pillow,funny wine pillow,wine gift pillow,housewarming pillow,wine themed decor,kitchen wine decor,wine accessory gift,gifts for her,gifts for him,wine night decor,cozy living room,bar cart pillow,wine party favor",wine lover pillow,funny wine pillow,wine gift pillow,housewarming pillow,wine themed decor,kitchen wine decor,wine accessory gift,gifts for her,gifts for him,wine night decor,cozy living room,bar cart pillow,wine party favor
Abstract Wine Glasses Canvas Wall Art - Modern Colourful Artwork for Dining Room or Kitchen - Framed Contemporary Decor,https://www.etsy.com/listing/4371122812/abstract-wine-glasses-canvas-wall-art,TheArtPoint,https://www.etsy.com/shop/TheArtPoint,26.84,0,0,0,3,1,8 Mo.,1,0,48,Art & Collectibles,48,0,6.25,526,"housewarming gift,wine picture,kitchen wall prints,abstract wall art,dining room decor,modern canvas art,wine themed decor,elegant wall decor,vibrant,party theme,picture for kitchen,multicolour,colourful and bright",housewarming gift,wine picture,kitchen wall prints,abstract wall art,dining room decor,modern canvas art,wine themed decor,elegant wall decor,vibrant,party theme,picture for kitchen,multicolour,colourful and bright
Stop and Smell the Rose Doormat | Funny Wine Doormat | Welcome Home Front Doormat | Stop and Smell the Roses |Outdoor Wine Themed Decor,https://www.etsy.com/listing/1003096644/stop-and-smell-the-rose-doormat-funny,EmTaylorDesignCo,https://www.etsy.com/shop/EmTaylorDesignCo,40.00,0,0,0,0,0,60 Mo.,4,0,68,,66,0,0.0,3132,"emtaylordesignco,em taylor design co,em taylor designs,emtaylordesigns,wine themed doormat,colorful doormats,funny doormat saying,welcome home mat,welcome doormat,housewarming gifts,newlywed gifts,home sweet home,mothers day gifts",emtaylordesignco,em taylor design co,em taylor designs,emtaylordesigns,wine themed doormat,colorful doormats,funny doormat saying,welcome home mat,welcome doormat,housewarming gifts,newlywed gifts,home sweet home,mothers day gifts
"Green Ribbon Coasters - Set of 4 - Geometric, Ceramic Tile Drink Coasters, Birthday, Christmas, Anniversary, Housewarming, Hostess Gift",https://www.etsy.com/listing/260015248/green-ribbon-coasters-set-of-4-geometric,SandycraftsOnline,https://www.etsy.com/shop/SandycraftsOnline,19.00,0,0,0,0,0,125 Mo.,2,0,36,Home & Living,208,0,0.0,2360,"housewarming gift,birthday gift,secret santa,grab bag gift,gift for grandma,green swirl ribbon,christmas coasters,festive holiday,gift for mom women,green coasters,wine themed bridal,gift for grandmother,geometric coasters",housewarming gift,birthday gift,secret santa,grab bag gift,gift for grandma,green swirl ribbon,christmas coasters,festive holiday,gift for mom women,green coasters,wine themed bridal,gift for grandmother,geometric coasters
"SEA THEME Wine Glass Charms: Goldtone Rings, Set of 8 - 1149Wi",https://www.etsy.com/listing/253598518/sea-theme-wine-glass-charms-goldtone,EarringsBraceletsEtc,https://www.etsy.com/shop/EarringsBraceletsEtc,15.00,0,0,0,0,0,127 Mo.,12,0,62,Home & Living,144,0,0.0,1249,"hostess gift,housewarming gift,christmas gift,goldtone rings,ant silver charms,wine glass charms,sea theme charms,a crab,a jellyfish,a ship's wheel,a starfish,a turtle,an octopus",hostess gift,housewarming gift,christmas gift,goldtone rings,ant silver charms,wine glass charms,sea theme charms,a crab,a jellyfish,a ship's wheel,a starfish,a turtle,an octopus
Frog Wine Bottle Holder Decor -  Bottle holder Display - 3d printed frog - Home Decor Gift Idea,https://www.etsy.com/listing/1527539450/frog-wine-bottle-holder-decor-bottle,AaronsSpot,https://www.etsy.com/shop/AaronsSpot,50.00,0,0,0,18,7,33 Mo.,46,0,1062,Home & Living,41,0,1.69,1803,"quirky home decor,nautical themed,bordeaux display,house warming gift,boho decoration,frog wine holder,ribbit cute bar,stand vino croaker,aarons spot gift,unique toad bullfrog,cabin cottage animal,lake bottle bar fun,enthusiast rack",quirky home decor,nautical themed,bordeaux display,house warming gift,boho decoration,frog wine holder,ribbit cute bar,stand vino croaker,aarons spot gift,unique toad bullfrog,cabin cottage animal,lake bottle bar fun,enthusiast rack
Horse Lover Wine Charms - set of 6 charms,https://www.etsy.com/listing/1475450183/horse-lover-wine-charms-set-of-6-charms,FormerCraft,https://www.etsy.com/shop/FormerCraft,8.95,0,0,0,0,0,36 Mo.,0,0,56,Home & Living,66,0,0.0,1354,"horse lover,horse charm,classy charm,wine party,wine lover,wine glass,horse theme,party gift,house warming,wedding gift,wine and cheese,cocktail party,horse ride",horse lover,horse charm,classy charm,wine party,wine lover,wine glass,horse theme,party gift,house warming,wedding gift,wine and cheese,cocktail party,horse ride
Handcrafted Wine Barrel Stave Glass Holder - Rustic Charm Meets Functionality,https://www.etsy.com/listing/4387786985/handcrafted-wine-barrel-stave-glass,VinspiredGifts,https://www.etsy.com/shop/VinspiredGifts,42.00,0,0,0,0,0,7 Mo.,0,0,6,Home & Living,10,0,0.0,28,"wine bottle holder,wine glass holder,wine accessory,entertaining,rustic home decor,vineyard inspired,nature themed gift,wood decor,housewarming gift,wedding gift,artisanal gift,handcrafted decor,wine butler",wine bottle holder,wine glass holder,wine accessory,entertaining,rustic home decor,vineyard inspired,nature themed gift,wood decor,housewarming gift,wedding gift,artisanal gift,handcrafted decor,wine butler
Glass Desert Cactus Themed Stemless Wine Glass - Yellow and Green - Mom Gift - Hand painted - Housewarming - Hostess - Texas,https://www.etsy.com/listing/1245724293/glass-desert-cactus-themed-stemless-wine,RusticAndRoseTexas,https://www.etsy.com/shop/RusticAndRoseTexas,27.50,0,0,0,8,2,47 Mo.,21,0,267,Home & Living,151,0,3.0,7473,"cactus theme,desert theme,cactus wine glass,desert glass,desert tumbler,desert wine glass,painted wine glass,hand painted wine,stemless wine glass,mothers day gift,mother gift,hostess gift,housewarming gift",cactus theme,desert theme,cactus wine glass,desert glass,desert tumbler,desert wine glass,painted wine glass,hand painted wine,stemless wine glass,mothers day gift,mother gift,hostess gift,housewarming gift
"Personalized Hard wold Baseball Coaster any Name and Number, Baseball Design Coasters for Protecting Surfaces, Christmas Gift",https://www.etsy.com/listing/1833131061/personalized-hard-wold-baseball-coaster,handmadesupplyer,https://www.etsy.com/shop/handmadesupplyer,19.99,0,0,0,0,0,19 Mo.,0,0,180,Home & Living,142,0,0.0,52694,"baseball themed gift,dad gifts,gifts from daughter,fathers day gifts,gifts for him,coaches gift,baseball gift,baseball lovers gift,housewarming gift,coffee coasters,tea  coasters,wine coasters,whisky coasters",baseball themed gift,dad gifts,gifts from daughter,fathers day gifts,gifts for him,coaches gift,baseball gift,baseball lovers gift,housewarming gift,coffee coasters,tea  coasters,wine coasters,whisky coasters
Upcycled Monopoly Plastic Coin Tokens Wine Charms Set of 9,https://www.etsy.com/listing/4353831031/upcycled-monopoly-plastic-coin-tokens,CrapBagBananaHammock,https://www.etsy.com/shop/CrapBagBananaHammock,10.00,0,0,0,0,0,10 Mo.,3,0,39,Home & Living,85,0,0.0,9799,"wine charms,upcycled wine charms,conversation starter,theme bar,teacher gift,upcycled game,unique gift,housewarming,monopoly,monopoly wine charms,home gift,first home",wine charms,upcycled wine charms,conversation starter,theme bar,teacher gift,upcycled game,unique gift,housewarming,monopoly,monopoly wine charms,home gift,first home,--
"Wine & Cheese Night Cutting Board, Abstract Kitchen Decor, Gift for Home Chef, Christmas Gift Idea, Household Must Have, Cooking Essential",https://www.etsy.com/listing/4514743177/wine-cheese-night-cutting-board-abstract,IZYMRKT,https://www.etsy.com/shop/IZYMRKT,18.99,0,0,0,0,0,1 Mo.,0,0,0,Home & Living,9,0,0.0,303,"glass cutting,cheese board,wine kitchen,cheese lover,charcuterie art,kitchen decor,serving tray,entertaining gift,housewarming,culinary gift,party hostess,gourmet theme,dinner party",glass cutting,cheese board,wine kitchen,cheese lover,charcuterie art,kitchen decor,serving tray,entertaining gift,housewarming,culinary gift,party hostess,gourmet theme,dinner party
Floral Stem Glass Charms,https://www.etsy.com/listing/4488098550/floral-stem-glass-charms,HGCraftsByHeidi,https://www.etsy.com/shop/HGCraftsByHeidi,18.00,0,0,0,0,0,2 Mo.,0,0,9,Home & Living,34,0,0.0,12,"flower lovers,garden theme,wine lover gifts,drink tags,handmade gift,unique gift,glass ring,drink markers,wine charms,hostess gift,mothers day gift,housewarming gift,wedding gift",flower lovers,garden theme,wine lover gifts,drink tags,handmade gift,unique gift,glass ring,drink markers,wine charms,hostess gift,mothers day gift,housewarming gift,wedding gift
Grape Vine Metal Wall Clock: Silent Wine Decor,https://www.etsy.com/listing/1892475520/grape-vine-metal-wall-clock-silent-wine,YunosMetalWallClocks,https://www.etsy.com/shop/YunosMetalWallClocks,92.72,0,0,0,0,0,7 Mo.,3,0,120,Home & Living,8,0,0.0,489,"wine wall clock,metal wall clock,grape wall decor,silent wall clock,wine lover gift,black metal art,unique wall clock,vineyard theme art,bar decor clock,kitchen wall clock,dining room decor,sommelier gift idea,housewarming gift",wine wall clock,metal wall clock,grape wall decor,silent wall clock,wine lover gift,black metal art,unique wall clock,vineyard theme art,bar decor clock,kitchen wall clock,dining room decor,sommelier gift idea,housewarming gift
"Wooden wine rack ornaments, creative tilted bottle holder, modern minimalist wine storage décor",https://www.etsy.com/listing/1870816095/wooden-wine-rack-ornaments-creative,AstraSync,https://www.etsy.com/shop/AstraSync,46.58,0,0,0,0,0,10 Mo.,1,0,62,Home & Living,14,0,0.0,126,"gift for wine lovers,wine gift for her,wine wedding gift,portable wine table,wine themed gift,wine bottle holder,gift for mothers day,wine rack new home,housewarming gift,wine rack free stand,wooden wine rack,wine rack wood,gift for valentines",gift for wine lovers,wine gift for her,wine wedding gift,portable wine table,wine themed gift,wine bottle holder,gift for mothers day,wine rack new home,housewarming gift,wine rack free stand,wooden wine rack,wine rack wood,gift for valentines
"Huge Glass of Wine Ceramic Mug | Funny Gift for Wine Lovers | Birthday, Housewarming, Coffee, and Tea Cup",https://www.etsy.com/listing/1821905086/huge-glass-of-wine-ceramic-mug-funny,MindfulCraftedPrints,https://www.etsy.com/shop/MindfulCraftedPrints,19.88,0,0,0,0,0,16 Mo.,0,0,3,Home & Living,17,0,0.0,214,"huge glass of wine,ceramic wine mug,wine lover gift,wine humor coffee,wine-themed ceramic,housewarming gift,unique wine mug,funny coffee mug,funny tea mug,large wine mug gift,gift for wine lovers,wine mug for coffee,humorous ceramic mug",huge glass of wine,ceramic wine mug,wine lover gift,wine humor coffee,wine-themed ceramic,housewarming gift,unique wine mug,funny coffee mug,funny tea mug,large wine mug gift,gift for wine lovers,wine mug for coffee,humorous ceramic mug
"Laser engraved bee and wreath wine glass, Bee themed gift, 16 oz",https://www.etsy.com/listing/1054081009/laser-engraved-bee-and-wreath-wine-glass,ElysianAtmosphereLLC,https://www.etsy.com/shop/ElysianAtmosphereLLC,20.00,0,0,0,9,3,55 Mo.,12,0,218,Home & Living,55,0,4.13,343,"bee wine glass,bee wedding decor,wedding gift set,housewarming gift,unique wine glass,farmhouse wine glass,nature wine glass,gardening wine glass,gardener gift,bee decor,bee barware,honey bee glass,bee theme decor",bee wine glass,bee wedding decor,wedding gift set,housewarming gift,unique wine glass,farmhouse wine glass,nature wine glass,gardening wine glass,gardener gift,bee decor,bee barware,honey bee glass,bee theme decor
"Coastal Serenity Bottle Opener - Nautical Beach Decor, Perfect Gift for Beach Lovers, Housewarming, Coastal Kitchen",https://www.etsy.com/listing/1892186372/coastal-serenity-bottle-opener-nautical,RustyHookArtStudio,https://www.etsy.com/shop/RustyHookArtStudio,10.99,0,0,0,0,0,13 Mo.,0,0,2,Home & Living,28,0,0.0,93,"coastal decor gift,unique bottle opener,rustic barware gift,ocean theme gift,wine and beer opener,home bar essentials,gift for him,fathers day gift,housewarming gift,decorative opener,functional art piece",coastal decor gift,unique bottle opener,rustic barware gift,ocean theme gift,wine and beer opener,home bar essentials,gift for him,fathers day gift,housewarming gift,decorative opener,functional art piece,--,--
Embroidered Princess Wine Kitchen Towel: Funny Home Decor Gift,https://www.etsy.com/listing/1096356106/embroidered-princess-wine-kitchen-towel,BouillionsCreations,https://www.etsy.com/shop/BouillionsCreations,10.00,0,0,0,0,0,55 Mo.,1,0,13,Home & Living,204,0,0.0,359,"princess themed,kitchen décor,housewarming gift,hand towel,bathroom decor,stocking stuffer,princess lover,wine lover,gift for women,home gifts,funny dish towel,apartmentwarminggift,funny tea towel",princess themed,kitchen décor,housewarming gift,hand towel,bathroom decor,stocking stuffer,princess lover,wine lover,gift for women,home gifts,funny dish towel,apartmentwarminggift,funny tea towel
Rose/Wine/Funny Bar Towel/ Housewarming/ Microfiber Towel/ Alcohol Themed Towel/Gift for Her/ Gift for Him/ Barware,https://www.etsy.com/listing/1647713894/rosewinefunny-bar-towel-housewarming,Barleaux,https://www.etsy.com/shop/Barleaux,14.95,0,0,0,0,0,28 Mo.,1,0,112,Home & Living,65,0,0.0,230,"funny bar towel,housewarming gift,microfiber towel,alcohol themed towel,gift for her,gift for him,barware,fun barware,rose wine,wine towel,microfiber,kitchen towels,hostess gift",funny bar towel,housewarming gift,microfiber towel,alcohol themed towel,gift for her,gift for him,barware,fun barware,rose wine,wine towel,microfiber,kitchen towels,hostess gift
"Laser engraved Maidenhair fern wine glass, Fern themed gift, 16 oz",https://www.etsy.com/listing/1053527307/laser-engraved-maidenhair-fern-wine,ElysianAtmosphereLLC,https://www.etsy.com/shop/ElysianAtmosphereLLC,20.00,0,0,0,0,0,55 Mo.,1,0,72,Home & Living,55,0,0.0,343,"maidenhair fern,unique wine glass,housewarming gift,wedding gift,fern theme,houseplant glass,houseplant decor,16 oz wine glass,botanical barware,nature aesthetic,plant lover,stemmed barware,fern accessorie",maidenhair fern,unique wine glass,housewarming gift,wedding gift,fern theme,houseplant glass,houseplant decor,16 oz wine glass,botanical barware,nature aesthetic,plant lover,stemmed barware,fern accessorie
"Laser engraved Northern Spleenwort fern wine glass, Fern themed gift, 16 oz",https://www.etsy.com/listing/1053531621/laser-engraved-northern-spleenwort-fern,ElysianAtmosphereLLC,https://www.etsy.com/shop/ElysianAtmosphereLLC,20.00,0,0,0,0,0,55 Mo.,1,0,39,Home & Living,55,0,0.0,343,"unique wine glass,fern theme,fern wedding,wedding gift,housewarming gift,plant decor,plant wine glass,16 oz wine glass,spleenwort,nature aesthetic,fern wine glass,botanical barware,engraved barware",unique wine glass,fern theme,fern wedding,wedding gift,housewarming gift,plant decor,plant wine glass,16 oz wine glass,spleenwort,nature aesthetic,fern wine glass,botanical barware,engraved barware
Custom Grape LED Metal Wall Art: Personalized Home Decor,https://www.etsy.com/listing/1876964387/custom-grape-led-metal-wall-art,FlameRise,https://www.etsy.com/shop/FlameRise,107.00,0,0,0,0,0,11 Mo.,1,0,26,Home & Living,17,0,0.0,375,"custom grape light,metal wall art gift,wine decor,kitchen wall art,bar wall decor,housewarming gift,grape vine art,dining room decor,led light art,metal grape art,wine lover gift,unique wall hanging,wine themed decor",custom grape light,metal wall art gift,wine decor,kitchen wall art,bar wall decor,housewarming gift,grape vine art,dining room decor,led light art,metal grape art,wine lover gift,unique wall hanging,wine themed decor
"Champagne Bottle Oyster Shell Wine Stopper - Unique Hostess Gifts, Beach Themed Wedding Gift, Bridesmaid Gifts, Housewarming Gift",https://www.etsy.com/listing/4311418989/champagne-bottle-oyster-shell-wine,Coastalcorked,https://www.etsy.com/shop/Coastalcorked,24.95,0,0,0,0,0,9 Mo.,1,0,5,Home & Living,13,0,0.0,8,"",--,--,--,--,--,--,--,--,--,--,--,--,--
Summer Wine Charms/ Nautical Baby Shower / Wine Tags / Womens Gift / Gift Under 20,https://www.etsy.com/listing/471233572/summer-wine-charms-nautical-baby-shower,GroupTherapyWine,https://www.etsy.com/shop/GroupTherapyWine,10.00,0,0,0,0,0,115 Mo.,112,0,167,Home & Living,142,0,0.0,3468,"gift for her,boy baby shower,nautical theme,baby shower favors,wine accessories,wine lover gift,wine gifts,wine glass charms,gift for women,house warming gift,gift for teacher,travel gift,gift hostess",gift for her,boy baby shower,nautical theme,baby shower favors,wine accessories,wine lover gift,wine gifts,wine glass charms,gift for women,house warming gift,gift for teacher,travel gift,gift hostess
"Handcrafted Seashell  Wine Glass,Coastal Beach Ocean Drinkware,Nautical Housewarming Hostess Gift, Handmade Coastal Themed Drinking Glass.",https://www.etsy.com/listing/4492064710/handcrafted-seashell-wine-glasscoastal,AnongrakTidthong,https://www.etsy.com/shop/AnongrakTidthong,117.40,0,0,0,0,0,1 Mo.,1,0,1,Pet Supplies,5,0,0.0,0,"real seashell glass,handcrafted wine cup,beach wedding decor,nautical barware,conch shell cup,bridesmaid gift idea,unique hostess gift,ocean themed gift,coastal home decor,shell drinkware,mermaid birthday gift,boho table setting,nature inspired decor",real seashell glass,handcrafted wine cup,beach wedding decor,nautical barware,conch shell cup,bridesmaid gift idea,unique hostess gift,ocean themed gift,coastal home decor,shell drinkware,mermaid birthday gift,boho table setting,nature inspired decor
"Murex Shell Wine Bottle Stopper,Natural Spiral Sea Shell, Coastal Beach Decor,Wedding Favor, Unique Bridal Gift, Ocean Lover Housewarming.",https://www.etsy.com/listing/4477902180/murex-shell-wine-bottle-stoppernatural,AnongrakTidthong,https://www.etsy.com/shop/AnongrakTidthong,114.57,0,0,0,0,0,2 Mo.,0,0,3,Pet Supplies,5,0,0.0,0,"murex shell wine stopper,spiral sea shell wine cork,coastal kitchen decor,nautical wedding favor,unique bridal shower gift,beach themed bottle stopper,ocean lover housewarming,handmade wine stopper,silver seashell decor,destination wedding favor,coastal bar accessories,genuine shell wine stopper,coastal hostess gift",murex shell wine stopper,spiral sea shell wine cork,coastal kitchen decor,nautical wedding favor,unique bridal shower gift,beach themed bottle stopper,ocean lover housewarming,handmade wine stopper,silver seashell decor,destination wedding favor,coastal bar accessories,genuine shell wine stopper,coastal hostess gift
Rare Vintage Les Etains du Manoir Paris France Tastevins -  Playing  Cards Themed,https://www.etsy.com/listing/4414038911/rare-vintage-les-etains-du-manoir-paris,MaimaiCollectible,https://www.etsy.com/shop/MaimaiCollectible,170.97,0,0,0,5,1,6 Mo.,33,0,377,Home & Living,16,30,1.33,268,"unique vintage gift,vintage collectibles,housewarming gift,mid century glasses,midcentury coffee,vintage cups metal,christofle tastevin,christofle sommelier,christofle wine tast,les etains du manoir,playing card theme,vintage home decor,gifts for him",unique vintage gift,vintage collectibles,housewarming gift,mid century glasses,midcentury coffee,vintage cups metal,christofle tastevin,christofle sommelier,christofle wine tast,les etains du manoir,playing card theme,vintage home decor,gifts for him
Handmade Wine Bottle & Glass Wall Decor - Kitchen Art,https://www.etsy.com/listing/1669700698/handmade-wine-bottle-glass-wall-decor,RenartgiftsRG,https://www.etsy.com/shop/RenartgiftsRG,17.33,0,0,0,0,0,27 Mo.,32,0,405,Home & Living,43,0,0.0,2768,"elegant wine decor,kitchen decor,housewarming gift,dining room wall art,wine lover gift,glass bottle set,wine bottle art,wine themed decor,farmhouse decor,wine drinker bar art,kitchen signs,restaurant sign,barware gift",elegant wine decor,kitchen decor,housewarming gift,dining room wall art,wine lover gift,glass bottle set,wine bottle art,wine themed decor,farmhouse decor,wine drinker bar art,kitchen signs,restaurant sign,barware gift
"At The Lake We Do Beer Thirty & Wine O&#39;Clock, lake life, lake house, Lake House Decor, Housewarming Gift, Lake Themed Home Decor",https://www.etsy.com/listing/1369371424/at-the-lake-we-do-beer-thirty-wine,BACKROADWOODWEAR,https://www.etsy.com/shop/BACKROADWOODWEAR,28.59,0,0,0,0,0,40 Mo.,1,0,63,Home & Living,73,0,0.0,993,"lake house gifts,housewarming gift,lake,cabin,home decor,beer thirty,wine at lake,lake art,lake house sign,lake decor,lake house,lake cottage,cottage decor",lake house gifts,housewarming gift,lake,cabin,home decor,beer thirty,wine at lake,lake art,lake house sign,lake decor,lake house,lake cottage,cottage decor
Wine Bar Rustic Word Art Sign Home Kitchen Decor Wall Hanging Cursive Script Typography Decal Cutout 8&quot; x 3 3/8&quot; x 1/8&quot;,https://www.etsy.com/listing/1713048547/wine-bar-rustic-word-art-sign-home,TexasSignAndStyle,https://www.etsy.com/shop/TexasSignAndStyle,11.00,0,0,0,0,0,25 Mo.,1,0,44,Home & Living,200,0,0.0,1877,"mothers day gift,housewarming gift,farmhouse wall art,wine wall art,wine word art,wine themed decor,gift for wine lovers,vino wall art,wine home decor,wine bar decor,wine bar sign,black wine sign,rustic wine sign",mothers day gift,housewarming gift,farmhouse wall art,wine wall art,wine word art,wine themed decor,gift for wine lovers,vino wall art,wine home decor,wine bar decor,wine bar sign,black wine sign,rustic wine sign
"Camping, happy camper, vacation, trip wine charm set",https://www.etsy.com/listing/847208058/camping-happy-camper-vacation-trip-wine,CharmsAndTreasure,https://www.etsy.com/shop/CharmsAndTreasure,8.00,0,0,0,0,0,69 Mo.,2,0,34,Home & Living,129,0,0.0,599,"theme idea barware,dinnerware table cup,seasonal decorations,travel gift present,fire roast toast,sleeping bag camp,camping camper tent,hostess party favor,wine glass charms,family dinner,realtor fall present,house warming gift,goblet marker",theme idea barware,dinnerware table cup,seasonal decorations,travel gift present,fire roast toast,sleeping bag camp,camping camper tent,hostess party favor,wine glass charms,family dinner,realtor fall present,house warming gift,goblet marker
Beaded Bottle Stoppers,https://www.etsy.com/listing/4434519960/beaded-bottle-stoppers,BusyAsABeadBoutique,https://www.etsy.com/shop/BusyAsABeadBoutique,8.00,0,0,0,0,0,4 Mo.,0,0,20,Home & Living,14,0,0.0,117,"beaded wine stopper,beaded gift,wine stopper,decorative stopper,wine lover gift,housewarming gift,hostess gift,theme park inspired,whiskey saying,paw print,funny drinking quote",beaded wine stopper,beaded gift,wine stopper,decorative stopper,wine lover gift,housewarming gift,hostess gift,theme park inspired,whiskey saying,paw print,funny drinking quote,--,--
"Wine Bag, Blue themed wine bag, dyed pattern, recreation, gift bag, gift, cotton fabric, cloth bag, present bag for wine bottle, watercolor",https://www.etsy.com/listing/1311666213/wine-bag-blue-themed-wine-bag-dyed,NancyGPhotography,https://www.etsy.com/shop/NancyGPhotography,9.99,0,0,0,0,0,44 Mo.,3,0,78,Paper & Party Supplies,135,0,0.0,1896,"home decor,home accents,gift,housewarming,house warming gift,cloth wine bag,designed wine bag,fabric wine bag,winebag,wine bag gift,summer theme,fabric bag,blue dye",home decor,home accents,gift,housewarming,house warming gift,cloth wine bag,designed wine bag,fabric wine bag,winebag,wine bag gift,summer theme,fabric bag,blue dye
"Novelty Cotton Tea Towel with a funny phrase, wine goes in wisdom comes out",https://www.etsy.com/listing/1476325103/novelty-cotton-tea-towel-with-a-funny,neddynibbles,https://www.etsy.com/shop/neddynibbles,14.98,0,0,0,3,1,36 Mo.,5,0,121,Home & Living,205,0,2.48,4855,"tea towel,tea towels,kitchen towel,dish cloth,housewarming gift,kitchen gift,cotton towel,drying up towel,novelty tea towel,wine theme tea towel,red wine stains,wine lover",tea towel,tea towels,kitchen towel,dish cloth,housewarming gift,kitchen gift,cotton towel,drying up towel,novelty tea towel,wine theme tea towel,red wine stains,wine lover,--
Wine Glass Charms-Crystals-Colors- Custom Designed & Special Orders,https://www.etsy.com/listing/1739647278/wine-glass-charms-crystals-colors-custom,TheRusticWitchShoppe,https://www.etsy.com/shop/TheRusticWitchShoppe,18.20,0,0,0,0,0,23 Mo.,0,0,19,Home & Living,98,0,0.0,91,"wine lovers,wine gifts,wine glass charms,hostess gifts,party favors,housewarming gift,wedding favors,unique gifts,bridesmaids gifts,drink charms,crystal charms,themed wine charms,celebrate",wine lovers,wine gifts,wine glass charms,hostess gifts,party favors,housewarming gift,wedding favors,unique gifts,bridesmaids gifts,drink charms,crystal charms,themed wine charms,celebrate
Wine Glass Charms-Crystal Points-Custom Designed & Special Orders,https://www.etsy.com/listing/1744624571/wine-glass-charms-crystal-points-custom,TheRusticWitchShoppe,https://www.etsy.com/shop/TheRusticWitchShoppe,19.20,0,0,0,0,0,23 Mo.,1,0,29,Home & Living,98,0,0.0,91,"wine lovers,wine gifts,wine glass charms,hostess gifts,party favors,housewarming gift,wedding favors,unique gifts,bridesmaids gifts,drink charms,crystal charms,themed wine charms,celebrate",wine lovers,wine gifts,wine glass charms,hostess gifts,party favors,housewarming gift,wedding favors,unique gifts,bridesmaids gifts,drink charms,crystal charms,themed wine charms,celebrate
Wine Theme Ceramic Coaster Set: Decoupage Home Bar Decor,https://www.etsy.com/listing/1675314806/wine-theme-ceramic-coaster-set-decoupage,Muse88Studio,https://www.etsy.com/shop/Muse88Studio,24.00,0,0,0,0,0,26 Mo.,1,0,61,Home & Living,56,0,0.0,156,"handmade coasters,muse88 studio,ceramic tile coaster,decoupage coasters,house warming gift,elegant coasters,birthday gift,elegant home decor,fathers day gift,wine lover gift,wine theme coaster,mans cave decor,home bar decor",handmade coasters,muse88 studio,ceramic tile coaster,decoupage coasters,house warming gift,elegant coasters,birthday gift,elegant home decor,fathers day gift,wine lover gift,wine theme coaster,mans cave decor,home bar decor
Hello Spring/Spring Decor/LED Wine Bottle Cork Light/Rainboots/Flowers Bees Butterflies/Easter Decor/Frosted Glass/Nightlight/Hostess Gift,https://www.etsy.com/listing/1392250876/hello-springspring-decorled-wine-bottle,UNcorkedUPcycled,https://www.etsy.com/shop/UNcorkedUPcycled,26.00,0,0,0,4,2,40 Mo.,6,0,215,,115,0,1.86,573,"fairy lights,housewarming gift,wine bar,wine themed gift,gift for women,welcome spring,painted wine bottle,frosted paint,painted glass,vinyl decals,unique gift",fairy lights,housewarming gift,wine bar,wine themed gift,gift for women,welcome spring,painted wine bottle,frosted paint,painted glass,vinyl decals,unique gift,--,--
"Modern Wine Bottle Holder, Charcuterie Accessories, Eco-Friendly Housewarming Gift and Wine Display, 3D Printed Countertop Kitchen Decor",https://www.etsy.com/listing/1540576001/modern-wine-bottle-holder-charcuterie,RosebudHomeGoods,https://www.etsy.com/shop/RosebudHomeGoods,42.00,0,0,0,0,0,34 Mo.,5,0,99,Home & Living,70,0,0.0,27607,"simple modern decor,wine gift accessory,countertop kitchen,housewarming basket,wine glass coaster,wine bottle holder,charcuterie cups,personalized boards,wine themed kitchen,wine bottle coaster,taylorswift decor,room decor aesthetic,studio ghibli",simple modern decor,wine gift accessory,countertop kitchen,housewarming basket,wine glass coaster,wine bottle holder,charcuterie cups,personalized boards,wine themed kitchen,wine bottle coaster,taylorswift decor,room decor aesthetic,studio ghibli
Stylish Hosting Decor | Wine Bottle Stand & Charcuterie Display | Unique Holiday Gift,https://www.etsy.com/listing/1540582215/stylish-hosting-decor-wine-bottle-stand,RosebudHomeGoods,https://www.etsy.com/shop/RosebudHomeGoods,48.00,0,0,0,5,1,34 Mo.,18,0,739,Home & Living,70,0,0.68,27607,"simple modern decor,wine gift accessory,countertop kitchen,housewarming basket,wine glass coaster,wine bottle holder,charcuterie cups,wine themed kitchen,wine bottle coaster,room decor aesthetic,studio ghibli,hosting decor,holiday hosting gift",simple modern decor,wine gift accessory,countertop kitchen,housewarming basket,wine glass coaster,wine bottle holder,charcuterie cups,wine themed kitchen,wine bottle coaster,room decor aesthetic,studio ghibli,hosting decor,holiday hosting gift
"French Bulldog Print, Funny Dog Wall Art, So Glad You&#39;re Here Poster, Welcome Home Decor, Digital Download",https://www.etsy.com/listing/4455225141/french-bulldog-print-funny-dog-wall-art,AloraStyle,https://www.etsy.com/shop/AloraStyle,6.95,0,0,0,0,0,3 Mo.,1,0,15,Art & Collectibles,6,0,0.0,593,"bulldog wall print,funny dog wall art,welcome home poster,so glad youre here,dog lover gift,housewarming print,entryway decor,dining room art,instant download,wine themed poster,new home gift,minimalist pet art,black white decor",bulldog wall print,funny dog wall art,welcome home poster,so glad youre here,dog lover gift,housewarming print,entryway decor,dining room art,instant download,wine themed poster,new home gift,minimalist pet art,black white decor
Beam Me Up letterpress-printed greeting card,https://www.etsy.com/listing/1809483846/beam-me-up-letterpress-printed-greeting,12AcreStudio,https://www.etsy.com/shop/12AcreStudio,6.00,0,0,0,0,0,18 Mo.,2,0,14,Paper & Party Supplies,111,0,0.0,635,"beam me up,12 acre studio,letterpress greeting,letterpress printing,wine themed greeting,wine greeting card,wine,wine bottle,corkscrew,housewarming card,corkscrew card,wine gift,wine letterpress",beam me up,12 acre studio,letterpress greeting,letterpress printing,wine themed greeting,wine greeting card,wine,wine bottle,corkscrew,housewarming card,corkscrew card,wine gift,wine letterpress
"Wisconsin Wine Charms, Set of 8",https://www.etsy.com/listing/628368095/wisconsin-wine-glass-charms-hostess-gift,LifeBaubles,https://www.etsy.com/shop/LifeBaubles,18.95,0,0,0,53,8,94 Mo.,67,0,1410,Home & Living,120,0,3.76,6966,"wine gifts,wisconsin state,moving gift,wisconsin gift,wisconsin themed,wine glass charms,wine glass charm,hostess gift,wine charms,wine glass marker,housewarming gifts,party favors",wine gifts,wisconsin state,moving gift,wisconsin gift,wisconsin themed,wine glass charms,wine glass charm,hostess gift,wine charms,wine glass marker,housewarming gifts,party favors,--
"Sea Lover Wine Glass Charms, Hostess Gift, Mother&#39;s Day, Wine Charms, Wine Lover Gift, Wine Gift",https://www.etsy.com/listing/522609213/sea-lover-wine-glass-charms-hostess-gift,LifeBaubles,https://www.etsy.com/shop/LifeBaubles,18.95,0,0,0,80,12,109 Mo.,68,0,1416,Home & Living,120,0,5.65,6966,"wine charm,wine gifts,wine glass charm,hostess gift,wine charms,gift ideas for her,beach themed gift,fathers day gift,retirement gift,for mom,for dad,sea lover gift,housewarming gifts",wine charm,wine gifts,wine glass charm,hostess gift,wine charms,gift ideas for her,beach themed gift,fathers day gift,retirement gift,for mom,for dad,sea lover gift,housewarming gifts
"Ohio Wine Glass Charms, Hostess Gift Ideas, Ohio Themed Gift, Wine Lover Gift, Wine Gift",https://www.etsy.com/listing/649715385/ohio-wine-glass-charms-hostess-gift,LifeBaubles,https://www.etsy.com/shop/LifeBaubles,18.95,0,0,0,6,1,91 Mo.,13,0,543,Home & Living,120,0,1.1,6966,"wine gifts,ohio state,ohio gift,ohio theme,ohio souvenir,wine glass charms,gifts for him,wine glass charm,hostess gift,wine charms,housewarming gifts,party favors",wine gifts,ohio state,ohio gift,ohio theme,ohio souvenir,wine glass charms,gifts for him,wine glass charm,hostess gift,wine charms,housewarming gifts,party favors,--
"Baby Shower Wine Glass,  Baby Shower Party Accessories, Baby Shower Favors",https://www.etsy.com/listing/674877346/baby-shower-wine-glass-baby-shower-party,LifeBaubles,https://www.etsy.com/shop/LifeBaubles,18.95,0,0,0,40,6,86 Mo.,33,0,1468,Home & Living,120,0,2.72,6966,"gender reveal,wine gifts,shower accessory,baby shower gift,baby themed gift,baby shower,wine glass charms,hostess gift,wine charms,best hostess gift,wine glass marker,housewarming gifts,party favors",gender reveal,wine gifts,shower accessory,baby shower gift,baby themed gift,baby shower,wine glass charms,hostess gift,wine charms,best hostess gift,wine glass marker,housewarming gifts,party favors
"Chicago Wine Glass Charms, Hostess Gift Ideas, Cocktail Party Accessories, Illinois Themed Gift",https://www.etsy.com/listing/631209528/chicago-wine-glass-charms-hostess-gift,LifeBaubles,https://www.etsy.com/shop/LifeBaubles,18.95,0,0,0,94,14,92 Mo.,70,0,2084,Home & Living,120,0,4.51,6966,"hostess gift,wine gifts,illinois themed,illinois state,chicago wine charm,chicago gift,chicago themed,chicago souvenir,wine glass charms,wine glass charm,wine charms,housewarming gifts,party favors",hostess gift,wine gifts,illinois themed,illinois state,chicago wine charm,chicago gift,chicago themed,chicago souvenir,wine glass charms,wine glass charm,wine charms,housewarming gifts,party favors
"Personalized Dunedin Beach Stemless Wine Tumbler, Gift for Guests, Thank You Gift for Host, Hostess, Travel Mug ,AirBnb, Housewarming Idea",https://www.etsy.com/listing/1864182788/personalized-dunedin-beach-stemless-wine,GabysGiftBoxesFL,https://www.etsy.com/shop/GabysGiftBoxesFL,18.00,0,0,0,0,0,15 Mo.,0,0,24,Home & Living,91,0,0.0,3931,"gift box for friend,housewarming gift,beach themed gift,happy birthday gift,sand and sea gift,vacation gift,gift for hostess,gifts for hosts,wine tumbler,customized tumbler,beach wedding,personalized mug,insulated tumbler",gift box for friend,housewarming gift,beach themed gift,happy birthday gift,sand and sea gift,vacation gift,gift for hostess,gifts for hosts,wine tumbler,customized tumbler,beach wedding,personalized mug,insulated tumbler
"Wine Beach Gift Box, Beach Lover Gifts, Beach Cottage Gift Basket, Wine Lover Gift Set, Personalized Stemless Wine Tumbler, Soy Candle, Rose",https://www.etsy.com/listing/1160421884/wine-beach-gift-box-beach-lover-gifts,GabysGiftBoxesFL,https://www.etsy.com/shop/GabysGiftBoxesFL,49.00,0,0,0,11,4,51 Mo.,16,0,839,Home & Living,91,0,1.31,3931,"gift box for friend,bestie gift box,gift for new home,housewarming gift,beachy gift basket,beach themed gift,happy birthday gift,send sunshine gift,ocean inspired,long distance gift,sand and sea gift,coastal gift box,wine tumbler",gift box for friend,bestie gift box,gift for new home,housewarming gift,beachy gift basket,beach themed gift,happy birthday gift,send sunshine gift,ocean inspired,long distance gift,sand and sea gift,coastal gift box,wine tumbler
"Mermaid Tail Wine Glass Charm Drink Tags, Set of 4,  Hostess Gift, Housewarming Present",https://www.etsy.com/listing/735055541/mermaid-tail-wine-glass-charm-drink-tags,BeachyDesignsStudio,https://www.etsy.com/shop/BeachyDesignsStudio,15.00,0,0,0,0,0,80 Mo.,20,0,218,Home & Living,87,0,0.0,575,"coastal vibes,wine glass marker,mermaid party decor,beach themed charms,reusable drink tags,house warming gift,housewarming gift,beach lovers gift,hostess gift,wine lover gift,mermaid themed tags,wine enthusiasts,stanley cup charm",coastal vibes,wine glass marker,mermaid party decor,beach themed charms,reusable drink tags,house warming gift,housewarming gift,beach lovers gift,hostess gift,wine lover gift,mermaid themed tags,wine enthusiasts,stanley cup charm
"How Merlot Can You Go Wine Lover Kitchen Towel, Funny Dish Towel, Cotton Blend Decor",https://www.etsy.com/listing/4373549333/funny-wine-kitchen-towel-merlot-lover,VitaBrillante,https://www.etsy.com/shop/VitaBrillante,40.70,0,0,0,0,0,8 Mo.,0,0,2,Home & Living,8,0,0.0,803,"funny wine lovers,kitchen decor,home accessory,kitchen towel,wine-themed gift,housewarming gift,kitchen humor,decorative towel,hostess gift,wine pun design,bar cart decor,merlot wine lovers,funny wine gift idea",funny wine lovers,kitchen decor,home accessory,kitchen towel,wine-themed gift,housewarming gift,kitchen humor,decorative towel,hostess gift,wine pun design,bar cart decor,merlot wine lovers,funny wine gift idea
"Where The Wine Things Are™ Tumbler, Funny Tumbler for Wine Drinkers, Insulated Tumbler for Wine-Themed Gifts",https://www.etsy.com/listing/1508889713/where-the-wine-things-are-tumbler-funny,WineThingsCo,https://www.etsy.com/shop/WineThingsCo,26.00,0,0,0,0,0,35 Mo.,2,0,59,Home & Living,36,0,0.0,54,"insulated tumbler,housewarming gift,hostess gift,wine lover tumbler,wine themed gifts,wine lovers gifts,beach tumbler,unique wine gifts,wine themed party,colorful tumbler,winemaker gift,wine drinker gift,cheerful tumbler",insulated tumbler,housewarming gift,hostess gift,wine lover tumbler,wine themed gifts,wine lovers gifts,beach tumbler,unique wine gifts,wine themed party,colorful tumbler,winemaker gift,wine drinker gift,cheerful tumbler
Silver White Beaches Ocean Themed Large Stemless or Stem Wine Glass - Blue and Silver - Custom Glass - Mom Gift - Handpainted - Housewarming,https://www.etsy.com/listing/1427835533/silver-white-beaches-ocean-themed-large,RusticAndRoseTexas,https://www.etsy.com/shop/RusticAndRoseTexas,27.50,0,0,0,12,3,39 Mo.,56,0,948,Home & Living,151,0,1.27,7473,"stemless wine glass,beach wine glass,beach glass,beach tumbler,mother gift,housewarming gift,ocean wine glass,beach themed,beach decor,beach house,bar ware glasses,white beaches,beach lover gift for",stemless wine glass,beach wine glass,beach glass,beach tumbler,mother gift,housewarming gift,ocean wine glass,beach themed,beach decor,beach house,bar ware glasses,white beaches,beach lover gift for
"Wine Glass Sweater Ornament, Hostess Gift",https://www.etsy.com/listing/504284847/wine-glass-ornament-mini-christmas,PurpleBasset,https://www.etsy.com/shop/PurpleBasset,14.00,0,0,0,41,11,112 Mo.,38,0,772,Home & Living,116,0,5.31,4480,"purplebasset,wine glass ornament,wine lover,home decor,house warming,hostess gift,office decor,mini sweater,sweater ornament,wine theme,wine gift,wine glass",purplebasset,wine glass ornament,wine lover,home decor,house warming,hostess gift,office decor,mini sweater,sweater ornament,wine theme,wine gift,wine glass,--
"Fairy Clear Wine Glass - Free Personalized Engraving 18 oz, Fantasy Theme Gift",https://www.etsy.com/listing/1835058533/fairy-clear-wine-glass-free-personalized,LyonCraft,https://www.etsy.com/shop/LyonCraft,26.00,0,0,0,0,0,18 Mo.,2,0,165,Home & Living,183,0,0.0,16816,"lyoncraft engraving,custom wine glass,dragonfly decor,dragonfly gift,mother's day glass,red wine glasses,wine glasses,personalized gift,wedding glasses,housewarming gift,custom hostess gift,fairy wine glass,fantasy theme gift",lyoncraft engraving,custom wine glass,dragonfly decor,dragonfly gift,mother's day glass,red wine glasses,wine glasses,personalized gift,wedding glasses,housewarming gift,custom hostess gift,fairy wine glass,fantasy theme gift
Crab Wine Charms / Maryland Crab Gift / Crab Decor / Wine Lover Gift,https://www.etsy.com/listing/292850709/crab-wine-charms-maryland-crab-gift-crab,GroupTherapyWine,https://www.etsy.com/shop/GroupTherapyWine,10.00,0,0,0,4,1,120 Mo.,302,0,707,Home & Living,142,0,0.57,3468,"wine tags,blue crab,crabbing gift,hermit crabs,crab art,house warming gift,christmas gift,gift for them,stocking stuffer,gift for her,nautical theme,nautical baby shower,unique wine gifts",wine tags,blue crab,crabbing gift,hermit crabs,crab art,house warming gift,christmas gift,gift for them,stocking stuffer,gift for her,nautical theme,nautical baby shower,unique wine gifts
Australia Wine Charms / Wine Lover Gift / Adventure Awaits / Wine Tags,https://www.etsy.com/listing/807277683/australia-wine-charms-wine-lover-gift,GroupTherapyWine,https://www.etsy.com/shop/GroupTherapyWine,17.00,0,0,0,4,1,72 Mo.,1,0,45,Home & Living,142,0,8.89,3468,"hostess gift,house warming gift,wine accessories,gift for wine lover,wine bar decor,wine gifts for women,australia travel,travel theme,wedding gift travel,travelers gift,gift for traveller,travel gift,wine drinker",hostess gift,house warming gift,wine accessories,gift for wine lover,wine bar decor,wine gifts for women,australia travel,travel theme,wedding gift travel,travelers gift,gift for traveller,travel gift,wine drinker
"Tiny Figurine Glass With Orange, Décor, Glassware Set, Summer Drinking Glasses, Fruit Themed Gift, Fruit Glass Mug, Kitchenware, Drinkware",https://www.etsy.com/listing/1257248829/tiny-figurine-glass-with-orange-decor,MiniZooUSA,https://www.etsy.com/shop/MiniZooUSA,32.99,0,0,0,4,1,47 Mo.,65,0,845,Home & Living,59,0,0.47,8861,"orange fruit,orange fruit decor,beach wine glass,design glasses,glass water cup,orange glassware,minizoousa,fruit drinking glass,kitchenware,wine gift idea,summer house gift,housewarming gift,summer theme table",orange fruit,orange fruit decor,beach wine glass,design glasses,glass water cup,orange glassware,minizoousa,fruit drinking glass,kitchenware,wine gift idea,summer house gift,housewarming gift,summer theme table
"Red Satin Wine Bottle Cover: Houndstooth Cape, Pearl Necklace",https://www.etsy.com/listing/1102798202/red-satin-wine-bottle-cover-houndstooth,VintagesApparel,https://www.etsy.com/shop/VintagesApparel,14.51,0,0,0,3,1,54 Mo.,3,0,62,,124,0,4.84,496,"paris theme,holiday giving,wine bottle cover,anniversary gift,house warming gift,wine sleeve,wine bottle covers,centerpieces,wine bottle,wine bottle dress,wine bottle sleeve,bottle centerpiece,gifts under 15",paris theme,holiday giving,wine bottle cover,anniversary gift,house warming gift,wine sleeve,wine bottle covers,centerpieces,wine bottle,wine bottle dress,wine bottle sleeve,bottle centerpiece,gifts under 15
A Touch of Italy with a Customized Laser-Engraved Charcuterie Boards - Set of 2,https://www.etsy.com/listing/1835090476/a-touch-of-italy-with-a-customized-laser,DaysMadeBrighter,https://www.etsy.com/shop/DaysMadeBrighter,35.00,0,0,0,0,0,17 Mo.,0,0,89,Home & Living,123,0,0.0,287,"laser engrave board,wine,cheese board,personalized gift,italian theme board,charcuterie set,food serving board,unique hostess gift,wedding gift,home gift,gift,chef gift idea,housewarming gift",laser engrave board,wine,cheese board,personalized gift,italian theme board,charcuterie set,food serving board,unique hostess gift,wedding gift,home gift,gift,chef gift idea,housewarming gift
"Housewife apron, aprons for women, be kind of a bitch, feminist, fuck the patriarchy, baking gift, political, kitchen, gifts for wine lovers",https://www.etsy.com/listing/1827975523/housewife-apron-aprons-for-women-be-kind,KitchenGiftCo,https://www.etsy.com/shop/KitchenGiftCo,19.98,0,0,0,5,1,18 Mo.,16,0,126,,21,0,3.97,1323,"housewife apron,aprons for women,be kind of a bitch,feminist,fuck the patriarchy,political,gifts for wine,wine themed gifts,house warming gift,gift friend,baking because,murder is wrong,kitchen gift",housewife apron,aprons for women,be kind of a bitch,feminist,fuck the patriarchy,political,gifts for wine,wine themed gifts,house warming gift,gift friend,baking because,murder is wrong,kitchen gift
Drunk Snowmen Holiday Kitchen and Bar Hand Towel for Him,https://www.etsy.com/listing/4490254785/drunk-snowmen-holiday-kitchen-and-bar,TheGreyAnchor,https://www.etsy.com/shop/TheGreyAnchor,12.00,0,0,0,0,0,2 Mo.,0,0,0,Home & Living,125,0,0.0,14970,"folded kitchen towel,main guest bath,housewarming giftbox,host hostess her mom,waffle weave fabric,personalized gift,man cave bar,beer kitchen decor,barbecue hostess,kitchen gag gift,gift for him,wine themed gift,drunk snowmen",folded kitchen towel,main guest bath,housewarming giftbox,host hostess her mom,waffle weave fabric,personalized gift,man cave bar,beer kitchen decor,barbecue hostess,kitchen gag gift,gift for him,wine themed gift,drunk snowmen
"Camping Hiking Adventures Personalized Whiskey Glass, Custom engraved glassware for beer, whiskey, wine & cocktails, Barware and home decor",https://www.etsy.com/listing/4383199727/camping-hiking-adventures-personalized,CraftedGiftsFam,https://www.etsy.com/shop/CraftedGiftsFam,39.47,0,0,0,0,0,8 Mo.,0,0,116,Home & Living,22,0,0.0,10916,"cocktail glasses,barware set,gifts for him,gifts for her,wine glasses,whiskey glasses,beer glasses,outdoor gift,camping gift,personalized gift,adventure home decor,outdoor theme gift,housewarming gift",cocktail glasses,barware set,gifts for him,gifts for her,wine glasses,whiskey glasses,beer glasses,outdoor gift,camping gift,personalized gift,adventure home decor,outdoor theme gift,housewarming gift
Upcycled Miniature Barrel of Pterodactyls Wine Charms Set of 6,https://www.etsy.com/listing/4365074771/upcycled-miniature-barrel-of,CrapBagBananaHammock,https://www.etsy.com/shop/CrapBagBananaHammock,8.00,0,0,0,0,0,9 Mo.,1,0,7,Home & Living,85,0,0.0,9799,"wine charms,upcycled wine charms,conversation starter,theme bar,teacher gift,upcycled game,unique gift,housewarming,home gift,pterodactyl,pterodactyl gift,dinosaur gift,paleontology",wine charms,upcycled wine charms,conversation starter,theme bar,teacher gift,upcycled game,unique gift,housewarming,home gift,pterodactyl,pterodactyl gift,dinosaur gift,paleontology
"Glass cutting board, Fiasco Italian wine bottle kitchen decor, Personalized housewarming gift for wine lover, Wine themed Anniversary gift",https://www.etsy.com/listing/532265629/glass-cutting-board-fiasco-italian-wine,AllThatsHome,https://www.etsy.com/shop/AllThatsHome,44.95,0,0,0,0,0,90 Mo.,20,0,608,Home & Living,97,0,0.0,2138,"glass cutting board,restaurant bar decor,wine cellar decor,anniversary gift,straw wine bottle,fiasco wine bottle,counter top decor,kitchen spoon rest,italian wine decor,large glass trivet,personalized gift,kitchen wine decor,closing gift",glass cutting board,restaurant bar decor,wine cellar decor,anniversary gift,straw wine bottle,fiasco wine bottle,counter top decor,kitchen spoon rest,italian wine decor,large glass trivet,personalized gift,kitchen wine decor,closing gift
"Playful Octopus Beach Towel – Whimsical Wine Design, Poolside Fun",https://www.etsy.com/listing/1754632208/playful-octopus-beach-towel-happy,RockandOtter,https://www.etsy.com/shop/RockandOtter,35.00,0,0,0,0,0,22 Mo.,0,0,11,Home & Living,33,0,0.0,35,"large beach towel,adult beach towel,housewarming gift,beach house gifts,wine lover gifts,octopus pool towel,tropical travel item,nautical themed gift,unique gift for her,wine drinker club,oversized pool towel,swim club towel,back to school gift",large beach towel,adult beach towel,housewarming gift,beach house gifts,wine lover gifts,octopus pool towel,tropical travel item,nautical themed gift,unique gift for her,wine drinker club,oversized pool towel,swim club towel,back to school gift
"Galaxy Stemless Wine Glass, 11.75oz. Wine Glass, Exclusive Barware, Gold Cosmic Wine Glass, Stemless Glass, Housewarming Gift | 104963",https://www.etsy.com/listing/4449202320/galaxy-stemless-wine-glass-1175oz-wine,DEVARSHYetsy,https://www.etsy.com/shop/DEVARSHYetsy,31.95,0,0,0,0,0,4 Mo.,0,0,0,Home & Living,97,0,0.0,2193,"premium glassware,stemless wine glass,luxury wine glass,wine glass 11 75oz,galaxy wine glass,exclusive barware,cosmic wine glass,stemless glass,housewarming gift,wine tumbler,astrology glassware,space themed glass,11 75oz wine glass",premium glassware,stemless wine glass,luxury wine glass,wine glass 11 75oz,galaxy wine glass,exclusive barware,cosmic wine glass,stemless glass,housewarming gift,wine tumbler,astrology glassware,space themed glass,11 75oz wine glass
Trevor Wine Chiller Silver Sand Cast Aluminum Personalized Gift Engraved Barware Essential,https://www.etsy.com/listing/689952832/trevor-wine-chiller-silver-sand-cast,AgapeDesignMfg,https://www.etsy.com/shop/AgapeDesignMfg,94.50,0,0,0,0,0,84 Mo.,5,0,125,Home & Living,163,0,0.0,9547,"wine chiller,freezer-safe chiller,silver wine chiller,wine chiller engrave,host gift engraved,housewarming gift,wine enthusiast gift,tall wine chiller,9 inch tall chiller,modern wine chiller,wine chiller sleek,wine theme gift,wedding gift engrave",wine chiller,freezer-safe chiller,silver wine chiller,wine chiller engrave,host gift engraved,housewarming gift,wine enthusiast gift,tall wine chiller,9 inch tall chiller,modern wine chiller,wine chiller sleek,wine theme gift,wedding gift engrave
"Floral Wine Glass Cutting Board, True Love Story Kitchen Decor",https://www.etsy.com/listing/4458568181/floral-wine-glass-cutting-board-true,WorthyWildFlowerUS,https://www.etsy.com/shop/WorthyWildFlowerUS,50.00,0,0,0,0,0,3 Mo.,0,0,5,Home & Living,13,0,0.0,322,"love story kitchen,romantic kitchen,floral cutting board,glass art decor,wine glass decor,wedding gift idea,housewarming present,kitchen accessory,unique glass gift,floral kitchen art,wine themed decor,pink flower design,glass kitchen board",love story kitchen,romantic kitchen,floral cutting board,glass art decor,wine glass decor,wedding gift idea,housewarming present,kitchen accessory,unique glass gift,floral kitchen art,wine themed decor,pink flower design,glass kitchen board
Red Wine Blue Flour Sack Towel with Patriotic Wine Glasses - Wine Lovers Gift - Kitchen Patriotic Decor Tea Towel - 4th of July Decor,https://www.etsy.com/listing/1485776259/red-wine-blue-flour-sack-towel-with,RunningFrog,https://www.etsy.com/shop/RunningFrog,11.95,0,0,0,0,0,36 Mo.,3,0,72,Home & Living,127,0,0.0,15946,"patriotic tea towel,patriotic decor,4th of july decor,patriotic farmhouse,red wine and blue,red white and blue,patriotic holiday,patriotic wine decor,wine lover gift,housewarming gift,wine bar towel,wine themed decor,hostess gift idea",patriotic tea towel,patriotic decor,4th of july decor,patriotic farmhouse,red wine and blue,red white and blue,patriotic holiday,patriotic wine decor,wine lover gift,housewarming gift,wine bar towel,wine themed decor,hostess gift idea
Cat Bottle Opener: Fun Kitchen & Bar Accessory,https://www.etsy.com/listing/4321423094/cat-bottle-opener-fun-kitchen-bar,brigthmon,https://www.etsy.com/shop/brigthmon,16.55,0,0,0,0,0,3 Mo.,1,0,0,Home & Living,4,0,0.0,7,"funny bottle opener,cat lover gift,wine not opener,drinks accessories,cute kitchen tool,party essentials,barware decor,gift for cat owners,quirky home decor,wine glass gift,pet themed gift,housewarming gift,celebration opener",funny bottle opener,cat lover gift,wine not opener,drinks accessories,cute kitchen tool,party essentials,barware decor,gift for cat owners,quirky home decor,wine glass gift,pet themed gift,housewarming gift,celebration opener
"Elegant wine artwork, black and white bar illustration, Wine lover line art, dad wall decor, oenophilia print, gift for dad digital download",https://www.etsy.com/listing/1490400726/elegant-wine-artwork-black-and-white-bar,CocinaIlustre,https://www.etsy.com/shop/CocinaIlustre,11.00,0,0,0,0,0,32 Mo.,0,0,45,Art & Collectibles,66,0,0.0,0,"brother present,wine enthusiast,decor for man cave,wine typography art,glass art,cellar decor,wine gift idea,gift for dad,bar theme art,wine lover's gift,cousin housewarming,wedding gift,foodie digital download",brother present,wine enthusiast,decor for man cave,wine typography art,glass art,cellar decor,wine gift idea,gift for dad,bar theme art,wine lover's gift,cousin housewarming,wedding gift,foodie digital download
"Texas-Themed Chill Wine Tumbler, Stainless Steel Wine Glass, Personalized Gift for Wine Lovers, Outdoor Picnics, Housewarming",https://www.etsy.com/listing/4326451947/texas-themed-chill-wine-tumbler,ShadowValleyRP,https://www.etsy.com/shop/ShadowValleyRP,36.30,0,0,0,0,0,4 Mo.,0,0,3,Home & Living,7,0,0.0,4,"wine tumbler gift,personalized tumbler,travel wine cup,wine lover gift,chill drinkware,custom wine cup,modern wine glass,outdoor wine tumbler,party drinkware,perfect gift,summer chill tumbler,wine themed gift,sipping on the go",wine tumbler gift,personalized tumbler,travel wine cup,wine lover gift,chill drinkware,custom wine cup,modern wine glass,outdoor wine tumbler,party drinkware,perfect gift,summer chill tumbler,wine themed gift,sipping on the go
Dog Themed Decor/Wine Bottle Light/Dog Lover/Gift for Women/Housewarming Gift/Birthday Gift/Centerpiece/Local Buyers Use Code LOCALPICKUP,https://www.etsy.com/listing/1536256709/dog-themed-decorwine-bottle-lightdog,NancysBottleService,https://www.etsy.com/shop/NancysBottleService,25.00,0,0,0,0,0,28 Mo.,4,0,82,Home & Living,29,0,0.0,75,"dog themed decor,dog lover,wine bottle light,led fairy lights,rustic decor,centerpiece,gift for women,hostess gift,housewarming gift,birthday gift,wine puns,wine bar decor,party gift",dog themed decor,dog lover,wine bottle light,led fairy lights,rustic decor,centerpiece,gift for women,hostess gift,housewarming gift,birthday gift,wine puns,wine bar decor,party gift
Vineyard Canvas Art Print: Rustic Country House Decoration,https://www.etsy.com/listing/4384309227/vineyard-canvas-art-print-rustic-country,BRGST,https://www.etsy.com/shop/BRGST,31.12,0,0,0,0,0,4 Mo.,0,0,0,Home & Living,6,0,0.0,12,"canvas art,home decor,wall art,gift for her,farmhouse decor,wine themed art,housewarming gift,vintage house art,nature inspired,wine lovers gift,colorful wall art,art for kitchen,rustic home decor",canvas art,home decor,wall art,gift for her,farmhouse decor,wine themed art,housewarming gift,vintage house art,nature inspired,wine lovers gift,colorful wall art,art for kitchen,rustic home decor
Cloth wine bottle gift bag  festive table decoration,https://www.etsy.com/listing/255253380/cloth-wine-bottle-gift-bag-festive-table,StitchWitchWorks,https://www.etsy.com/shop/StitchWitchWorks,6.95,0,0,0,0,0,126 Mo.,2,0,329,Paper & Party Supplies,126,0,0.0,441,"all occasion,gift bag,wine bottle bag,table centerpiece,western decor,farm table decor,housewarming gift,hostess gift,cowboy gift wrap,country theme decor,bandana gift wrap,eco friendly,reusable recycle",all occasion,gift bag,wine bottle bag,table centerpiece,western decor,farm table decor,housewarming gift,hostess gift,cowboy gift wrap,country theme decor,bandana gift wrap,eco friendly,reusable recycle
Rag Angel,https://www.etsy.com/listing/647966850/rag-angel,BearyCraftee,https://www.etsy.com/shop/BearyCraftee,25.00,0,0,0,8,4,90 Mo.,25,0,1078,Art & Collectibles,103,0,0.74,581,"christmas decoration,holiday decoration,holiday themes,tree topper,door decoration,wine bottle cover,housewarming gift,fall decor,everyday decor,customizable,handmade,decorative",christmas decoration,holiday decoration,holiday themes,tree topper,door decoration,wine bottle cover,housewarming gift,fall decor,everyday decor,customizable,handmade,decorative,--
Wine Pattern Velveteen Plush Blanket | Wine Glasses Bottles Grapes Corks,https://www.etsy.com/listing/4479840844/wine-pattern-velveteen-plush-blanket,PatternPixelsDesigns,https://www.etsy.com/shop/PatternPixelsDesigns,36.00,0,0,0,0,0,2 Mo.,0,0,6,Home & Living,7,0,0.0,161,"plush blanket,wine blanket,wine lover gift,wine themed decor,grape print blanket,wine bottle print,wine glass throw,red white wine,wine night gift,vineyard decor,wine tasting gift,grapevine blanket,housewarming wine",plush blanket,wine blanket,wine lover gift,wine themed decor,grape print blanket,wine bottle print,wine glass throw,red white wine,wine night gift,vineyard decor,wine tasting gift,grapevine blanket,housewarming wine
"Pink Bows Oyster Shell Wine Stopper - Unique Hostess Gifts, Beach Themed Wedding Gift, Bridesmaid Gifts, Housewarming Gift,",https://www.etsy.com/listing/4295513284/pink-bows-oyster-shell-wine-stopper,Coastalcorked,https://www.etsy.com/shop/Coastalcorked,24.95,0,0,0,0,0,10 Mo.,2,0,33,Home & Living,13,0,0.0,8,"",--,--,--,--,--,--,--,--,--,--,--,--,--
"Renaissance Style Still Life Canvas - Wine Bottle, Glasses, Fruit, and Barrel Decor - Classic Wall Art - Ready to Hang Stretched Canvas",https://www.etsy.com/listing/1855047883/renaissance-style-still-life-canvas-wine,ArtyRoad,https://www.etsy.com/shop/ArtyRoad,25.00,0,0,0,0,0,13 Mo.,0,0,10,Home & Living,14,0,0.0,27,"renaissance wine art,fruit and wine decor,wine barrel canvas,elegant wall artwork,old-world wall decor,wine-themed home art,table still life,classic dining room,fruit painting,timeless decor,wine lovers gift,kitchen decor,housewarming gift",renaissance wine art,fruit and wine decor,wine barrel canvas,elegant wall artwork,old-world wall decor,wine-themed home art,table still life,classic dining room,fruit painting,timeless decor,wine lovers gift,kitchen decor,housewarming gift
Nature theme wine glass charms - set of 8,https://www.etsy.com/listing/1526099420/nature-theme-wine-glass-charms-set-of-8,ParkhillDesigns,https://www.etsy.com/shop/ParkhillDesigns,39.00,0,0,0,0,0,33 Mo.,3,0,39,Home & Living,132,0,0.0,1964,"hostess gifts,nature theme charms,housewarming gifts,swarovski crystals,swarovski pearls,preciosa crystals,bar accessories,wine glass charms,for the home,barware,wine charms",hostess gifts,nature theme charms,housewarming gifts,swarovski crystals,swarovski pearls,preciosa crystals,bar accessories,wine glass charms,for the home,barware,wine charms,--,--
Glass Beach Ocean Sunset Themed Stem or Stemless Wine Glass - Blue Teal Reds and Gold - Beach Sunset Gift - Mom Gift - Housewarming,https://www.etsy.com/listing/1184429587/glass-beach-ocean-sunset-themed-stem-or,RusticAndRoseTexas,https://www.etsy.com/shop/RusticAndRoseTexas,28.50,0,0,0,4,1,51 Mo.,29,0,442,Home & Living,151,0,0.9,7473,"painted wine glass,hand painted wine,stemless wine glass,beach wine glass,beach glass,beach tumbler,mothers day gift,mother gift,hostess gift,housewarming gift,ocean wine glass,beach cup,beach themed",painted wine glass,hand painted wine,stemless wine glass,beach wine glass,beach glass,beach tumbler,mothers day gift,mother gift,hostess gift,housewarming gift,ocean wine glass,beach cup,beach themed
Oyster Shell Napkin Ring: Decoupage Coastal Table Decor,https://www.etsy.com/listing/1692605144/oyster-shell-napkin-ring-decoupage,AnniebyDesignArt,https://www.etsy.com/shop/AnniebyDesignArt,15.00,0,0,0,0,0,25 Mo.,5,0,285,,27,0,0.0,270,"napkin ring,wine decoration,home decoration,oyster shell decor,beach themed decor,nautical decor,house warming gift,gift,wine trinket,wedding party gift,bottle decor,napkin decor,table decor",napkin ring,wine decoration,home decoration,oyster shell decor,beach themed decor,nautical decor,house warming gift,gift,wine trinket,wedding party gift,bottle decor,napkin decor,table decor
"Shells Glasses, Set of 2 Hand Painted Wine Glasses , Beach Theme Glassware, Sea Shells, Beach Ocean Coastal Theme",https://www.etsy.com/listing/473042438/shells-glasses-set-of-2-hand-painted,PKPaintedKreations,https://www.etsy.com/shop/PKPaintedKreations,54.00,0,0,0,113,35,97 Mo.,373,0,11218,Home & Living,115,39,1.01,692,"housewarming gift,tropical decor,nautical theme,coastal chic,wine glass,beach house,shell,birthday gift,stemless glass,home and living,drinkware,seashore,hand painted glass",housewarming gift,tropical decor,nautical theme,coastal chic,wine glass,beach house,shell,birthday gift,stemless glass,home and living,drinkware,seashore,hand painted glass
"Wine themed Cork Coaster Sets of 4, matching drinkware decor, gift for wine lovers, farmhouse style, wine night accessories, bar accessories",https://www.etsy.com/listing/4441795483/wine-themed-cork-coaster-sets-of-4,uvMake,https://www.etsy.com/shop/uvMake,9.99,0,0,0,0,0,3 Mo.,0,0,18,Home & Living,7,0,0.0,369,"housewarming gift,rustic home decor,bar accessories gift,drink coaster set,wine lover gift,natural cork,gift for wine lovers,wine themed decor,wine lover gift set,gift for wine night,wine coasters set,wine tasting gift,wine night decor",housewarming gift,rustic home decor,bar accessories gift,drink coaster set,wine lover gift,natural cork,gift for wine lovers,wine themed decor,wine lover gift set,gift for wine night,wine coasters set,wine tasting gift,wine night decor
"Laser engraved fern wine glass, Common polypody, nature themed gift, 16 oz",https://www.etsy.com/listing/1039527516/laser-engraved-fern-wine-glass-common,ElysianAtmosphereLLC,https://www.etsy.com/shop/ElysianAtmosphereLLC,20.00,0,0,0,3,1,55 Mo.,10,0,144,Home & Living,55,0,2.08,343,"unique wine glass,nature decor,wedding gift,housewarming gift,wine glass gift,detailed engraving,fern glass,fern theme,nature glass,fern decor,unique gift,vintage fern,plant wine glass",unique wine glass,nature decor,wedding gift,housewarming gift,wine glass gift,detailed engraving,fern glass,fern theme,nature glass,fern decor,unique gift,vintage fern,plant wine glass
"Wine Doormat, &quot;Be Kind Bring Wine&quot;, Natural Coir Entry Mat",https://www.etsy.com/listing/4320110127/coir-doormat-housewarming-gift-for-new,Knotcreatives,https://www.etsy.com/shop/Knotcreatives,27.99,0,0,0,0,0,11 Mo.,0,0,1,,132,0,0.0,1180,"wine doormat,housewarming gift,wine lover gift,doormat,wine enthusiast,party host gift,funny doormat,coir doormat,wine themed,new homeowner,custom doormat,entryway mat,welcome mat",wine doormat,housewarming gift,wine lover gift,doormat,wine enthusiast,party host gift,funny doormat,coir doormat,wine themed,new homeowner,custom doormat,entryway mat,welcome mat
Wine and Champagne Lover Kitchen Wash Cloth | housewarming gift | wash cloth | kitchen decor | mom gift | floral | bathroom decor |cute gift,https://www.etsy.com/listing/1398984334/wine-and-champagne-lover-kitchen-wash,SavingGraceDesignCo,https://www.etsy.com/shop/SavingGraceDesignCo,12.21,0,0,0,3,1,39 Mo.,1,0,19,Bath & Beauty,85,0,15.79,4927,"unique gift,mom gift,housewarming gift,bathroom decor,kitchen decor,alcohol theme,champagne,wine,winer lover,flowers,cute gift,wedding gift,wash cloth",unique gift,mom gift,housewarming gift,bathroom decor,kitchen decor,alcohol theme,champagne,wine,winer lover,flowers,cute gift,wedding gift,wash cloth
"Wine Lover&#39;s Welcome! &#39;Hope You Like Wine&#39; Doormat, Funny Entrance Rug, Housewarming Gift for Her, Home Decor Cheers, Home Bar Decor, Mom",https://www.etsy.com/listing/1750810979/wine-lovers-welcome-hope-you-like-wine,SignCraftsCo,https://www.etsy.com/shop/SignCraftsCo,59.98,0,0,0,0,0,23 Mo.,1,0,11,,64,0,0.0,7933,"doormat,wine lover,funny home decor,welcome mat,housewarming gift,wine enthusiast,humorous doormat,front door decor,wine theme,entryway rug,funny quote,wine humor,hope you like wine",doormat,wine lover,funny home decor,welcome mat,housewarming gift,wine enthusiast,humorous doormat,front door decor,wine theme,entryway rug,funny quote,wine humor,hope you like wine
"Funny Laundry Room Canvas Art | Wine Lover Gift, Humorous Wall Decor",https://www.etsy.com/listing/4309404303/funny-laundry-room-canvas-art-wine-lover,LuluandSamCo,https://www.etsy.com/shop/LuluandSamCo,49.99,0,0,0,0,0,12 Mo.,1,0,26,Home & Living,62,0,0.0,863,"laundry rules decor,funny home decor,laundry room sign,funny canvas art,home decor gift,unique wall decor,laundry room humor,gift for wine lovers,humorous wall decor,canvas wall art,rustic laundry room,wine themed wall art,housewarming gift",laundry rules decor,funny home decor,laundry room sign,funny canvas art,home decor gift,unique wall decor,laundry room humor,gift for wine lovers,humorous wall decor,canvas wall art,rustic laundry room,wine themed wall art,housewarming gift
"Wine Bottle Canvas Print – Colorful Kitchen Wall Art, Dining Room Decor, Wine Lover Gift",https://www.etsy.com/listing/4401587366/abstract-wine-bottle-canvas-modern-wall,GiftByArtDesign,https://www.etsy.com/shop/GiftByArtDesign,62.73,0,0,0,0,0,6 Mo.,1,0,16,Art & Collectibles,13,0,0.0,7,"abstract wine art,wine bottle canvas,modern kitchen decor,dining room wall art,wine lover gift,home bar decor,modern wall decor,minimalist wall art,contemporary canvas,wine theme decor,geometric wall art,housewarming gift,art for kitchen",abstract wine art,wine bottle canvas,modern kitchen decor,dining room wall art,wine lover gift,home bar decor,modern wall decor,minimalist wall art,contemporary canvas,wine theme decor,geometric wall art,housewarming gift,art for kitchen
Casino theme Wine bottle cover,https://www.etsy.com/listing/4321039704/order-for-kristen,JewelryByYadi,https://www.etsy.com/shop/JewelryByYadi,10.00,0,0,0,5,1,11 Mo.,0,0,11,Home & Living,151,0,45.45,510,"wine bottle cover,yellow bottle cover,gift for women,gift for mom,housewarming gift,party favors,party gift,gift for dad,bar decor,casino theme,casino,card,playing cards",wine bottle cover,yellow bottle cover,gift for women,gift for mom,housewarming gift,party favors,party gift,gift for dad,bar decor,casino theme,casino,card,playing cards
Strawberry Basket with Champagne Blanket | Fruit Picnic Pattern,https://www.etsy.com/listing/4452492457/strawberry-basket-with-champagne-blanket,RevivalbyMichele,https://www.etsy.com/shop/RevivalbyMichele,33.29,0,0,0,0,0,3 Mo.,0,0,1,Home & Living,97,0,0.0,3,"fruit basket,strawberry gift,cozy blanket,wine and fruit,picnic decor,kitchen throw,housewarming gift,summer throw,cheerful decor,farmers market,brunch blanket,breakfast theme,garden decor",fruit basket,strawberry gift,cozy blanket,wine and fruit,picnic decor,kitchen throw,housewarming gift,summer throw,cheerful decor,farmers market,brunch blanket,breakfast theme,garden decor
"Patriotic Wine Charm Set - in Red, White and Blue this 4 charm set includes a 4th of July, Top Hat, Star and beachy sandal",https://www.etsy.com/listing/4319953729/patriotic-wine-charm-set-in-red-white,BasilSageArtisan,https://www.etsy.com/shop/BasilSageArtisan,25.00,0,0,0,0,0,11 Mo.,0,0,14,Home & Living,53,0,0.0,224,"american wine charm,patriotic wine charm,star charm,housewarming gift,drink markers,holiday gift,special occassion,americana theme,new home gift,patriotic gift,4th of july,texas flip flop,beachy wine charms",american wine charm,patriotic wine charm,star charm,housewarming gift,drink markers,holiday gift,special occassion,americana theme,new home gift,patriotic gift,4th of july,texas flip flop,beachy wine charms
"Valentines Day Tiered Tray Decor, Gift For Friend, Grandma, Coworker, Wine Themed Wedding Table Decor, Wine Tasting Gift, Wine Cellar Decor",https://www.etsy.com/listing/1156052507/valentines-day-tiered-tray-decor-gift,CorkiesBySteph,https://www.etsy.com/shop/CorkiesBySteph,15.00,0,0,0,0,0,52 Mo.,2,0,116,Home & Living,74,0,0.0,3976,"valentines day,tiered tray decor,gift for friend,grandma coworker,wine themed wedding,table wine tasting,wine cellar room,vineyard favor,miniature shelf mini,alcohol housewarming,fun desk accessories,cute red mantle,unique cork handmade",valentines day,tiered tray decor,gift for friend,grandma coworker,wine themed wedding,table wine tasting,wine cellar room,vineyard favor,miniature shelf mini,alcohol housewarming,fun desk accessories,cute red mantle,unique cork handmade
"Personalized Wine Label Sign, Wood Sign For Wine Cellar, Unique Custom Gift For Wine Lover, Wine Bar Wall Art, 3 Sizes, Custom Vineyard Name",https://www.etsy.com/listing/643708750/personalized-wine-label-sign-wood-sign,ArtPrintsbyDebbie,https://www.etsy.com/shop/ArtPrintsbyDebbie,96.43,0,0,0,0,0,90 Mo.,1,0,86,Home & Living,139,0,0.0,617,"wood wine sign,for wine lover,custom name art,personalized family,pinot noir theme,decor bar cellar,home warm black,housewarming small,wine label print,groomsmen wedding,bridal shower gift,for boyfriend wife,girlfriend basket",wood wine sign,for wine lover,custom name art,personalized family,pinot noir theme,decor bar cellar,home warm black,housewarming small,wine label print,groomsmen wedding,bridal shower gift,for boyfriend wife,girlfriend basket
Pair of Handblown Wine Glasses With Crabs--Nautical Barware--Beach Wedding Wine Glasses--Unique Bar Glasses,https://www.etsy.com/listing/1239737395/pair-of-handblown-wine-glasses-with,SimonAndSimone,https://www.etsy.com/shop/SimonAndSimone,135.00,0,0,0,0,0,48 Mo.,2,0,157,Home & Living,123,0,0.0,4491,"handblown glass,unique barware,hostess gift,nautical barware,nautical wine glass,beach wedding toast,beach wedding glass,crab themed,crab barware,beach hostess gift,beach housewarming,pair of wine glasses,summer host gift",handblown glass,unique barware,hostess gift,nautical barware,nautical wine glass,beach wedding toast,beach wedding glass,crab themed,crab barware,beach hostess gift,beach housewarming,pair of wine glasses,summer host gift
Hudson Bay inspired Canvas Wine Tote,https://www.etsy.com/listing/1215633088/hudson-bay-inspired-canvas-wine-tote,PineCottageSewing,https://www.etsy.com/shop/PineCottageSewing,25.00,0,0,0,0,0,48 Mo.,4,0,157,Paper & Party Supplies,48,0,0.0,36,"wine bag,wine lover,wine gift bag,housewarming gift,wine carrier,reusable tote,wine picnic,outdoor themed,retirement gift,cottage gift,at the lake gift,christmas gift,michigan made",wine bag,wine lover,wine gift bag,housewarming gift,wine carrier,reusable tote,wine picnic,outdoor themed,retirement gift,cottage gift,at the lake gift,christmas gift,michigan made
Cactus wine charm,https://www.etsy.com/listing/1077175147/cactus-wine-charm,PandaDesignCreations,https://www.etsy.com/shop/PandaDesignCreations,3.55,0,0,0,1,1,57 Mo.,2,0,46,Home & Living,68,0,2.17,278,"succulent charm,saguaro charm,plant charms,cactus charm,cactus gift,wedding favor,cactus themed gifts,cactus accessories,southwestern decor,house warming gift,wine charm,purse charm,baby shower favor",succulent charm,saguaro charm,plant charms,cactus charm,cactus gift,wedding favor,cactus themed gifts,cactus accessories,southwestern decor,house warming gift,wine charm,purse charm,baby shower favor
Pot Holder: Wine,https://www.etsy.com/listing/4362039109/pot-holder-wine,HandmadeDzignzsByT,https://www.etsy.com/shop/HandmadeDzignzsByT,8.00,0,0,0,0,0,8 Mo.,0,0,6,Home & Living,44,0,0.0,788,"gift sets,housewarming,pot holders,kitchen,dining,cookware,trivets,baking,hostess gifts,wine theme,wine and cheese,wine bar decor,wine lover",gift sets,housewarming,pot holders,kitchen,dining,cookware,trivets,baking,hostess gifts,wine theme,wine and cheese,wine bar decor,wine lover
"Wine Glass Charms Set Coastal Theme for Your Beach House, Housewarming Party or Beach Wedding Gift, Wine Lover Christmas Gift, Set of 6",https://www.etsy.com/listing/1580473743/wine-glass-charms-set-coastal-theme-for,ABeachcomberBoutique,https://www.etsy.com/shop/ABeachcomberBoutique,15.00,0,0,0,0,0,31 Mo.,0,0,12,Home & Living,66,0,0.0,858,"wedding,beach,coastal,wine charms,wine glass charms,beach house,wine lover,housewarming,christmas gift,coastal wedding,beach wedding,bridal shower,mermaid scale charm",wedding,beach,coastal,wine charms,wine glass charms,beach house,wine lover,housewarming,christmas gift,coastal wedding,beach wedding,bridal shower,mermaid scale charm
"Personalized glass cutting board with wine and picnic basket theme,  wedding gift, anniversary gift, housewarming gift, home decor gift",https://www.etsy.com/listing/799445142/personalized-glass-cutting-board-with,LetterPerfectGifts,https://www.etsy.com/shop/LetterPerfectGifts,44.99,0,0,0,0,0,72 Mo.,0,0,26,Home & Living,148,0,0.0,718,"glass,cutting board,personalized,monogram,gift,wedding,wine theme,wine,fruit,picnic basket theme,wine glass",glass,cutting board,personalized,monogram,gift,wedding,wine theme,wine,fruit,picnic basket theme,wine glass,--,--
"Wine Print, Illustrated Kitchen Bar Poster, Funny Quote Wall Art",https://www.etsy.com/listing/4484956183/wine-print-illustrated-kitchen-bar,PLACEDPRINTS,https://www.etsy.com/shop/PLACEDPRINTS,14.67,0,0,0,0,0,1 Mo.,0,0,0,Home & Living,12,0,0.0,57,"gift for wine lover,drink theme prints,red wine prints,wine bar print,kitchen wine print,kitchen wine poster,kitchen bar print,wine lover gift,housewarming gift,drinks trolly print,red pink print,red pink wine print,kitchen poster",gift for wine lover,drink theme prints,red wine prints,wine bar print,kitchen wine print,kitchen wine poster,kitchen bar print,wine lover gift,housewarming gift,drinks trolly print,red pink print,red pink wine print,kitchen poster
"Black Cat Art Coaster Set of Four: Chic Home Decor, Gift for Cat Lovers",https://www.etsy.com/listing/4362912036/black-cat-art-coaster-set-of-four-chic,TheMinimalMotive,https://www.etsy.com/shop/TheMinimalMotive,45.98,0,0,0,0,0,8 Mo.,2,0,27,Home & Living,13,0,0.0,447,"cork coaster set,wine party decor,cat themed decor,home bar accessories,fun table decor,gift for cat owners,rustic home decor,funny gift idea,celebration coasters,novelty home gift,artistic tableware,funky coasters,housewarming gift",cork coaster set,wine party decor,cat themed decor,home bar accessories,fun table decor,gift for cat owners,rustic home decor,funny gift idea,celebration coasters,novelty home gift,artistic tableware,funky coasters,housewarming gift
"Wine Design Flour Sack Towel, Cotton Kitchen Towel",https://www.etsy.com/listing/855044015/wine-design-flour-sack-towel-cotton,DragonflyManorDesign,https://www.etsy.com/shop/DragonflyManorDesign,16.00,0,0,0,0,0,69 Mo.,2,0,39,Home & Living,73,0,0.0,66,"wine design towels,kitchen towels,funny wine towels,wine theme towels,wine flour sack,kitchen decor,wine gift,wine birthday gift,housewarming gift,hostess gift,wedding gift,bridal shower gift,wine tea towels",wine design towels,kitchen towels,funny wine towels,wine theme towels,wine flour sack,kitchen decor,wine gift,wine birthday gift,housewarming gift,hostess gift,wedding gift,bridal shower gift,wine tea towels
Wall Vinyl Decal Bottle Of Wine Glass Grape Decor for Kitchens Dining Rooms Wine Cellars Guaranteed Quality Sticker 2059di,https://www.etsy.com/listing/287136295/wall-vinyl-decal-bottle-of-wine-glass,BoldArtsy,https://www.etsy.com/shop/BoldArtsy,35.00,0,0,0,0,0,122 Mo.,11,0,286,Home & Living,130,0,0.0,9241,"wall vinyl wine,vine decal,glass vine decal,wine cellar decor,wine barrel decor,wine bar decor,wine themed decor,housewarming gift,wine-themed wall art,wine lover decor,bar wall decal,winery decor,peel and stick",wall vinyl wine,vine decal,glass vine decal,wine cellar decor,wine barrel decor,wine bar decor,wine themed decor,housewarming gift,wine-themed wall art,wine lover decor,bar wall decal,winery decor,peel and stick
"Grapes floursack dishtowel (kitchen towel, tea towel) machine embroidered, 100% cotton towel, grapes make wine, wine lover",https://www.etsy.com/listing/609483342/grapes-floursack-dishtowel-kitchen-towel,giftsbydiane,https://www.etsy.com/shop/giftsbydiane,14.95,0,0,0,0,0,95 Mo.,4,0,41,Home & Living,206,0,0.0,1372,"grapes,wine lover,grapes make wine,floursack towel,kitchen towel,tea towel,machine embroidered,gift,birthday,wine themed decor,retirement gift,housewarming gift,dry dishes",grapes,wine lover,grapes make wine,floursack towel,kitchen towel,tea towel,machine embroidered,gift,birthday,wine themed decor,retirement gift,housewarming gift,dry dishes
Purrhaps [Name] Needs Another Sip Personalized Coaster - Perfect Gift For Cat and Coffee Lovers - Customizable Square Slate Drink Coaster,https://www.etsy.com/listing/1861190670/purrhaps-name-needs-another-sip,PertsLaserWorks,https://www.etsy.com/shop/PertsLaserWorks,7.99,0,0,0,0,0,15 Mo.,0,0,3,Home & Living,15,0,0.0,121,"mothers day gift,present for her,home bar decor,laser engraved,brother for sister,him custom barware,cute unique design,customizable idea,cat themed desk,wine and gato lover,funny cat dad piece,housewarming gift,birthday party favor",mothers day gift,present for her,home bar decor,laser engraved,brother for sister,him custom barware,cute unique design,customizable idea,cat themed desk,wine and gato lover,funny cat dad piece,housewarming gift,birthday party favor
"California Wine Glass Charms, Hostess Gift Ideas, California Themed Gift, Wine Lover Gift, Wine Gift",https://www.etsy.com/listing/558193284/california-wine-glass-charms-hostess,LifeBaubles,https://www.etsy.com/shop/LifeBaubles,18.95,0,0,0,26,4,102 Mo.,30,0,971,Home & Living,120,0,2.68,6966,"wine gifts,california state,california themed,california gift,wine glass charms,wine glass charm,hostess gift,wine charms,mothers day gift,gift for dad,housewarming gifts,party favors",wine gifts,california state,california themed,california gift,wine glass charms,wine glass charm,hostess gift,wine charms,mothers day gift,gift for dad,housewarming gifts,party favors,--
"Minimalist Wine Tasting Kitchen Towel, Personalized Cotton or Poly Dish Towel",https://www.etsy.com/listing/4451750352/minimalist-wine-tasting-kitchen-towel,PureCoupleStudio,https://www.etsy.com/shop/PureCoupleStudio,29.99,0,0,0,0,0,3 Mo.,1,0,6,Home & Living,38,0,0.0,40,"wine lover gift,custom tea towel,personalized gift,wine tasting decor,modern kitchen art,minimalist home,cotton dish cloth,wine theme gift,wedding present,hostess gift,polyester towel,new home gift,housewarming gift",wine lover gift,custom tea towel,personalized gift,wine tasting decor,modern kitchen art,minimalist home,cotton dish cloth,wine theme gift,wedding present,hostess gift,polyester towel,new home gift,housewarming gift
Cactus Wine Charms - Set of 6 Drink Markers,https://www.etsy.com/listing/1105832917/cactus-wine-charms-wood-drink-markers,ClaimYourGlass,https://www.etsy.com/shop/ClaimYourGlass,16.94,0,0,0,30,7,55 Mo.,33,0,610,Home & Living,116,0,4.92,2076,"drink markers,wine charms,hostess gift,drink accessories,stocking stuffer,housewarming gift,drink tags,handmade,cactus lover gift,cactus wine charms,desert theme,party favor,succulent gift",drink markers,wine charms,hostess gift,drink accessories,stocking stuffer,housewarming gift,drink tags,handmade,cactus lover gift,cactus wine charms,desert theme,party favor,succulent gift
Wine Lover Wall Art | Say When Wine Print | Funny Kitchen Decor | Dining Room Wall Art | Wine Quote Poster | Printable Digital Download,https://www.etsy.com/listing/4462841524/wine-lover-wall-art-say-when-wine-print,HoldMyDuck,https://www.etsy.com/shop/HoldMyDuck,10.04,0,0,0,0,0,3 Mo.,1,0,25,Art & Collectibles,80,0,0.0,2962,"wine lover gift,funny wine print,kitchen wall art,dining room decor,wine quote art,printable wall art,wine kitchen decor,minimalist art print,housewarming gift,gift for wine lover,modern kitchen art,wine themed decor,digital wall print",wine lover gift,funny wine print,kitchen wall art,dining room decor,wine quote art,printable wall art,wine kitchen decor,minimalist art print,housewarming gift,gift for wine lover,modern kitchen art,wine themed decor,digital wall print
"Wine Lover&#39;s Glass Cutting Board, Fun Wine Decor, Kitchen Gift, Unique Home Gift, Perfect for Kitchen Lovers, Entertaining Accessories,",https://www.etsy.com/listing/1797483706/wine-lovers-glass-cutting-board-fun-wine,Naiomidesigns,https://www.etsy.com/shop/Naiomidesigns,49.99,0,0,0,0,0,19 Mo.,0,0,0,Home & Living,48,0,0.0,122,"glass cutting board,kitchen decor,wine lover gift,unique kitchenware,home bar essentials,funny gift idea,cooking accessories,gift for her,housewarming present,birthday gift,wine themed decor,foodie gift idea,charuterie",glass cutting board,kitchen decor,wine lover gift,unique kitchenware,home bar essentials,funny gift idea,cooking accessories,gift for her,housewarming present,birthday gift,wine themed decor,foodie gift idea,charuterie
"Hostess gift for women, alcohol themed gifts, funny dishtowels, wine themed gifts, dirty martini, gifts for wine lover, gift friend, punny",https://www.etsy.com/listing/1806738937/hostess-gift-for-women-alcohol-themed,KitchenGiftCo,https://www.etsy.com/shop/KitchenGiftCo,23.98,0,0,0,0,0,19 Mo.,1,0,9,Home & Living,21,0,0.0,1323,"alcohol themed gifts,funny dishtowels,wine themed gifts,dirty martini,gifts for wine lover,gift friend,punny gift,hostess gift,for women,kitchen towels,house warming gifts,tea towel,cooking gifts",alcohol themed gifts,funny dishtowels,wine themed gifts,dirty martini,gifts for wine lover,gift friend,punny gift,hostess gift,for women,kitchen towels,house warming gifts,tea towel,cooking gifts
In This Kitchen We Lick the Spoon/LED Cork Light Wine Bottle Light/Funny Cute Kitchen Decor/Farmhouse/Kitchen Accessories Gadgets Gifts,https://www.etsy.com/listing/1730539216/in-this-kitchen-we-lick-the-spoonled,UNcorkedUPcycled,https://www.etsy.com/shop/UNcorkedUPcycled,28.00,0,0,0,0,0,23 Mo.,5,0,30,,115,0,0.0,573,"frosted paint,painted wine bottle,burlap twine bottle,buffalo check,housewarming gift,wine bar decor,wine themed gift,vinyl decals,night light,fairy lights,string lights,recycled wine bottle,rustic kitchen",frosted paint,painted wine bottle,burlap twine bottle,buffalo check,housewarming gift,wine bar decor,wine themed gift,vinyl decals,night light,fairy lights,string lights,recycled wine bottle,rustic kitchen
"Tent Camping Mountain Scene Glasses | Custom engraved glassware for beer, whiskey, wine & cocktails. Outdoor gift. Barware and home decor.",https://www.etsy.com/listing/1592354106/tent-camping-mountain-scene-glasses,BenoitsDesignCo,https://www.etsy.com/shop/BenoitsDesignCo,20.00,0,0,0,0,0,31 Mo.,84,0,1800,Home & Living,126,25,0.0,55564,"cocktail glasses,barware set,gifts for him,gifts for her,wine glasses,whiskey glasses,beer glasses,outdoor gift,camping gift,personalized gift,adventure home decor,outdoor theme gift,housewarming gift",cocktail glasses,barware set,gifts for him,gifts for her,wine glasses,whiskey glasses,beer glasses,outdoor gift,camping gift,personalized gift,adventure home decor,outdoor theme gift,housewarming gift
Hand Sculpted Bird Wine Stopper: Stoneware Clay Art,https://www.etsy.com/listing/1872134242/hand-sculpted-bird-wine-stopper,SamanthaBoothArt,https://www.etsy.com/shop/SamanthaBoothArt,38.00,0,0,0,0,0,15 Mo.,3,0,29,Home & Living,119,0,0.0,5996,"bird wine stopper,wine stopper gift,bird lover gift,bird watcher gift,wine lover gift,wine connoisseur,unique wine gift,housewarming gift,wine decor,handmade wine gift,bird themed gift,wine accessory,bird home decor",bird wine stopper,wine stopper gift,bird lover gift,bird watcher gift,wine lover gift,wine connoisseur,unique wine gift,housewarming gift,wine decor,handmade wine gift,bird themed gift,wine accessory,bird home decor
Come & Take It Stemless Wine Glass: Etched Texas Pride Gift,https://www.etsy.com/listing/760343780/come-take-it-stemless-wine-glass-etched,BevveeCo,https://www.etsy.com/shop/BevveeCo,19.95,0,0,0,19,3,77 Mo.,17,0,252,Home & Living,92,0,7.54,62040,"texas flag,gifts for texans,tx flag wine glass,moving to texas,texas wine glasses,texas wine gifts,lone star state,housewarming gifts,texas decor,cowboy decor,texas themed gifts,texas souvenirs,remember the alamo",texas flag,gifts for texans,tx flag wine glass,moving to texas,texas wine glasses,texas wine gifts,lone star state,housewarming gifts,texas decor,cowboy decor,texas themed gifts,texas souvenirs,remember the alamo
"Hope You Brought Doormat, Funny Doormat, Funny Welcome Mat, Dog Lover Gift, Custom Doormat, Personalized Doormat, Cute Door Mat,Housewarming",https://www.etsy.com/listing/889834172/hope-you-brought-doormat-funny-doormat,ShopByThePalms,https://www.etsy.com/shop/ShopByThePalms,50.00,0,0,0,0,0,59 Mo.,0,0,2,,96,0,0.0,10193,"hope you brought,doormat,funny doormat,funny welcome mat,dog lover gift,custom doormat,personalized doormat,cute doormat,housewarming gift,wine doormat,wine and dog treats,dog themed gift,fathers day gift",hope you brought,doormat,funny doormat,funny welcome mat,dog lover gift,custom doormat,personalized doormat,cute doormat,housewarming gift,wine doormat,wine and dog treats,dog themed gift,fathers day gift
Beach theme wine bottle lamp,https://www.etsy.com/listing/1181962230/beach-theme-wine-bottle-lamp,WineBottleGlows,https://www.etsy.com/shop/WineBottleGlows,23.99,0,0,0,34,9,50 Mo.,97,0,5608,Home & Living,132,39,0.61,687,"interior decor,wine gift idea,beach decor,unique gift,beach lover,beach theme,housewarming gift,gift idea,wine bottle lamp,bottle with lights,gift for wine lover,gift for friend,home decor",interior decor,wine gift idea,beach decor,unique gift,beach lover,beach theme,housewarming gift,gift idea,wine bottle lamp,bottle with lights,gift for wine lover,gift for friend,home decor
Handmade Cement Cactus Bottle Stopper | Two Styles: Curvy & Chubby | Pick Your Color!,https://www.etsy.com/listing/4488093727/handmade-cement-cactus-bottle-stopper,CarrieCraftingLtd,https://www.etsy.com/shop/CarrieCraftingLtd,12.50,0,0,0,0,0,1 Mo.,2,0,24,Home & Living,8,0,0.0,28,"southwest decor,cactus gift,succulent lover,arizona souvenir,kitchen gadget,housewarming gift,wine stopper,wine lover gift,desert theme gift,desert wine stopper,liquor stopper,bride gift,bottle topper",southwest decor,cactus gift,succulent lover,arizona souvenir,kitchen gadget,housewarming gift,wine stopper,wine lover gift,desert theme gift,desert wine stopper,liquor stopper,bride gift,bottle topper
Partners In Wine Vineyard Sign Custom Wooden Wall Art Wine Lovers Gift Home Bar Decor Laser Cut Wood Sign Anniversary Gift For Couples,https://www.etsy.com/listing/4436939508/partners-in-wine-vineyard-sign-custom,CraftsInAsia,https://www.etsy.com/shop/CraftsInAsia,9.00,0,0,0,0,0,4 Mo.,2,0,118,Home & Living,33,0,0.0,4385,"wine decor,partners in wine,vineyard sign,custom wood sign,wine lover gift,bar wall art,anniversary gift,housewarming gift,laser cut wood,rustic home decor,wine themed gift,kitchen decor,wooden plaque",wine decor,partners in wine,vineyard sign,custom wood sign,wine lover gift,bar wall art,anniversary gift,housewarming gift,laser cut wood,rustic home decor,wine themed gift,kitchen decor,wooden plaque
"Wine Lover Throw Pillow: Double-Sided Print, Recycled Insert",https://www.etsy.com/listing/4362261721/wine-lover-throw-pillow-double-sided,HUSHTUBBY,https://www.etsy.com/shop/HUSHTUBBY,29.95,0,0,0,0,0,8 Mo.,1,0,3,Home & Living,37,0,0.0,468,"wine down,square pillow,wine home decor,wine lover gift,decorative pillow,living room decor,gift for her,housewarming gift,home accent,throw cushion,cozy home decor,wine theme decor,relaxation gift",wine down,square pillow,wine home decor,wine lover gift,decorative pillow,living room decor,gift for her,housewarming gift,home accent,throw cushion,cozy home decor,wine theme decor,relaxation gift
Wine Lover letterpress-printed greeting card,https://www.etsy.com/listing/1823683405/wine-lover-letterpress-printed-greeting,12AcreStudio,https://www.etsy.com/shop/12AcreStudio,6.00,0,0,0,0,0,18 Mo.,2,0,10,Paper & Party Supplies,111,0,0.0,635,"12 acre studio,housewarming card,letterpress greeting,letterpress printing,wine themed greeting,wine greeting card,wine,wine heart bottle,wine bottle card,wine gift,wine letterpress,wine lover,wine lover greeting",12 acre studio,housewarming card,letterpress greeting,letterpress printing,wine themed greeting,wine greeting card,wine,wine heart bottle,wine bottle card,wine gift,wine letterpress,wine lover,wine lover greeting
"Wood Wine Sign Personalized Anniversary Gift From Daughter, Wine Lover gift, Wine Bar Decor, Custom Name Housewarming Gift For Couple",https://www.etsy.com/listing/643781028/wood-wine-sign-personalized-anniversary,ArtPrintsbyDebbie,https://www.etsy.com/shop/ArtPrintsbyDebbie,139.39,0,0,0,0,0,90 Mo.,1,0,85,Home & Living,139,0,0.0,617,"wood wine sign,for wine lover,personalized custom,themed decor kitchen,cellar bar living,wine basket idea,housewarming small,wine label art,birthday gift,family name sign,personalized gift,fathers day gift",wood wine sign,for wine lover,personalized custom,themed decor kitchen,cellar bar living,wine basket idea,housewarming small,wine label art,birthday gift,family name sign,personalized gift,fathers day gift,--
Alexandra Wine Charms,https://www.etsy.com/listing/1870055303/alexandra-wine-charms,TheWinerThingsCo,https://www.etsy.com/shop/TheWinerThingsCo,13.00,0,0,0,0,0,15 Mo.,0,0,9,Home & Living,39,0,0.0,48,"unique,one of a kind,wine lovers,beauty and the beast,belle,sunshine,princess themed,exquisite,custom jewelry,yellow diamonds,white diamonds,hostess gift,housewarming gift",unique,one of a kind,wine lovers,beauty and the beast,belle,sunshine,princess themed,exquisite,custom jewelry,yellow diamonds,white diamonds,hostess gift,housewarming gift
"Funny Wine Kitchen Towels, Wine Lover Gift, Hostess Gift, Girls Night Gift, Funny Dish Towels, Merlot Rose Moscato Chardonnay Tea Towels",https://www.etsy.com/listing/641678672/wine-gift-wine-glasses-funny-dish-towels,DoTakeItPersonally,https://www.etsy.com/shop/DoTakeItPersonally,11.95,0,0,0,3284,511,90 Mo.,4316,6,90307,Home & Living,146,100,3.64,60206,"wine kitchen towel,hostess gift idea,funny wine gift,wine lover gift,girls night gift,vineyard decor,housewarming gift,bachelorette gift,wine themed party",wine kitchen towel,hostess gift idea,funny wine gift,wine lover gift,girls night gift,vineyard decor,housewarming gift,bachelorette gift,wine themed party,--,--,--,--
"Glass cutting board with abstract wine bottles, Wine themed kitchen decor, Housewarming gift, Glass trivet hostess gift, Wine bar decor",https://www.etsy.com/listing/1606790450/glass-cutting-board-with-abstract-wine,AllThatsHome,https://www.etsy.com/shop/AllThatsHome,44.95,0,0,0,0,0,12 Mo.,0,0,6,Home & Living,97,0,0.0,2138,"glass cutting board,colorful glass art,wedding anniversary,bridal shower gift,counter top display,kitchen hostess gift,housewarming gift,wine lover&#39;s gift,wine themed gift,hostess gift idea",glass cutting board,colorful glass art,wedding anniversary,bridal shower gift,counter top display,kitchen hostess gift,housewarming gift,wine lover&#39;s gift,wine themed gift,hostess gift idea,--,--,--
"Hope You Brought Wine Doormat,Funny Wine Lover Entryway Mat,Humorous Wine Themed Coir Doormat,Funny Front Door Rug,Housewarming Gift",https://www.etsy.com/listing/4491506426/hope-you-brought-wine-doormatfunny-wine,EntrywayAesthetic,https://www.etsy.com/shop/EntrywayAesthetic,39.00,0,0,0,0,0,1 Mo.,0,0,10,,1,0,0.0,37,"funny wine doormat,wine lover gift,coir welcome mat,funny entryway rug,housewarming gift,wine decor,humorous doormat,front door mat,kitchen doormat,funny home decor,wine glass doormat,gag gift,wine lover decor",funny wine doormat,wine lover gift,coir welcome mat,funny entryway rug,housewarming gift,wine decor,humorous doormat,front door mat,kitchen doormat,funny home decor,wine glass doormat,gag gift,wine lover decor
"Lighthouse, New England inspired, hand-painted champagne flute",https://www.etsy.com/listing/1867962647/lighthouse-new-england-inspired-hand,GlassParadox,https://www.etsy.com/shop/GlassParadox,17.50,0,0,0,0,0,15 Mo.,4,0,38,Home & Living,184,0,0.0,1372,"maine made,etsy maine team,beach wedding,toasting glasses,retirement gift,gifts for him or her,inspirational toast,beach house wine,mimosas on the beach,housewarming gift,anniversary gifts,nautical theme,commitment ceremony",maine made,etsy maine team,beach wedding,toasting glasses,retirement gift,gifts for him or her,inspirational toast,beach house wine,mimosas on the beach,housewarming gift,anniversary gifts,nautical theme,commitment ceremony
"Funny Cat Themed T-Shirt for Wine Lovers | Perfect Gift for Cat Owners, Mother&#39;s Day, Housewarming, or Casual Wear | Humor Tee",https://www.etsy.com/listing/1898412395/funny-cat-themed-t-shirt-for-wine-lovers,17inart,https://www.etsy.com/shop/17inart,23.65,0,0,0,0,0,1 Mo.,0,0,3,Clothing,2,0,0.0,4,"funny cat shirt,wine lover gift,casual everyday wear,unisex graphic tee,pet lover apparel,gift for cat mom,humorous t-shirt,relaxed fit tee,cute cat design,gift for cat dad,adult birthday gift,quirky statement tee,casual fun clothing",funny cat shirt,wine lover gift,casual everyday wear,unisex graphic tee,pet lover apparel,gift for cat mom,humorous t-shirt,relaxed fit tee,cute cat design,gift for cat dad,adult birthday gift,quirky statement tee,casual fun clothing
Cloth wine bottle gift bag  festive table decoration,https://www.etsy.com/listing/262277185/cloth-wine-bottle-gift-bag-festive-table,StitchWitchWorks,https://www.etsy.com/shop/StitchWitchWorks,6.95,0,0,0,0,0,124 Mo.,0,0,49,Paper & Party Supplies,126,0,0.0,441,"wine bottle cover,horseshoe,wine bottle bag,party decoration,table centerpiece,housewarming gift,hostess gift,western theme,cowboy table decor,horse table decor,plaid gift bag,reusable recycle,eco friendly",wine bottle cover,horseshoe,wine bottle bag,party decoration,table centerpiece,housewarming gift,hostess gift,western theme,cowboy table decor,horse table decor,plaid gift bag,reusable recycle,eco friendly
Metal Wine Bottle Sculptures - Wall Decor,https://www.etsy.com/listing/1696639614/metal-wine-bottle-sculptures-wall-decor,PearlGlassesVintage,https://www.etsy.com/shop/PearlGlassesVintage,26.20,0,0,0,0,0,25 Mo.,0,0,29,Home & Living,136,0,0.0,844,"metal wine bottle,metal sculpture,wine bar,bar decor,wine tree,wall hanging,metal wall art,kitchen wall decor,wine theme,housewarming gift,couples shower gift,birthday gift guy,housewarming",metal wine bottle,metal sculpture,wine bar,bar decor,wine tree,wall hanging,metal wall art,kitchen wall decor,wine theme,housewarming gift,couples shower gift,birthday gift guy,housewarming
"Pot Coaster, Chalkboard Vino Wine Textured Glass 6&quot;",https://www.etsy.com/listing/385949730/pot-coaster-chalkboard-vino-wine,kitchenniche,https://www.etsy.com/shop/kitchenniche,14.95,0,0,0,0,0,112 Mo.,12,0,382,Home & Living,130,0,0.0,39201,"hot plate,trivet,kitchen decor,wedding gift,housewarming gift,gift,wine trivet,wine lover,wine theme gift,personalized wine,wine themed gifts,personalized trivet,wine theme",hot plate,trivet,kitchen decor,wedding gift,housewarming gift,gift,wine trivet,wine lover,wine theme gift,personalized wine,wine themed gifts,personalized trivet,wine theme
"Elegant Wave-Themed Wine Tumbler, Perfect for Wine Lovers, Outdoor Events, and Gift Giving | Insulated Drinkware, Beach Party, Housewarming,",https://www.etsy.com/listing/4300239999/elegant-wave-themed-wine-tumbler-perfect,TulipshopDesigns,https://www.etsy.com/shop/TulipshopDesigns,24.00,0,0,0,0,0,4 Mo.,1,0,0,Home & Living,5,0,0.0,26,"wine tumbler,insulated cup,travel mug,chill drinkware,gift for her,outdoor picnic,summer vibes,mermaid theme,beach party,wine lover gift,home bar decor,relaxation gift,bachelorette party",wine tumbler,insulated cup,travel mug,chill drinkware,gift for her,outdoor picnic,summer vibes,mermaid theme,beach party,wine lover gift,home bar decor,relaxation gift,bachelorette party
"Personalized Wine sign,Metal Wine name sign,Housewarming Gift,Kitchen Wine sign,Outdoor decor,custom metal Wine Sign,10-24 inches",https://www.etsy.com/listing/4317765662/personalized-wine-signmetal-wine-name,elespaciostore,https://www.etsy.com/shop/elespaciostore,32.90,0,0,0,0,0,3 Mo.,0,0,3,Home & Living,14,0,0.0,1078,"wine metal wall art,wine metal wall sign,wine decor,wine theme decor,wine bar name sign,wine name signs,wine led sign,wine name sign,outdoor decor,wine lover gifts,kitchen decor art,housewarming gift,wine metal sign",wine metal wall art,wine metal wall sign,wine decor,wine theme decor,wine bar name sign,wine name signs,wine led sign,wine name sign,outdoor decor,wine lover gifts,kitchen decor art,housewarming gift,wine metal sign
"Personalized Floating Wine Bottle Holder, Engraved Wood",https://www.etsy.com/listing/1680016580/personalized-floating-wine-bottle-holder,BoldianDesigns,https://www.etsy.com/shop/BoldianDesigns,45.90,0,0,0,0,0,26 Mo.,5,0,931,Weddings,30,0,0.0,6993,"gift for wine lovers,wooden wine caddy,wine gift for her,wine wedding gift,portable wine table,wine themed gift,wine bottle holder,gift for mothers day,wine rack new home,housewarming gift,custom floating wine,anniversary gift,wine rack free stand",gift for wine lovers,wooden wine caddy,wine gift for her,wine wedding gift,portable wine table,wine themed gift,wine bottle holder,gift for mothers day,wine rack new home,housewarming gift,custom floating wine,anniversary gift,wine rack free stand
"Maine Wine Glass Charms, Hostess Gift Ideas, Maine Themed Gift, Wine Lover Gift, Wine Gift",https://www.etsy.com/listing/558140808/maine-wine-glass-charms-hostess-gift,LifeBaubles,https://www.etsy.com/shop/LifeBaubles,18.95,0,0,0,114,17,102 Mo.,76,0,1646,Home & Living,120,0,6.93,6966,"wine gifts,maine state,maine gift,hostess gift ideas,wine glass charms,maine themed gifts,wine glass charm,hostess gift,wine charms,mothers day gift,housewarming gifts,party favors",wine gifts,maine state,maine gift,hostess gift ideas,wine glass charms,maine themed gifts,wine glass charm,hostess gift,wine charms,mothers day gift,housewarming gifts,party favors,--
"Gone with the Wind Themed Wine Glass Charms, Georgia Gift, Book Themed Gift",https://www.etsy.com/listing/823867971/gone-with-the-wind-themed-wine-glass,LifeBaubles,https://www.etsy.com/shop/LifeBaubles,18.95,0,0,0,20,3,71 Mo.,64,0,1253,Home & Living,120,0,1.6,6966,"hostess gift,wine gifts,book themed gift,literary themed gift,georgia themed,margaret mitchell,gone with the wind,wine glass charms,gifts for him,wine glass charm,wine charms,housewarming gifts,party favors",hostess gift,wine gifts,book themed gift,literary themed gift,georgia themed,margaret mitchell,gone with the wind,wine glass charms,gifts for him,wine glass charm,wine charms,housewarming gifts,party favors
"Thanksgiving Wine Glass Charms, Hostess Gift IdeasThanksgiving Wine Glass Charms, Host Gift, Holiday Party Accessories, Wine Gifts",https://www.etsy.com/listing/487121531/thanksgiving-wine-glass-charms-hostess,LifeBaubles,https://www.etsy.com/shop/LifeBaubles,18.95,0,0,0,67,10,115 Mo.,28,0,727,Home & Living,120,0,9.22,6966,"wine gifts,fall gift,wine glass charms,thanksgiving dinner,harvest themed,hostess gift ideas,table decor,thanksgiving charm,hostess gift,wine charms,party gift,housewarming gifts,party favors",wine gifts,fall gift,wine glass charms,thanksgiving dinner,harvest themed,hostess gift ideas,table decor,thanksgiving charm,hostess gift,wine charms,party gift,housewarming gifts,party favors
"Wine O&#39;Clock Wall Clock: Red & White Bottles, Home Bar Decor",https://www.etsy.com/listing/649529765/wine-oclock-wall-clock-red-white-bottles,FunAroundTheClockCo,https://www.etsy.com/shop/FunAroundTheClockCo,58.00,0,0,0,0,0,88 Mo.,10,0,427,Home & Living,103,0,0.0,6743,"wine clock,red wine,wine o'clock,wine lover gift,wall clock,home decor,kitchen decor,unique clock,wine theme,gift for him,gift for her,wine bottles,housewarming gift",wine clock,red wine,wine o'clock,wine lover gift,wall clock,home decor,kitchen decor,unique clock,wine theme,gift for him,gift for her,wine bottles,housewarming gift
"Holiday Wine Stoppers - Unique Hostess Gifts, Beach Themed Wedding Gift, Bridesmaid Gifts, Housewarming Gift,",https://www.etsy.com/listing/1859876557/holiday-wine-stoppers-unique-hostess,Coastalcorked,https://www.etsy.com/shop/Coastalcorked,24.95,0,0,0,0,0,13 Mo.,4,0,25,Home & Living,13,0,0.0,8,"",--,--,--,--,--,--,--,--,--,--,--,--,--
"Colorful under the sea Oyster Shell Wine Stopper - Unique Hostess Gifts, Beach Themed Wedding Gift, Bridesmaid Gifts, Housewarming Gift,",https://www.etsy.com/listing/1874012224/colorful-under-the-sea-oyster-shell-wine,Coastalcorked,https://www.etsy.com/shop/Coastalcorked,24.95,0,0,0,0,0,11 Mo.,0,0,45,Home & Living,13,0,0.0,8,"",--,--,--,--,--,--,--,--,--,--,--,--,--
Wine Themed Decor/Wine Bottle Light/Fairy Lights/Wine Puns/Gift for Women/Hostess Gift/Housewarming Gift/Local Buyers Use Code LOCALPICKUP,https://www.etsy.com/listing/1534748551/wine-themed-decorwine-bottle-lightfairy,NancysBottleService,https://www.etsy.com/shop/NancysBottleService,25.00,0,0,0,0,0,29 Mo.,2,0,98,Home & Living,29,0,0.0,75,"",--,--,--,--,--,--,--,--,--,--,--,--,--
"Seashell Wine Glass Set, Natural Conch Chalice, Coastal Housewarming Gift, Ocean Themed Party Drinkware, Unique Sea Shell Art Glassware",https://www.etsy.com/listing/4480819287/seashell-wine-glass-set-natural-conch,WindWithin,https://www.etsy.com/shop/WindWithin,55.26,0,0,0,0,0,2 Mo.,3,0,13,Home & Living,6,0,0.0,19,"shell wine glass set,conch stem goblet,glass shell chalice,ocean party glass,coastal host gift,gothic murex goblet,nautical bride gift,mermaid party gift,conch mom gift,spiky shell goblet,striped conch cup,pearl mini goblet,shell glass stand",shell wine glass set,conch stem goblet,glass shell chalice,ocean party glass,coastal host gift,gothic murex goblet,nautical bride gift,mermaid party gift,conch mom gift,spiky shell goblet,striped conch cup,pearl mini goblet,shell glass stand
Retro Surfboard Pattern Stemless Wine Glass | Beach Vibes Glassware,https://www.etsy.com/listing/4482158366/retro-surfboard-pattern-stemless-wine,DanabananaDesign,https://www.etsy.com/shop/DanabananaDesign,23.20,0,0,0,0,0,1 Mo.,0,0,0,Home & Living,12,0,0.0,37,"stemless glass,wine glass,surf glass,beach glass,summer wine,colorful glass,coastal gift,boho drinkware,gifts for her,surfboard glass,ocean themed,vacation gift,housewarming",stemless glass,wine glass,surf glass,beach glass,summer wine,colorful glass,coastal gift,boho drinkware,gifts for her,surfboard glass,ocean themed,vacation gift,housewarming
Tea Dish Kitchen Towel: Handmade Microfiber Waffle Weave,https://www.etsy.com/listing/4369248116/tea-dish-kitchen-towel-handmade,KymberliKBoutique,https://www.etsy.com/shop/KymberliKBoutique,14.97,0,0,0,0,0,8 Mo.,0,0,2,Home & Living,36,0,0.0,133,"towel,kitchen towel,polyester,waffle weave,absorbent dish towel,housewarming gift,farmhouse kitchen,gift,textured,winter,christmas,wine bottle,wine theme",towel,kitchen towel,polyester,waffle weave,absorbent dish towel,housewarming gift,farmhouse kitchen,gift,textured,winter,christmas,wine bottle,wine theme
"Knock-Knock It&#39;s Wine O&#39;Clock - Funny Welcome Mat, Housewarming Gift",https://www.etsy.com/listing/1365539538/knock-knock-its-wine-oclock-doormat,TouchUpShop,https://www.etsy.com/shop/TouchUpShop,37.95,0,0,0,0,0,41 Mo.,9,0,127,,45,0,0.0,8713,"wine lover gift,wine oclock mat,funny doormat,door mat,wine theme decor,housewarming gift,new home gift,front porch decor,welcome mat,wine lover mat,outdoor doormat,funny welcome mat,wine decor",wine lover gift,wine oclock mat,funny doormat,door mat,wine theme decor,housewarming gift,new home gift,front porch decor,welcome mat,wine lover mat,outdoor doormat,funny welcome mat,wine decor
"Burlap bottle gift bag, congratulation celebration bottle bag, jute wine bag, rustic farmhouse country table decor",https://www.etsy.com/listing/4448690024/burlap-bottle-gift-bag-congratulation,LovelyBurlapDecor,https://www.etsy.com/shop/LovelyBurlapDecor,10.00,0,0,0,0,0,4 Mo.,0,0,8,Bags & Purses,61,0,0.0,456,"wine bag,burlap wine bag,reusable wine bag,christmas gift,wine gift bag,holiday theme bag,bag for oil,bottle gift bag,wine love gift,party decor wine bag,anniversary gift,housewarming gift,easter gift bag",wine bag,burlap wine bag,reusable wine bag,christmas gift,wine gift bag,holiday theme bag,bag for oil,bottle gift bag,wine love gift,party decor wine bag,anniversary gift,housewarming gift,easter gift bag
"Wine Ornament, Mini Christmas Sweater Ornament w wine glass applique",https://www.etsy.com/listing/1043772605/wine-ornament-mini-christmas-sweater,PurpleBasset,https://www.etsy.com/shop/PurpleBasset,12.00,0,0,0,0,0,59 Mo.,2,0,5,Home & Living,116,0,0.0,4480,"purplebasset,wine glass ornament,wine lover,home decor,house warming,hostess gift,office decor,mini sweater,sweater ornament,wine theme,wine gift,wine glass",purplebasset,wine glass ornament,wine lover,home decor,house warming,hostess gift,office decor,mini sweater,sweater ornament,wine theme,wine gift,wine glass,--
"Minimalist Wine Line Art Print, Pouring Wine Bottle Drawing, Black and White Bar Cart Artwork",https://www.etsy.com/listing/4502304581/minimalist-wine-line-art-print-pouring,47saintstreet,https://www.etsy.com/shop/47saintstreet,5.72,0,0,0,0,0,1 Mo.,1,0,9,Art & Collectibles,56,0,0.0,21,"wine line art,minimal drawing,bar cart decor,kitchen artwork,glass illustration,modern wall print,black white decor,dining room style,continuous sketch,hostess gift,neutral aesthetic,drink themed art,house warming",wine line art,minimal drawing,bar cart decor,kitchen artwork,glass illustration,modern wall print,black white decor,dining room style,continuous sketch,hostess gift,neutral aesthetic,drink themed art,house warming
"Blue Fish Beach Wine Glasses, Beach Wedding Gift or Home Decor, Personalized For Free",https://www.etsy.com/listing/286436421/blue-fish-beach-wine-glasses-beach,LisasShabbyCottage,https://www.etsy.com/shop/LisasShabbyCottage,24.95,0,0,0,0,0,122 Mo.,17,0,326,Home & Living,229,0,0.0,3488,"fish wine glass,beach wine glass,housewarming gift,personalized,custom wine glass,beach wedding decor,beach wedding gift,custom painted,bridesmaid gifts,fish themed,custom wine glasses,beachy kitchen decor,wine themed gift",fish wine glass,beach wine glass,housewarming gift,personalized,custom wine glass,beach wedding decor,beach wedding gift,custom painted,bridesmaid gifts,fish themed,custom wine glasses,beachy kitchen decor,wine themed gift
Personalized Double Wine Bag Wine Drinker Gift Wine Gifts Bag Wine Bag Wine Gift For Men Wine Gift For Women Housewarming Gift For Couple,https://www.etsy.com/listing/1785163424/personalized-double-wine-bag-wine,WellAppointedTravel,https://www.etsy.com/shop/WellAppointedTravel,44.23,0,0,0,0,0,20 Mo.,0,0,2,Bags & Purses,32,0,0.0,26,"double wine carrier,wine drinker gift,wine bottle holder,wine gift for men,wine themed gifts,barware wine bag,wine travel case,wine tote custom,personalized wine,customizable wine,wine gift for women,housewarming gift,custom wine tote bag",double wine carrier,wine drinker gift,wine bottle holder,wine gift for men,wine themed gifts,barware wine bag,wine travel case,wine tote custom,personalized wine,customizable wine,wine gift for women,housewarming gift,custom wine tote bag
"Wine theme towels, kitchen towels, hostes gifts,  tea towels, wine towels, gifts, kitchen decor, funny kitchen towels,",https://www.etsy.com/listing/1091825946/wine-theme-towels-kitchen-towels-hostes,Robinssassystitches,https://www.etsy.com/shop/Robinssassystitches,10.00,0,0,0,0,0,55 Mo.,2,0,168,Home & Living,121,0,0.0,4501,"kitchen towel,tea towel,wine theme towel,funny towels,hostes gift,housewarming gift,wine lover,wine theme gift,gift to go with wine,small gift,nice towels,tea towels,gifts",kitchen towel,tea towel,wine theme towel,funny towels,hostes gift,housewarming gift,wine lover,wine theme gift,gift to go with wine,small gift,nice towels,tea towels,gifts
Embroidered Flour Sack Towel Kitchen Tea Towel Wine Themes,https://www.etsy.com/listing/692947381/embroidered-flour-sack-towel-kitchen-tea,BarbaraMillerDesigns,https://www.etsy.com/shop/BarbaraMillerDesigns,10.95,0,0,0,0,0,86 Mo.,2,0,46,Home & Living,172,0,0.0,559,"tea towel,kitchen decor,embroidered towel,housewarming gift,dishcloths,flour sack towel,kitchen linens,dish towel,wedding gift,wine a little,laugh a lot,wine decor,wine theme",tea towel,kitchen decor,embroidered towel,housewarming gift,dishcloths,flour sack towel,kitchen linens,dish towel,wedding gift,wine a little,laugh a lot,wine decor,wine theme
Fall Decor/Home Sweet Home/LED Wine Bottle Cork Light/Wine Bottle Decor/Fall Centerpiece Mantel/Painted Wine Bottle/Farmhouse  Decor/Harvest,https://www.etsy.com/listing/1760060212/fall-decorhome-sweet-homeled-wine-bottle,UNcorkedUPcycled,https://www.etsy.com/shop/UNcorkedUPcycled,27.00,0,0,0,4,2,21 Mo.,7,0,225,Home & Living,115,0,1.78,573,"pumpkin ribbon,wine bar decor,vinyl decals,fairy lights,wine themed,frosted paint,thanksgiving table,pumpkin patch,housewarming gift,buffalo plaid,fall ribbon,farmhouse kitchen,unique gift",pumpkin ribbon,wine bar decor,vinyl decals,fairy lights,wine themed,frosted paint,thanksgiving table,pumpkin patch,housewarming gift,buffalo plaid,fall ribbon,farmhouse kitchen,unique gift
Oyster shell napkin ring. Seashell napkin holder. Oyster shell wine bottle charm,https://www.etsy.com/listing/1441888575/oyster-shell-napkin-ring-seashell-napkin,DoneleDesign,https://www.etsy.com/shop/DoneleDesign,10.00,0,0,0,0,0,38 Mo.,8,0,250,Home & Living,85,0,0.0,1430,"napkin rings,housewarming,seashells,oyster shells,wine bottle charm,oyster ornament,dining,mothers day,ocean,beach themed,anniversary,wedding gift,nautical",napkin rings,housewarming,seashells,oyster shells,wine bottle charm,oyster ornament,dining,mothers day,ocean,beach themed,anniversary,wedding gift,nautical
Small Kitchen Still Life Painting: Wine & Pomegranate on Canvas,https://www.etsy.com/listing/4318019017/small-kitchen-still-life-painting-wine,MoodDrinksArt,https://www.etsy.com/shop/MoodDrinksArt,104.46,0,0,0,0,0,11 Mo.,6,0,137,Art & Collectibles,13,0,0.0,2,"abstract bottle art,small dining artwork,shelf display art,party host wall gift,square canvas decor,pink background deco,wine wall art,gift for wine lover,housewarming gift,miniature wall art,vino painting,bar wall art,wine theme art",abstract bottle art,small dining artwork,shelf display art,party host wall gift,square canvas decor,pink background deco,wine wall art,gift for wine lover,housewarming gift,miniature wall art,vino painting,bar wall art,wine theme art
"Epoxy resin drink coasters, coffee and cocktail table protector, home and office decoration",https://www.etsy.com/listing/4323716110/handmade-coaster-made-of-epoxy-resin,DanyResinGifts,https://www.etsy.com/shop/DanyResinGifts,18.07,0,0,0,0,0,11 Mo.,0,0,33,Home & Living,15,0,0.0,27,"wine themed gif,unique coasters,epoxy resin decor,cork art,housewarming gift,handmade coasters,rustic home decor,bar decor,wine lover gift,epoxy coasters,resin coasters,wine cork coasters,gift for wine lover",wine themed gif,unique coasters,epoxy resin decor,cork art,housewarming gift,handmade coasters,rustic home decor,bar decor,wine lover gift,epoxy coasters,resin coasters,wine cork coasters,gift for wine lover
pick your state wine cork map art - gifts for wine lovers - rustic home decor,https://www.etsy.com/listing/624225385/pick-your-state-wine-cork-map-art-gifts,DesertCoastalStudios,https://www.etsy.com/shop/DesertCoastalStudios,69.95,0,0,0,8,2,95 Mo.,53,0,1621,Home & Living,204,0,0.49,4370,"farmhouse wall decor,cork map art,zero waste gifts,wine cork art,host gift,wine themed gifts,sommelier gift,housewarming gift,new home gifts,real estate closing,long distance,friendship gift,moving away gift",farmhouse wall decor,cork map art,zero waste gifts,wine cork art,host gift,wine themed gifts,sommelier gift,housewarming gift,new home gifts,real estate closing,long distance,friendship gift,moving away gift
"Wine Or Whiskey Bottle Gift Bag, 750ML Size, Personalize Back Of Bag, Reusable Cotton Drawstring Tote, Funny Party Favors",https://www.etsy.com/listing/1669824009/wine-or-whiskey-bottle-gift-bag-750ml,WayneAndLoretta,https://www.etsy.com/shop/WayneAndLoretta,13.50,0,0,0,0,0,27 Mo.,0,0,18,Paper & Party Supplies,73,0,0.0,253,"wayne and loretta,alcohol liquor booze,holder carrier totes,coworker boss office,best friend birthday,hostess housewarming,whiskey lover theme,750ml champagne wine,personalized sayings,handmade party favor,bottle gift bags,funny sarcastic gags,marijuana bongs weed",wayne and loretta,alcohol liquor booze,holder carrier totes,coworker boss office,best friend birthday,hostess housewarming,whiskey lover theme,750ml champagne wine,personalized sayings,handmade party favor,bottle gift bags,funny sarcastic gags,marijuana bongs weed
"Wine Cork Cowboy Gifts, Western Bar Decor, Desk Accessories For Men, Cowboy Hat Bandana Theme, Rodeo Ranch Housewarming, Wine Cellar Art",https://www.etsy.com/listing/1148961154/wine-cork-cowboy-gifts-western-bar-decor,CorkiesBySteph,https://www.etsy.com/shop/CorkiesBySteph,22.00,0,0,0,12,4,52 Mo.,5,0,307,Home & Living,74,0,3.91,3976,"wine cork cowboy,gifts western bar,decor cute unique,desk accessories men,cowboy hat bandana,country rodeo idea,wine cellar room,ranch housewarming,realtor closing,rustic farm animals,cowgirl wedding,bridal shower yeehaw,home bar handmade",wine cork cowboy,gifts western bar,decor cute unique,desk accessories men,cowboy hat bandana,country rodeo idea,wine cellar room,ranch housewarming,realtor closing,rustic farm animals,cowgirl wedding,bridal shower yeehaw,home bar handmade
"It&#39;s 5 o&#39;clock Somewhere embroidered towel, pink embroidered towel, wine lover&#39;s towel, cocktail towel, funny kitchen towel",https://www.etsy.com/listing/1268115885/its-5-oclock-somewhere-embroidered-towel,SharisSudsNStuff,https://www.etsy.com/shop/SharisSudsNStuff,19.98,0,0,0,4,1,46 Mo.,7,0,99,Home & Living,205,0,4.04,1510,"29 forever soaps,29forever soaps,5 o'clock somewhere,wedding shower gift,birthday gift,housewarming gift,5'clock somewhere,wine themed towel,happy hour towel,gift for girlfriend,50th birthday woman,funny gift under 20,unique gift under 20",29 forever soaps,29forever soaps,5 o'clock somewhere,wedding shower gift,birthday gift,housewarming gift,5'clock somewhere,wine themed towel,happy hour towel,gift for girlfriend,50th birthday woman,funny gift under 20,unique gift under 20
"Wine Cork Trivet,wine lovers,housewarming gift,wine themed event,corks,wine corks,wine accessories,wine trivet,trivet,kitchen trivet,wine",https://www.etsy.com/listing/776894330/wine-cork-trivetwine-lovershousewarming,RockMyBeads,https://www.etsy.com/shop/RockMyBeads,20.00,0,0,0,0,0,74 Mo.,8,0,1936,Home & Living,190,0,0.0,1344,"cork,wine cork,wine accessories,wine themed event,wine art,cork art,cork trivet,hot plate,trivet,kitchen trivet,pot stand,square trivet,pot holder",cork,wine cork,wine accessories,wine themed event,wine art,cork art,cork trivet,hot plate,trivet,kitchen trivet,pot stand,square trivet,pot holder
"2 Personalized Witch, Halloween, wine burlap gift bags",https://www.etsy.com/listing/4331655933/2-personalized-witch-halloween-wine,FunFashunAndDecor,https://www.etsy.com/shop/FunFashunAndDecor,7.50,0,0,0,0,0,10 Mo.,1,0,3,Home & Living,12,0,0.0,68,"wine bag,wine gift,halloween party gift,party gift,gift for wine lover,witch theme,kitchen decor,halloween party,personalized gift,witch,goth girl,wine girl,house warming gift",wine bag,wine gift,halloween party gift,party gift,gift for wine lover,witch theme,kitchen decor,halloween party,personalized gift,witch,goth girl,wine girl,house warming gift
"Duck Wine Party Print - Whimsical Canvas Wall Art, Nordic Style Poster, Kitchen Decor, Funny Bathroom Art, Unique Home Decoration",https://www.etsy.com/listing/4452264774/duck-wine-party-print-whimsical-canvas,PhaneStore,https://www.etsy.com/shop/PhaneStore,32.08,0,0,0,1,0,3 Mo.,2,0,123,Home & Living,5,0,0.81,65,"duck wall art,wine art print,kitchen art,bathroom decor,nordic poster,funny wall art,home decoration,canvas print,party theme art,unique wall decor,gift for friend,housewarming gift,duck lover gift",duck wall art,wine art print,kitchen art,bathroom decor,nordic poster,funny wall art,home decoration,canvas print,party theme art,unique wall decor,gift for friend,housewarming gift,duck lover gift
Ceramic Tumbler Arches Cup Handmade Brown blue speckled Utah Pottery Handless Mug Wine Cup Tea,https://www.etsy.com/listing/1764871006/ceramic-tumbler-arches-cup-handmade,KeriClementine,https://www.etsy.com/shop/KeriClementine,65.00,0,0,0,0,0,21 Mo.,14,0,85,Home & Living,142,0,0.0,1222,"handmade ceramic cup,modern drinking cup,cocktail tumbler,ceramic wine glass,housewarming gift,handleless mug,ceramic tumbler,drink tumbler,speckled tumbler,whiskey tumbler,utah desert gift,delicate arch arches,desert themed gift",handmade ceramic cup,modern drinking cup,cocktail tumbler,ceramic wine glass,housewarming gift,handleless mug,ceramic tumbler,drink tumbler,speckled tumbler,whiskey tumbler,utah desert gift,delicate arch arches,desert themed gift
Watercolor Wine Bottles Leather Placemat | Vineyard Table Decor,https://www.etsy.com/listing/4519591198/watercolor-wine-bottles-leather-placemat,drinksbymare,https://www.etsy.com/shop/drinksbymare,25.00,0,0,0,0,0,1 Mo.,0,0,2,Home & Living,34,0,0.0,182,"leather placemat,wine theme,dining decor,kitchen accent,table setting,rustic table,boho placemat,colorful placemat,hostess gift,dinner party,wine lover,everyday use,housewarming gift",leather placemat,wine theme,dining decor,kitchen accent,table setting,rustic table,boho placemat,colorful placemat,hostess gift,dinner party,wine lover,everyday use,housewarming gift
Wine Lovers 20in x 20in Cloth Napkin Set,https://www.etsy.com/listing/1700890188/wine-lovers-20in-x-20in-cloth-napkin-set,NotNakedVibes,https://www.etsy.com/shop/NotNakedVibes,22.00,0,0,0,0,0,15 Mo.,0,0,11,Home & Living,17,0,0.0,407,"4pc cloth napkin set,cloth napkins set,deorative napkins,wine theme napkins,wine lovers decor,wine table decor,wine cloth napkin,gift for wine lover,housewarming gift,funny wine napkin,special wine napkin,wine accessories,gift for mom",4pc cloth napkin set,cloth napkins set,deorative napkins,wine theme napkins,wine lovers decor,wine table decor,wine cloth napkin,gift for wine lover,housewarming gift,funny wine napkin,special wine napkin,wine accessories,gift for mom
Wine Poster| Wine-Themed Watercolor Prints| Wine Connoisseurs| Wine Lovers,https://www.etsy.com/listing/1869104289/wine-poster-wine-themed-watercolor,PinkArenaCreations,https://www.etsy.com/shop/PinkArenaCreations,38.00,0,0,0,0,0,3 Mo.,0,0,1,Art & Collectibles,3,0,0.0,1,"home decor,wine lovers,wall art,wooden frame,decorative poster,kitchen decor,gift for wine lovers,housewarming gift,wine theme decor,modern wall art,rustic home decor,aesthetic decor,wine enthusiasts",home decor,wine lovers,wall art,wooden frame,decorative poster,kitchen decor,gift for wine lovers,housewarming gift,wine theme decor,modern wall art,rustic home decor,aesthetic decor,wine enthusiasts
Metal Wine Bottle Door Corner Decor: Pouring Silhouette Art home wall decor,https://www.etsy.com/listing/4360380578/metal-wine-bottle-door-corner-decor,ArtDestraHomeDecor,https://www.etsy.com/shop/ArtDestraHomeDecor,210.00,0,0,0,0,0,5 Mo.,1,0,34,Home & Living,6,0,0.0,4,"wine lover gift,metal door topper,kitchen wall decor,home bar accent,door frame decor,corner wall art,wine themed decor,silhouette art,housewarming gift,dining room decor,metal wall art,wine bottle art,unique kitchen gift",wine lover gift,metal door topper,kitchen wall decor,home bar accent,door frame decor,corner wall art,wine themed decor,silhouette art,housewarming gift,dining room decor,metal wall art,wine bottle art,unique kitchen gift
716DP Cat Art Prints - Black and White Cat Drinking Wine Art - Cat Canvas Art - Cat Drawing - Wine Artwork - Funny Cat Decor - Cat Prints,https://www.etsy.com/listing/655645347/716dp-cat-art-prints-black-and-white-cat,leearthaus,https://www.etsy.com/shop/leearthaus,14.99,0,0,0,8,2,78 Mo.,21,0,435,Home & Living,212,0,1.84,13873,"wine tasting,wine art prints,wine theme,wine party decor,wine canvas art,cat lady art,cat lover gifts,cat theme,cat decor,cat portrait,wine gift idea,housewarming gift,gift for her",wine tasting,wine art prints,wine theme,wine party decor,wine canvas art,cat lady art,cat lover gifts,cat theme,cat decor,cat portrait,wine gift idea,housewarming gift,gift for her
Travel Theme Wine Glass Charms - Sold Individually - Camera Wine Charm - Airplane Wine Charm - Travel Lover Gift - Wine Lover Gift,https://www.etsy.com/listing/1573250863/travel-theme-wine-glass-charms-sold,maitrinkets,https://www.etsy.com/shop/maitrinkets,4.50,0,0,0,0,0,16 Mo.,1,0,24,Home & Living,44,0,0.0,710,"travel theme charm,wine glass charm,wine glass marker,travel lover gift,housewarming gift,passport wine charm,airplane wine charm,wine lover gift,maitrinkets,globe wine charm,camera wine charm,photography gift,single wine charm",travel theme charm,wine glass charm,wine glass marker,travel lover gift,housewarming gift,passport wine charm,airplane wine charm,wine lover gift,maitrinkets,globe wine charm,camera wine charm,photography gift,single wine charm
Octopus Tentacle Wine Bottle Holder – Nautical Elegance for Wine Enthusiasts,https://www.etsy.com/listing/1811192217/octopus-tentacle-wine-bottle-holder,GrinbuckTech,https://www.etsy.com/shop/GrinbuckTech,43.65,0,0,0,2,1,19 Mo.,19,0,284,Home & Living,23,0,0.7,194,"wine bottle holder,octopus decor,nautical home decor,wine lover gift,tentacle decor,unique wine rack,bar cart decor,underwater decor,housewarming gift,ocean theme decor,sea creature art,handmade wine gift,octopus sculpture",wine bottle holder,octopus decor,nautical home decor,wine lover gift,tentacle decor,unique wine rack,bar cart decor,underwater decor,housewarming gift,ocean theme decor,sea creature art,handmade wine gift,octopus sculpture
"Shells Hand Painted Stemmed Glasses, Set of 6 Stemmed Sea Shells Wine Glasses, Beach Theme Glassware, Sea Shells, Sea Coral, Coastal Living.",https://www.etsy.com/listing/1200621758/shells-hand-painted-stemmed-glasses-set,PKPaintedKreations,https://www.etsy.com/shop/PKPaintedKreations,144.00,0,0,0,3,1,31 Mo.,5,0,155,Home & Living,115,0,1.94,692,"ocean theme,hand painted glass,seashore,drinkware,home and living,birthday gift,shell,beach house,wine glass,nautical theme,coastal chic,housewarming gift,tropical decor",ocean theme,hand painted glass,seashore,drinkware,home and living,birthday gift,shell,beach house,wine glass,nautical theme,coastal chic,housewarming gift,tropical decor
"Spill the Wine Tote Bag, Perfect for Wine Lovers, girls trip, reusable tote bag, Beach Days, everday tote, Party favors, gift for her, cool",https://www.etsy.com/listing/4301730992/spill-the-wine-tote-bag-perfect-for-wine,LBHGIFTCRAFTER,https://www.etsy.com/shop/LBHGIFTCRAFTER,28.00,0,0,0,0,0,4 Mo.,0,0,5,Bags & Purses,5,0,0.0,1,"wine lover gift,wine tote bag,funny wine bag,girls trip bag,reusable tote bag,beach tote,wine tasting bag,gift for her,wine bag funny,wine gifts for women,wine themed bag,party tote bag,housewarming gift",wine lover gift,wine tote bag,funny wine bag,girls trip bag,reusable tote bag,beach tote,wine tasting bag,gift for her,wine bag funny,wine gifts for women,wine themed bag,party tote bag,housewarming gift
"8 Beach Wine Charms, Beach Themed Gifts, Beach House Gifts Under the Sea Gift Sea Lovers Gift Housewarming Gift Beach Cottage Seashell Gifts",https://www.etsy.com/listing/571364745/8-beach-wine-charms-beach-themed-gifts,thingsBEACH,https://www.etsy.com/shop/thingsBEACH,24.00,0,0,0,0,0,90 Mo.,31,0,645,Home & Living,170,0,0.0,9868,"beach wine charms,beach themed gifts,beach cottage,seashell gifts,sea lovers gift,housewarming gift,beach house gifts,under the sea gift,shell wine charms,wine glass charms,beach,drink markers,wine charm set",beach wine charms,beach themed gifts,beach cottage,seashell gifts,sea lovers gift,housewarming gift,beach house gifts,under the sea gift,shell wine charms,wine glass charms,beach,drink markers,wine charm set
Funny Wine Doormat | If You’re Not Selling Wine I Don’t Want It | Wine Lover Gift | Sassy Welcome Mat | Housewarming Gift | Wine Porch Decor,https://www.etsy.com/listing/4302099872/funny-wine-doormat-o-if-youre-not,TheCreativeMavenCo,https://www.etsy.com/shop/TheCreativeMavenCo,70.97,0,0,0,0,0,7 Mo.,0,0,4,Home & Living,25,0,0.0,87,"wine doormat,humorous door mat,kitchen decor,gift for wine lovers,housewarming gift,gag gift for friends,wine lover gift,themed doormat,wine drinkers gift,sassy wine doormat,funny outdoor mat,wine themed doormat,funny front door mat",wine doormat,humorous door mat,kitchen decor,gift for wine lovers,housewarming gift,gag gift for friends,wine lover gift,themed doormat,wine drinkers gift,sassy wine doormat,funny outdoor mat,wine themed doormat,funny front door mat
"Grape Wall Art, Minimalist Wine Wall Art, Rustic Kitchen Art, Vineyard Aesthetic, Printable Poster, Gift For Wine Lovers, Printable Art",https://www.etsy.com/listing/1867312939/grape-wall-art-minimalist-wine-wall-art,MilaMatePrints,https://www.etsy.com/shop/MilaMatePrints,9.71,0,0,0,0,0,13 Mo.,0,0,2,Home & Living,14,0,0.0,53,"wine lover decor,grape illustration,wine enthusiast gift,kitchen art print,vineyard aesthetic,wine bar decor,wine humor print,digital wall art,wine quote art,vintage wine poster,rustic kitchen print,housewarming gift,wine-themed gift",wine lover decor,grape illustration,wine enthusiast gift,kitchen art print,vineyard aesthetic,wine bar decor,wine humor print,digital wall art,wine quote art,vintage wine poster,rustic kitchen print,housewarming gift,wine-themed gift
"Natural Oyster Shell Wine Stopper - Unique Hostess Gifts, Beach Themed Wedding Gift, Bridesmaid Gifts, Housewarming Gift,",https://www.etsy.com/listing/1869165470/natural-oyster-shell-wine-stopper-unique,Coastalcorked,https://www.etsy.com/shop/Coastalcorked,24.95,0,0,0,0,0,11 Mo.,0,0,30,Home & Living,13,0,0.0,8,"",--,--,--,--,--,--,--,--,--,--,--,--,--
"Red lobster Oyster Shell Wine Stopper - Unique Hostess Gifts, Beach Themed Wedding Gift, Bridesmaid Gifts, Housewarming Gift,",https://www.etsy.com/listing/1883493251/red-lobster-oyster-shell-wine-stopper,Coastalcorked,https://www.etsy.com/shop/Coastalcorked,24.95,0,0,0,0,1,11 Mo.,1,0,31,Home & Living,13,0,0.0,8,"",--,--,--,--,--,--,--,--,--,--,--,--,--
"Blk & Wht Checkered Oyster Shell Wine Stopper - Unique Hostess Gifts, Beach Themed Wedding Gift, Bridesmaid Gifts, Housewarming Gift,",https://www.etsy.com/listing/4295503856/blk-wht-checkered-oyster-shell-wine,Coastalcorked,https://www.etsy.com/shop/Coastalcorked,24.95,0,0,0,0,0,10 Mo.,0,0,2,Home & Living,13,0,0.0,8,"",--,--,--,--,--,--,--,--,--,--,--,--,--
Come Back With Wine Doormat | Wine Bottle Welcome Mat,https://www.etsy.com/listing/4468863588/come-back-with-wine-doormat-wine-bottle,VybrantHome,https://www.etsy.com/shop/VybrantHome,51.99,0,0,0,0,0,1 Mo.,0,0,3,Home & Living,6,0,0.0,0,"wine doormat,funny doormat,come back mat,wine lover gift,door mat wine,welcome wine mat,wine themed mat,housewarming mat,wine decor mat,gift,housewarming gift,wine,wine lovers",wine doormat,funny doormat,come back mat,wine lover gift,door mat wine,welcome wine mat,wine themed mat,housewarming mat,wine decor mat,gift,housewarming gift,wine,wine lovers
"Hostess gift, funny dishtowels, alcohol themed gifts, be kind of a bitch, retro dish towels, novelty tea towel, kitchen gift, gift friend",https://www.etsy.com/listing/1816998978/hostess-gift-funny-dishtowels-alcohol,KitchenGiftCo,https://www.etsy.com/shop/KitchenGiftCo,24.99,0,0,0,0,0,18 Mo.,2,0,5,Home & Living,21,0,0.0,1323,"hostess gift,funny dishtowels,alcohol themed gifts,be kind of a bitch,retro dish towels,novelty tea towel,kitchen gift,gift friend,house warming gift,for women,gifts for wine lover,wine themed gifts,kitchen towels",hostess gift,funny dishtowels,alcohol themed gifts,be kind of a bitch,retro dish towels,novelty tea towel,kitchen gift,gift friend,house warming gift,for women,gifts for wine lover,wine themed gifts,kitchen towels
Paris and Wine Framed Canvas Print,https://www.etsy.com/listing/1854039881/paris-and-wine-framed-canvas-print,GreyPeanutDesigns,https://www.etsy.com/shop/GreyPeanutDesigns,41.99,0,0,0,0,0,16 Mo.,4,0,33,Home & Living,40,0,0.0,68,"paris france,wine lover,romantic decor,canvas art,wall art,home decor,french style,travel theme,gift for her,living room,kitchen decor,valentine's day,housewarming gift",paris france,wine lover,romantic decor,canvas art,wall art,home decor,french style,travel theme,gift for her,living room,kitchen decor,valentine's day,housewarming gift
"Retro Wine Corkscrew Print, Funny &quot;Wine Not?&quot; Typography Kitchen Poster",https://www.etsy.com/listing/4467399527/retro-wine-corkscrew-print-funny-wine,SISTERHOODOFPRINTS,https://www.etsy.com/shop/SISTERHOODOFPRINTS,21.31,0,0,0,0,0,2 Mo.,1,0,14,Home & Living,28,0,0.0,1117,"wine lovers gift,retro wine poster,wine theme art,wine display art,wine inspired decor,red bistro art,wine room decor,wine themed print,bar cart art,wine quote art,bistro style art,housewarming gift,wine wall art print",wine lovers gift,retro wine poster,wine theme art,wine display art,wine inspired decor,red bistro art,wine room decor,wine themed print,bar cart art,wine quote art,bistro style art,housewarming gift,wine wall art print
Hope You Brought Wine | Funny Winer Doormat | Custom Home Decor | Gifts For Mom | Gifts For Her | Personalized Doormat | Funny Family Gift,https://www.etsy.com/listing/1770143495/hope-you-brought-wine-funny-winer,ResourcedByZ,https://www.etsy.com/shop/ResourcedByZ,39.00,0,0,0,0,0,4 Mo.,0,0,2,Accessories,30,0,0.0,310,"wine doormat,welcome mat,wine lover,wine gift,hostess gift,custom doormat,housewarming,home decor,entryway mat,wine theme,personalized,door mat",wine doormat,welcome mat,wine lover,wine gift,hostess gift,custom doormat,housewarming,home decor,entryway mat,wine theme,personalized,door mat,--
"Bar Watercolor Art, Wine Theme Painting, Colorful Bottle Original Art, Semi Abstract Still Life Painting",https://www.etsy.com/listing/1679606324/bar-watercolor-art-wine-theme-painting,EncoreOnlineGallery,https://www.etsy.com/shop/EncoreOnlineGallery,84.00,0,0,0,0,0,12 Mo.,0,0,3,Art & Collectibles,23,0,0.0,18,"semi abstract,still life painting,wine theme,abstract,watercolor art,wall art decor,gift ideas,wine glasses,wine bottle,original art,bar art,birthday,housewarming",semi abstract,still life painting,wine theme,abstract,watercolor art,wall art decor,gift ideas,wine glasses,wine bottle,original art,bar art,birthday,housewarming
Dog Themed Decor/Wine Bottle Light/Dog Lover/Wine Puns/Gift for Women/Housewarming Gift/Birthday Gift/Local Buyers Use Code LOCALPICKUP,https://www.etsy.com/listing/1536048667/dog-themed-decorwine-bottle-lightdog,NancysBottleService,https://www.etsy.com/shop/NancysBottleService,25.00,0,0,0,0,0,28 Mo.,5,0,266,Home & Living,29,0,0.0,75,"dog themed decor,wine bottle light,led fairy lights,dog lover,wine puns,rustic decor,wine lover,gift for women,housewarming gift,hostess gift,birthday gift,party gift,centerpiece",dog themed decor,wine bottle light,led fairy lights,dog lover,wine puns,rustic decor,wine lover,gift for women,housewarming gift,hostess gift,birthday gift,party gift,centerpiece
"Etched Stemless Wine Glass for Boat Lovers, fun glass with quotes",https://www.etsy.com/listing/582772776/etched-stemless-wine-glass-for-boat,StoneEffectsMD,https://www.etsy.com/shop/StoneEffectsMD,15.95,0,0,0,0,0,99 Mo.,3,0,148,Home & Living,162,0,0.0,26855,"stemless wine glass,etched wine glasses,birthday anniversary,housewarming gift,nautical wine glass,anchor wine glass,engraved wine glass,funny wine glass,custom wine glass,birthday wine glass,quotes sayings,boat theme,beach theme",stemless wine glass,etched wine glasses,birthday anniversary,housewarming gift,nautical wine glass,anchor wine glass,engraved wine glass,funny wine glass,custom wine glass,birthday wine glass,quotes sayings,boat theme,beach theme
"Golf Wine Charms, Set of 8",https://www.etsy.com/listing/628364973/golf-wine-glass-charms-hostess-gift-golf,LifeBaubles,https://www.etsy.com/shop/LifeBaubles,18.95,0,0,0,33,5,94 Mo.,28,0,795,Home & Living,120,0,4.15,6966,"wine gifts,golf gift for women,golf gift for men,gift for golfer,golf themed gift,retirement gift,golfer gift,wine glass charm,hostess gift,wine charms,for woman,housewarming gifts,party favors",wine gifts,golf gift for women,golf gift for men,gift for golfer,golf themed gift,retirement gift,golfer gift,wine glass charm,hostess gift,wine charms,for woman,housewarming gifts,party favors
"South Carolina Wine Glass Charms, Set of 8",https://www.etsy.com/listing/643999140/south-carolina-wine-glass-charms,LifeBaubles,https://www.etsy.com/shop/LifeBaubles,18.95,0,0,0,40,6,90 Mo.,44,0,944,Home & Living,120,0,4.24,6966,"charleston gift,south carolina theme,palmetto state,south carolina state,carolina theme,south carolina gift,hostess gift ideas,wine glass charms,gifts for him,wine charms,hostess gift,housewarming gifts,party favors",charleston gift,south carolina theme,palmetto state,south carolina state,carolina theme,south carolina gift,hostess gift ideas,wine glass charms,gifts for him,wine charms,hostess gift,housewarming gifts,party favors
Wooden Wine Bottle & Glass Cutout - Wine Lover Gift- Bar Kitchen Wall Decor - Party Sign -Rustic Wood Art,https://www.etsy.com/listing/1107101462/wooden-wine-bottle-glass-cutout-wine,KreativeWoodCutz,https://www.etsy.com/shop/KreativeWoodCutz,16.00,0,0,0,0,0,54 Mo.,7,0,277,Home & Living,65,0,0.0,2032,"wine lover gift,wood wine decor,wine bottle art,bar wall decor,kitchen wall art,wine glass cutout,rustic wood,party decoration,housewarming gift,wood cutout decor,wine theme,wood bar,farmhouse wine decor",wine lover gift,wood wine decor,wine bottle art,bar wall decor,kitchen wall art,wine glass cutout,rustic wood,party decoration,housewarming gift,wood cutout decor,wine theme,wood bar,farmhouse wine decor
Funny Dog Coaster Set: Dogs and Wine Lovers - Group 3,https://www.etsy.com/listing/1724610842/funny-dog-coaster-set-dogs-and-wine,CreaturesCoversLLC,https://www.etsy.com/shop/CreaturesCoversLLC,12.50,0,0,0,0,0,24 Mo.,0,0,30,Home & Living,157,0,0.0,421,"dog lover's gift,wine lover's gift,novelty pups,dog themed coasters,wine themed coasters,housewarming gift,funny dog images,fun dog images,funny wine images,fun wine images",dog lover's gift,wine lover's gift,novelty pups,dog themed coasters,wine themed coasters,housewarming gift,funny dog images,fun dog images,funny wine images,fun wine images,--,--,--
Life Is Too Short to Drink Bad Wine Bottle Lamp - Wine Bottle Decor - Housewarming Gifts - Hostess Gift - Wine Bottle Lights,https://www.etsy.com/listing/1741361542/life-is-too-short-to-drink-bad-wine,ShopFireflyHome,https://www.etsy.com/shop/ShopFireflyHome,44.95,0,0,0,0,0,22 Mo.,1,0,44,,77,0,0.0,1083,"wine themed decor,hostess gift,housewarming gift,wine bottle lamp,wine bottle lights,housewarming party,wine pairing,wine night,new house gift,new homeowner gift,unique lighting,bottle decoration,light up wine bottle",wine themed decor,hostess gift,housewarming gift,wine bottle lamp,wine bottle lights,housewarming party,wine pairing,wine night,new house gift,new homeowner gift,unique lighting,bottle decoration,light up wine bottle
"Bar Sign, Personalized Vintage Style Black Metal Home Decor",https://www.etsy.com/listing/1028794545/bar-sign-personalized-vintage-style,FunnyHAHAUSA,https://www.etsy.com/shop/FunnyHAHAUSA,25.00,0,0,0,870,217,60 Mo.,1172,4,39643,Home & Living,91,100,2.19,99873,"personalized sign,vintage bar sign,for home pub,rustic black metal,man cave wall decor,gift for wine area,personalized gift,beer wine shots,alcohol themed,house warming for,dad grandpa mom,stepdad stepmom,old antique pub",personalized sign,vintage bar sign,for home pub,rustic black metal,man cave wall decor,gift for wine area,personalized gift,beer wine shots,alcohol themed,house warming for,dad grandpa mom,stepdad stepmom,old antique pub
Blue Beach Ocean Themed Glass Mason Jar  - Blue Teal and Gold - Custom Wine Glass - Mom Gift - Hand painted - Housewarming - Handmade,https://www.etsy.com/listing/1680444933/blue-beach-ocean-themed-glass-mason-jar,RusticAndRoseTexas,https://www.etsy.com/shop/RusticAndRoseTexas,27.50,0,0,0,4,1,27 Mo.,15,0,231,Home & Living,151,0,1.73,7473,"beach wine glass,beach glass,mother gift,hostess gift,housewarming gift,beach themed,beach decor,beach house,beach barware,unique gift,handmade gift,gifts for her,mason jar handle",beach wine glass,beach glass,mother gift,hostess gift,housewarming gift,beach themed,beach decor,beach house,beach barware,unique gift,handmade gift,gifts for her,mason jar handle
Wine Themed Crochet Hanging Topper Towel for Appliance / Cabinet Handle Housewarming Gift,https://www.etsy.com/listing/1838520384/wine-themed-crochet-hanging-topper-towel,KDesTowelRackandMore,https://www.etsy.com/shop/KDesTowelRackandMore,10.00,0,0,0,0,0,16 Mo.,4,0,120,Home & Living,18,0,0.0,284,"crochet topper towel,crochet towel,kitchen accessory,outdoor decor,cooking gift,kitchen decor,live simply,merlot,cabernet,concord,reisling,zifandel,grape",crochet topper towel,crochet towel,kitchen accessory,outdoor decor,cooking gift,kitchen decor,live simply,merlot,cabernet,concord,reisling,zifandel,grape
"Hand-Dyed Cotton Napkins with Fringe, Wine Pink Table Decor, Fringed Cloth Napkins, Frayed Fabric Napkins in Bulk Housewarming Gift",https://www.etsy.com/listing/1294224179/hand-dyed-cotton-napkins-with-fringe,VTILENE,https://www.etsy.com/shop/VTILENE,3.29,0,0,0,36,5,45 Mo.,32,0,932,Home & Living,140,0,3.86,42602,"napkins,fringed napkins,frayed napkins,bulk napkins,cloth napkins,wine themed napkins,pink napkins,new home napkins,baby shower napkins,bridal shower napkin,housewarming gift,hot pink,birthday napkins",napkins,fringed napkins,frayed napkins,bulk napkins,cloth napkins,wine themed napkins,pink napkins,new home napkins,baby shower napkins,bridal shower napkin,housewarming gift,hot pink,birthday napkins
Personalized Double Wine Bag Wine Drinker Gift Wine Gifts Bag Wine Bag Wine Gift For Men Wine Gift For Women Housewarming Gift For Couple,https://www.etsy.com/listing/1797382429/personalized-double-wine-bag-wine,WellAppointedTravel,https://www.etsy.com/shop/WellAppointedTravel,44.23,0,0,0,0,0,20 Mo.,0,0,19,Bags & Purses,32,0,0.0,26,"double wine carrier,wine drinker gift,wine bottle holder,wine gift for men,wine themed gifts,barware wine bag,wine travel case,wine tote custom,personalized wine,customizable wine,wine gift for women,housewarming gift,custom wine tote bag",double wine carrier,wine drinker gift,wine bottle holder,wine gift for men,wine themed gifts,barware wine bag,wine travel case,wine tote custom,personalized wine,customizable wine,wine gift for women,housewarming gift,custom wine tote bag
"Live Laugh Love Bigfoot Frosted Beer Pint Glass, Bigfoot Gift, Sasquatch, Bigfoot Valentines, Bigfoot Lovers, Yeti Gift, Bigfoot Beer Glass",https://www.etsy.com/listing/1847064089/live-laugh-love-bigfoot-frosted-beer,WestWallia,https://www.etsy.com/shop/WestWallia,26.95,0,0,0,0,0,17 Mo.,2,0,19,Home & Living,30,0,0.0,282,"big foot,sasquatch gifts,bigfoot drinking mug,beer glass bigfoot,bigfoot whiskey,wine glass bigfoot,bigfoot drinking,yeti rocks glass,sasquatch glassware,sasquatch drinking,housewarming gift,bigfoot themed,bigfoot valentine",big foot,sasquatch gifts,bigfoot drinking mug,beer glass bigfoot,bigfoot whiskey,wine glass bigfoot,bigfoot drinking,yeti rocks glass,sasquatch glassware,sasquatch drinking,housewarming gift,bigfoot themed,bigfoot valentine
Coffee Theme Embroidered Kitchen Towel &quot;Move Over Coffee; This is a job for Alcohol&quot;,https://www.etsy.com/listing/863962046/coffee-theme-embroidered-kitchen-towel,sewingdoxie,https://www.etsy.com/shop/sewingdoxie,15.00,0,0,0,3,1,67 Mo.,3,0,33,Home & Living,68,0,9.09,1279,"coffee theme gift,alcohol theme gift,funny kitchen gift,housewarming gift,hostess gift,bride gift,holdiday gift,coffee lover,wine lover gift,wine gift,coffee gift",coffee theme gift,alcohol theme gift,funny kitchen gift,housewarming gift,hostess gift,bride gift,holdiday gift,coffee lover,wine lover gift,wine gift,coffee gift,--,--
"Michigan Winery Themed Wine Glass Charms Set of 6, Traditional Christmas, Gift, Housewarming Gift",https://www.etsy.com/listing/1105551548/michigan-winery-themed-wine-glass-charms,98PettyLane,https://www.etsy.com/shop/98PettyLane,15.00,0,0,0,0,0,54 Mo.,1,0,122,Home & Living,100,0,0.0,454,"michigan,winery,gift for her,gift,housewarming gift,christmas,wine charm,wine,wine charm set,wine glass charms,wine charms,98 petty lane,black owned business",michigan,winery,gift for her,gift,housewarming gift,christmas,wine charm,wine,wine charm set,wine glass charms,wine charms,98 petty lane,black owned business
Pink & White Wine Bottle Dress: Birthday Party Centerpiece,https://www.etsy.com/listing/1656531611/pink-white-wine-bottle-dress-birthday,VintagesApparel,https://www.etsy.com/shop/VintagesApparel,14.51,0,0,0,0,0,28 Mo.,0,0,15,,124,0,0.0,496,"wine bottle cover,bottle centerpiece,wine lover gift,wine bottle decor,wine table decor,wine accessory,hostess wine gift,pink and white,gift for her,ladies night theme,bachelorette party,girls night out,housewarming gift",wine bottle cover,bottle centerpiece,wine lover gift,wine bottle decor,wine table decor,wine accessory,hostess wine gift,pink and white,gift for her,ladies night theme,bachelorette party,girls night out,housewarming gift
"Pastel butterfly glass wine charms, gold plated ring, set of 6",https://www.etsy.com/listing/4323303350/pastel-butterfly-glass-wine-charms-gold,DarlynnRose,https://www.etsy.com/shop/DarlynnRose,22.00,0,0,0,9,4,11 Mo.,22,0,302,Home & Living,19,0,2.98,244,"butterfly wine charm,dragonfly drink tag,insect bug sparkles,hostess gift event,darlynnrose birthday,party summer spring,baby shower memorial,crystal favor color,gold set decorations,theme girls bridal,wedding engagement,bling pretty elegant,housewarming multi",butterfly wine charm,dragonfly drink tag,insect bug sparkles,hostess gift event,darlynnrose birthday,party summer spring,baby shower memorial,crystal favor color,gold set decorations,theme girls bridal,wedding engagement,bling pretty elegant,housewarming multi
Antique Silver Wine Charms – Elegant Vintage-Inspired Glass Markers (Set of 12),https://www.etsy.com/listing/4366382304/antique-silver-wine-charms-elegant,MaisonCharms,https://www.etsy.com/shop/MaisonCharms,20.00,0,0,0,4,1,8 Mo.,24,0,1293,Home & Living,94,48,0.31,784,"wine glass charms,hostess gift,wine gift,wine themed gift,bachelorette gifts,wedding party gifts,wine markers,wine accessories,wine party favor,wine gift idea,housewarming gift,mom gift",wine glass charms,hostess gift,wine gift,wine themed gift,bachelorette gifts,wedding party gifts,wine markers,wine accessories,wine party favor,wine gift idea,housewarming gift,mom gift,--
Oyster shell napkin ring. Seashell napkin holder. Oyster shell wine bottle charm,https://www.etsy.com/listing/1441891885/oyster-shell-napkin-ring-seashell-napkin,DoneleDesign,https://www.etsy.com/shop/DoneleDesign,10.00,0,0,0,0,0,38 Mo.,8,0,275,Home & Living,85,0,0.0,1430,"napkin rings,housewarming,seashells,oyster shells,wine bottle charm,oyster ornament,dining,mothers day,ocean,beach themed,anniversary,wedding gift,nautical",napkin rings,housewarming,seashells,oyster shells,wine bottle charm,oyster ornament,dining,mothers day,ocean,beach themed,anniversary,wedding gift,nautical
"Metal Wine Glasses Wall Art, Minimalist Kitchen Bar Decor",https://www.etsy.com/listing/1856572963/metal-wine-glasses-wall-art-minimalist,EKMetalWallArt,https://www.etsy.com/shop/EKMetalWallArt,84.00,0,0,0,0,0,16 Mo.,21,0,470,Home & Living,21,0,0.0,478,"metal wall art,metal wall hanging,housewarming gift,minimalist wall art,line wall art,wine wall decor,kitchen wall decor,romantic wall art,wine themed art,wine glass wall art,metal bar wall art,winery pictures,mother's day gift",metal wall art,metal wall hanging,housewarming gift,minimalist wall art,line wall art,wine wall decor,kitchen wall decor,romantic wall art,wine themed art,wine glass wall art,metal bar wall art,winery pictures,mother's day gift
"Wine and Wisdom Glass Cutting Board, Kitchen Decor (11&quot; × 15&quot;)",https://www.etsy.com/listing/1889955626/wine-and-wisdom-glass-cutting-board,BoardElegance,https://www.etsy.com/shop/BoardElegance,34.99,0,0,0,0,0,13 Mo.,0,0,23,Home & Living,14,0,0.0,8,"glass cutting board,wine lover gift,kitchen decor,home bar essentials,cooking gift,wine themed art,gifts for chefs,floral kitchenware,wine party supplies,gift for hostess,summer gatherings,housewarming gift,wedding registry",glass cutting board,wine lover gift,kitchen decor,home bar essentials,cooking gift,wine themed art,gifts for chefs,floral kitchenware,wine party supplies,gift for hostess,summer gatherings,housewarming gift,wedding registry
Etched Cherry Stemless Wine Glass: Summer Drinkware With Cherry Patterned Rim,https://www.etsy.com/listing/4436222287/etched-cherry-stemless-wine-glass-summer,Blockislandarts,https://www.etsy.com/shop/Blockislandarts,16.99,0,0,0,0,0,4 Mo.,0,0,20,Home & Living,167,0,0.0,3778,"cherry patterned rim,stemless wine glass,personalized glass,summer fruit motif,cherry themed decor,housewarming gift,summertime wine,fruit etched glass,cherry glassware,fun summer fruit,cherry wine glass,handmade in usa,wine lover gift",cherry patterned rim,stemless wine glass,personalized glass,summer fruit motif,cherry themed decor,housewarming gift,summertime wine,fruit etched glass,cherry glassware,fun summer fruit,cherry wine glass,handmade in usa,wine lover gift
Novelty Cotton Tea Towel with red wine stains and wine phrases,https://www.etsy.com/listing/1305268859/novelty-cotton-tea-towel-with-red-wine,neddynibbles,https://www.etsy.com/shop/neddynibbles,14.98,0,0,0,0,0,44 Mo.,2,0,73,Home & Living,205,0,0.0,4855,"tea towel,tea towels,kitchen towel,souvenir tea towel,dish cloth,housewarming gift,kitchen gift,cotton towel,drying up towel,novelty tea towel,wine theme tea towel,red wine stains,wine lover",tea towel,tea towels,kitchen towel,souvenir tea towel,dish cloth,housewarming gift,kitchen gift,cotton towel,drying up towel,novelty tea towel,wine theme tea towel,red wine stains,wine lover
Grim Reaper glass / Engraved wine glass / Halloween design,https://www.etsy.com/listing/544076790/grim-reaper-glass-engraved-wine-glass,JLClassOnGlass,https://www.etsy.com/shop/JLClassOnGlass,31.95,0,0,0,9,2,104 Mo.,18,0,249,Home & Living,113,0,3.61,1198,"house warming,night frights,party time,halloween gift idea,horror theme,death man,fright night,can be personalised,hand engraved,scary items,trick or treat,large wine glass,grim reaper",house warming,night frights,party time,halloween gift idea,horror theme,death man,fright night,can be personalised,hand engraved,scary items,trick or treat,large wine glass,grim reaper
Most Likely To Show Up Already Drunk Wine Themed Embroidered Kitchen Towel,https://www.etsy.com/listing/774163186/most-likely-to-show-up-already-drunk,ArtisanAllyCo,https://www.etsy.com/shop/ArtisanAllyCo,17.00,0,0,0,0,0,74 Mo.,2,0,12,Home & Living,102,0,0.0,3192,"already drunk,wino gifts,wine themed gift,drinking gifts,alcoholic gifts,kitchen towel,funny kitchen decor,funny home decor,housewarming gift",already drunk,wino gifts,wine themed gift,drinking gifts,alcoholic gifts,kitchen towel,funny kitchen decor,funny home decor,housewarming gift,--,--,--,--
"Wine Not Glass Cutting Board - Perfect for Wine Lovers, Kitchen Decor, Entertaining, Gifts, Home and Wedding",https://www.etsy.com/listing/1811679259/wine-not-glass-cutting-board-perfect-for,Naiomidesigns,https://www.etsy.com/shop/Naiomidesigns,49.99,0,0,0,0,0,19 Mo.,0,0,1,Home & Living,48,0,0.0,122,"kitchen decor,wine lover gift,unique cutting board,modern glass board,artistic kitchenware,gift for chef,home bar accessories,drink and dine,wine themed home,funny cutting board,housewarming gift,foodie gift idea,charcuterie",kitchen decor,wine lover gift,unique cutting board,modern glass board,artistic kitchenware,gift for chef,home bar accessories,drink and dine,wine themed home,funny cutting board,housewarming gift,foodie gift idea,charcuterie
"BOTTLE FUNNY, Kitchen Wall Art, Housewarming Gift, wine gift, wine wedding gift, wine birthday gift, wine bottle art, drinker gift",https://www.etsy.com/listing/606951535/bottle-funny-kitchen-wall-art,OMIstories,https://www.etsy.com/shop/OMIstories,149.86,0,0,0,0,0,95 Mo.,0,0,163,Home & Living,96,0,0.0,154,"kitchen art,housewarming gift,wine gift,wine art,grape art,wine kitchen,wine theme gift,wine wedding gift,wine birthday gift,wine bottle art,wine bottle wine,bottles wine,drinker gift",kitchen art,housewarming gift,wine gift,wine art,grape art,wine kitchen,wine theme gift,wine wedding gift,wine birthday gift,wine bottle art,wine bottle wine,bottles wine,drinker gift
"Let&#39;s Get Ready to Stumble Wine Bottle Apron, Father&#39;s Day Gift, Housewarming Gift, Cajun housewarming",https://www.etsy.com/listing/1242968161/lets-get-ready-to-stumble-wine-bottle,AllAboardPartyHQ,https://www.etsy.com/shop/AllAboardPartyHQ,16.00,0,0,0,0,0,48 Mo.,5,0,65,Home & Living,98,0,0.0,3964,"wine bottle apron,drinking wine,party gift,wine gift,summer party,housewarming gift,fun gift,wine bottle cover,wine bottle decor,home decor,realtor gift idea,wine accessories,wine bottle theme",wine bottle apron,drinking wine,party gift,wine gift,summer party,housewarming gift,fun gift,wine bottle cover,wine bottle decor,home decor,realtor gift idea,wine accessories,wine bottle theme
Wine Bottle Theme Design Premium Fabric Tablecloth Dining Tablecloth Patio Tablecloth Runner Housewarming Gift Home Decoration,https://www.etsy.com/listing/1824445817/wine-bottle-theme-design-premium-fabric,TheTableclothStore,https://www.etsy.com/shop/TheTableclothStore,28.74,0,0,0,0,0,18 Mo.,0,0,3,Paper & Party Supplies,27,0,0.0,102,"tablecloth,tablecloth runner,dining tablecloth,table runner,housewarming gift,home decoration,living tablecloth,tablecloth party,living room table,patio tablecloth,picnic tablecloth,picnic blanket,glass of wine",tablecloth,tablecloth runner,dining tablecloth,table runner,housewarming gift,home decoration,living tablecloth,tablecloth party,living room table,patio tablecloth,picnic tablecloth,picnic blanket,glass of wine
"Hellenistic Mosaic Olive Branch Cork Back Coaster, Rustic Home Decor, Kitchen Accessories, Gift for Wine Lovers, Eco-Friendly Coaster Set",https://www.etsy.com/listing/4339950136/hellenistic-mosaic-olive-branch-cork,Coolclicx,https://www.etsy.com/shop/Coolclicx,15.30,0,0,0,0,0,2 Mo.,0,0,2,Home & Living,3,0,0.0,17,"cork back coaster,home decor,kitchen accessories,coaster set,rustic coasters,drink coasters,nature theme,olive design,gift for her,housewarming gift,table decor,eco friendly coaster,wine lover gift",cork back coaster,home decor,kitchen accessories,coaster set,rustic coasters,drink coasters,nature theme,olive design,gift for her,housewarming gift,table decor,eco friendly coaster,wine lover gift
"Personalized Wine sign,Metal Wine name sign,Housewarming Gift,Kitchen Wine sign,Outdoor decor,custom metal Wine Sign,10-24 inches",https://www.etsy.com/listing/4317750931/personalized-wine-signmetal-wine-name,elespaciostore,https://www.etsy.com/shop/elespaciostore,32.90,0,0,0,0,0,3 Mo.,3,0,77,Home & Living,14,0,0.0,1078,"wine metal wall art,wine metal wall sign,wine decor,wine theme decor,wine bar name sign,wine name signs,wine led sign,wine name sign,outdoor decor,wine lover gifts,kitchen decor art,housewarming gift,wine metal sign",wine metal wall art,wine metal wall sign,wine decor,wine theme decor,wine bar name sign,wine name signs,wine led sign,wine name sign,outdoor decor,wine lover gifts,kitchen decor art,housewarming gift,wine metal sign
Adorable Turtle Hatchling ornaments/danglers - decoupaged and gilded sea shell ornaments,https://www.etsy.com/listing/1608817211/adorable-turtle-hatchling,GildedandHalcyon,https://www.etsy.com/shop/GildedandHalcyon,16.00,0,0,0,0,0,26 Mo.,11,0,194,Home & Living,58,0,0.0,1179,"sea turtle,turtles,tropical ornament,coastal ornament,wine bottle charm,blue and green,christmas ornament,sea shell ornaments,hostess gift,housewarming gift,shower gift,party favor,beach theme ornament",sea turtle,turtles,tropical ornament,coastal ornament,wine bottle charm,blue and green,christmas ornament,sea shell ornaments,hostess gift,housewarming gift,shower gift,party favor,beach theme ornament
"Birds And Poppies Drum Lampshade, Floral Themed Bedroom Lighting, Bold Flowers Decor, Nature Themed Living Room, Ceiling Light Shade Pendant",https://www.etsy.com/listing/4374830816/birds-and-poppies-drum-lampshade-floral,LeoAndCalDesigns,https://www.etsy.com/shop/LeoAndCalDesigns,27.58,0,0,0,0,0,8 Mo.,1,0,6,Home & Living,153,0,0.0,8810,"statement interior,nature lover gift,mum birthday gift,wine colour decor,burgundy red light,table lampshade,red and gold lamp,bird lover home,house warming gift,floral bedroom,pretty roses theme,bold living room,cosy interiors",statement interior,nature lover gift,mum birthday gift,wine colour decor,burgundy red light,table lampshade,red and gold lamp,bird lover home,house warming gift,floral bedroom,pretty roses theme,bold living room,cosy interiors
Funny Wine Sign: &quot;I Improve With Wine&quot; Home Bar Decor,https://www.etsy.com/listing/1890549659/funny-wine-sign-i-improve-with-wine-home,blockheadsct,https://www.etsy.com/shop/blockheadsct,15.50,0,0,0,0,0,14 Mo.,1,0,41,Home & Living,78,0,0.0,939,"improve with wine,funny wine sign,wine lover gift,home bar decor,wine humor,housewarming gift,funny drinking sign,vino lovers decor,wine-themed gifts,wine quote sign,wine bar accessories,gifts wine drinker,funny alcohol sign",improve with wine,funny wine sign,wine lover gift,home bar decor,wine humor,housewarming gift,funny drinking sign,vino lovers decor,wine-themed gifts,wine quote sign,wine bar accessories,gifts wine drinker,funny alcohol sign
Crowned Grapes letterpress-printed greeting card,https://www.etsy.com/listing/1823695273/crowned-grapes-letterpress-printed,12AcreStudio,https://www.etsy.com/shop/12AcreStudio,6.00,0,0,0,0,0,18 Mo.,1,0,3,Paper & Party Supplies,111,0,0.0,635,"12 acre studio,letterpress greeting,letterpress printing,wine themed greeting,wine greeting card,wine,wine crown,royal wine,housewarming card,wine gift,wine letterpress,king crown,queen crown",12 acre studio,letterpress greeting,letterpress printing,wine themed greeting,wine greeting card,wine,wine crown,royal wine,housewarming card,wine gift,wine letterpress,king crown,queen crown
Napa Valley Wine Themed Magnetic Wine Glass Charms - Housewarming Gift - Best Friend Gift -Entertaining or Hostess Gift By Simply Charmed,https://www.etsy.com/listing/110273032/napa-valley-wine-themed-magnetic-wine,WinesWithCharm,https://www.etsy.com/shop/WinesWithCharm,19.99,0,0,0,545,111,163 Mo.,331,1,9270,Home & Living,163,25,5.88,8549,"magnetic wine charms,stemless wine charms,housewarming gifts,drink glass markers,gift for her,wine charms,gift for mom,best friend gift,bachelorette party,wine theme gift,mothers day gift,birthday gift,wine theme charms",magnetic wine charms,stemless wine charms,housewarming gifts,drink glass markers,gift for her,wine charms,gift for mom,best friend gift,bachelorette party,wine theme gift,mothers day gift,birthday gift,wine theme charms
"Indiana Wine Glass Charms, Hostess Gift Ideas, Indiana Themed Gift, Wine Lover Gift, Wine Gift",https://www.etsy.com/listing/643995664/indiana-wine-glass-charms-hostess-gift,LifeBaubles,https://www.etsy.com/shop/LifeBaubles,18.95,0,0,0,40,6,90 Mo.,36,0,680,Home & Living,120,0,5.88,6966,"wine glass charm,wine gifts,indiana souvenir,indiana theme,indiana gift,indiana state,wine glass charms,gifts for him,hostess gift,wine charms,wine glass marker,housewarming gifts,party favors",wine glass charm,wine gifts,indiana souvenir,indiana theme,indiana gift,indiana state,wine glass charms,gifts for him,hostess gift,wine charms,wine glass marker,housewarming gifts,party favors
"Apron with wine theme wine bottles, grapes wine glasses",https://www.etsy.com/listing/1264523195/apron-with-wine-theme-wine-bottles,BeyondNeedleNThread,https://www.etsy.com/shop/BeyondNeedleNThread,38.00,0,0,0,0,0,46 Mo.,0,0,20,,170,0,0.0,662,"vintage style apron,retro style apron,christmas gifts,birthday gift,women aprons,wine theme gifts,wine bottle theme gi,wine,kitchen aprons,wine theme aprons,apron,housewarming gifts,hostess gift",vintage style apron,retro style apron,christmas gifts,birthday gift,women aprons,wine theme gifts,wine bottle theme gi,wine,kitchen aprons,wine theme aprons,apron,housewarming gifts,hostess gift
"Butterfly Stemless Wine Glass, Etched Butterfly Wine Glass, Unique Wine Glass Gift, Butterfly Lover Gift",https://www.etsy.com/listing/1861860113/butterfly-stemless-wine-glass-etched,StoneEffectsMD,https://www.etsy.com/shop/StoneEffectsMD,15.95,0,0,0,0,0,16 Mo.,0,0,258,Home & Living,162,0,0.0,26855,"butterfly gift,stemless wine glass,etched wine glasses,birthday wine glass,butterfly wine glass,housewarming gift,wine gift present,elegant butterfly,mothers day,birthday women her,spring theme,wine gift for her",butterfly gift,stemless wine glass,etched wine glasses,birthday wine glass,butterfly wine glass,housewarming gift,wine gift present,elegant butterfly,mothers day,birthday women her,spring theme,wine gift for her,--
"Cow Print Home Decor, Cow Print Wine Bottle Stopper, Personalized Bottle Stopper, Barware Accessories, Dinner Party Gift, Wedding Party Gift",https://www.etsy.com/listing/1449530196/cow-print-home-decor-cow-print-wine,BellaCescaBoutique,https://www.etsy.com/shop/BellaCescaBoutique,14.95,0,0,0,16,3,37 Mo.,6,0,188,Home & Living,198,0,8.51,4495,"cow print home decor,barware decor,personalized decor,cow print bar decor,custom wine stopper,wine bottle stopper,housewarming gift,dinner party gift,wedding party gift,cowgirl themed party,western home decor,wine lover gift,barware gift",cow print home decor,barware decor,personalized decor,cow print bar decor,custom wine stopper,wine bottle stopper,housewarming gift,dinner party gift,wedding party gift,cowgirl themed party,western home decor,wine lover gift,barware gift
Hand painted fall pumpkins bottle stopper,https://www.etsy.com/listing/1555944788/hand-painted-fall-pumpkins-bottle,debithewizardofart,https://www.etsy.com/shop/debithewizardofart,10.00,0,0,0,0,0,26 Mo.,0,0,8,Home & Living,134,0,0.0,3075,"pumpkins,pumpkins stopper,bottle stopper,fall,autumn,thanksgiving gift,home decor,wine decor,hostess gift,wedding favor,shower favor,housewarming,pumpkin theme",pumpkins,pumpkins stopper,bottle stopper,fall,autumn,thanksgiving gift,home decor,wine decor,hostess gift,wedding favor,shower favor,housewarming,pumpkin theme
"Chic Double Wine Tote Bag for Wine Lovers, Gift for Hostess, Wedding Celebration, Picnic Accessory, Stylish Wine Carrier",https://www.etsy.com/listing/4334384935/chic-double-wine-tote-bag-for-wine,Capsaicyn,https://www.etsy.com/shop/Capsaicyn,36.62,0,0,0,0,0,4 Mo.,0,0,0,Bags & Purses,6,0,0.0,0,"wine tote bag,wine carrier,wine gift bag,eco friendly tote,wine accessories,gift for wine lovers,reusable wine bag,big wine holder,wine lover gift,tote for picnics,bridal shower gift,housewarming gifts,wine theme decor",wine tote bag,wine carrier,wine gift bag,eco friendly tote,wine accessories,gift for wine lovers,reusable wine bag,big wine holder,wine lover gift,tote for picnics,bridal shower gift,housewarming gifts,wine theme decor
"Elegant Wine-Themed Glass Cutting Board, Kitchen Decor, Gift for Wine Lovers, Home Entertaining, Unique Housewarming Present",https://www.etsy.com/listing/4372185959/elegant-wine-themed-glass-cutting-board,Vermontcomfort,https://www.etsy.com/shop/Vermontcomfort,22.63,0,0,0,0,0,4 Mo.,0,0,0,Home & Living,5,0,0.0,8,"glass cutting board,kitchen decor,wine lover gift,unique kitchen gifts,hostess gift idea,modern kitchen style,rustic home decor,personalized kitchen,culinary art board,gift for chefs,kitchen gift ideas,wine themed decor,farmhouse kitchen",glass cutting board,kitchen decor,wine lover gift,unique kitchen gifts,hostess gift idea,modern kitchen style,rustic home decor,personalized kitchen,culinary art board,gift for chefs,kitchen gift ideas,wine themed decor,farmhouse kitchen
"Ocean Hand Painted Wine Glasses, Set of 2 Stemless Glassware, Sea Coral, Seahorse, Jelly Fish, Coastal Glasses, Beach House Decor.",https://www.etsy.com/listing/476245609/ocean-hand-painted-wine-glasses-set-of-2,PKPaintedKreations,https://www.etsy.com/shop/PKPaintedKreations,56.00,0,0,0,13,4,98 Mo.,67,0,1450,Home & Living,115,0,0.9,692,"birthday gift,coastal living,housewarming gift,coastal holidays,tropical table,drinkware,nautical theme,seahorse,wine glass,beach theme,painted glassware,wine gift,holidays table",birthday gift,coastal living,housewarming gift,coastal holidays,tropical table,drinkware,nautical theme,seahorse,wine glass,beach theme,painted glassware,wine gift,holidays table
I still don&#39;t know what a wine stopper if for -   handmade embroidered tea towel,https://www.etsy.com/listing/4405008034/i-still-dont-know-what-a-wine-stopper-if,GossipChix,https://www.etsy.com/shop/GossipChix,29.00,0,0,0,0,0,5 Mo.,0,0,42,Home & Living,5,0,0.0,3,"embroidered,hand made,made to order,personalizable,sassy kitchen,funny tea towels,housewarming gift,office gift exchange,girl friend gift,wine humor,snarky wine theme",embroidered,hand made,made to order,personalizable,sassy kitchen,funny tea towels,housewarming gift,office gift exchange,girl friend gift,wine humor,snarky wine theme,--,--
"gift wrap supply - French Food Toile Design for Special Parties, House Warming, Wine Lovers, Kitchen Decor, Hostess Gift",https://www.etsy.com/listing/1844038958/gift-wrap-supply-french-food-toile,BlueSnailCraft,https://www.etsy.com/shop/BlueSnailCraft,13.27,0,0,0,0,0,4 Mo.,0,0,0,Paper & Party Supplies,144,0,0.0,12,"french food toile,wine grapes cheese,hand-drawn design,special parties,house warming party,gift wrap,beautiful background,celebration decor,unique pattern,elegant design,kitchen theme,event planning,decorative paper",french food toile,wine grapes cheese,hand-drawn design,special parties,house warming party,gift wrap,beautiful background,celebration decor,unique pattern,elegant design,kitchen theme,event planning,decorative paper
Funny Wine Cutting Board | Tempered Glass Kitchen Decor,https://www.etsy.com/listing/4450896273/i-love-cooking-with-wine-sometimes-i-put,CampAndCatch,https://www.etsy.com/shop/CampAndCatch,24.63,0,0,0,0,0,3 Mo.,0,0,1,Home & Living,24,0,0.0,172,"glass cutting,wine kitchen,cooking wine,kitchen decor,wine lover,cheerful gift,hostess gift,housewarming,kitchen sign,wood plank art,funny kitchen,drink themed,bar area decor",glass cutting,wine kitchen,cooking wine,kitchen decor,wine lover,cheerful gift,hostess gift,housewarming,kitchen sign,wood plank art,funny kitchen,drink themed,bar area decor
"Wine themed kitchen tea towel bundle, funny dish towel, wine puns, hostess gift, gift for mom, wine lover gift, fun towel. farmhouse decor",https://www.etsy.com/listing/1320858199/wine-themed-kitchen-tea-towel-bundle,ExpresslyCreative,https://www.etsy.com/shop/ExpresslyCreative,13.00,0,0,0,5,1,43 Mo.,4,0,367,Home & Living,93,0,1.36,2496,"housewarming gift,shower gift,funny kitchen towel,friend gift,tea towel,teacher gift,funny towel for mom,hostess gift,gift for mom,microfiber towel,wine lover gift,wine theme towel,christmas gift",housewarming gift,shower gift,funny kitchen towel,friend gift,tea towel,teacher gift,funny towel for mom,hostess gift,gift for mom,microfiber towel,wine lover gift,wine theme towel,christmas gift
"Wine Cork Charcuterie Board, Black Walnut, Epoxy river resin art display",https://www.etsy.com/listing/1903239323/wine-cork-inlay-kitchen-decor-wall-art,HatchetHewWoodcraft,https://www.etsy.com/shop/HatchetHewWoodcraft,105.00,0,0,0,0,0,13 Mo.,3,0,135,Home & Living,20,0,0.0,20,"charcuterie board,wine cork serving,wine cork display,wine present,kitchen display,wine tasting,wine lover,house gift,wedding gift,housewarming gift,counter display,wine theme design",charcuterie board,wine cork serving,wine cork display,wine present,kitchen display,wine tasting,wine lover,house gift,wedding gift,housewarming gift,counter display,wine theme design,--
"Independence Day Nautical Wine Charms, Beach Wine Charms, Boat Wine Charm, Memorial Day Glass Tags, Glass Markers, Gift -8/pack",https://www.etsy.com/listing/601595495/independence-day-nautical-wine-charms,PixieWineCharms,https://www.etsy.com/shop/PixieWineCharms,14.50,0,0,0,0,0,98 Mo.,13,0,339,Home & Living,166,0,0.0,10899,"nautical wine charms,nautical gifts,hostess gifts,housewarming gifts,wine charms,wine glass charms,beach theme gifts,nautical theme gifts,glass markers,anchor wine charms,boat wine charms,beach wine charms,memorial day",nautical wine charms,nautical gifts,hostess gifts,housewarming gifts,wine charms,wine glass charms,beach theme gifts,nautical theme gifts,glass markers,anchor wine charms,boat wine charms,beach wine charms,memorial day
"Upcycled Wine Bottle Olive Oil Dispenser, Unique Home Decor, Housewarming Gift, Hostess Gift, Cooking, Entertaining",https://www.etsy.com/listing/4356357155/upcycled-wine-bottle-olive-oil-dispenser,BottleNovaDesigns,https://www.etsy.com/shop/BottleNovaDesigns,20.00,0,0,0,0,0,9 Mo.,2,0,125,,9,0,0.0,23,"eco-friendly gift,housewarming gift,wedding gift,handmade gift,wine theme gift,home décor,wine lover gift,kitchen décor,birthday gift,foodie,gourmet gift,cooking,upcycled home decor",eco-friendly gift,housewarming gift,wedding gift,handmade gift,wine theme gift,home décor,wine lover gift,kitchen décor,birthday gift,foodie,gourmet gift,cooking,upcycled home decor
"Cherry Wine Hand-Poured Soy Candle-10 oz | Home Fragrance for Sweet Relaxing Ambiance | Gift for Him or Her -Housewarming, Birthday, Holiday",https://www.etsy.com/listing/4308909770/cherry-wine-hand-poured-soy-candle-10-oz,NorwoodHouseCandleCo,https://www.etsy.com/shop/NorwoodHouseCandleCo,30.00,0,0,0,10,3,12 Mo.,13,0,151,Home & Living,12,0,6.62,190,"small batch candle,natural soy candle,hand poured candle,gift for him,gift for her,candle home decor,clean burning candle,housewarming gift,thoughtful gift,sweet fruity candle,wine themed gift,smooth candle scent,modern candle decor",small batch candle,natural soy candle,hand poured candle,gift for him,gift for her,candle home decor,clean burning candle,housewarming gift,thoughtful gift,sweet fruity candle,wine themed gift,smooth candle scent,modern candle decor
"Personalized Cobalt Blue Octopus Wine Glasses, Set of Two, Beach Wedding Gift, Octopus Beach House Decor, Housewarming Gift",https://www.etsy.com/listing/250954548/personalized-cobalt-blue-octopus-wine,LisasShabbyCottage,https://www.etsy.com/shop/LisasShabbyCottage,45.00,0,0,0,10,3,127 Mo.,68,0,1586,Home & Living,229,0,0.63,3488,"octopus wine glasses,ocean themed gift,beach house decor,sea life glassware,unique gift for her,handmade gift idea,ocean lover gift,summer entertaining,beach decor,octopus decor,beach house,housewarming gift,coastal decor",octopus wine glasses,ocean themed gift,beach house decor,sea life glassware,unique gift for her,handmade gift idea,ocean lover gift,summer entertaining,beach decor,octopus decor,beach house,housewarming gift,coastal decor
Montepulciano Italy Ceramic Mug: Tuscany Wine Vineyard Souvenir (11oz),https://www.etsy.com/listing/1682047057/montepulciano-italy-ceramic-mug-tuscany,SoSheTravels,https://www.etsy.com/shop/SoSheTravels,24.00,0,0,0,0,0,27 Mo.,1,0,38,Home & Living,28,0,0.0,964,"montepulciano,tuscany coffee mug,italy aesthetic cup,italy wineries cup,italy travel mug,gift for italy lover,gift for italy vaca,italy souvenir mug,italy theme tea cup,gift for italy gir,girls trip to italy,tuscany wine tour,housewarming gift",montepulciano,tuscany coffee mug,italy aesthetic cup,italy wineries cup,italy travel mug,gift for italy lover,gift for italy vaca,italy souvenir mug,italy theme tea cup,gift for italy gir,girls trip to italy,tuscany wine tour,housewarming gift
Bee themed wine bottle stopper & opener set,https://www.etsy.com/listing/4364893382/bee-themed-wine-bottle-stopper-opener,CharmsAndTreasure,https://www.etsy.com/shop/CharmsAndTreasure,20.00,0,0,0,0,0,8 Mo.,0,0,10,Home & Living,129,0,0.0,599,"wine bottle topper,house warming gift,realestate present,birthday anniversary,party theme,champagne lid,cork replacement,opened drink,contain freshness,screw opener,fresh seal stopper,harvest summer,bumble bee fall",wine bottle topper,house warming gift,realestate present,birthday anniversary,party theme,champagne lid,cork replacement,opened drink,contain freshness,screw opener,fresh seal stopper,harvest summer,bumble bee fall
"Elegant Wine-Themed Glass Cutting Board for Entertaining, Kitchen Decor, Gift for Wine Lovers, Housewarming, Wedding Shower",https://www.etsy.com/listing/4395827901/elegant-wine-themed-glass-cutting-board,LynnieBeesCrafts,https://www.etsy.com/shop/LynnieBeesCrafts,28.99,0,0,0,0,0,7 Mo.,0,0,15,Home & Living,22,0,0.0,64,"glass cutting board,wine lover gift,kitchen decor,gift for hostess,gourmet cooking,rustic kitchen decor,wine and roses,home bar accessories,wine glass decor,chef gift ideas,gift for foodies,holiday kitchenware,lavish dining set",glass cutting board,wine lover gift,kitchen decor,gift for hostess,gourmet cooking,rustic kitchen decor,wine and roses,home bar accessories,wine glass decor,chef gift ideas,gift for foodies,holiday kitchenware,lavish dining set
"Wine Bag, Valentine themed bag, Black, Red, Pink, wine bag, gift bag, gift, cotton fabric, cloth bag, present bag for wine bottle, black dot",https://www.etsy.com/listing/1294148684/wine-bag-valentine-themed-bag-black-red,NancyGPhotography,https://www.etsy.com/shop/NancyGPhotography,9.99,0,0,0,0,0,44 Mo.,1,0,14,Paper & Party Supplies,135,0,0.0,1896,"home decor,home accents,gift,housewarming,house warming gift,cloth wine bag,designed wine bag,fabric wine bag,winebag,wine bag gift,beverage gift bag,fabric gift bag,valentines day theme",home decor,home accents,gift,housewarming,house warming gift,cloth wine bag,designed wine bag,fabric wine bag,winebag,wine bag gift,beverage gift bag,fabric gift bag,valentines day theme
"Bar Coaster Set, Ceramic Barware Coasters, Drink Coasters, Bar Decor Gift, Beer Coasters, Father&#39;s Day Gift, Housewarming, Man Cave Gift",https://www.etsy.com/listing/1372992680/bar-coaster-set-ceramic-barware-coasters,SewMakingItShop,https://www.etsy.com/shop/SewMakingItShop,20.00,0,0,0,0,0,40 Mo.,1,0,25,Home & Living,70,0,0.0,9540,"gift for him,man cave decor,man cave gift,farmhouse decor,father's day gift,beer coasters,barware coasters,housewarming gift,ceramic coaster set,wine coasters,new bar gift,gift for dad,bar theme coasters",gift for him,man cave decor,man cave gift,farmhouse decor,father's day gift,beer coasters,barware coasters,housewarming gift,ceramic coaster set,wine coasters,new bar gift,gift for dad,bar theme coasters
Wine Glass Vino Rustic Farmhouse Sign Shelf Sitter With Distressed Wood Background Printed Image Installed in 8&quot;x3&quot;x5/8&quot; Black Plastic Frame,https://www.etsy.com/listing/1513777146/wine-glass-vino-rustic-farmhouse-sign,TexasSignAndStyle,https://www.etsy.com/shop/TexasSignAndStyle,14.00,0,0,0,3,1,34 Mo.,1,0,42,Home & Living,200,0,7.14,1877,"shelf sitter decor,mothers day gift,housewarming gift,farmhouse wall art,wine wall art,wine word art,wine themed decor,gift for wine lovers,wine glass sign,wine shelf sitter,vino shelf sitter,vino wall art,wine home decor",shelf sitter decor,mothers day gift,housewarming gift,farmhouse wall art,wine wall art,wine word art,wine themed decor,gift for wine lovers,wine glass sign,wine shelf sitter,vino shelf sitter,vino wall art,wine home decor
"Beautiful Horse Wine and Cheese Board, Charcuterie Gift For Horse Lover, Housewarming Gift, Non-Toxic Cutting Board, Gift For Her",https://www.etsy.com/listing/1885281841/beautiful-horse-wine-and-cheese-board,BumbleandBoards,https://www.etsy.com/shop/BumbleandBoards,40.99,0,0,0,0,0,14 Mo.,0,0,26,Home & Living,14,0,0.0,86,"horse lover,horse gift,horse theme,horse home decor,charcuterie board,wine and cheese,farm life,horse life,gift for her,equestrian gift,housewarming,non toxic,charcuterie",horse lover,horse gift,horse theme,horse home decor,charcuterie board,wine and cheese,farm life,horse life,gift for her,equestrian gift,housewarming,non toxic,charcuterie
"Grapes Woven Blanket, Botanical Still Life Tapestry Throw, Wine Lover Decor, Housewarming Gift, Wall Tapestry, Home Decor, Art Blanket",https://www.etsy.com/listing/4433025225/grapes-woven-blanket-botanical-still,BugrahanArtDesign,https://www.etsy.com/shop/BugrahanArtDesign,124.60,0,0,0,0,0,5 Mo.,0,0,1,Home & Living,55,0,0.0,1748,"grapes woven blanket,wine lover decor,housewarming gift,grape vine decor,fruit themed blanket,rustic home tapestry,unique home accent,woven blanket,woven throw,vintage painting,wall tapestry,fine art decor,fine art gift",grapes woven blanket,wine lover decor,housewarming gift,grape vine decor,fruit themed blanket,rustic home tapestry,unique home accent,woven blanket,woven throw,vintage painting,wall tapestry,fine art decor,fine art gift
Grapes Print Cotton Cloth Dinner Napkins - Set of 4 -  Gifts for Wine Lover - Valentines Galentines Wine Club Gift Idea - Handmade,https://www.etsy.com/listing/4436229516/grapes-print-cotton-cloth-dinner-napkins,AtHomeWithSheree,https://www.etsy.com/shop/AtHomeWithSheree,28.00,0,0,0,0,0,4 Mo.,1,0,11,Home & Living,42,0,0.0,702,"cloth dinner napkin,eco friendly,reusable napkins,cotton napkins,eco friendly napkin,housewarming gift,sustainable gift,earth friendly,dinner napkins,grapes napkins,gifts wine lovers,wine tasting party,vineyard theme",cloth dinner napkin,eco friendly,reusable napkins,cotton napkins,eco friendly napkin,housewarming gift,sustainable gift,earth friendly,dinner napkins,grapes napkins,gifts wine lovers,wine tasting party,vineyard theme
Paw Print Wine Charms; Set of 4 assorted colors,https://www.etsy.com/listing/1502729046/paw-print-wine-charms-set-of-4-assorted,LiveCraftfullyLLC,https://www.etsy.com/shop/LiveCraftfullyLLC,10.00,0,0,0,0,0,34 Mo.,1,0,73,Home & Living,54,0,0.0,260,"wine glass tags,wine charms,animal lover,girls night,hostess gift,housewarming gift,pet themed charms,glass markers,pet inspired gift,wine enthusiast,animal enthusiast,teacher appreciation,last minute gift",wine glass tags,wine charms,animal lover,girls night,hostess gift,housewarming gift,pet themed charms,glass markers,pet inspired gift,wine enthusiast,animal enthusiast,teacher appreciation,last minute gift
Ocean Inspired Wine Glasses – 20oz Coastal Blue Resin Wine Glass Set – Beach Ocean Wave Stemware – Coastal Kitchen Decor Gift,https://www.etsy.com/listing/4470486577/ocean-inspired-wine-glasses-20oz-coastal,DKWineDecor,https://www.etsy.com/shop/DKWineDecor,40.00,0,0,0,0,0,2 Mo.,2,0,85,Home & Living,4,0,0.0,38,"housewarming gift,gift for her,barware gift,kitchen decor,sea inspired glass,gift for wine lover,coastal barware,handmade wine glass,unique wine glasses,beach themed glass,ocean wave glass,resin wine glass,coastal stemware",housewarming gift,gift for her,barware gift,kitchen decor,sea inspired glass,gift for wine lover,coastal barware,handmade wine glass,unique wine glasses,beach themed glass,ocean wave glass,resin wine glass,coastal stemware
Original Wine & Flowers Still Life Painting: Kitchen Wall Art,https://www.etsy.com/listing/4314940864/original-wine-flowers-still-life,MoodDrinksArt,https://www.etsy.com/shop/MoodDrinksArt,104.46,0,0,0,0,0,11 Mo.,3,0,33,Art & Collectibles,13,0,0.0,2,"small dining artwork,party host wall gift,wine wall art,gift for wine lover,housewarming gift,vino painting,bar wall art,winery art print,wine theme wall art,wine painting oil,wine kitchen  art,kitchen art painting,wine theme art",small dining artwork,party host wall gift,wine wall art,gift for wine lover,housewarming gift,vino painting,bar wall art,winery art print,wine theme wall art,wine painting oil,wine kitchen  art,kitchen art painting,wine theme art
Rainbow mouse key Wine Charms // Mickey inspired theme silver wine charms // wine lover gifts // house warming gifts // Mickey lover gift,https://www.etsy.com/listing/610746161/rainbow-mouse-key-wine-charms-mickey,DotsByDana,https://www.etsy.com/shop/DotsByDana,15.00,0,0,0,0,0,97 Mo.,15,0,207,Home & Living,104,0,0.0,742,"silver wine charms,wedding favors,bachelorette gifts,bachelorette favors,wedding gifts,house warming gift,wine lover gifts,mickey mouse wine,disney wine charms,mickey wine charms,mouse key wine charm,rainbow mickey mouse,rainbow wine charms",silver wine charms,wedding favors,bachelorette gifts,bachelorette favors,wedding gifts,house warming gift,wine lover gifts,mickey mouse wine,disney wine charms,mickey wine charms,mouse key wine charm,rainbow mickey mouse,rainbow wine charms
"Sunset Wine-Themed Wall Clock, Elegant Home Decor for Wine Lovers, Perfect Gift for Housewarming, Anniversary, or Parties",https://www.etsy.com/listing/1880621928/sunset-wine-themed-wall-clock-elegant,BeccasCustmCreationz,https://www.etsy.com/shop/BeccasCustmCreationz,47.00,0,0,0,0,0,14 Mo.,0,0,19,Home & Living,17,0,0.0,87,"wine clock,artistic home decor,kitchen wall clock,bar decor,beach sunset clock,unique wall clock,vintage style clock,home bar accessories,sunset decor ideas,relaxing atmosphere,grapevine decor,rustic wall clock,wine themed gifts",wine clock,artistic home decor,kitchen wall clock,bar decor,beach sunset clock,unique wall clock,vintage style clock,home bar accessories,sunset decor ideas,relaxing atmosphere,grapevine decor,rustic wall clock,wine themed gifts
"Custom Embroidered Wine Tote, Bachelorette Party Gift, Wine-Themed Party",https://www.etsy.com/listing/1881846054/custom-embroidered-wine-tote,gracesgemz,https://www.etsy.com/shop/gracesgemz,15.00,0,0,0,16,12,14 Mo.,95,1,1868,Weddings,110,42,0.86,66,"wine,functional gift,bachelorette,personalized,gracesgemz,wine theme,on cloud wine,bachelorette gift,housewarming gift,wine bag",wine,functional gift,bachelorette,personalized,gracesgemz,wine theme,on cloud wine,bachelorette gift,housewarming gift,wine bag,--,--,--
Handcrafted Quilt pattern with &quot;Wine Knot&quot;,https://www.etsy.com/listing/4342279001/handcrafted-quilt-pattern-with-wine-knot,QuiltingContessa,https://www.etsy.com/shop/QuiltingContessa,145.00,0,0,0,0,0,10 Mo.,0,0,14,Home & Living,33,0,0.0,29,"wine glass themed,handmade wall decor,quilt table topper,wine knot quilt,housewarming gift,hostess gift,registry wedding,wild wedding gift,crazy fun decor,baby shower gift,picnic wine quilt,crazy hostess wine,unique handhandcraft",wine glass themed,handmade wall decor,quilt table topper,wine knot quilt,housewarming gift,hostess gift,registry wedding,wild wedding gift,crazy fun decor,baby shower gift,picnic wine quilt,crazy hostess wine,unique handhandcraft
Wine-Themed Acrylic Wall Clock: Home Bar Decor,https://www.etsy.com/listing/4304524691/wine-themed-acrylic-wall-clock-home-bar,drinksbymare,https://www.etsy.com/shop/drinksbymare,69.00,0,0,0,0,0,12 Mo.,0,0,18,Home & Living,33,0,0.0,174,"acrylic wall clock,wine lover gift,home decor accent,kitchen wall art,colorful wall clock,wine themed decor,dining room clock,gift for wine lovers,vintage style clock,artsy home decor,unique wall clock,housewarming gift,wine country decor",acrylic wall clock,wine lover gift,home decor accent,kitchen wall art,colorful wall clock,wine themed decor,dining room clock,gift for wine lovers,vintage style clock,artsy home decor,unique wall clock,housewarming gift,wine country decor
"Wine Design Flour Sack Towel, Cotton Kitchen Towel",https://www.etsy.com/listing/1106507346/wine-design-flour-sack-towel-cotton,DragonflyManorDesign,https://www.etsy.com/shop/DragonflyManorDesign,16.00,0,0,0,0,0,54 Mo.,0,0,13,Home & Living,73,0,0.0,66,"wine design towels,kitchen towels,funny wine towels,wine theme towels,wine flour sack,kitchen decor,wine gift,wine birthday gift,housewarming gift,hostess gift,wedding gift,bridal shower gift,wine tea towels",wine design towels,kitchen towels,funny wine towels,wine theme towels,wine flour sack,kitchen decor,wine gift,wine birthday gift,housewarming gift,hostess gift,wedding gift,bridal shower gift,wine tea towels
"Wine Design Flour Sack Towel, Cotton Kitchen Towel",https://www.etsy.com/listing/1120446715/wine-design-flour-sack-towel-cotton,DragonflyManorDesign,https://www.etsy.com/shop/DragonflyManorDesign,16.00,0,0,0,0,0,54 Mo.,0,0,13,Home & Living,73,0,0.0,66,"wine design towels,kitchen towels,funny wine towels,wine theme towels,wine flour sack,kitchen decor,wine gift,wine birthday gift,housewarming gift,hostess gift,wedding gift,bridal shower gift,wine tea towels",wine design towels,kitchen towels,funny wine towels,wine theme towels,wine flour sack,kitchen decor,wine gift,wine birthday gift,housewarming gift,hostess gift,wedding gift,bridal shower gift,wine tea towels
"Wine Design Flour Sack Towel, Cotton Kitchen Towel",https://www.etsy.com/listing/1106510166/wine-design-flour-sack-towel-cotton,DragonflyManorDesign,https://www.etsy.com/shop/DragonflyManorDesign,16.00,0,0,0,0,0,54 Mo.,0,0,8,Home & Living,73,0,0.0,66,"wine design towels,kitchen towels,funny wine towels,wine theme towels,wine flour sack,kitchen decor,wine gift,wine birthday gift,housewarming gift,hostess gift,wedding gift,bridal shower gift,wine tea towels",wine design towels,kitchen towels,funny wine towels,wine theme towels,wine flour sack,kitchen decor,wine gift,wine birthday gift,housewarming gift,hostess gift,wedding gift,bridal shower gift,wine tea towels
Home Sweet Home Wine Bottle Light - Realtor Gifts - Realtor Closing Gift - Home Sweet Home Sign - Client Gifts - New Homeowner Gift,https://www.etsy.com/listing/1750186127/home-sweet-home-wine-bottle-light,ShopFireflyHome,https://www.etsy.com/shop/ShopFireflyHome,44.95,0,0,0,0,0,23 Mo.,4,0,75,,77,0,0.0,1083,"light up wine bottle,realtor gifts,realtor closing gift,home sweet home sign,bottle lamp,client gifts,new homeowner gift,new house gift,housewarming gift,wine bottle decor,wine themed decor,wine decor,unique lighting",light up wine bottle,realtor gifts,realtor closing gift,home sweet home sign,bottle lamp,client gifts,new homeowner gift,new house gift,housewarming gift,wine bottle decor,wine themed decor,wine decor,unique lighting
Welcome Door Hanger: 18&quot; Round Wood Sign with Wine theme Bow,https://www.etsy.com/listing/1869354838/welcome-door-hanger-18-round-wood-sign,BowserDesignStudio,https://www.etsy.com/shop/BowserDesignStudio,60.00,0,0,0,0,0,14 Mo.,0,0,37,Home & Living,21,0,0.0,130,"welcome door hanger,front door sign,round door hanger,front porch decor,wooden welcome sign,rustic entryway sign,home gift idea,housewarming gift,wreath alternative,farmhouse sign,everyday door hanger,home decor gift,wine theme sign",welcome door hanger,front door sign,round door hanger,front porch decor,wooden welcome sign,rustic entryway sign,home gift idea,housewarming gift,wreath alternative,farmhouse sign,everyday door hanger,home decor gift,wine theme sign
"Wine Lover Tea Towels, Funny Kitchen Dish Towel Set",https://www.etsy.com/listing/1847954746/wine-lover-tea-towels-funny-kitchen-dish,AngelWingsByAngie,https://www.etsy.com/shop/AngelWingsByAngie,31.21,0,0,0,0,0,17 Mo.,0,0,4,Home & Living,47,0,0.0,82,"tea towels,kitchen decor,wine lover gift,all you need is love,funny tea towel,housewarming gift,wine gift ideas,poly tea towel,love and wine decor,gift for wine lover,funny kitchen towels,wine theme kitchen,valentine's day gift",tea towels,kitchen decor,wine lover gift,all you need is love,funny tea towel,housewarming gift,wine gift ideas,poly tea towel,love and wine decor,gift for wine lover,funny kitchen towels,wine theme kitchen,valentine's day gift
Baby Themed Wine Charms – Elegant Vintage-Inspired Glass Markers with storage bag (Set of 8),https://www.etsy.com/listing/4415775219/baby-themed-wine-charms-elegant-vintage,MaisonCharms,https://www.etsy.com/shop/MaisonCharms,17.00,0,0,0,0,0,5 Mo.,0,0,23,Home & Living,94,0,0.0,784,"wine glass charms,hostess gift,wine gift,wine themed gift,wine markers,wine accessories,housewarming gift,mom gift,baby shower gift,baby party favor,baby glass charms",wine glass charms,hostess gift,wine gift,wine themed gift,wine markers,wine accessories,housewarming gift,mom gift,baby shower gift,baby party favor,baby glass charms,--,--
"Everyday  insulated  wine tote,hold large bottle or regular size, variety of wine patterns,quilted fleece aluminum ,reinforced handles, base",https://www.etsy.com/listing/1224441418/everyday-insulated-wine-totehold-large,Homestitchesbywendi,https://www.etsy.com/shop/Homestitchesbywendi,25.00,0,0,0,2,1,48 Mo.,12,0,732,Bags & Purses,71,0,0.27,346,"wine theme,wine bag,wine carrier,quilted tote,rusable tote,wine bottles,grapes,vineyard,gift bag,holiday  gift,housewarming gift,retirement gift,insulated bag",wine theme,wine bag,wine carrier,quilted tote,rusable tote,wine bottles,grapes,vineyard,gift bag,holiday  gift,housewarming gift,retirement gift,insulated bag
Flamingo Wine Charms / Wine Gifts for Woman / Girls Weekend Gifts / Gifts for Her,https://www.etsy.com/listing/802217407/flamingo-wine-charms-wine-gifts-for,GroupTherapyWine,https://www.etsy.com/shop/GroupTherapyWine,11.00,0,0,0,0,0,73 Mo.,3,0,151,Home & Living,142,0,0.0,3468,"friend gift,house warming gift,sister in law gifts,wine lover gift,wine accessory,unique wine gift,summer party,mothers day gift,babyshower gift,new mom gift,wine theme gift,flamingo wine charms,wine gifts for women",friend gift,house warming gift,sister in law gifts,wine lover gift,wine accessory,unique wine gift,summer party,mothers day gift,babyshower gift,new mom gift,wine theme gift,flamingo wine charms,wine gifts for women
"Florida Themed  Wine Glass Charms, Florida Wine Glass Markers, Florida housewarming gift",https://www.etsy.com/listing/463246232/florida-themed-wine-glass-charms-florida,WhiteTankMtnDesigns,https://www.etsy.com/shop/WhiteTankMtnDesigns,12.00,0,0,0,16,4,116 Mo.,15,0,741,Home & Living,125,0,2.16,3813,"wine glass charms,wine glass markers,wine charms,glass markers,florida gift,florida wine charms,florida housewarming,florida,party favors,wine gift,shower gift,florida wedding",wine glass charms,wine glass markers,wine charms,glass markers,florida gift,florida wine charms,florida housewarming,florida,party favors,wine gift,shower gift,florida wedding,--
"Virginia themed wine charms, Hostess gift Housewarming gift,Virginia wine glass markers,Virginia wedding",https://www.etsy.com/listing/278422268/virginia-themed-wine-charms-hostess-gift,WhiteTankMtnDesigns,https://www.etsy.com/shop/WhiteTankMtnDesigns,9.00,0,0,0,4,1,121 Mo.,8,0,310,Home & Living,125,0,1.29,3813,"wine charms,wine glass markers,virginia gift,wedding party gift,gift under 10,virginia getaway,party favor,virginia wine,virginia,wine accessory,wine accessories,uique wine gift,wine gift",wine charms,wine glass markers,virginia gift,wedding party gift,gift under 10,virginia getaway,party favor,virginia wine,virginia,wine accessory,wine accessories,uique wine gift,wine gift
"If You Forgot The Wine Go Home Doormat, Funny Housewarming Gift, Front Door Decor",https://www.etsy.com/listing/4479958690/if-you-forgot-the-wine-go-home-doormat,MatSupplyCo,https://www.etsy.com/shop/MatSupplyCo,21.90,0,0,0,0,0,3 Mo.,0,0,8,,121,0,0.0,35792,"funny doormat,wine lover gift,housewarming gift,coir doormat,front door decor,welcome mat,new home gift,entryway rug,farmhouse decor,custom doormat,sarcastic mat,unique gift,wine theme rug",funny doormat,wine lover gift,housewarming gift,coir doormat,front door decor,welcome mat,new home gift,entryway rug,farmhouse decor,custom doormat,sarcastic mat,unique gift,wine theme rug
Wine Theme Funny Kitchen Hand Towel • Wine Lover Gift • Funny Towel • Kitchen Decor • Hostess Gift • Housewarming • Mothers Day Gift for Her,https://www.etsy.com/listing/723703554/wine-theme-funny-kitchen-hand-towel-wine,TheGreyAnchor,https://www.etsy.com/shop/TheGreyAnchor,12.00,0,0,0,0,0,69 Mo.,2,0,33,Home & Living,113,0,0.0,14017,"housewarming gift,hostess gift,kitchen decor,wine lover,funny tea towel,wine lover gift,wine themed towel,bar towel,funny hand towel,funny kitchen decor,wedding shower gift,mothers day gift,funny kitchen towel",housewarming gift,hostess gift,kitchen decor,wine lover,funny tea towel,wine lover gift,wine themed towel,bar towel,funny hand towel,funny kitchen decor,wedding shower gift,mothers day gift,funny kitchen towel
"Large Nautical Wine Charms, Boating Theme, Ocean Themed, Glass Markers, Glass Tags, Hostess Gift, Housewarming Gift, Set Of 8, FREE SHIPPING",https://www.etsy.com/listing/1856871314/large-nautical-wine-charms-boating-theme,WineAndDineWithKathy,https://www.etsy.com/shop/WineAndDineWithKathy,23.99,0,0,0,0,0,14 Mo.,0,0,12,Home & Living,35,0,0.0,10321,"ocean wine charms,barware,nautical wine charms,shell wine charms,beach theme gifts,nautical theme gifts,birthday gift,summer theme,hostess gifts,mothers day gifts,boating gifts,beach theme,summer charms",ocean wine charms,barware,nautical wine charms,shell wine charms,beach theme gifts,nautical theme gifts,birthday gift,summer theme,hostess gifts,mothers day gifts,boating gifts,beach theme,summer charms
"Embroidered Wine Coasters Set, Funny Wine Lover Gift, Pink Drink Coasters, Funny Hostess Gift, Wine Bar Decor, Housewarming Gift",https://www.etsy.com/listing/4352824728/embroidered-pink-wine-coasters-set-of-4,MargaNoveltyCrafts,https://www.etsy.com/shop/MargaNoveltyCrafts,18.00,0,0,0,0,0,9 Mo.,2,0,58,Home & Living,9,0,0.0,12,"wine lover gift,funny wine coaster,wine coasters set,embroidered coaster,wine gift for her,funny wine gift,hostess gift idea,pink drink coaster,housewarming gift,wine themed decor,girls night gift,bar cart decor,cute wine coaster",wine lover gift,funny wine coaster,wine coasters set,embroidered coaster,wine gift for her,funny wine gift,hostess gift idea,pink drink coaster,housewarming gift,wine themed decor,girls night gift,bar cart decor,cute wine coaster
"Hostess gift, funny dishtowels, alcohol themed gifts, be kind of a bitch, retro dish towels, novelty tea towel, kitchen gift, gift friend",https://www.etsy.com/listing/1817832824/hostess-gift-funny-dishtowels-alcohol,KitchenGiftCo,https://www.etsy.com/shop/KitchenGiftCo,24.99,0,0,0,0,0,18 Mo.,1,0,6,Home & Living,21,0,0.0,1323,"hostess gift,funny dishtowels,alcohol themed gifts,be kind of a bitch,retro dish towels,novelty tea towel,kitchen gift,gift friend,house warming gift,wine themed gifts,gifts for wine lover,espresso martini,kitchen towels",hostess gift,funny dishtowels,alcohol themed gifts,be kind of a bitch,retro dish towels,novelty tea towel,kitchen gift,gift friend,house warming gift,wine themed gifts,gifts for wine lover,espresso martini,kitchen towels
Gold Octopus Wine Bottle Holder Tabletop Display Stand Nautical Decorative Gift,https://www.etsy.com/listing/1883107555/gold-octopus-wine-bottle-holder-tabletop,MoonandMabel,https://www.etsy.com/shop/MoonandMabel,38.77,0,0,0,6,1,14 Mo.,83,0,578,Home & Living,20,0,1.04,6487,"unique gift,wedding gift,table decor,bottle holder,wine rack,bookshelf décor,decorative home,wine lovers,octopus gift,underwear theme,elegant octopus,dining table decor,housewarming gift",unique gift,wedding gift,table decor,bottle holder,wine rack,bookshelf décor,decorative home,wine lovers,octopus gift,underwear theme,elegant octopus,dining table decor,housewarming gift
Kentucky wall art - gifts for wine lovers - rustic home decor,https://www.etsy.com/listing/1600263996/kentucky-wall-art-gifts-for-wine-lovers,DesertCoastalStudios,https://www.etsy.com/shop/DesertCoastalStudios,69.95,0,0,0,0,0,30 Mo.,0,0,47,Home & Living,204,0,0.0,4370,"cork map art,zero waste gifts,wine cork art,host gift,wine themed gifts,sommelier gift,housewarming gift,new home gifts,real estate closing,long distance,friendship gift,moving away gift,state decor",cork map art,zero waste gifts,wine cork art,host gift,wine themed gifts,sommelier gift,housewarming gift,new home gifts,real estate closing,long distance,friendship gift,moving away gift,state decor
Oyster shell napkin ring. Seashell napkin holder. Oyster shell wine bottle charm,https://www.etsy.com/listing/1427677492/oyster-shell-napkin-ring-seashell-napkin,DoneleDesign,https://www.etsy.com/shop/DoneleDesign,10.00,0,0,0,0,0,38 Mo.,4,0,175,Home & Living,85,0,0.0,1430,"napkin rings,housewarming,seashells,oyster shells,wine bottle charm,oyster ornament,dining,mothers day,ocean,beach themed,anniversary,wedding gift,nautical",napkin rings,housewarming,seashells,oyster shells,wine bottle charm,oyster ornament,dining,mothers day,ocean,beach themed,anniversary,wedding gift,nautical
Personalized Double Wine Bag Wine Drinker Gift Wine Gifts Bag Wine Bag Wine Gift For Men Wine Gift For Women Housewarming Gift For Couple,https://www.etsy.com/listing/1785203984/personalized-double-wine-bag-wine,WellAppointedTravel,https://www.etsy.com/shop/WellAppointedTravel,44.23,0,0,0,0,0,20 Mo.,0,0,3,Bags & Purses,32,0,0.0,26,"double wine carrier,wine drinker gift,wine bottle holder,wine gift for men,wine themed gifts,barware wine bag,wine travel case,wine tote custom,personalized wine,customizable wine,wine gift for women,housewarming gift,custom wine tote bag",double wine carrier,wine drinker gift,wine bottle holder,wine gift for men,wine themed gifts,barware wine bag,wine travel case,wine tote custom,personalized wine,customizable wine,wine gift for women,housewarming gift,custom wine tote bag
Vineyard Grapes Wine Gift Wrap | Tuscan Hostess Gift (Digital Download),https://www.etsy.com/listing/4450662960/vineyard-grapes-wine-patchwork-wrapping,Much7Art,https://www.etsy.com/shop/Much7Art,2.01,0,0,0,0,0,3 Mo.,0,0,8,Art & Collectibles,5,0,0.0,1,"wine wrapping paper,grape pattern digita,vineyard gift wrap,wine lover gift,hostess gift wrap,tuscan style paper,printable wrapping p,wine bottle wrap,patchwork pattern,digital download wra,housewarming gift wr,wine theme party,elegant gift paper",wine wrapping paper,grape pattern digita,vineyard gift wrap,wine lover gift,hostess gift wrap,tuscan style paper,printable wrapping p,wine bottle wrap,patchwork pattern,digital download wra,housewarming gift wr,wine theme party,elegant gift paper
"Personalized Wine sign,Metal Wine name sign,Housewarming Gift,Kitchen Wine sign,Outdoor decor,custom metal Wine Sign,10-24 inches",https://www.etsy.com/listing/4317744601/personalized-wine-signmetal-wine-name,elespaciostore,https://www.etsy.com/shop/elespaciostore,32.90,0,0,0,0,0,3 Mo.,1,0,21,Home & Living,14,0,0.0,1078,"wine metal wall art,wine metal wall sign,wine decor,wine theme decor,wine bar name sign,wine name signs,wine led sign,wine name sign,outdoor decor,wine lover gifts,kitchen decor art,housewarming gift,wine metal sign",wine metal wall art,wine metal wall sign,wine decor,wine theme decor,wine bar name sign,wine name signs,wine led sign,wine name sign,outdoor decor,wine lover gifts,kitchen decor art,housewarming gift,wine metal sign
"Shell Wine Bottle Stopper,Unique Hostess Gifts,Bridesmaid Gifts,Housewarming Gift,Beach Themed Wedding Gift, Beach Decor,Favors, giftware",https://www.etsy.com/listing/4304637027/shell-wine-bottle-stopperunique-hostess,RusticEleganceSS,https://www.etsy.com/shop/RusticEleganceSS,100.00,0,0,0,0,0,1 Mo.,0,0,2,Home & Living,11,0,0.0,1,"blue chinoiserie,unique hostess gifts,bridesmaid gifts,housewarming gift,oyster wine stopper,blue and white,shell bottle stopper,wine bottle stopper,oyster shell art,coastal decor,christmas ornament,unique wedding gift,beach wedding favors",blue chinoiserie,unique hostess gifts,bridesmaid gifts,housewarming gift,oyster wine stopper,blue and white,shell bottle stopper,wine bottle stopper,oyster shell art,coastal decor,christmas ornament,unique wedding gift,beach wedding favors
"Shell Wine Bottle Stopper,Beach Themed Wedding Gift,Unique Hostess Gifts,Bridesmaid Gifts, Housewarming Gift,Beach Decor,Favors, gift",https://www.etsy.com/listing/4306098950/shell-wine-bottle-stopperbeach-themed,RusticEleganceSS,https://www.etsy.com/shop/RusticEleganceSS,102.00,0,0,0,0,0,1 Mo.,0,0,2,Home & Living,11,0,0.0,1,"blue chinoiserie,unique hostess gifts,bridesmaid gifts,housewarming gift,oyster wine stopper,blue and white,shell bottle stopper,wine bottle stopper,oyster shell art,coastal decor,christmas ornament,unique wedding gift,beach wedding favors",blue chinoiserie,unique hostess gifts,bridesmaid gifts,housewarming gift,oyster wine stopper,blue and white,shell bottle stopper,wine bottle stopper,oyster shell art,coastal decor,christmas ornament,unique wedding gift,beach wedding favors
AM PM Wall Decor: Modern Coffee & Wine Bar Sign,https://www.etsy.com/listing/4382557964/am-pm-wall-decor-modern-coffee-wine-bar,Tiridify,https://www.etsy.com/shop/Tiridify,39.00,0,0,0,0,0,1 Mo.,1,0,15,Home & Living,32,0,0.0,4,"am pm sign,kitchen wall decor,coffee bar sign,wine bar accessories,minimalist wall art,modern home decor,housewarming gift,coffee lover gift,funny kitchen sign,wine themed gift,black wall decor,3d printed wall art,coffee to wine decor",am pm sign,kitchen wall decor,coffee bar sign,wine bar accessories,minimalist wall art,modern home decor,housewarming gift,coffee lover gift,funny kitchen sign,wine themed gift,black wall decor,3d printed wall art,coffee to wine decor
Wine Themed Decor/Wine Bottle Light/Fairy Lights/Wine Puns/Gift for Women/Hostess Gift/Housewarming Gift/Local Buyers Use Code LOCALPICKUP,https://www.etsy.com/listing/1520669762/wine-themed-decorwine-bottle-lightfairy,NancysBottleService,https://www.etsy.com/shop/NancysBottleService,25.00,0,0,0,0,0,29 Mo.,22,0,754,Home & Living,29,0,0.0,75,"wine themed decor,wine bottle light,frosted wine bottle,led fairy lights,rustic decor,wine puns,wine bar decor,centerpiece,gift for women,hostess gift,housewarming gift,birthday gift,party gift",wine themed decor,wine bottle light,frosted wine bottle,led fairy lights,rustic decor,wine puns,wine bar decor,centerpiece,gift for women,hostess gift,housewarming gift,birthday gift,party gift
Rose Wine Decor/Wine Bottle Light/LED Fairy Lights/Wine Puns/Gift for Women/Hostess Gift/Housewarming Gift/Local Buyers Use Code LOCALPICKUP,https://www.etsy.com/listing/1521120698/rose-wine-decorwine-bottle-lightled,NancysBottleService,https://www.etsy.com/shop/NancysBottleService,25.00,0,0,0,0,0,28 Mo.,1,0,39,Home & Living,29,0,0.0,75,"wine bottle light,wine themed decor,led fairy lights,frosted wine bottle,wine bottle decor,wine puns,rustic decor,bar cart decor,gift for women,hostess gift,housewarming gift,birthday gift,party gift",wine bottle light,wine themed decor,led fairy lights,frosted wine bottle,wine bottle decor,wine puns,rustic decor,bar cart decor,gift for women,hostess gift,housewarming gift,birthday gift,party gift
"MR & MRS Oyster Shell Wine Stopper - Unique Hostess Gifts, Beach Themed Wedding Gift, Bridesmaid Gifts, Housewarming Gift,",https://www.etsy.com/listing/1883352071/mr-mrs-oyster-shell-wine-stopper-unique,Coastalcorked,https://www.etsy.com/shop/Coastalcorked,40.00,0,0,0,0,0,11 Mo.,0,0,15,Home & Living,13,0,0.0,8,"",--,--,--,--,--,--,--,--,--,--,--,--,--
"PickleBall Oyster Shell Wine Stopper - Unique Hostess Gifts, Beach Themed Wedding Gift, Bridesmaid Gifts, Housewarming Gift",https://www.etsy.com/listing/4311422084/pickleball-oyster-shell-wine-stopper,Coastalcorked,https://www.etsy.com/shop/Coastalcorked,24.95,0,0,0,0,0,9 Mo.,0,0,7,Home & Living,13,0,0.0,8,"",--,--,--,--,--,--,--,--,--,--,--,--,--
Hummingbird art 12oz stemless wine tumbler/ hummingbird gifts/ nature lover gifts/Art by K&#39;shia/ birdwatcher gifts,https://www.etsy.com/listing/971054938/hummingbird-art-12oz-stemless-wine,AutumnGypsyStudios,https://www.etsy.com/shop/AutumnGypsyStudios,19.00,0,0,0,0,0,62 Mo.,3,0,26,Home & Living,198,0,0.0,177,"wine lover gifts,gifts for her,hummingbird art,housewarming gifts,bird lover gifts,bird art,hummingbird wine,nature lover gifts,bird theme gifts,hummingbird gift,bird watcher,bird mug,bird nerd",wine lover gifts,gifts for her,hummingbird art,housewarming gifts,bird lover gifts,bird art,hummingbird wine,nature lover gifts,bird theme gifts,hummingbird gift,bird watcher,bird mug,bird nerd
Cherry Sipper Glass: Customizable 16oz Tumbler with Lid & Straw,https://www.etsy.com/listing/4313171070/cherry-sipper-glass-customizable-16oz,CozyartsycornerShop,https://www.etsy.com/shop/CozyartsycornerShop,35.00,0,0,0,0,0,10 Mo.,1,0,0,Home & Living,12,0,0.0,4,"cherry glass,16oz tumbler,personalized cup,gift for wine lovers,kitchen decor,home entertaining,housewarming gift,birthday present,hostess gift,cherry themed gift,glassware set,fruit design cup,cherry sipper glass",cherry glass,16oz tumbler,personalized cup,gift for wine lovers,kitchen decor,home entertaining,housewarming gift,birthday present,hostess gift,cherry themed gift,glassware set,fruit design cup,cherry sipper glass
Western Themed Wine Charms in bronze and silver tones wtih crystal beading embelishments,https://www.etsy.com/listing/1891984040/western-themed-wine-charms-in-bronze-and,BasilSageArtisan,https://www.etsy.com/shop/BasilSageArtisan,26.00,0,0,0,0,0,13 Mo.,20,0,332,Home & Living,53,0,0.0,224,"western theme charm,southwestern charms,western wine charm,rodeo wine charm,arrow wine charm,steer wine charm,housewarming gift,gift for friend,gift for wine lover,wine accessory,gift for neighbor,gift for coworker,gift for artist",western theme charm,southwestern charms,western wine charm,rodeo wine charm,arrow wine charm,steer wine charm,housewarming gift,gift for friend,gift for wine lover,wine accessory,gift for neighbor,gift for coworker,gift for artist
Custom Lake Stemless Barware|  Lake Life Stemless Wine glass | Established Date| Personalized Hostess Gift| Custom Nautical Gifts,https://www.etsy.com/listing/704221202/custom-lake-stemless-barware-lake-life,CraftyCookDesigns,https://www.etsy.com/shop/CraftyCookDesigns,16.75,0,0,0,13,3,82 Mo.,13,0,355,Home & Living,121,0,3.66,1827,"personalized glasses,lake gift,housewarming gift,lake life,boat gifts,lake themed gift,custom wine glass,vacation wine glass,custom lake wine,custom host gift,hostess glassware,personalized barware,gifts for her",personalized glasses,lake gift,housewarming gift,lake life,boat gifts,lake themed gift,custom wine glass,vacation wine glass,custom lake wine,custom host gift,hostess glassware,personalized barware,gifts for her
Wine and Roses Wall Hanging Home Decor,https://www.etsy.com/listing/1806450125/wine-and-roses-wall-hanging-home-decor,NevinsWoodcraft1,https://www.etsy.com/shop/NevinsWoodcraft1,62.00,0,0,0,0,0,19 Mo.,0,0,11,Home & Living,32,0,0.0,29,"custom home decor,laser engraved art,engrave wood picture,wood engraving,engraved art work,wine themed wall art,wine lover gift,kitchen decor,wine and roses decor,laser engraving wood,housewarming gift",custom home decor,laser engraved art,engrave wood picture,wood engraving,engraved art work,wine themed wall art,wine lover gift,kitchen decor,wine and roses decor,laser engraving wood,housewarming gift,--,--
"Embroidered Wine Mug Rug, Wine Quotes, Housewarming Gift",https://www.etsy.com/listing/1903767605/mug-rugs-wine-theme-maroon-white-green,Craftyshag1,https://www.etsy.com/shop/Craftyshag1,8.00,0,0,0,0,0,12 Mo.,4,0,72,Home & Living,96,0,0.0,14,"mug rugs,wine themed,maroon,white,green,gold,purple,brown,house warming gift,shower gift,birthday gift,dining room,patio",mug rugs,wine themed,maroon,white,green,gold,purple,brown,house warming gift,shower gift,birthday gift,dining room,patio
Etched Summer Fruit Stemless Wine Glasses - Set of 6,https://www.etsy.com/listing/4449271894/etched-summer-fruit-stemless-wine,Blockislandarts,https://www.etsy.com/shop/Blockislandarts,113.94,0,0,0,0,0,4 Mo.,0,0,1,Home & Living,167,0,0.0,3778,"stemless wine glass,personalized glass,summer fruit motif,housewarming gift,summertime wine,handmade in usa,wine lover gift,personalized gift,watermelon cherry,strawberries citrus,set of 6 wine glass,fruit themed decor,pineapple and grapes",stemless wine glass,personalized glass,summer fruit motif,housewarming gift,summertime wine,handmade in usa,wine lover gift,personalized gift,watermelon cherry,strawberries citrus,set of 6 wine glass,fruit themed decor,pineapple and grapes
Etched Cherry Stemless Wine Glass: Summer Fruit Glassware,https://www.etsy.com/listing/4301072660/etched-cherry-stemless-wine-glass-summer,Blockislandarts,https://www.etsy.com/shop/Blockislandarts,14.99,0,0,0,0,0,12 Mo.,0,0,10,Home & Living,167,0,0.0,3778,"stemless wine glass,personalized glass,summer fruit motif,cherry themed decor,housewarming gift,summertime wine,fruit etched glass,cherry glassware,fun summer fruit,cherry wine glass,handmade in usa,wine lover gift,personalized gift",stemless wine glass,personalized glass,summer fruit motif,cherry themed decor,housewarming gift,summertime wine,fruit etched glass,cherry glassware,fun summer fruit,cherry wine glass,handmade in usa,wine lover gift,personalized gift
Wine Glass Charms-Puppy Paws-Custom Designed & Special Orders,https://www.etsy.com/listing/1730435938/wine-glass-charms-puppy-paws-custom,TheRusticWitchShoppe,https://www.etsy.com/shop/TheRusticWitchShoppe,23.20,0,0,0,0,0,23 Mo.,1,0,8,Home & Living,98,0,0.0,91,"wine lovers,wine gifts,wine glass charms,hostess gifts,party favors,housewarming gift,wedding favors,unique gifts,bridesmaids gifts,drink charms,crystal charms,themed wine charms,celebrate",wine lovers,wine gifts,wine glass charms,hostess gifts,party favors,housewarming gift,wedding favors,unique gifts,bridesmaids gifts,drink charms,crystal charms,themed wine charms,celebrate
"Mississippi Wine Glass Charms, Mississippi Gifts, Wine Gifts",https://www.etsy.com/listing/1110439626/mississippi-wine-glass-charms,LifeBaubles,https://www.etsy.com/shop/LifeBaubles,18.95,0,0,0,0,0,54 Mo.,0,0,49,Home & Living,120,0,0.0,6966,"wine gifts,boston themed gift,massachusetts state,new england themed,massachusetts theme,boston souvenir,massachusetts gift,wine glass charms,hostess gift,wine charms,best hostess gift,housewarming gifts,party favors",wine gifts,boston themed gift,massachusetts state,new england themed,massachusetts theme,boston souvenir,massachusetts gift,wine glass charms,hostess gift,wine charms,best hostess gift,housewarming gifts,party favors
"Wine Tea Towel, Buffalo Plaid Hostess Gift, Cheese & Wine",https://www.etsy.com/listing/4432683933/wine-tea-towel-buffalo-plaid-hostess,ARINASTOREPRODUCTS,https://www.etsy.com/shop/ARINASTOREPRODUCTS,20.99,0,0,0,0,0,5 Mo.,0,0,13,Home & Living,18,0,0.0,28,"buffalo plaid,farmhouse decor,rustic kitchen,picnic theme,hostess gift,housewarming gift,hostess gift idea,wine lover gift,gourmet food gift,kitchen dish cloth,farmhouse towel,grapes and wine,wine tea towel",buffalo plaid,farmhouse decor,rustic kitchen,picnic theme,hostess gift,housewarming gift,hostess gift idea,wine lover gift,gourmet food gift,kitchen dish cloth,farmhouse towel,grapes and wine,wine tea towel
Embroidered Wine Princess Kitchen Towel: Funny Rose Decor Gift,https://www.etsy.com/listing/1556725259/embroidered-wine-princess-kitchen-towel,BouillionsCreations,https://www.etsy.com/shop/BouillionsCreations,10.00,0,0,0,0,0,33 Mo.,1,0,17,Home & Living,204,0,0.0,359,"princess themed,kitchen décor,housewarming gift,princess lover,wine lover,gift for women,dish towels,home gifts,funny tea towels,for friends,rose themed décor,wine themed gifts,colorful hand towels",princess themed,kitchen décor,housewarming gift,princess lover,wine lover,gift for women,dish towels,home gifts,funny tea towels,for friends,rose themed décor,wine themed gifts,colorful hand towels
Embroidered Wine Bar Towel | Waffle Weave Cotton Tea Towel,https://www.etsy.com/listing/1815155327/embroidered-wine-bar-towel-waffle-weave,SewShayEmbroidery,https://www.etsy.com/shop/SewShayEmbroidery,21.87,0,0,0,0,0,19 Mo.,0,0,22,Home & Living,20,0,0.0,7,"bar decor,happy hour,bar towel,embroidery,ktichen decor,wine towel,waffle weave,cooking with wine,gifts for her,wine themed towel,wine lover gift,housewarming gift",bar decor,happy hour,bar towel,embroidery,ktichen decor,wine towel,waffle weave,cooking with wine,gifts for her,wine themed towel,wine lover gift,housewarming gift,--
"Wine Design Flour Sack Towel, Custom Cotton Tea Towel",https://www.etsy.com/listing/1120445705/wine-design-flour-sack-towel-custom,DragonflyManorDesign,https://www.etsy.com/shop/DragonflyManorDesign,16.00,0,0,0,0,0,54 Mo.,0,0,9,Home & Living,73,0,0.0,66,"wine design towels,kitchen towels,funny wine towels,wine theme towels,wine flour sack,kitchen decor,wine gift,wine birthday gift,housewarming gift,hostess gift,wedding gift,bridal shower gift,wine tea towels",wine design towels,kitchen towels,funny wine towels,wine theme towels,wine flour sack,kitchen decor,wine gift,wine birthday gift,housewarming gift,hostess gift,wedding gift,bridal shower gift,wine tea towels
"Wine Not Magnet, Funny Wine Magnet, Cute Magnets,  Boutique Magnets, Housewarming Gift Magnet, Drink Wine Magnet, Wine Lover Gift",https://www.etsy.com/listing/1879289747/wine-not-magnet-funny-wine-magnet-cute,poweredbydaisies,https://www.etsy.com/shop/poweredbydaisies,5.00,0,0,0,0,0,15 Mo.,4,0,25,Home & Living,57,0,0.0,8154,"wine magnet,cute magnet,wine lover gift,housewarming,fridge magnet,boutique magnet,wine gift for her,wine gift for him,wine themed magnet,wine humor gift,wine pun magnet,wine not magnet,small wine gift",wine magnet,cute magnet,wine lover gift,housewarming,fridge magnet,boutique magnet,wine gift for her,wine gift for him,wine themed magnet,wine humor gift,wine pun magnet,wine not magnet,small wine gift
Playing Card/ Poker Wine Glass Charms with storage bag–  (Set of 12),https://www.etsy.com/listing/4403241275/playing-card-poker-wine-glass-charms,MaisonCharms,https://www.etsy.com/shop/MaisonCharms,16.00,0,0,0,14,3,6 Mo.,61,1,780,Home & Living,94,42,1.79,784,"wine glass charms,hostess gift,wine themed gift,bachelorette gifts,wine markers,drink charms,wine accessories,wine party favor,wine gift idea,housewarming gift,playing card marker,poker night gift,stocking stuffer",wine glass charms,hostess gift,wine themed gift,bachelorette gifts,wine markers,drink charms,wine accessories,wine party favor,wine gift idea,housewarming gift,playing card marker,poker night gift,stocking stuffer
"Wine Tea Towel, Wine Pairs Nicely with Good Friends",https://www.etsy.com/listing/908044657/wine-tea-towel-wine-pairs-nicely-with,SherylStitcheryNiche,https://www.etsy.com/shop/SherylStitcheryNiche,20.00,0,0,0,0,0,66 Mo.,3,0,24,Home & Living,167,0,0.0,1588,"hostess gift,wine tasting,man cave,she shed,wine themed towel,christmas towel,affordable gift,kitchen towel,bar towel,housewarming,wine collector,embroidered towel,handmade towel",hostess gift,wine tasting,man cave,she shed,wine themed towel,christmas towel,affordable gift,kitchen towel,bar towel,housewarming,wine collector,embroidered towel,handmade towel
"Black Woman Art Print: Wine Glass, Trendy Bar Cart Decor (Digital Download) African American Wall Art, Housewarming Gift #P141",https://www.etsy.com/listing/1864579735/black-woman-art-print-wine-glass-trendy,LabelsAndPrintLab,https://www.etsy.com/shop/LabelsAndPrintLab,5.99,0,0,0,0,0,17 Mo.,17,0,196,Home & Living,40,0,0.0,8786,"housewarming gift,afrocentric decor,black woman print,african american,african beauty theme,black girl dorm room,black girl poster,woman holding wine,wine glass bar cart,alcohol wall art,trendy girl dorm art,kitchen wall art,dining room print",housewarming gift,afrocentric decor,black woman print,african american,african beauty theme,black girl dorm room,black girl poster,woman holding wine,wine glass bar cart,alcohol wall art,trendy girl dorm art,kitchen wall art,dining room print
Starfish Engraved Stemless Wine Glass: Beach House Nautical Decor,https://www.etsy.com/listing/1453868909/starfish-engraved-stemless-wine-glass,BevveeCo,https://www.etsy.com/shop/BevveeCo,19.95,0,0,0,6,1,38 Mo.,9,0,296,Home & Living,92,0,2.03,62040,"beach house cups,gift for beach bum,housewarming gifts,loves to fish,beach lover,starfish lovers,starfish themed gift,tidal pools,ocean lovers,starfish gifts,starfish wine glass,beach wine glass,beach themed gifts",beach house cups,gift for beach bum,housewarming gifts,loves to fish,beach lover,starfish lovers,starfish themed gift,tidal pools,ocean lovers,starfish gifts,starfish wine glass,beach wine glass,beach themed gifts
Humorous Hippo in Robe Art Print for Lounge Decor - Quirky Animal Wall Art Gift,https://www.etsy.com/listing/4482682008/humorous-hippo-in-robe-art-print-for,SunfieldPrints,https://www.etsy.com/shop/SunfieldPrints,36.44,0,0,0,0,0,2 Mo.,0,0,0,Home & Living,3,0,0.0,15,"humorous animal art,quirky home accent,lounge room decor,whimsical creature,robe print design,wine glass artwork,poker chips theme,unique gift idea,large wall hang,18x24 wall art,housewarming present,artistic,animal lover item",humorous animal art,quirky home accent,lounge room decor,whimsical creature,robe print design,wine glass artwork,poker chips theme,unique gift idea,large wall hang,18x24 wall art,housewarming present,artistic,animal lover item
Mahjong Wine Charms Chinese Theme Charms for Wine Glass Gift for Mahjong Gift for Mahjong Friend Housewarming Gift Wine Marker Chinese Game,https://www.etsy.com/listing/4331711826/mahjong-wine-charms-chinese-theme-charms,DaintyDotGifts,https://www.etsy.com/shop/DaintyDotGifts,13.19,0,0,0,0,0,4 Mo.,1,0,60,Home & Living,17,0,0.0,3608,"wine glass markers,wine marker,drink marker,wine glass charms,wine lover gift,funny wine markers,wine charms,chinese theme,chinese decor,mahjong charms,mahjong wine charms,mahjong gift,wine glass decor",wine glass markers,wine marker,drink marker,wine glass charms,wine lover gift,funny wine markers,wine charms,chinese theme,chinese decor,mahjong charms,mahjong wine charms,mahjong gift,wine glass decor
"Wine Lover Ceramic Mug: Funny Wine Time Design, 11oz/15oz",https://www.etsy.com/listing/1515486342/wine-lover-ceramic-mug-funny-wine-time,MeljafDesigns,https://www.etsy.com/shop/MeljafDesigns,18.61,0,0,0,0,0,34 Mo.,0,0,12,Home & Living,37,0,0.0,78,"wine-themed mug,wine lover gift,wine accessories,funny wine mug,wine quote cup,wine sayings mug,unique wine,wine mug,house warming gift,home decor mug,bar ware,wine secret santa,wine lover christmas",wine-themed mug,wine lover gift,wine accessories,funny wine mug,wine quote cup,wine sayings mug,unique wine,wine mug,house warming gift,home decor mug,bar ware,wine secret santa,wine lover christmas
"Sassy Wine Shower Curtain - Touch of Class, Floral Bathroom Decor, Gifts for Wine Lovers, Elegant Bath, Kitchen Decor",https://www.etsy.com/listing/1809929509/sassy-wine-shower-curtain-touch-of-class,Nikitasoriginals,https://www.etsy.com/shop/Nikitasoriginals,67.95,0,0,0,0,0,3 Mo.,0,0,5,Home & Living,1,0,0.0,1,"wine lover gift,bathroom decor,rose shower curtain,sassy bathroom decor,funny bathroom art,home decor gift,wine theme gift,chic shower curtain,classy home accent,gift for her,stylish home decor,celebration decor,housewarming gift",wine lover gift,bathroom decor,rose shower curtain,sassy bathroom decor,funny bathroom art,home decor gift,wine theme gift,chic shower curtain,classy home accent,gift for her,stylish home decor,celebration decor,housewarming gift
"Wine and Waves Wine Tumbler, Gift for Him, Gift for Her, Gift for Friend, Beach Wine Tumbler",https://www.etsy.com/listing/1622925660/wine-and-waves-wine-tumbler-gift-for-him,CottonwoodNovelties,https://www.etsy.com/shop/CottonwoodNovelties,26.95,0,0,0,0,0,17 Mo.,0,0,10,Home & Living,20,0,0.0,27,"stemless wine tumblr,beach theme,gift for her,gift for him,housewarming gift,hostess gift,birthday day gift",stemless wine tumblr,beach theme,gift for her,gift for him,housewarming gift,hostess gift,birthday day gift,--,--,--,--,--,--
"Double Wine Tote Bag - Perfect for Wine Lovers, Gift for Friends, Wine Party, Housewarming, and Celebrations",https://www.etsy.com/listing/4362694294/double-wine-tote-bag-perfect-for-wine,BilliebyMichelle,https://www.etsy.com/shop/BilliebyMichelle,31.37,0,0,0,0,0,3 Mo.,0,0,1,Bags & Purses,4,0,0.0,0,"wine tote bag,wine lover gift,funny wine bag,gift for hostess,eco-friendly tote,wine accessories,party bag gift,birthday wine gift,housewarming gift,wine tote design,unique wine carrier,double bottle tote,halloween themed",wine tote bag,wine lover gift,funny wine bag,gift for hostess,eco-friendly tote,wine accessories,party bag gift,birthday wine gift,housewarming gift,wine tote design,unique wine carrier,double bottle tote,halloween themed
"Mistletoe Oyster Shell Wine Bottle Stopper, Unique Hostess Gifts, Beach Themed Wedding Gift, Bridesmaid Gifts, Housewarming Gift",https://www.etsy.com/listing/1786545092/mistletoe-oyster-shell-wine-bottle,Coastalcorked,https://www.etsy.com/shop/Coastalcorked,24.95,0,0,0,0,0,17 Mo.,0,0,9,Home & Living,13,0,0.0,8,"",--,--,--,--,--,--,--,--,--,--,--,--,--
"Limoncello Oyster Shell Wine Stopper - Unique Hostess Gifts, Beach Themed Wedding Gift, Bridesmaid Gifts, Housewarming Gift.",https://www.etsy.com/listing/1859875071/limoncello-oyster-shell-wine-stopper,Coastalcorked,https://www.etsy.com/shop/Coastalcorked,24.95,0,0,0,0,0,13 Mo.,1,0,43,Home & Living,13,0,0.0,8,"",--,--,--,--,--,--,--,--,--,--,--,--,--
"Personalized Bamboo Cutting Board with Drip Ring 23 3/4&quot; x 12&quot; Housewarming Gift, Mom gift, Christmas Gift, Realtor Gift, Chef Gift",https://www.etsy.com/listing/1774970290/personalized-bamboo-cutting-board-with,TechnicallyArtCo,https://www.etsy.com/shop/TechnicallyArtCo,45.00,0,0,0,0,0,17 Mo.,0,0,1,Home & Living,18,0,0.0,4,"housewarming gift,cutting board,kitchen deco,bottle shape board,wine shape board,monogram board,kitchen entertaining,novelty gift,wine theme board,engraved board,custom cutting board,charcuterie,paddle cutting board",housewarming gift,cutting board,kitchen deco,bottle shape board,wine shape board,monogram board,kitchen entertaining,novelty gift,wine theme board,engraved board,custom cutting board,charcuterie,paddle cutting board
"Pearl Grape Cluster Suncatcher, Iridescent Vineyard Window Hanging, Fruit Wall Art, Kitchen Decor, Housewarming Wine Lover Gift",https://www.etsy.com/listing/4463311702/pearl-grape-cluster-suncatcher,FayeNgs,https://www.etsy.com/shop/FayeNgs,19.06,0,0,0,0,0,1 Mo.,0,0,3,Art & Collectibles,7,0,0.0,433,"pearl grape art,vineyard suncatcher,iridescent fruit art,wine lover gift,luxury kitchen decor,garden window hanging,italian style decor,fruit themed gift,elegant wall ornament,nature inspired decor,gift for grape lover,nature gift idea,housewarming gift",pearl grape art,vineyard suncatcher,iridescent fruit art,wine lover gift,luxury kitchen decor,garden window hanging,italian style decor,fruit themed gift,elegant wall ornament,nature inspired decor,gift for grape lover,nature gift idea,housewarming gift
"Lets Par-Tee Stemless Wine Glass, Golf Lover Gift, Golf Themed Glass, Golf Party Favor, Golf Gift for housewarming, Golfing Decor,",https://www.etsy.com/listing/4323991632/lets-par-tee-stemless-wine-glass-golf,JamesHenryHome,https://www.etsy.com/shop/JamesHenryHome,29.00,0,0,0,0,0,11 Mo.,0,0,14,Home & Living,23,0,0.0,109,"wine glass,golf theme,stemless glass,hostess gift,golf birthday,party accessories,golf gifts,golf shirts,golf hats,special occasion,golf tournament,wine lover,unique golf gift",wine glass,golf theme,stemless glass,hostess gift,golf birthday,party accessories,golf gifts,golf shirts,golf hats,special occasion,golf tournament,wine lover,unique golf gift
Embroidered Wine Dish Towel: Funny &quot;Wine Down&quot; Kitchen Decor,https://www.etsy.com/listing/1660426215/embroidered-wine-dish-towel-funny-wine,EmbroidUrway,https://www.etsy.com/shop/EmbroidUrway,17.00,0,0,0,3,1,28 Mo.,5,0,59,Home & Living,52,0,5.08,8660,"house warming gift,new home gift,summer towel,friends gift,summer kitchen towel,friend gift,ladies gift,hostess gift,wine decoration,wine theme kitchen,wine kitchen decor,wine basket gift,wine lover gift",house warming gift,new home gift,summer towel,friends gift,summer kitchen towel,friend gift,ladies gift,hostess gift,wine decoration,wine theme kitchen,wine kitchen decor,wine basket gift,wine lover gift
"Silly Dogs Coasters, Set of 4 square coasters - Group 1",https://www.etsy.com/listing/1846608161/silly-dogs-coasters-set-of-4-square,CreaturesCoversLLC,https://www.etsy.com/shop/CreaturesCoversLLC,12.50,0,0,0,0,0,17 Mo.,0,0,37,Home & Living,157,0,0.0,421,"dog lover's gift,wine lover's gift,novelty pups,dog themed coasters,wine themed coasters,housewarming gift,funny dog images,fun dog images,funny wine images,fun wine images,silly dogs,dog dad,dog mom",dog lover's gift,wine lover's gift,novelty pups,dog themed coasters,wine themed coasters,housewarming gift,funny dog images,fun dog images,funny wine images,fun wine images,silly dogs,dog dad,dog mom
Wine Tote Bag great christmas gift housewarming or host gift. The southwester theme is unique and looks great on the wine bottle bag.,https://www.etsy.com/listing/1577852094/wine-tote-bag-great-christmas-gift,Tshirtoutfitters,https://www.etsy.com/shop/Tshirtoutfitters,32.50,0,0,0,0,0,19 Mo.,0,0,0,Bags & Purses,23,0,0.0,12,"wine tote bag,wine bottle bag,wine bottle tote bag,birthday gift,father of bride gift,wine bottle holder,wine bag,neoprene wine tote,wine carrier,wine holder,wine lover gift,wine gift,winer lover",wine tote bag,wine bottle bag,wine bottle tote bag,birthday gift,father of bride gift,wine bottle holder,wine bag,neoprene wine tote,wine carrier,wine holder,wine lover gift,wine gift,winer lover
Wine Tote Bag great christmas gift housewarming or host gift. The southwester theme is unique and looks great on the wine bottle bag. wine,https://www.etsy.com/listing/1577852218/wine-tote-bag-great-christmas-gift,Tshirtoutfitters,https://www.etsy.com/shop/Tshirtoutfitters,32.50,0,0,0,0,0,19 Mo.,0,0,0,Bags & Purses,23,0,0.0,12,"wine bag,wine tote bag,wine bottle holder,dinner host gift,wine tasting gift,wine tote,wine lover gift,wine accessory,wine carrier,wine gift bag,neoprene wine tote,wine cooler,wine gift",wine bag,wine tote bag,wine bottle holder,dinner host gift,wine tasting gift,wine tote,wine lover gift,wine accessory,wine carrier,wine gift bag,neoprene wine tote,wine cooler,wine gift
Wine Tote Bag great christmas gift housewarming or host gift. The southwester theme is unique and looks great on the wine bottle bag. wine,https://www.etsy.com/listing/1592025167/wine-tote-bag-great-christmas-gift,Tshirtoutfitters,https://www.etsy.com/shop/Tshirtoutfitters,30.50,0,0,0,0,0,19 Mo.,0,0,0,Bags & Purses,23,0,0.0,12,"wine accessory,dinner host gift,wine lover gift,christmas gift,birthday gift,wedding gift,wine tote bag,wine tote,wine bottle holder,wine bag,workplace gift,wine tasting gift,wine bottle bag",wine accessory,dinner host gift,wine lover gift,christmas gift,birthday gift,wedding gift,wine tote bag,wine tote,wine bottle holder,wine bag,workplace gift,wine tasting gift,wine bottle bag
Wine Bottles Tempered Glass Cutting Board: Vineyard Design,https://www.etsy.com/listing/1803919737/wine-bottles-tempered-glass-cutting,BusycornrGifts,https://www.etsy.com/shop/BusycornrGifts,49.95,0,0,0,0,0,15 Mo.,0,0,7,Home & Living,32,0,0.0,643,"kitchen accessories,wine themed gift,chef gift,wine and cheese,serving board,vineyard theme,wine lover gift,elegant gift,housewarming gift,chef lover gift,foodie gift,charcuterie board,bridal gift",kitchen accessories,wine themed gift,chef gift,wine and cheese,serving board,vineyard theme,wine lover gift,elegant gift,housewarming gift,chef lover gift,foodie gift,charcuterie board,bridal gift
Wine Kitchen Witch Chablis Handmade Gift Cooking Good Luck Original Housewarming Bar Decoration Folklore Birthday Artisan Special Magic,https://www.etsy.com/listing/4382939042/wine-kitchen-witch-chablis-handmade-gift,PleasantPosey,https://www.etsy.com/shop/PleasantPosey,49.00,0,0,0,6,3,4 Mo.,26,1,677,Home & Living,89,51,0.89,365,"wine-theme,kitchen witch,wine cellar gift,wine enthusiast gift,birthday mothers day,housewarming gift,tradition good luck,favorite cook friend,artisan made in usa,unique handmade,wedding shower,magic doll crone,bartender gift",wine-theme,kitchen witch,wine cellar gift,wine enthusiast gift,birthday mothers day,housewarming gift,tradition good luck,favorite cook friend,artisan made in usa,unique handmade,wedding shower,magic doll crone,bartender gift
Old City Stemmed Wine Glass – Hand Etched Philly Wine Glass – 20.5 oz Crystal – Optional Gift Box & Personalization,https://www.etsy.com/listing/4463517519/old-city-stemmed-wine-glass-hand-etched,MorningFogStudios,https://www.etsy.com/shop/MorningFogStudios,19.99,0,0,0,0,0,3 Mo.,0,0,8,Home & Living,139,0,0.0,7698,"old city wine glass,stemmed wine glass,philly wine glass,philadelphia gift,old city philly,etched wine glass,philly lover gift,crystal wine glass,wine lover gift,housewarming gift,philly themed gift,city wine glass,personalized wine",old city wine glass,stemmed wine glass,philly wine glass,philadelphia gift,old city philly,etched wine glass,philly lover gift,crystal wine glass,wine lover gift,housewarming gift,philly themed gift,city wine glass,personalized wine
Glass Beach Ocean Themed Stem Wine Glass - Clear Stem - Blue Teal and Gold - Glitter Wine Glass - Mom Gift - Handpainted - Housewarming Gift,https://www.etsy.com/listing/991872337/glass-beach-ocean-themed-stem-wine-glass,RusticAndRoseTexas,https://www.etsy.com/shop/RusticAndRoseTexas,28.50,0,0,0,97,23,62 Mo.,253,0,5777,Home & Living,151,36,1.68,7473,"stemmed glass,painted wine glass,hand painted wine,beach wine glass,beach glass,beach tumbler,mothers day gift,mother gift,hostess gift,housewarming gift,ocean wine glass,beach cup,beach themed",stemmed glass,painted wine glass,hand painted wine,beach wine glass,beach glass,beach tumbler,mothers day gift,mother gift,hostess gift,housewarming gift,ocean wine glass,beach cup,beach themed
Stormy Seas Glass Beach Ocean Themed Clear Stem Wine Glass - Clear Stem - Gift - Housewarming Gift - Mothers Day - Beach Wedding - Hostess,https://www.etsy.com/listing/1244958658/stormy-seas-glass-beach-ocean-themed,RusticAndRoseTexas,https://www.etsy.com/shop/RusticAndRoseTexas,28.50,0,0,0,302,71,47 Mo.,1100,2,23307,Home & Living,151,100,1.3,7473,"stemmed glass,painted wine glass,hand painted wine,beach wine glass,beach glass,beach tumbler,mothers day gift,mother gift,hostess gift,housewarming gift,ocean wine glass,beach themed,wine glasses",stemmed glass,painted wine glass,hand painted wine,beach wine glass,beach glass,beach tumbler,mothers day gift,mother gift,hostess gift,housewarming gift,ocean wine glass,beach themed,wine glasses
Stormy Seas Glass Beach Ocean Themed Stemmed Wine Glass - Clear Stem - Gift - Housewarming Gift - Mothers Day - Beach Wedding - Hostess,https://www.etsy.com/listing/4353827528/stormy-seas-glass-beach-ocean-themed,RusticAndRoseTexas,https://www.etsy.com/shop/RusticAndRoseTexas,28.50,0,0,0,8,2,9 Mo.,29,0,396,Home & Living,151,0,2.02,7473,"stemmed glass,painted wine glass,hand painted wine,beach wine glass,beach glass,beach tumbler,mothers day gift,mother gift,hostess gift,housewarming gift,ocean wine glass,beach themed,wine glasses",stemmed glass,painted wine glass,hand painted wine,beach wine glass,beach glass,beach tumbler,mothers day gift,mother gift,hostess gift,housewarming gift,ocean wine glass,beach themed,wine glasses
Funny Wine Tumbler: Insulated Stainless Steel Wine Glass,https://www.etsy.com/listing/4297006103/funny-wine-tumbler-insulated-stainless,ViKsyDesigns,https://www.etsy.com/shop/ViKsyDesigns,20.44,0,0,0,0,0,13 Mo.,4,0,31,Home & Living,14,0,0.0,72,"wine tumbler gift,funny wine cup,bachelorette party,wine lover mug,funny gifts,chill drink holder,wine themed gift,gifts for friends,humorous drinkware,unique wine tumbler,wine lovers gift,housewarming gift,travel tumbler",wine tumbler gift,funny wine cup,bachelorette party,wine lover mug,funny gifts,chill drink holder,wine themed gift,gifts for friends,humorous drinkware,unique wine tumbler,wine lovers gift,housewarming gift,travel tumbler
Wine Friends Waffle Weave Kitchen Towel: Vintage Decor Gift,https://www.etsy.com/listing/1690763051/wine-friends-waffle-weave-kitchen-towel,CanaryRoadHome,https://www.etsy.com/shop/CanaryRoadHome,15.95,0,0,0,0,0,26 Mo.,1,0,53,Home & Living,154,0,0.0,36264,"dish towel,hostess gift,hand towel,friend gift,birthday gift,kitchen towel,kitchen decor,housewarming gift,funny wine towel,wine lover,gift for friend,vineyard-themed,wine drinks",dish towel,hostess gift,hand towel,friend gift,birthday gift,kitchen towel,kitchen decor,housewarming gift,funny wine towel,wine lover,gift for friend,vineyard-themed,wine drinks
"Wine Lover Tea Towel, Funny Kitchen Decor, Cotton Poly Blend, Living in Zin",https://www.etsy.com/listing/4373509493/living-in-zin-tea-towel-funny-wine,VitaBrillante,https://www.etsy.com/shop/VitaBrillante,30.37,0,0,0,0,0,8 Mo.,0,0,1,Home & Living,8,0,0.0,803,"wine lover,funny saying,kitchen decor,home gift,tea towels,wine theme,housewarming gift,zinfandel wine,wine bottle,wine glass,grapes design,kitchen towel,bar decor",wine lover,funny saying,kitchen decor,home gift,tea towels,wine theme,housewarming gift,zinfandel wine,wine bottle,wine glass,grapes design,kitchen towel,bar decor
6 Beach theme wine glass charms,https://www.etsy.com/listing/1771288950/6-beach-theme-wine-glass-charms,TheThistleandPig,https://www.etsy.com/shop/TheThistleandPig,8.74,0,0,0,0,0,21 Mo.,1,0,12,Home & Living,157,0,0.0,684,"beach holiday sun,wine glass charms,presentation card,housewarming gift,picnic in the park,barware glassware,seashells mermaids,handmadebyeilidh,ocean cruise present,mug handle drinks,place settings table,party decoration,nautical theme sea",beach holiday sun,wine glass charms,presentation card,housewarming gift,picnic in the park,barware glassware,seashells mermaids,handmadebyeilidh,ocean cruise present,mug handle drinks,place settings table,party decoration,nautical theme sea
Wool Gray Tote with Plaid,https://www.etsy.com/listing/1530869155/wool-gray-tote-with-plaid,PineCottageSewing,https://www.etsy.com/shop/PineCottageSewing,25.00,0,0,0,0,0,34 Mo.,0,0,11,Weddings,48,0,0.0,36,"plaid bag,wool wine tote,outdoorsman,country themed gift,christmas gift,autumn,boyfriend gift,housewarming,retirement,groomsman,wedding,plaidurday,michigan made",plaid bag,wool wine tote,outdoorsman,country themed gift,christmas gift,autumn,boyfriend gift,housewarming,retirement,groomsman,wedding,plaidurday,michigan made
Set of 2 Studio Nova Olive Branch Salad Plates,https://www.etsy.com/listing/4495674693/set-of-2-studio-nova-olive-branch-salad,AnAndAnShop,https://www.etsy.com/shop/AnAndAnShop,16.00,0,0,0,0,0,1 Mo.,0,0,9,Home & Living,34,0,0.0,68,"studio nova,olive branch,wine party,country theme,olive decor,yellow salad plates,wine party decor,salad plates,purple salad plates,purple olives,housewarming gift,wine night decor",studio nova,olive branch,wine party,country theme,olive decor,yellow salad plates,wine party decor,salad plates,purple salad plates,purple olives,housewarming gift,wine night decor,--
Wine themed flour sack towel. Machine embroidered. Wine scene. Wine and Cheese. Hostess gift. House warming gift.,https://www.etsy.com/listing/1596679546/wine-themed-flour-sack-towel-machine,flourtowelgal,https://www.etsy.com/shop/flourtowelgal,11.95,0,0,0,0,0,30 Mo.,0,0,42,Home & Living,175,0,0.0,9448,"flour sack towel,machine embroidered,wine towel,wine flour sack,drink towel,flour sack coffee,flour sack wine,wine decor,wine hostess gift,wine kitchen,wine dining,wine,kitchen wine",flour sack towel,machine embroidered,wine towel,wine flour sack,drink towel,flour sack coffee,flour sack wine,wine decor,wine hostess gift,wine kitchen,wine dining,wine,kitchen wine
"Funny Wine-Themed Large Coffee Mug, Where the Wine Things Are™ Ceramic Mug",https://www.etsy.com/listing/1541800337/funny-wine-themed-large-coffee-mug-where,WineThingsCo,https://www.etsy.com/shop/WineThingsCo,19.00,0,0,0,0,0,33 Mo.,0,0,45,Home & Living,36,0,0.0,54,"wine lovers birthday,housewarming gifts,gift for wine lovers,wine drinker gift,mulled wine mug,wine-themed gifts,large coffee mug,funny ceramic mug,funny wine gifts,wine lovers gift mug,bookish wine lover,funny coffee mugs,large wine art mug",wine lovers birthday,housewarming gifts,gift for wine lovers,wine drinker gift,mulled wine mug,wine-themed gifts,large coffee mug,funny ceramic mug,funny wine gifts,wine lovers gift mug,bookish wine lover,funny coffee mugs,large wine art mug
"Stemless Wine Glass, 11 75oz - Aperol Spritz Recipe Italy Summer Travel Friends, Gift for Wine Lovers, Cocktail Glassware, Summer Party",https://www.etsy.com/listing/4331750377/stemless-wine-glass-11-75oz-aperol,Spritzella,https://www.etsy.com/shop/Spritzella,21.15,0,0,0,0,0,10 Mo.,0,0,61,Home & Living,10,0,0.0,34,"summer glassware,recipe glassware,italy theme,travel gift,aperol spritz glass,wine lover gift,friend gift,cloud design,outdoor dining,party decor,bar cart decor,housewarming gift,hostess gift",summer glassware,recipe glassware,italy theme,travel gift,aperol spritz glass,wine lover gift,friend gift,cloud design,outdoor dining,party decor,bar cart decor,housewarming gift,hostess gift
"Oyster Shell Wine Bottle Stopper, Unique Hostess Gifts, Beach Themed Wedding Gift, Bridesmaid Gifts, Housewarming Gift, Beach Decor, Favors",https://www.etsy.com/listing/4399047163/oyster-shell-wine-bottle-stopper-unique,SaltyShopStudios,https://www.etsy.com/shop/SaltyShopStudios,28.00,0,0,0,0,0,6 Mo.,1,0,46,Home & Living,36,0,0.0,431,"beach wedding favors,blue chinoiserie,blue and white,bridesmaid gifts,christmas ornament,coastal decor,housewarming gift,oyster shell art,oyster wine stopper,shell bottle stopper,unique hostess gifts,unique wedding gift,wine bottle stopper",beach wedding favors,blue chinoiserie,blue and white,bridesmaid gifts,christmas ornament,coastal decor,housewarming gift,oyster shell art,oyster wine stopper,shell bottle stopper,unique hostess gifts,unique wedding gift,wine bottle stopper
"Vintage Pewter Grapevine Candle Ring – French Country Cottagecore Mantle Candle Decor, Elegant Housewarming Gift",https://www.etsy.com/listing/4448738892/vintage-pewter-grapevine-candle-ring,KinleysVintage,https://www.etsy.com/shop/KinleysVintage,28.00,0,0,0,0,0,4 Mo.,2,0,25,Home & Living,43,0,0.0,319,"scents and accents,fine pewter candle,candle holder,vintage candle holde,grapevine decor,french country decor,pewter candle ring,cottagecore decor,vintage pewter,wine theme decor,hostess gift idea,housewarming gift,elegant home decor",scents and accents,fine pewter candle,candle holder,vintage candle holde,grapevine decor,french country decor,pewter candle ring,cottagecore decor,vintage pewter,wine theme decor,hostess gift idea,housewarming gift,elegant home decor
"Ocean Blue Stemless Wine Glass, Saltwater Sips Cobalt Nautical Drinkware, Beach House Warming Gift, Blue Coastal Decor",https://www.etsy.com/listing/4436079009/deepwater-drift-stemless-wine-glass,SoFloBohoBoutique,https://www.etsy.com/shop/SoFloBohoBoutique,35.00,0,0,0,0,0,4 Mo.,0,0,9,Home & Living,109,0,0.0,43,"blue wine glass,ocean blue decor,cobalt glassware,nautical wine gift,stemless wine glass,beach house gift,coastal drinkware,sea glass art,beach house warming,starfish wine glass,ocean lover gift,beach themed gifts,unique wine gift",blue wine glass,ocean blue decor,cobalt glassware,nautical wine gift,stemless wine glass,beach house gift,coastal drinkware,sea glass art,beach house warming,starfish wine glass,ocean lover gift,beach themed gifts,unique wine gift
"Quilted wine themed mini bar mat, placemat, table topper, small table runner",https://www.etsy.com/listing/1439574587/quilted-wine-themed-mini-bar-mat,StashmoverCreations,https://www.etsy.com/shop/StashmoverCreations,29.50,0,0,0,0,0,38 Mo.,1,0,102,Home & Living,93,0,0.0,585,"quilted table topper,wine lover decor,bar table topper,home decor bar theme,mini bar accessories,wine bar decor,wine party decor,hostess gift,house warming gift,mini table runner,quilted placemat,mini bar decor,quilted small runner",quilted table topper,wine lover decor,bar table topper,home decor bar theme,mini bar accessories,wine bar decor,wine party decor,hostess gift,house warming gift,mini table runner,quilted placemat,mini bar decor,quilted small runner
Old World Style Champagne Bucket – Decorative Metal Wine Cooler – Hostess Gift,https://www.etsy.com/listing/1170670186/old-world-style-champagne-bucket,SeamaxInteriors,https://www.etsy.com/shop/SeamaxInteriors,185.00,0,0,0,0,0,51 Mo.,5,0,210,Home & Living,51,0,0.0,2281,"housewarming pail,french country,sommelier tools,anniversary gift,home bar decor,silver tone metal,luxury gift,champagne chiller,epernay france,french barware,wine chiller,halloween decor,gothic theme",housewarming pail,french country,sommelier tools,anniversary gift,home bar decor,silver tone metal,luxury gift,champagne chiller,epernay france,french barware,wine chiller,halloween decor,gothic theme
"Wine Kitchen Wall Decor Sign, French Farmhouse Grape Wall Hanging, Rustic Winery Decor for Dining Room",https://www.etsy.com/listing/695639017/wine-kitchen-wall-decor-sign-french,Shoshovche,https://www.etsy.com/shop/Shoshovche,15.11,0,0,0,2,1,85 Mo.,11,0,177,Home & Living,148,0,1.13,1603,"wine wall decor,kitchen wall sign,grape wall art,winery kitchen decor,rustic kitchen sign,wine lover gift,vineyard wall decor,wine theme decor,housewarming gift,dining room decor,cottage kitchen,wall hanging,french decor",wine wall decor,kitchen wall sign,grape wall art,winery kitchen decor,rustic kitchen sign,wine lover gift,vineyard wall decor,wine theme decor,housewarming gift,dining room decor,cottage kitchen,wall hanging,french decor
"Live Laugh Love Bigfoot Beer Pint Glass, Bigfoot Gift, Sasquatch, Bigfoot Valentines, Bigfoot Lovers, Yeti Gift, Bigfoot Beer Glass",https://www.etsy.com/listing/1832866512/live-laugh-love-bigfoot-beer-pint-glass,WestWallia,https://www.etsy.com/shop/WestWallia,26.95,0,0,0,0,0,17 Mo.,1,0,8,Home & Living,30,0,0.0,282,"big foot,sasquatch gifts,bigfoot drinking mug,beer glass bigfoot,bigfoot whiskey,wine glass bigfoot,bigfoot drinking,yeti rocks glass,sasquatch glassware,sasquatch drinking,housewarming gift,bigfoot themed,bigfoot valentine",big foot,sasquatch gifts,bigfoot drinking mug,beer glass bigfoot,bigfoot whiskey,wine glass bigfoot,bigfoot drinking,yeti rocks glass,sasquatch glassware,sasquatch drinking,housewarming gift,bigfoot themed,bigfoot valentine
"Hostess gift for women, alcohol themed gifts, funny dishtowels, wine themed gifts, dirty martini, gifts for wine lover, gift friend, punny",https://www.etsy.com/listing/1827951479/hostess-gift-for-women-alcohol-themed,KitchenGiftCo,https://www.etsy.com/shop/KitchenGiftCo,24.99,0,0,0,0,0,18 Mo.,5,0,12,Home & Living,21,0,0.0,1323,"alcohol themed gifts,funny dishtowels,wine themed gifts,dirty martini,gifts for wine lover,gift friend,hostess gift,for women,punny gift,kitchen towels,house warming gifts,tea towel,cooking gifts",alcohol themed gifts,funny dishtowels,wine themed gifts,dirty martini,gifts for wine lover,gift friend,hostess gift,for women,punny gift,kitchen towels,house warming gifts,tea towel,cooking gifts
Vintage Grape Theme Decorative Plates - Set of 3 - Gold Trim,https://www.etsy.com/listing/1546882845/vintage-grape-theme-decorative-plates,TreasuredvinByTeresa,https://www.etsy.com/shop/TreasuredvinByTeresa,28.99,0,0,0,0,0,33 Mo.,4,0,82,Art & Collectibles,83,0,0.0,503,"tuscany decor,collectible plates,wall hanging plates,antique plates,wall art,kitchen art,decorative plates,wine themed plates,grape pattern plates,rare vintage plates,dining room art,housewarming gift,wine lover gift",tuscany decor,collectible plates,wall hanging plates,antique plates,wall art,kitchen art,decorative plates,wine themed plates,grape pattern plates,rare vintage plates,dining room art,housewarming gift,wine lover gift
"Personalized glass cutting board with wine barrel and bottle theme, wedding gift, anniversary gift, housewarming gift, home decor gift",https://www.etsy.com/listing/1161788712/personalized-glass-cutting-board-with,LetterPerfectGifts,https://www.etsy.com/shop/LetterPerfectGifts,44.99,0,0,0,0,0,51 Mo.,0,0,26,Home & Living,148,0,0.0,718,"glass,cutting board,personalized,gift,wedding,wine theme,wine,fruit,wine glass,wine barrell,bride,groom",glass,cutting board,personalized,gift,wedding,wine theme,wine,fruit,wine glass,wine barrell,bride,groom,--
"Wicked Themed Wine Glass Charms, Wizard of Oz Themed Hostess Gift",https://www.etsy.com/listing/1819266208/wicked-themed-wine-glass-charms-wizard,LifeBaubles,https://www.etsy.com/shop/LifeBaubles,13.95,0,0,0,26,4,18 Mo.,9,0,251,Home & Living,120,0,10.36,6966,"oz wine glass charms,movie wine charms,movie themed gift,wizard of oz themed,wizard of oz gift,wine glass charms,hostess gift,wine charms,wicked themed,wicked inspired,wicked gift,party favors,housewarming gift",oz wine glass charms,movie wine charms,movie themed gift,wizard of oz themed,wizard of oz gift,wine glass charms,hostess gift,wine charms,wicked themed,wicked inspired,wicked gift,party favors,housewarming gift
"Kansas Wine Glass Charms, Hostess Gift Ideas, Kansas Themed Gift, Wine Lover Gift, Wine Gift",https://www.etsy.com/listing/702352421/kansas-wine-glass-charms-hostess-gift,LifeBaubles,https://www.etsy.com/shop/LifeBaubles,18.95,0,0,0,0,0,85 Mo.,10,0,265,Home & Living,120,0,0.0,6966,"hostess gift,wine gifts,kansas state,kansas gift,kansas themed,kansas souvenir,hostess gift ideas,wine glass charms,wine glass charm,wine charms,housewarming gifts,party favors",hostess gift,wine gifts,kansas state,kansas gift,kansas themed,kansas souvenir,hostess gift ideas,wine glass charms,wine glass charm,wine charms,housewarming gifts,party favors,--
"Etched Flamingo Stemless Wine Glass, Personalized Tropical Gift",https://www.etsy.com/listing/180690696/etched-flamingo-stemless-wine-glass,StoneEffectsMD,https://www.etsy.com/shop/StoneEffectsMD,15.95,0,0,0,20,4,147 Mo.,72,0,496,Home & Living,162,0,4.03,26855,"etched wine glass,stemless wine glass,bird wine glass,flamingo wine glass,laser engraved glass,housewarming gift,custom wine glasses,etched glassware,beach theme,beach house,tropical wine glass,beach glassware,flamingo gift",etched wine glass,stemless wine glass,bird wine glass,flamingo wine glass,laser engraved glass,housewarming gift,custom wine glasses,etched glassware,beach theme,beach house,tropical wine glass,beach glassware,flamingo gift
"Wooden Boot Wine Rack, Western Decor, USA Handcrafted",https://www.etsy.com/listing/1824378088/wooden-boot-wine-rack-western-decor-usa,TwistedTreeDesignsTX,https://www.etsy.com/shop/TwistedTreeDesignsTX,293.29,0,0,0,0,0,17 Mo.,0,0,37,Home & Living,17,0,0.0,160,"wooden wine rack,western themed,wine lovers,wedding gift,anniversary gift,birthday gift,rustic decor,handmade wine rack,kitchen organization,wine storage,farmhouse decor,housewarming gift,wine connoisseur",wooden wine rack,western themed,wine lovers,wedding gift,anniversary gift,birthday gift,rustic decor,handmade wine rack,kitchen organization,wine storage,farmhouse decor,housewarming gift,wine connoisseur
Personalised New House Road Sign Theme Gift House Warming Drink New Home Purchase Wine Bottle Lable Sticker Funny Homeowner Congratulations,https://www.etsy.com/listing/1496257851/personalised-new-house-road-sign-theme,LabelMint,https://www.etsy.com/shop/LabelMint,3.37,0,0,0,5,1,35 Mo.,1,0,93,Paper & Party Supplies,36,0,5.38,5580,"funny wine label,funny bottle label,prosecco label,gin bottle stickers,wine sticker,vodka label,whiskey label,beer bottle label,wine label,home owner gift,housewarming gift,new home gift,road sign label",funny wine label,funny bottle label,prosecco label,gin bottle stickers,wine sticker,vodka label,whiskey label,beer bottle label,wine label,home owner gift,housewarming gift,new home gift,road sign label
"Wine Glass Charms Set Coastal Theme for Your Beach House, Housewarming Party or Beach Wedding Gift, Wine Lover Christmas Gift, Set of 6",https://www.etsy.com/listing/1580534501/wine-glass-charms-set-coastal-theme-for,ABeachcomberBoutique,https://www.etsy.com/shop/ABeachcomberBoutique,15.00,0,0,0,0,0,31 Mo.,0,0,16,Home & Living,66,0,0.0,858,"wedding,beach,coastal,wine charms,wine glass charms,beach house,wine lover,housewarming,christmas gift,coastal wedding,beach wedding,bridal shower,mermaid scale charm",wedding,beach,coastal,wine charms,wine glass charms,beach house,wine lover,housewarming,christmas gift,coastal wedding,beach wedding,bridal shower,mermaid scale charm
Wine a Little Laugh a Lot-Wine Themed-Lighted Wine Bottles-Gift-Home Décor-Wine Lover Gift-House Warming Gift,https://www.etsy.com/listing/1314045926/wine-a-little-laugh-a-lot-wine-themed,TheWineBottleLady,https://www.etsy.com/shop/TheWineBottleLady,23.00,0,0,0,8,2,43 Mo.,1,0,229,Home & Living,87,0,3.49,2876,"lighted wine bottle,wine-lover gift,wine décor,vino décor,merlot,cabernet,chardonnay,riesling,housewarming gift,wine bottle décor,great friends,great wine,grape décor",lighted wine bottle,wine-lover gift,wine décor,vino décor,merlot,cabernet,chardonnay,riesling,housewarming gift,wine bottle décor,great friends,great wine,grape décor
Placemat: Wine,https://www.etsy.com/listing/1861842122/placemat-wine,HandmadeDzignzsByT,https://www.etsy.com/shop/HandmadeDzignzsByT,10.00,0,0,0,0,0,15 Mo.,0,0,43,Home & Living,44,0,0.0,788,"gift sets,housewarming,kitchen,dining,cookware,trivets,hostess gifts,wine theme,wine and cheese,wine bar decor,wine lover,placemats,table settings",gift sets,housewarming,kitchen,dining,cookware,trivets,hostess gifts,wine theme,wine and cheese,wine bar decor,wine lover,placemats,table settings
"Cheese Board Set, Create Your Own Set, Personalized Ocean Wave Epoxy Serving Tray",https://www.etsy.com/listing/4502578498/cheese-board-set-create-your-own-set,RuheWood,https://www.etsy.com/shop/RuheWood,140.00,0,0,0,0,0,1 Mo.,0,0,1,Home & Living,20,0,0.0,310,"resin cheese board,custom serving tray,charcuterie board,epoxy kitchen decor,beach theme decor,personalized gift,name engraved gift,chopping board,wine and cheese,housewarming gift,bulk order,gifts for couple,new home gift",resin cheese board,custom serving tray,charcuterie board,epoxy kitchen decor,beach theme decor,personalized gift,name engraved gift,chopping board,wine and cheese,housewarming gift,bulk order,gifts for couple,new home gift
54&quot; 72&quot; 90&quot; Wine Lovers Table Runner Wine Glass Table Runner Reversible Purple Grape Runner Tuscany Wine Country Table Runner Wine gift,https://www.etsy.com/listing/269322125/54-72-90-wine-lovers-table-runner-wine,tracystreasuresri,https://www.etsy.com/shop/tracystreasuresri,28.95,0,0,0,15,5,123 Mo.,9,0,435,Home & Living,202,0,3.45,21932,"wine lovers gift,wine table runner,grape table runner,wine theme runner,tracystreasuresri,wine glass runner,purple table runner,wine table decor,wine and grapes,housewarming gift,54 inch wine runner,72 inch wine runner,90 inch wine runner",wine lovers gift,wine table runner,grape table runner,wine theme runner,tracystreasuresri,wine glass runner,purple table runner,wine table decor,wine and grapes,housewarming gift,54 inch wine runner,72 inch wine runner,90 inch wine runner
"Funny Wine Lover&#39;s Doormat, Coir Welcome Rug, Funny Doormat, Quirky Home Decor, Unique Housewarming Gift, Welcome Mat, Humor Doormat",https://www.etsy.com/listing/4356423110/funny-wine-lovers-doormat-coir-welcome,ColleensHiddenCloset,https://www.etsy.com/shop/ColleensHiddenCloset,45.00,0,0,0,0,0,9 Mo.,0,0,7,Home & Living,39,0,0.0,2601,"funny doormat,wine lover gift,home entrance mat,cozy home decor,housewarming gift,welcome mat for wine,humorous welcome mat,kitchen decor item,gift for host,party decor accent,rustic welcome mat,interesting door mat,wine themed decor",funny doormat,wine lover gift,home entrance mat,cozy home decor,housewarming gift,welcome mat for wine,humorous welcome mat,kitchen decor item,gift for host,party decor accent,rustic welcome mat,interesting door mat,wine themed decor
"Welcome Doormat: Wine and Dog Treats Greeting (Coir, Latex)",https://www.etsy.com/listing/774539121/welcome-doormat-wine-and-dog-treats,TheDoormatory,https://www.etsy.com/shop/TheDoormatory,62.80,0,0,0,16,3,76 Mo.,77,0,711,,131,0,2.25,73494,"welcome doormat wine,wine and dog treats,coir latex mat,natural coir rug,anti skid bottom,coconut fiber mat,dog lover gift,housewarming present,birthday gift idea,wine themed decor,pet friendly rug,front door mat,latex backed rug",welcome doormat wine,wine and dog treats,coir latex mat,natural coir rug,anti skid bottom,coconut fiber mat,dog lover gift,housewarming present,birthday gift idea,wine themed decor,pet friendly rug,front door mat,latex backed rug
Set of Two (2) Timeless Spiral Wine Cork Wreaths,https://www.etsy.com/listing/888925228/set-of-two-2-timeless-spiral-wine-cork,TheCorkyDecorShop,https://www.etsy.com/shop/TheCorkyDecorShop,155.00,0,0,0,0,0,66 Mo.,0,0,68,Home & Living,115,0,0.0,315,"cork wreath,wine cork wreath,wine wreath,wine themed gifts,bar decor,kitchen decor,wine gifts,farmhouse wreath,vineyard wreath,housewarming gift,office decor",cork wreath,wine cork wreath,wine wreath,wine themed gifts,bar decor,kitchen decor,wine gifts,farmhouse wreath,vineyard wreath,housewarming gift,office decor,--,--
"Funny wine and tea kitchen towel, funny dish towel, wine puns, hostess gift, wine lover gift, gift for her, Mom gift, gift for him",https://www.etsy.com/listing/1710884695/funny-wine-and-tea-kitchen-towel-funny,ExpresslyCreative,https://www.etsy.com/shop/ExpresslyCreative,13.00,0,0,0,0,0,25 Mo.,2,0,55,Home & Living,93,0,0.0,2496,"housewarming gift,funny kitchen towel,friend gift,teacher gift,funny towel for mom,funny  dish towel,hostess gift,gift for mom,wine lover gift,wine theme towel,gift for her,gift for him,mother's day",housewarming gift,funny kitchen towel,friend gift,teacher gift,funny towel for mom,funny  dish towel,hostess gift,gift for mom,wine lover gift,wine theme towel,gift for her,gift for him,mother's day
Horse Wine Charms - Western Wine Charms - Western Gifts - Horse Gifts - Horse Theme Gifts - Equestrian - Housewarming Gift - 5 Per Set,https://www.etsy.com/listing/105247446/horse-wine-charms-western-wine-charms,PixieWineCharms,https://www.etsy.com/shop/PixieWineCharms,16.50,0,0,0,55,10,166 Mo.,120,0,1253,Home & Living,166,0,4.39,10899,"horse wine charms,western wine charms,western gifts,horse gifts,horse theme gifts,hostess gift,housewarming gift,gifts,wine charms,horses,horse stuff,horse,equestrian",horse wine charms,western wine charms,western gifts,horse gifts,horse theme gifts,hostess gift,housewarming gift,gifts,wine charms,horses,horse stuff,horse,equestrian
Lap Dog Wine Charms,https://www.etsy.com/listing/1551428890/lap-dog-wine-charms,TheWinerThingsCo,https://www.etsy.com/shop/TheWinerThingsCo,15.00,0,0,0,0,0,32 Mo.,0,0,45,Home & Living,39,0,0.0,48,"mauve,dog lovers,dog paws,pink,unique,pet lovers,dog themed gift,housewarming,hostess gift,wine enthusiasts,barware,sparkling,dog tag",mauve,dog lovers,dog paws,pink,unique,pet lovers,dog themed gift,housewarming,hostess gift,wine enthusiasts,barware,sparkling,dog tag
10” Cloth Gold Metallic Dots Bright Red Cocktail Napkins Cotton Handmade Beverage Linens Valentine’s Day Wedding  Rifle Paper Co rpc,https://www.etsy.com/listing/1848361011/10-cloth-gold-metallic-dots-bright-red,DalheimAtelier,https://www.etsy.com/shop/DalheimAtelier,20.25,0,0,0,0,0,17 Mo.,1,0,12,Home & Living,43,0,0.0,526,"gift for mom,housewarming party,contemporary decor,sister garden gold,ideas sister in law,handcrafted,brunch snack wine,bright cardinal,new years eve xmas,coworker office work,under 40 galentines,love theme cherry,girlfriend wife",gift for mom,housewarming party,contemporary decor,sister garden gold,ideas sister in law,handcrafted,brunch snack wine,bright cardinal,new years eve xmas,coworker office work,under 40 galentines,love theme cherry,girlfriend wife
Abstract Wine Glasses Canvas Wall Art - Modern Pink and Red Artwork for Dining Room or Kitchen - Framed Contemporary Decor,https://www.etsy.com/listing/4371084885/abstract-wine-glasses-canvas-wall-art,TheArtPoint,https://www.etsy.com/shop/TheArtPoint,26.84,0,0,0,0,0,8 Mo.,0,0,9,Art & Collectibles,48,0,0.0,526,"housewarming gift,wine picture,kitchen wall prints,abstract wall art,dining room decor,modern canvas art,wine themed decor,red and pink art,elegant wall decor,vibrant,pink wall art,party theme,picture for kitchen",housewarming gift,wine picture,kitchen wall prints,abstract wall art,dining room decor,modern canvas art,wine themed decor,red and pink art,elegant wall decor,vibrant,pink wall art,party theme,picture for kitchen
Engraved Seashell Stemless Wine Glass: Beach House Nautical Decor,https://www.etsy.com/listing/1419760424/engraved-seashell-stemless-wine-glass,BevveeCo,https://www.etsy.com/shop/BevveeCo,19.95,0,0,0,0,0,39 Mo.,2,0,66,Home & Living,92,0,0.0,62040,"wine gifts for women,gift for wine lover,birthday wine glass,beach house cups,gift for beach bum,beach theme gift,gift for fisherman,housewarming gifts,loves to fish,shell themed gift,seashell lover,beach lover,conchologists",wine gifts for women,gift for wine lover,birthday wine glass,beach house cups,gift for beach bum,beach theme gift,gift for fisherman,housewarming gifts,loves to fish,shell themed gift,seashell lover,beach lover,conchologists
Wine Apron This Home Is Run On Love Laughter And Wine Gift for Friend Birthday Christmas Cooking Apron Black Funny Apron,https://www.etsy.com/listing/487091815/wine-apron-this-home-is-run-on-love,ByLoopyLoux,https://www.etsy.com/shop/ByLoopyLoux,21.87,0,0,0,22,3,116 Mo.,17,0,555,,146,0,3.96,118608,"cooking apron,apron gift,black apron,printed apron,funny apron,friend apron,wine apron,housewarming gift,wine lover gift,gift for friend,home cook gift,wine themed gift,household gift",cooking apron,apron gift,black apron,printed apron,funny apron,friend apron,wine apron,housewarming gift,wine lover gift,gift for friend,home cook gift,wine themed gift,household gift
"Oysters and Wine Framed Print, Kitchen Wall Decor, Food Art, Dining Room Canvas Wall Art",https://www.etsy.com/listing/4510038579/oysters-and-wine-framed-print-kitchen,YMTWallArt,https://www.etsy.com/shop/YMTWallArt,38.00,0,0,0,0,0,1 Mo.,1,0,9,Art & Collectibles,4,0,0.0,49,"oyster wall art,wine bottle print,food theme art,kitchen decor,dining room art,modern food art,canvas wall art,framed print,blue wall decor,restaurant decor,housewarming gift,seafood art,bar cart decor",oyster wall art,wine bottle print,food theme art,kitchen decor,dining room art,modern food art,canvas wall art,framed print,blue wall decor,restaurant decor,housewarming gift,seafood art,bar cart decor
"Wine Themed Tempered Glass Cutting Board, Charcuterie Board, Serving Tray, Hostess Housewarming, Challah Board,  Wine Lover Gift",https://www.etsy.com/listing/1867256516/wine-themed-tempered-glass-cutting-board,InkedInThyme,https://www.etsy.com/shop/InkedInThyme,64.49,0,0,0,0,0,16 Mo.,3,0,57,Home & Living,36,0,0.0,22412,"glass challah board,serving board art,tempered glass board,artistic charcuterie,charcuterie platter,cutting board art,glass kitchen board,serving tray art,kitchen serving tray,unique kitchen art,anniversary wedding,wine kitchen,wine decor gift",glass challah board,serving board art,tempered glass board,artistic charcuterie,charcuterie platter,cutting board art,glass kitchen board,serving tray art,kitchen serving tray,unique kitchen art,anniversary wedding,wine kitchen,wine decor gift
Wine Whimsy Hand Towel | Whimsical Wine-Inspired Kitchen Towel,https://www.etsy.com/listing/4440053304/wine-whimsy-hand-towel-whimsical-wine,WildCraftStudioLLC,https://www.etsy.com/shop/WildCraftStudioLLC,23.95,0,0,0,0,0,5 Mo.,0,0,4,Home & Living,14,0,0.0,745,"hand towel,wine hand towel,whimsical towel,wine lover gift,kitchen wine towel,wine themed towel,funny wine towel,bar cart accessory,housewarming towel,hostess gift towel,wine night decor,gift for wine lover,wine party favor",hand towel,wine hand towel,whimsical towel,wine lover gift,kitchen wine towel,wine themed towel,funny wine towel,bar cart accessory,housewarming towel,hostess gift towel,wine night decor,gift for wine lover,wine party favor
