Product Name,Product Link,Shop Name,Shop Link,Price,Est. Sales,Est. Revenue,Growth Rate,Est. Total Sales,Total Reviews,Listing Age,Total Favorites,Avg. Reviews,Total Views,Category,Shop Age,Visibility Score,Conversion Rate,Total Shop Sales,Tags,Tag 1,Tag 2,Tag 3,Tag 4,Tag 5,Tag 6,Tag 7,Tag 8,Tag 9,Tag 10,Tag 11,Tag 12,Tag 13
Large Concrete Truck Lorry / Transportation Cargo Ornament Sculpture Stone Garden Lawn Patio Sculpture Frost Protected,https://www.etsy.com/listing/4340798393/large-concrete-truck-lorry,Exclusivehomegarden,https://www.etsy.com/shop/Exclusivehomegarden,31.95,4,128,-100,48,11,10 Mo.,33,1,4761,Home & Living,75,100,1.01,13144,"garden,gift,ornament,concrete,statue,sculpture,vehicle,lorry,truck,scania,large,trucker,stone",garden,gift,ornament,concrete,statue,sculpture,vehicle,lorry,truck,scania,large,trucker,stone
"Personalized Truck Driver Christmas Ornament | Custom Trucker Acrylic Tree Decor | Holiday Gift for Dad, Grandpa, Husband with Name",https://www.etsy.com/listing/4393957609/personalized-truck-driver-christmas,DreamyWhisper,https://www.etsy.com/shop/DreamyWhisper,14.97,0,0,0,0,0,1 Mo.,2,0,14,Home & Living,8,0,0.0,272,"acrylic tree decor,christmas tree decor,christmas ornament,2025 ornament,christmas keepsake,christmas gift,xmas gift,acrylic ornament,trucker ornament,truck driver gift,xmas truck decor,custom truck gift,semi truck ornament",acrylic tree decor,christmas tree decor,christmas ornament,2025 ornament,christmas keepsake,christmas gift,xmas gift,acrylic ornament,trucker ornament,truck driver gift,xmas truck decor,custom truck gift,semi truck ornament
"Personalized Semi Truck Christmas Ornament Acrylic,Custom Name Trucker Gift, Holiday Tree Decoration for Driver, Transport & Logistics Lover",https://www.etsy.com/listing/4370523156/personalized-semi-truck-christmas,MarcBogieTee,https://www.etsy.com/shop/MarcBogieTee,23.88,0,0,0,0,0,1 Mo.,0,0,1,Home & Living,3,0,0.0,326,"semi truck ornament,custom truck gift,trucker christmas,driver ornament,holiday ornament,personalized gift,custom acrylic,truck lover gift,transport gift,unique ornament,tree decoration,custom name gift,logistics gift",semi truck ornament,custom truck gift,trucker christmas,driver ornament,holiday ornament,personalized gift,custom acrylic,truck lover gift,transport gift,unique ornament,tree decoration,custom name gift,logistics gift
"Custom 2D Flat Dump Trucker Ornament, Construction Trucker Holiday Decor, Unique Christmas Gift for Truckers and Heavy Equipment Operators",https://www.etsy.com/listing/4371044826/custom-2d-flat-dump-trucker-ornament,AoDaiPhuongDinh,https://www.etsy.com/shop/AoDaiPhuongDinh,22.88,0,0,0,0,0,1 Mo.,0,0,0,Home & Living,44,0,0.0,18887,"dump truck gift,dump trucker,xmas dump truck,truck driver xmas,worker xmas decor,trucker ornament,dump truck  decor,lover truck lover,trucker stocking,construction truck",dump truck gift,dump trucker,xmas dump truck,truck driver xmas,worker xmas decor,trucker ornament,dump truck  decor,lover truck lover,trucker stocking,construction truck,--,--,--
"Personalized Truck Ornament, Heavy Truck Ornament, Custom Truck Acrylic Ornament, Christmas Gift For Truck Driver, Gift For Trucker Ornament",https://www.etsy.com/listing/4389064720/personalized-truck-ornament-heavy-truck,KirbRennie,https://www.etsy.com/shop/KirbRennie,9.53,0,0,0,0,0,1 Mo.,0,0,6,Home & Living,30,0,0.0,3933,"christmas ornament,personalized gift,christmas tree decor,christmas gift,personalize ornament,custom ornament,christmas decor,gift for trucker,truck ornament,trucker gift,trucker ornament,hanging ornament,christmas truck",christmas ornament,personalized gift,christmas tree decor,christmas gift,personalize ornament,custom ornament,christmas decor,gift for trucker,truck ornament,trucker gift,trucker ornament,hanging ornament,christmas truck
semi truck car freshie | trucker | air freshener | semi truck | car ornament | car charm | car accessories |,https://www.etsy.com/listing/4347348171/semi-truck-car-freshie-trucker-air,DesignsLittleGoods,https://www.etsy.com/shop/DesignsLittleGoods,14.00,0,0,0,0,0,9 Mo.,6,0,105,Electronics & Accessories,26,0,0.0,351,"semi truck,trucker,car freshie,car charm,car air freshener,air freshener",semi truck,trucker,car freshie,car charm,car air freshener,air freshener,--,--,--,--,--,--,--
Personalized Semi Truck Christmas Ornament: Truck Lover Gift,https://www.etsy.com/listing/1294714184/personalized-semi-truck-christmas,OrnamentTreasuresCo,https://www.etsy.com/shop/OrnamentTreasuresCo,18.99,0,0,0,7,2,44 Mo.,2,0,62,Home & Living,47,0,11.29,9531,"moving truck,christmas truck,truck driver gifts,semi truck ornament,hot wheel ornament,car ornaments,christmas ornament,trucker ornament,kids truck ornament,trucker decor,trucker wife life,personalize ornament,red truck christmas",moving truck,christmas truck,truck driver gifts,semi truck ornament,hot wheel ornament,car ornaments,christmas ornament,trucker ornament,kids truck ornament,trucker decor,trucker wife life,personalize ornament,red truck christmas
"White & Black Skulls on Chain / Halloween, Horror, Ghosts, Monsters, Zombies, Spooky, Scary, Boo, Car Charms, Trick or Treat, The Undead",https://www.etsy.com/listing/1529807478/white-black-skulls-on-chain-halloween,YourFantasyLand,https://www.etsy.com/shop/YourFantasyLand,13.99,0,0,0,0,0,33 Mo.,7,0,38,Electronics & Accessories,75,0,0.0,5753,"rear view mirror,made in usa,trucker,mirror hangers,skull,skull hangers,gothic,bad boy,bad girl,car ornaments,skull figurines,white skull,halloween",rear view mirror,made in usa,trucker,mirror hangers,skull,skull hangers,gothic,bad boy,bad girl,car ornaments,skull figurines,white skull,halloween
Custom Name of your choice Car or Truck  Wooden Christmas Ornament,https://www.etsy.com/listing/559714374/custom-name-of-your-choice-car-or-truck,Puzzimals,https://www.etsy.com/shop/Puzzimals,33.99,0,0,0,0,0,102 Mo.,14,0,320,Paper & Party Supplies,226,0,0.0,26415,"automobile,christmas ornament,ornament,wood,scroll saw,truck,semi,big rig,trucker,custom,personalized",automobile,christmas ornament,ornament,wood,scroll saw,truck,semi,big rig,trucker,custom,personalized,--,--
Softball Mom Monogram | Softball SVG | Softball PNG | Softball Shirt | Softball Hat | Softball Mom | Softball Mom SVG | Softball Mom Shirt,https://www.etsy.com/listing/1379678384/softball-mom-monogram-softball-svg,CassandraLeeGray,https://www.etsy.com/shop/CassandraLeeGray,3.33,0,0,0,0,0,26 Mo.,0,0,1,Craft Supplies & Tools,37,0,0.0,828,"softball png,softball coach,softball hat,softball cut file,softball vector,softball design,softball cap,softball trucker cap,softball ornament,softball print,custom softball hat,softball font,softball helmet",softball png,softball coach,softball hat,softball cut file,softball vector,softball design,softball cap,softball trucker cap,softball ornament,softball print,custom softball hat,softball font,softball helmet
"Personalized Semi Truck Ornament, Truck Christmas Ornament, Trucker Ornament, Truck Driver Ornament Gift, Semi-trailer Truck",https://www.etsy.com/listing/4388957941/personalized-semi-truck-ornament-truck,EmbroiderEaseGoods,https://www.etsy.com/shop/EmbroiderEaseGoods,9.99,0,0,0,0,0,2 Mo.,0,0,3,Home & Living,5,0,0.0,751,"christmas gift,christmas decor,christmas ornament,hanging ornament,family ornament,funny ornament gift,custom ornament gift,personalized gift,christmas keepsake,christmas in july,xmas ornament,car ornament,custom christmas",christmas gift,christmas decor,christmas ornament,hanging ornament,family ornament,funny ornament gift,custom ornament gift,personalized gift,christmas keepsake,christmas in july,xmas ornament,car ornament,custom christmas
Truck Ornament Personalized Christmas Ornaments For Boys Ornament 2025 Semi Truck Ornaments for Kids Christmas Ornaments Truck Driver Gifts,https://www.etsy.com/listing/1531512508/truck-ornament-personalized-christmas,SantaTellMe,https://www.etsy.com/shop/SantaTellMe,19.95,0,0,0,15,3,33 Mo.,2,0,184,Home & Living,68,0,8.15,39094,"truck ornament,christmas ornaments,ornaments for boys,semi truck ornaments,ornaments for kids,kids ornaments,custom boy ornament,truck driver gifts,trucker gifts,trucker ornament,18 wheeler ornament,grandson ornament,ornament 2025",truck ornament,christmas ornaments,ornaments for boys,semi truck ornaments,ornaments for kids,kids ornaments,custom boy ornament,truck driver gifts,trucker gifts,trucker ornament,18 wheeler ornament,grandson ornament,ornament 2025
Die Hard Christmas Ornament- yippee ki-yay mother trucker (TV edit vesion),https://www.etsy.com/listing/1662282037/die-hard-christmas-ornament-yippee-ki,drockpress,https://www.etsy.com/shop/drockpress,12.50,0,0,0,0,0,28 Mo.,3,0,37,Home & Living,195,0,0.0,2887,"christmas movie,christmas tree,christmas ornament,gag gift,bruce willis,holiday decoration,john mcclain,funny christmas,stocking stuffer,christmas party,die hard,gifts for him,air duct",christmas movie,christmas tree,christmas ornament,gag gift,bruce willis,holiday decoration,john mcclain,funny christmas,stocking stuffer,christmas party,die hard,gifts for him,air duct
Baseball | Baseball SVG | Baseball PNG | Baseball Shirt | Baseball Hat | Baseball Mom | Baseball Mom SVG | Baseball Mom Shirt | Cut File,https://www.etsy.com/listing/1229201776/baseball-baseball-svg-baseball-png,CassandraLeeGray,https://www.etsy.com/shop/CassandraLeeGray,3.33,0,0,0,0,0,33 Mo.,0,0,4,Craft Supplies & Tools,37,0,0.0,828,"baseball png,baseball jpg,baseball hat,baseball cut file,baseball vector,baseball design,baseball cap,baseball trucker cap,baseball ornament,baseball print,custom baseball hat,baseball font,baseball helmet",baseball png,baseball jpg,baseball hat,baseball cut file,baseball vector,baseball design,baseball cap,baseball trucker cap,baseball ornament,baseball print,custom baseball hat,baseball font,baseball helmet
Personalized Semi Truck Christmas Ornament • Custom Trucker Gift,https://www.etsy.com/listing/1618743257/personalized-semi-truck-christmas,CraftandClanStore,https://www.etsy.com/shop/CraftandClanStore,24.20,0,0,0,4,1,30 Mo.,6,0,263,Home & Living,78,0,1.52,53680,"christmas gift,name ornament,holiday gift idea,custom keepsake,xmas ornament,semi truck ornament,truck driver gift,custom truck decor,kids truck decor,big rig keepsake,christmas ornament,personalized gifts,gift ideas",christmas gift,name ornament,holiday gift idea,custom keepsake,xmas ornament,semi truck ornament,truck driver gift,custom truck decor,kids truck decor,big rig keepsake,christmas ornament,personalized gifts,gift ideas
"Personalized Truck Ornament, Heavy Truck Ornament, Custom Truck Acrylic Ornament, Christmas Gift For Truck Driver, Gift For Trucker Ornament",https://www.etsy.com/listing/4368720161/personalized-truck-ornament-heavy-truck,ArnuthLovelyyyyy,https://www.etsy.com/shop/ArnuthLovelyyyyy,20.17,0,0,0,0,0,3 Mo.,1,0,25,Home & Living,10,0,0.0,2967,"christmas ornament,personalized gift,christmas tree decor,christmas gift,personalize ornament,custom ornament,christmas decor,gift for trucker,truck ornament,trucker gift,trucker ornament,hanging ornament,christmas truck",christmas ornament,personalized gift,christmas tree decor,christmas gift,personalize ornament,custom ornament,christmas decor,gift for trucker,truck ornament,trucker gift,trucker ornament,hanging ornament,christmas truck
"Personalized Truck Ornament, Custom Truck Driver 2D Flat Ornament, Acrylic Christmas Keepsake, Christmas Gift For Truck Driver",https://www.etsy.com/listing/4395297921/personalized-truck-ornament-custom-truck,UkrSpiritCandles,https://www.etsy.com/shop/UkrSpiritCandles,19.99,0,0,0,6,1,6 Mo.,2,0,288,Home & Living,12,25,2.08,265,"christmas ornament,personalized gift,christmas tree decor,christmas gift,personalize ornament,custom ornament,christmas decor,gift for trucker,truck ornament,trucker gift,trucker ornament,hanging ornament,christmas truck",christmas ornament,personalized gift,christmas tree decor,christmas gift,personalize ornament,custom ornament,christmas decor,gift for trucker,truck ornament,trucker gift,trucker ornament,hanging ornament,christmas truck
"Cute Crochet Plush baby Capybara Rear View Mirror Accessory, Car Mirror hanging Decoration Capibara, Teens Interior, friends gift idea",https://www.etsy.com/listing/1784227653/cute-crochet-plush-baby-capybara-rear,MyCutecrochetToys,https://www.etsy.com/shop/MyCutecrochetToys,8.50,0,0,0,81,21,21 Mo.,434,1,4893,Electronics & Accessories,97,63,1.66,2658,"rear view accessory,crochet capibara,rear view mirror,hanging car ornament,meme plushie,car charm capybara,capybara plush,rodent plushie,coworker cute gift,trucker present,moms car charms,crochet car hanger,cute chubby crochet",rear view accessory,crochet capibara,rear view mirror,hanging car ornament,meme plushie,car charm capybara,capybara plush,rodent plushie,coworker cute gift,trucker present,moms car charms,crochet car hanger,cute chubby crochet
"Personalized Semi Truck Ornament, Truck Christmas Ornament, Gifts For Truck Driver, Colored Truck Ornament, Trucker Ornament Gift Thdso-1248",https://www.etsy.com/listing/4385550447/personalized-semi-truck-ornament-truck,Heemal,https://www.etsy.com/shop/Heemal,25.38,0,0,0,12,2,7 Mo.,1,0,107,Home & Living,8,0,11.21,661,"christmas ornament,ornament gift,christmas decor,christmas keepsake,christmas gift,family christmas,christmas tree decor,christmas hanging,ornament  gift,personalized gift,custom ornament,custom christmas,car ornament",christmas ornament,ornament gift,christmas decor,christmas keepsake,christmas gift,family christmas,christmas tree decor,christmas hanging,ornament  gift,personalized gift,custom ornament,custom christmas,car ornament
Women&#39;s whi trucker hat- Christmas holiday present gift nutcracker merry & bright colorful ornament candy cane seasonal bow charm hat chains,https://www.etsy.com/listing/4391656024/womens-whi-trucker-hat-christmas-holiday,ShopChloeBethDesigns,https://www.etsy.com/shop/ShopChloeBethDesigns,15.00,0,0,0,0,0,7 Mo.,23,0,466,Accessories,106,30,0.0,1874,"women's trucker hat,christmas patches,christmas hat,gifts for women,holiday,holiday patch,custom trucker hat,bling trucker hat,hat chains,hat bar,nutcracker patch,nutcracker",women's trucker hat,christmas patches,christmas hat,gifts for women,holiday,holiday patch,custom trucker hat,bling trucker hat,hat chains,hat bar,nutcracker patch,nutcracker,--
"Trucker Ornament Engraved on Wood – Rustic Semi Truck Christmas Decoration, Gift for Truck Drivers, I Will Be In My Office Ornament",https://www.etsy.com/listing/4365965893/trucker-ornament-engraved-on-wood-rustic,engravino,https://www.etsy.com/shop/engravino,18.00,0,0,0,0,0,8 Mo.,0,0,1,Home & Living,12,0,0.0,2,"memorialgift,housewarminggift,birthdaygift,christmasgift,wedddinggift,anniversary gift,engravedornament,engravedwood,woodengraved,giftforwife,giftforhusband,gift,gifts",memorialgift,housewarminggift,birthdaygift,christmasgift,wedddinggift,anniversary gift,engravedornament,engravedwood,woodengraved,giftforwife,giftforhusband,gift,gifts
Personalized Truck Christmas Ornament 2025,https://www.etsy.com/listing/4400855015/personalized-truck-christmas-ornament,Everfir,https://www.etsy.com/shop/Everfir,19.99,0,0,0,10,2,6 Mo.,1,0,136,Home & Living,7,0,7.35,313,"trucker ornament,semi truck gift,hauling christmas,driver ornament,trucking family,freight hauler gift,road life gift,christmas 2025,truck driver gift,16 wheeler rig,truck company,personalized gift,custom ornaments",trucker ornament,semi truck gift,hauling christmas,driver ornament,trucking family,freight hauler gift,road life gift,christmas 2025,truck driver gift,16 wheeler rig,truck company,personalized gift,custom ornaments
Trucker Hat Needlepoint Canvas | Handpainted Christmas Ornament,https://www.etsy.com/listing/4387655057/trucker-hat-needlepoint-canvas,BuyBertie,https://www.etsy.com/shop/BuyBertie,60.00,0,0,0,0,0,7 Mo.,15,0,59,Art & Collectibles,8,0,0.0,45,"needlepoint canvas,stitch painted,modern needlepoint,bertie,bertie needlepoint,funny needlepoint,cute needlepoint,sassy needlepoint,needlepoint ornament,christmas ornament,hat canvas,trucker hat pattern,hat needlepoint",needlepoint canvas,stitch painted,modern needlepoint,bertie,bertie needlepoint,funny needlepoint,cute needlepoint,sassy needlepoint,needlepoint ornament,christmas ornament,hat canvas,trucker hat pattern,hat needlepoint
Personalized Semi Truck Christmas Ornament: Custom Ceramic Decoration,https://www.etsy.com/listing/1812848720/personalized-semi-truck-christmas,LJWDesignsStore,https://www.etsy.com/shop/LJWDesignsStore,16.95,0,0,0,1,1,18 Mo.,2,0,89,Home & Living,31,0,1.12,155,"christmas ornament,ceramic ornament,truck ornament,semi truck ornament,trucker ornament,holiday decor,christmas gift,gift for truckers,decorative ornament,handmade ornament,unique ornament,keepsake ornament,festive decoration",christmas ornament,ceramic ornament,truck ornament,semi truck ornament,trucker ornament,holiday decor,christmas gift,gift for truckers,decorative ornament,handmade ornament,unique ornament,keepsake ornament,festive decoration
"Custom Trucker Photo Ornament, Christmas Ornament, Farmers Ornament, Christmas Tree Hanger, Xmas Decor, Gift for Farmers, Trucker Ornament",https://www.etsy.com/listing/1540651212/custom-trucker-photo-ornament-christmas,PawsNook,https://www.etsy.com/shop/PawsNook,34.98,0,0,0,22,5,33 Mo.,25,0,959,Home & Living,41,0,2.29,9854,"photo ornament,custom ornament,christmas gifts,picture ornament,family ornament,memorial ornament,xmas decor,christmas ornament,christmas ornaments,acrylic ornament,farmer ornament,gift for farmers,trucker ornament",photo ornament,custom ornament,christmas gifts,picture ornament,family ornament,memorial ornament,xmas decor,christmas ornament,christmas ornaments,acrylic ornament,farmer ornament,gift for farmers,trucker ornament
"Firefighter Dad Ornament Father&#39;s Day Gifts, Hero Father, Fireman Ornament",https://www.etsy.com/listing/4500360546/firefighter-dad-ornament-fathers-day,Keepsly,https://www.etsy.com/shop/Keepsly,32.98,0,0,0,0,0,1 Mo.,0,0,9,Home & Living,9,0,0.0,41,"firefighter dad gift,firefighter ornament,fireman hero,to our hero,father's day 2026,first responder dad,trucker dad,gift from daughter,fire kaskı,personalized dad,my hero dad,christmas ornament,fire helmet",firefighter dad gift,firefighter ornament,fireman hero,to our hero,father's day 2026,first responder dad,trucker dad,gift from daughter,fire kaskı,personalized dad,my hero dad,christmas ornament,fire helmet
"Custom Yellowstone Dad Hat, US National Park, Yellowstone National Park, Wyoming Dad Hat, Embroidered Dad Hat, Yellowstone Gifts, Hiking Cap",https://www.etsy.com/listing/1866612900/custom-yellowstone-dad-hat-us-national,ZephyrStreet,https://www.etsy.com/shop/ZephyrStreet,40.00,0,0,0,0,0,15 Mo.,0,0,1,Accessories,35,0,0.0,502,"us national parks,yellowstone national,park,yellowstone,yellowstone shirt,yellowstone ornament,wyoming,national park map,park shirt,yellowstone gifts,embroidered trucker,hat,custom dad hat",us national parks,yellowstone national,park,yellowstone,yellowstone shirt,yellowstone ornament,wyoming,national park map,park shirt,yellowstone gifts,embroidered trucker,hat,custom dad hat
Personalized Dump Truck Christmas Ornament: Acrylic Heavy Equipment Gift,https://www.etsy.com/listing/4367446153/personalized-dump-truck-christmas,LeNovemberCreations,https://www.etsy.com/shop/LeNovemberCreations,17.32,0,0,0,0,0,8 Mo.,0,0,24,Home & Living,22,0,0.0,2505,"christmas ornament,xmas ornament,truck ornament,trucker christmas,trucker gift,christmas ornaments,tractor ornament,xmas gift,acrylic ornament,christmas gifts,tractor ornaments,christmas gift,custom ornament",christmas ornament,xmas ornament,truck ornament,trucker christmas,trucker gift,christmas ornaments,tractor ornament,xmas gift,acrylic ornament,christmas gifts,tractor ornaments,christmas gift,custom ornament
"Personalized Semi Truck Christmas Ornament, Truck Driver Ornament Gift, Big Rig Xmas Decor, Trucker Keepsake, Transportation Gift Thdso-2878",https://www.etsy.com/listing/4405585419/personalized-semi-truck-christmas,Zentati,https://www.etsy.com/shop/Zentati,23.36,0,0,0,0,0,6 Mo.,0,0,1,Home & Living,14,0,0.0,947,"christmas gift,christmas decor,christmas ornament,hanging ornament,family ornament,funny ornament gift,custom ornament gift,personalized gift,christmas keepsake,christmas in july,xmas ornament,car ornament,custom christmas",christmas gift,christmas decor,christmas ornament,hanging ornament,family ornament,funny ornament gift,custom ornament gift,personalized gift,christmas keepsake,christmas in july,xmas ornament,car ornament,custom christmas
Unisex Christmas ornament trucker hat for women,https://www.etsy.com/listing/4401407950/unisex-christmas-ornament-trucker-hat,TheSunLoveStudio,https://www.etsy.com/shop/TheSunLoveStudio,45.00,0,0,0,0,0,6 Mo.,3,0,12,Accessories,117,0,0.0,825,"christmas hat,womens christmas hat,trucker hat,trucker hats,christmas,womens hats,trucker hat women,hat for women,unisex,holiday hat,baseball hat women,christmas ornaments,ornament hat",christmas hat,womens christmas hat,trucker hat,trucker hats,christmas,womens hats,trucker hat women,hat for women,unisex,holiday hat,baseball hat women,christmas ornaments,ornament hat
"Personalized Fire Truck 2D Christmas Ornament, Trucker Christmas Light Ornament, Customized 2025 Christmas Tree Decor Gift For Firefighter",https://www.etsy.com/listing/1795435675/personalized-fire-truck-2d-christmas,SmlByKorner,https://www.etsy.com/shop/SmlByKorner,6.45,0,0,0,32,5,20 Mo.,16,0,1670,Home & Living,37,33,1.92,20581,"christmas ornament,memorial ornament,christmas car decor,personalize ornament,hanging ornament,christmas tree decor,christmas 2024,custom ornament,fire truck ornament,firefighter name,fighter lover gift,firefighter dad gift,acrylic ornament",christmas ornament,memorial ornament,christmas car decor,personalize ornament,hanging ornament,christmas tree decor,christmas 2024,custom ornament,fire truck ornament,firefighter name,fighter lover gift,firefighter dad gift,acrylic ornament
Semi truck keychain/ Truck Driver Key ring,https://www.etsy.com/listing/894885121/semi-truck-keychain-truck-driver-key,MarciasCreationGifts,https://www.etsy.com/shop/MarciasCreationGifts,15.00,0,0,0,0,0,67 Mo.,7,0,217,Accessories,76,0,0.0,63,"semi truck,mens gifts,trucker gifts,appreciation gift,truck driver,truck driver gifts,trucker ornament,essential worker,womens gifts,truckers wife,women truckers,delivery driver,semi truck keychain",semi truck,mens gifts,trucker gifts,appreciation gift,truck driver,truck driver gifts,trucker ornament,essential worker,womens gifts,truckers wife,women truckers,delivery driver,semi truck keychain
"Personalized Male, Female or General Speech Truck Driver/Trucker/Semi Driver - Occupation Ornament Collection",https://www.etsy.com/listing/4386088938/personalized-male-female-or-general,UniquelyInviting,https://www.etsy.com/shop/UniquelyInviting,9.95,0,0,0,0,0,7 Mo.,1,0,17,Home & Living,77,0,0.0,11995,"christmas,holiday,custom,personalized,ornament,male,female,gender neutral,semi,truck,driver,trucker,big rig",christmas,holiday,custom,personalized,ornament,male,female,gender neutral,semi,truck,driver,trucker,big rig
"Personalized Lineman Bucket Truck Christmas Ornament, Truck Christmas Ornament, Christmas Gift For Lineman, Gift For Trucker Ornament",https://www.etsy.com/listing/1785892186/personalized-lineman-bucket-truck,AcornArtDesigns,https://www.etsy.com/shop/AcornArtDesigns,18.99,0,0,0,24,4,20 Mo.,3,0,369,Home & Living,65,0,6.5,14235,"christmas ornament,personalized gift,christmas tree decor,christmas gift,custom ornament,christmas decor,gift for trucker,truck ornament,trucker gift,trucker ornament,christmas truck,bucket truck,lineman gift",christmas ornament,personalized gift,christmas tree decor,christmas gift,custom ornament,christmas decor,gift for trucker,truck ornament,trucker gift,trucker ornament,christmas truck,bucket truck,lineman gift
Trucker  Funny Christmas Ornament - Laser Ready SVG Cut File Template - DIGITAL DOWNLOAD Legend,https://www.etsy.com/listing/1816376972/trucker-funny-christmas-ornament-laser,LASERHOLICS,https://www.etsy.com/shop/LASERHOLICS,2.99,0,0,0,0,0,18 Mo.,4,0,40,Art & Collectibles,47,0,0.0,35573,"laser,svg,cut,template,glowforge,ornament,christmas,gas pump,funny,trucker,18 wheeler,dad trucker,husband road",laser,svg,cut,template,glowforge,ornament,christmas,gas pump,funny,trucker,18 wheeler,dad trucker,husband road
"Flatbed Truck Personalized Ornament, Unique Gifts For Truckers, Truck Drivers, Big Rig Racing, Big Truck Decor, Wrecker, Acrylic Ornaments",https://www.etsy.com/listing/1540750349/flatbed-truck-personalized-ornament,KoolKoolCustomDesign,https://www.etsy.com/shop/KoolKoolCustomDesign,15.95,0,0,0,0,0,33 Mo.,3,0,318,Home & Living,65,0,0.0,14845,"trucker husband gift,trucker xmas gifts,gift for trucker dad,18 wheeler gifts,truck drivers xmas,funny big truck xmas,big truck ornament,tow truck ornament,semi truck decor,female trucker gift,gift for truck guys,big rigs ornament,lineman bucket truck",trucker husband gift,trucker xmas gifts,gift for trucker dad,18 wheeler gifts,truck drivers xmas,funny big truck xmas,big truck ornament,tow truck ornament,semi truck decor,female trucker gift,gift for truck guys,big rigs ornament,lineman bucket truck
"Personalized Log Truck Ornament, Log Truck Christmas Ornament, Truck Driver Ornament Gift, Trucker Ornament, Arborist Ornament TD-1023-7KFF",https://www.etsy.com/listing/1814364717/personalized-log-truck-ornament-log,Huxyr,https://www.etsy.com/shop/Huxyr,21.58,0,0,0,0,0,20 Mo.,3,0,144,Home & Living,26,0,0.0,7332,"christmas gift,christmas decor,christmas ornament,hanging ornament,family ornament,funny ornament gift,custom ornament gift,personalized gift,christmas keepsake,christmas in july,xmas ornament,car ornament,custom christmas",christmas gift,christmas decor,christmas ornament,hanging ornament,family ornament,funny ornament gift,custom ornament gift,personalized gift,christmas keepsake,christmas in july,xmas ornament,car ornament,custom christmas
"America Trucker - Merry Chrismast - Truck Hanging Ornament Christmas Ornament Flat 2D, Personalized Truck Ornament",https://www.etsy.com/listing/1803039791/america-trucker-merry-chrismast-truck,ZelosAudioLLC,https://www.etsy.com/shop/ZelosAudioLLC,19.95,0,0,0,0,0,6 Mo.,0,0,9,Home & Living,8,0,0.0,4046,"christmas gift,christmas ornament,trucker ornament,truck ornament,trucker christmas,trucker truck,trucker gift,christmas ornaments,tractor ornament,truck christmas,acrylic ornament,christmas gifts,tractor ornaments",christmas gift,christmas ornament,trucker ornament,truck ornament,trucker christmas,trucker truck,trucker gift,christmas ornaments,tractor ornament,truck christmas,acrylic ornament,christmas gifts,tractor ornaments
Love Baseball | Baseball SVG | Baseball PNG | Baseball Shirt | Baseball Hat | Baseball Mom | Baseball Mom SVG | Baseball Mom Shirt,https://www.etsy.com/listing/1393659901/love-baseball-baseball-svg-baseball-png,CassandraLeeGray,https://www.etsy.com/shop/CassandraLeeGray,3.33,0,0,0,0,0,26 Mo.,0,0,0,Craft Supplies & Tools,37,0,0.0,828,"baseball png,baseball coach,baseball hat,baseball cut file,baseball vector,baseball design,baseball cap,baseball trucker cap,baseball ornament,baseball print,custom baseball hat,baseball font,baseball helmet",baseball png,baseball coach,baseball hat,baseball cut file,baseball vector,baseball design,baseball cap,baseball trucker cap,baseball ornament,baseball print,custom baseball hat,baseball font,baseball helmet
"Personalized Lineman Truck Ornament, Lineman Christmas Decoration Gift, Lineman Bucker Truck Ornament, Truck Xmas Decor, Gift For Lineman",https://www.etsy.com/listing/4371750958/personalized-lineman-truck-ornament,CSNDRStore,https://www.etsy.com/shop/CSNDRStore,38.29,0,0,0,0,0,4 Mo.,0,0,9,Home & Living,10,0,0.0,2771,"christmas ornament,personalized gift,gift for lineman,christmas gift,custom ornament,christmas decor,gift for trucker,truck ornament,trucker gift,trucker ornament,christmas truck,bucket truck,lineman gift",christmas ornament,personalized gift,gift for lineman,christmas gift,custom ornament,christmas decor,gift for trucker,truck ornament,trucker gift,trucker ornament,christmas truck,bucket truck,lineman gift
"Personalized Truck Christmas 2025 2D Flat Ornament, Custom Truck Christmas Acrylic Ornament, Xmas Gift For Truck Driver, Gift For Trucker.",https://www.etsy.com/listing/4397967936/personalized-truck-christmas-2025-2d,TaboadaFashionFunny,https://www.etsy.com/shop/TaboadaFashionFunny,19.95,0,0,0,0,0,1 Mo.,0,0,5,Home & Living,22,0,0.0,105,"custom ornament,christmas decoration,2d ornament,acrylic ornament,christmas gift,christmas decor,personalized name,truck ornament,2025 christmas,hanging ornament,gift for trucker,trucker gift,personalize ornament",custom ornament,christmas decoration,2d ornament,acrylic ornament,christmas gift,christmas decor,personalized name,truck ornament,2025 christmas,hanging ornament,gift for trucker,trucker gift,personalize ornament
"Personalized Semi Truck Ornament, Truck Christmas Ornament, Trucker Ornament, Truck Driver Ornament Gift, Semi-trailer Truck",https://www.etsy.com/listing/4383171241/personalized-semi-truck-ornament-truck,ChernihivWoolKnits,https://www.etsy.com/shop/ChernihivWoolKnits,10.95,0,0,0,0,0,1 Mo.,0,0,16,Home & Living,6,0,0.0,632,"christmas gift,christmas decor,christmas ornament,hanging ornament,family ornament,funny ornament gift,custom ornament gift,personalized gift,christmas keepsake,christmas in july,xmas ornament,car ornament,custom christmas",christmas gift,christmas decor,christmas ornament,hanging ornament,family ornament,funny ornament gift,custom ornament gift,personalized gift,christmas keepsake,christmas in july,xmas ornament,car ornament,custom christmas
"Personalized Truck Christmas Ornament, Custom Truck Christmas Acrylic Ornament, Christmas Gift For Truck Driver, Gift For Trucker Ornament",https://www.etsy.com/listing/4378454878/personalized-truck-christmas-ornament,AMANDABySchlitz,https://www.etsy.com/shop/AMANDABySchlitz,22.29,0,0,0,0,0,2 Mo.,0,0,19,Home & Living,3,0,0.0,44,"christmas ornament,personalized gift,christmas tree decor,christmas gift,personalize ornament,custom ornament,christmas decor,gift for trucker,truck ornament,trucker gift,trucker ornament,hanging ornament,christmas truck",christmas ornament,personalized gift,christmas tree decor,christmas gift,personalize ornament,custom ornament,christmas decor,gift for trucker,truck ornament,trucker gift,trucker ornament,hanging ornament,christmas truck
"Personalized Lineman Truck Christmas Ornament 2025, Custom Name Utility Truck Decoration, Bucket Truck Tree Decor for Lineman Gift",https://www.etsy.com/listing/4401201087/personalized-lineman-truck-christmas,JyotishnaStore,https://www.etsy.com/shop/JyotishnaStore,19.97,0,0,0,0,0,1 Mo.,0,0,4,Home & Living,23,0,0.0,377,"christmas ornament,personalized gift,christmas tree decor,christmas gift,custom ornament,christmas decor,gift for trucker,truck ornament,trucker gift,trucker ornament,christmas truck,bucket truck,lineman gift",christmas ornament,personalized gift,christmas tree decor,christmas gift,custom ornament,christmas decor,gift for trucker,truck ornament,trucker gift,trucker ornament,christmas truck,bucket truck,lineman gift
Handmade Crochet Cat Ear Beanie: Plush Christmas Knit Hat,https://www.etsy.com/listing/4380287339/handmade-crochet-cat-ear-beanie-plush,CloudBerryLoom,https://www.etsy.com/shop/CloudBerryLoom,106.61,0,0,0,0,0,7 Mo.,0,0,10,Accessories,9,0,0.0,365,"christmas charm,christmas tree decor,christmas ornament,christmas gift,christmas hat,trucker hat,cat ear hat,handmade hat,knitting pattern,knit hat,winter hat ear flap,knit hood,kids hat pattern",christmas charm,christmas tree decor,christmas ornament,christmas gift,christmas hat,trucker hat,cat ear hat,handmade hat,knitting pattern,knit hat,winter hat ear flap,knit hood,kids hat pattern
Special Order Colorado Springs Police Department Ornament,https://www.etsy.com/listing/662820027/special-order-colorado-springs-police,MyFourDaughtersEngrv,https://www.etsy.com/shop/MyFourDaughtersEngrv,6.95,0,0,0,0,0,88 Mo.,4,0,78,Home & Living,138,0,0.0,442,"wood,wooden,ornament,engraved,laser,tree,decoration,christmas,trucker,truck,semi,long haul",wood,wooden,ornament,engraved,laser,tree,decoration,christmas,trucker,truck,semi,long haul,--
Softball | Softball SVG | Softball Uncle SVG | Softball Shirt | Softball Hat | Softball Jersey | Softball Sweatshirt | Softball Coach,https://www.etsy.com/listing/1381366302/softball-softball-svg-softball-uncle-svg,CassandraLeeGray,https://www.etsy.com/shop/CassandraLeeGray,3.33,0,0,0,0,0,26 Mo.,0,0,1,Craft Supplies & Tools,37,0,0.0,828,"softball png,softball coach,softball hat,softball cut file,softball vector,softball design,softball cap,softball trucker cap,softball ornament,softball print,custom softball hat,softball font,softball helmet",softball png,softball coach,softball hat,softball cut file,softball vector,softball design,softball cap,softball trucker cap,softball ornament,softball print,custom softball hat,softball font,softball helmet
"Trucker Christmas With Flag Personalized Christmas Ornament, Christmas gift for trucker, Xmas Decor, Gift for Farmers, Trucker Ornament",https://www.etsy.com/listing/1789384278/trucker-christmas-with-flag-personalized,MichaelDonofrioTee,https://www.etsy.com/shop/MichaelDonofrioTee,19.95,0,0,0,0,0,7 Mo.,0,0,7,Home & Living,10,0,0.0,5289,"christmas gift,christmas decor,christmas ornament,car ornament decor,hanging ornament,family ornament,funny ornament gift,custom ornament gift,personalized gift,christmas keepsake,car rearview mirror,car mirror decor,car mirror ornament",christmas gift,christmas decor,christmas ornament,car ornament decor,hanging ornament,family ornament,funny ornament gift,custom ornament gift,personalized gift,christmas keepsake,car rearview mirror,car mirror decor,car mirror ornament
Personalized lamb rear view accessory first car gifts,https://www.etsy.com/listing/1883030008/personalized-lamb-rear-view-accessory,FairyToysWorld,https://www.etsy.com/shop/FairyToysWorld,21.00,0,0,0,0,0,9 Mo.,2,0,18,Electronics & Accessories,107,0,0.0,9959,"personalized lamb,rear view accessory,first car gifts,amigurumi animal,trucker accessories,farm owner gift,letter hanging,car mirror decor,long distance love,romantic gift girl,cute sheep,car charm ornament,rancher gift",personalized lamb,rear view accessory,first car gifts,amigurumi animal,trucker accessories,farm owner gift,letter hanging,car mirror decor,long distance love,romantic gift girl,cute sheep,car charm ornament,rancher gift
"Merry & Bright Retro Ornaments Patch Iron on Patch, Trucker Hat Patch, Iron on Hat Patch, Iron On, Hat Patch, Christmas Patch, Holiday Patch",https://www.etsy.com/listing/1789050458/merry-bright-retro-ornaments-patch-iron,DIYersSupply,https://www.etsy.com/shop/DIYersSupply,3.50,0,0,0,0,0,16 Mo.,1,0,5,Accessories,83,0,0.0,2506,"iron on,iron on patch,iron on patches,trucker hat patch,trucker hat patches,hat bar supplies,hat bar patch,hat patches,hat bar,trucker hat,funny patch,christmas patch,merry and bright",iron on,iron on patch,iron on patches,trucker hat patch,trucker hat patches,hat bar supplies,hat bar patch,hat patches,hat bar,trucker hat,funny patch,christmas patch,merry and bright
"Custom Name Christmas Truck Santa Hat Ornament, Truck Christmas Acrylic Ornament, 2025 Xmas Gift For Truck Driver, Gift For Trucker Ornament",https://www.etsy.com/listing/4374525878/custom-name-christmas-truck-santa-hat,TuanTuProDesigns,https://www.etsy.com/shop/TuanTuProDesigns,26.99,0,0,0,0,0,8 Mo.,1,0,24,Home & Living,16,0,0.0,881,"christmas ornament,personalized gift,christmas tree decor,christmas gift,personalize ornament,custom ornament,christmas decor,gift for trucker,truck ornament,trucker gift,trucker ornament,hanging ornament,christmas truck",christmas ornament,personalized gift,christmas tree decor,christmas gift,personalize ornament,custom ornament,christmas decor,gift for trucker,truck ornament,trucker gift,trucker ornament,hanging ornament,christmas truck
"Custom Name Christmas Food Truck Ornament, Food Truck Christmas Acrylic Ornament, 2025 Xmas Gift For Truck Driver, Gift For Trucker Ornament",https://www.etsy.com/listing/4386709377/custom-name-christmas-food-truck,TuanTuProDesigns,https://www.etsy.com/shop/TuanTuProDesigns,26.99,0,0,0,0,0,7 Mo.,0,0,18,Home & Living,16,0,0.0,881,"christmas gift,christmas ornament,hanging ornament,car mirror ornament,car mirror decor,christmas keepsake,food truck ornament,food truck gifts,food delivery,food lover ornament,custom food truck,food driver,acrylic ornament",christmas gift,christmas ornament,hanging ornament,car mirror ornament,car mirror decor,christmas keepsake,food truck ornament,food truck gifts,food delivery,food lover ornament,custom food truck,food driver,acrylic ornament
"Personalized Lineman Bucket Truck Christmas Ornament, Christmas Gift for Lineman, Gift for Him",https://www.etsy.com/listing/4406938745/personalized-lineman-bucket-truck,PascalPoulinCoArt,https://www.etsy.com/shop/PascalPoulinCoArt,8.90,0,0,0,0,0,1 Mo.,0,0,14,Home & Living,28,0,0.0,6325,"christmas ornament,christmas tree decor,christmas gift,custom ornament,christmas decor,truck ornament,trucker ornament,christmas truck,bucket truck,lineman gift,personalized gift,gift for trucker,trucker gift",christmas ornament,christmas tree decor,christmas gift,custom ornament,christmas decor,truck ornament,trucker ornament,christmas truck,bucket truck,lineman gift,personalized gift,gift for trucker,trucker gift
"Personalized Truck Driver Ornament – Custom Name Christmas Ball with Santa Hat, Xmas Tree & Gifts – Unique Holiday Decor for Him",https://www.etsy.com/listing/4371078058/personalized-truck-driver-ornament,MaritaLuxelab,https://www.etsy.com/shop/MaritaLuxelab,16.70,0,0,0,0,0,1 Mo.,0,0,5,Home & Living,9,0,0.0,1165,"christmas gift,christmas ornament,trucker ornament,truck ornament,trucker christmas,trucker truck,trucker gift,christmas ornaments,tractor ornament,truck christmas,acrylic ornament,christmas gifts,tractor ornaments",christmas gift,christmas ornament,trucker ornament,truck ornament,trucker christmas,trucker truck,trucker gift,christmas ornaments,tractor ornament,truck christmas,acrylic ornament,christmas gifts,tractor ornaments
"Personalized Fire Truck Christmas Ornament,Trucker Christmas Light Ornament,Customized 2024 Xmas Tree Decor Xmas Gift For Firefighter DZN206",https://www.etsy.com/listing/1831440585/personalized-fire-truck-christmas,OurForestFarm,https://www.etsy.com/shop/OurForestFarm,28.99,0,0,0,0,0,6 Mo.,0,0,1,Paper & Party Supplies,49,0,0.0,19219,"christmas tree decor,xmas ornament,family xmas keepsake,ceramic ornament,ornament for kids,truck gift for dad,children ornament,truck ornaments,fire truck,fire truck ornament,firefighter name,fighter lover gift,firefighter dad gift",christmas tree decor,xmas ornament,family xmas keepsake,ceramic ornament,ornament for kids,truck gift for dad,children ornament,truck ornaments,fire truck,fire truck ornament,firefighter name,fighter lover gift,firefighter dad gift
"Driving Instructor KMs Ornament, City Bus Driver Gift, Transit Bus Driver Gift, Truck Driver Ornament, Trucker Gift, Limo Driver",https://www.etsy.com/listing/1676736415/driving-instructor-kms-ornament-city-bus,CeeGeesCustomGifting,https://www.etsy.com/shop/CeeGeesCustomGifting,17.95,0,0,0,0,0,9 Mo.,0,0,3,Home & Living,20,0,0.0,4,"driving instructor,ornament,city bus driver,gift for,transit bus driver,truck driver,truckie gift,trucker gift,uber driver gift,limo driver gift,linehaul trucker,longhaul trucker,birthday gift",driving instructor,ornament,city bus driver,gift for,transit bus driver,truck driver,truckie gift,trucker gift,uber driver gift,limo driver gift,linehaul trucker,longhaul trucker,birthday gift
"Custom Name Semi Truck With Santa Hat Personalized Shaped Christmas Ornament, Gift For Truckers, Truck Driver Xmas, Santa Hat Truck",https://www.etsy.com/listing/4392330069/custom-name-semi-truck-with-santa-hat,LunaBloomStudioStore,https://www.etsy.com/shop/LunaBloomStudioStore,19.99,0,0,0,0,0,1 Mo.,0,0,13,Home & Living,11,0,0.0,383,"customtruckorn,personalizedtruck,semitruckgift,truckdriverxmas,santahattruck,nameontruck,giftfortruckers,christmastruck,truckornament,customnameorn,shapedtruckorn,xmastruckgift,personalizedorn",customtruckorn,personalizedtruck,semitruckgift,truckdriverxmas,santahattruck,nameontruck,giftfortruckers,christmastruck,truckornament,customnameorn,shapedtruckorn,xmastruckgift,personalizedorn
"Coolest Trucker Ornament, Christmas Gift for Truck Driver, Rustic Tree Decoration, Trucker Keepsake 2025",https://www.etsy.com/listing/4395554727/coolest-trucker-ornament-christmas-gift,ArtPawFinds,https://www.etsy.com/shop/ArtPawFinds,28.55,0,0,0,0,0,2 Mo.,0,0,2,Home & Living,7,0,0.0,75,"trucker ornament,truck driver gift,christmas ornament,wooden ornament,rustic decor,handmade gift,christmas decor,family keepsake,wood ornament,holiday ornament,rustic ornament,christmas gift,trucker christmas",trucker ornament,truck driver gift,christmas ornament,wooden ornament,rustic decor,handmade gift,christmas decor,family keepsake,wood ornament,holiday ornament,rustic ornament,christmas gift,trucker christmas
Pro-Choice Pro-Science Pro-Wrestling Corduroy Cap,https://www.etsy.com/listing/4411044567/pro-choice-pro-science-pro-wrestling,trenqo,https://www.etsy.com/shop/trenqo,54.98,0,0,0,0,0,6 Mo.,5,0,36,Accessories,11,0,0.0,704,"wrestling mom,wrestling shirt,wrestling ornament,wrestling mom gifts,wrestling gifts,pro wrestling hat,pro wrestling gear,funny gifts,funny gift ideas,custom hat,embroidered hat,baseball cap,trucker hat",wrestling mom,wrestling shirt,wrestling ornament,wrestling mom gifts,wrestling gifts,pro wrestling hat,pro wrestling gear,funny gifts,funny gift ideas,custom hat,embroidered hat,baseball cap,trucker hat
"Personalized Truck Christmas Acrylic Ornament, Truck Christmas Gift, Trucker Christmas Ornament, Truck 2D Flat Ornament, Trucker Lover Gift",https://www.etsy.com/listing/4417551421/personalized-truck-christmas-acrylic,WishWhims,https://www.etsy.com/shop/WishWhims,19.98,0,0,0,0,0,5 Mo.,1,0,53,Home & Living,16,0,0.0,1601,"christmas ornament,dump truck ornament,truck car ornament,dump truck,truck xmas,trucker light,truck ornament,trucker gift,holiday decor,festive ornament,custom ornament,xmas gift,personalized gift",christmas ornament,dump truck ornament,truck car ornament,dump truck,truck xmas,trucker light,truck ornament,trucker gift,holiday decor,festive ornament,custom ornament,xmas gift,personalized gift
Personalized Fire Truck Christmas Ornament/Trucker Christmas Light Ornament/Customized 2025 Christmas Tree Decor Gift For Firefighter OGWJ06,https://www.etsy.com/listing/4387115722/personalized-fire-truck-christmas,BeckHouseCo,https://www.etsy.com/shop/BeckHouseCo,23.98,0,0,0,0,0,7 Mo.,0,0,6,Home & Living,23,0,0.0,31103,"christmas ornament,memorial ornament,christmas car decor,personalize ornament,hanging ornament,christmas tree decor,christmas 2025,custom ornament,fire truck ornament,firefighter name,fighter lover gift,firefighter dad gift,acrylic ornament",christmas ornament,memorial ornament,christmas car decor,personalize ornament,hanging ornament,christmas tree decor,christmas 2025,custom ornament,fire truck ornament,firefighter name,fighter lover gift,firefighter dad gift,acrylic ornament
"Crochet Amigurumi baby Capybara Rear View Mirror Accessory, Cute Teens Interior, friends gift idea, Car Mirror hanging Decoration Capibara",https://www.etsy.com/listing/1542941811/crochet-amigurumi-baby-capybara-rear,MyCutecrochetToys,https://www.etsy.com/shop/MyCutecrochetToys,9.00,0,0,0,34,9,33 Mo.,90,0,2852,Electronics & Accessories,97,33,1.19,2658,"rear view accessory,crochet capibara,rear view mirror,hanging car ornament,meme plushie,car charm capybara,friends gift idea,man gift idea,rodent plushie,coworker cute gift,trucker present,moms car charms,stuffed animals",rear view accessory,crochet capibara,rear view mirror,hanging car ornament,meme plushie,car charm capybara,friends gift idea,man gift idea,rodent plushie,coworker cute gift,trucker present,moms car charms,stuffed animals
Pink Cow Print Christmas Ornament Patch: Sequins Iron-On Applique,https://www.etsy.com/listing/1809314267/pink-cow-print-christmas-ornament-patch,ABLNco,https://www.etsy.com/shop/ABLNco,3.75,0,0,0,0,0,19 Mo.,22,0,139,Accessories,43,0,0.0,159811,"trucker hat patches,patches for hat,patches for jacket,preppy patch,iron on patch,merry bright patch,holiday patch,christmas patches,sequins patch,small patches,santa patch,ornament patch,cow print patch",trucker hat patches,patches for hat,patches for jacket,preppy patch,iron on patch,merry bright patch,holiday patch,christmas patches,sequins patch,small patches,santa patch,ornament patch,cow print patch
"Gas can ornament, christmas ornament, gift for truckers, gift for drivers, gag gift, new driver gift, uber driver gift, Funny Gas Stuffer",https://www.etsy.com/listing/1604576200/gas-can-ornament-christmas-ornament-gift,CuteOrnaments4U,https://www.etsy.com/shop/CuteOrnaments4U,25.95,0,0,0,0,0,30 Mo.,1,0,9,Home & Living,32,0,0.0,172,"gas can ornament,christmas ornament,gift for truckers,gift for drivers,gag gift,new driver gift,uber driver gift,funny gas stuffer,trucker gift,gift for new drivers,gift for trucker,funny gas can gift",gas can ornament,christmas ornament,gift for truckers,gift for drivers,gag gift,new driver gift,uber driver gift,funny gas stuffer,trucker gift,gift for new drivers,gift for trucker,funny gas can gift,--
"Christmas ornament, 1979 Freightliner FLT semi truck accessories, rear view mirror charm, open road over night cabover semi tractor",https://www.etsy.com/listing/1758515869/christmas-ornament-1979-freightliner-flt,KCbeadsDesigns,https://www.etsy.com/shop/KCbeadsDesigns,28.00,0,0,0,0,0,22 Mo.,9,0,254,Home & Living,112,0,0.0,3879,"christmas ornament,handmade ornament,rear view mirror,semi truck,trucker life,semi accessories,open road,on the road again,1977 1978 1979 1980,cabover,freightliner flt,semi tractor,1981 1982 1983 1984",christmas ornament,handmade ornament,rear view mirror,semi truck,trucker life,semi accessories,open road,on the road again,1977 1978 1979 1980,cabover,freightliner flt,semi tractor,1981 1982 1983 1984
Handmade Resin Khanda Ornament | Galaxy Sikh Symbol Decor | Spiritual Car Accessory,https://www.etsy.com/listing/4467772426/handmade-resin-khanda-ornament-galaxy,HargunCreations,https://www.etsy.com/shop/HargunCreations,27.01,0,0,0,0,0,2 Mo.,0,0,12,Electronics & Accessories,14,0,0.0,24,"resin sikh symbol,spiritual punjabi,trucker desi hanging,punjabi car ornament,sikh khanda symbol,khanda resin,religious sikh gift,sikh home decor,khalsa symbol,sikh car charm,khalsa decor,singh kaur gift,sikh ornament",resin sikh symbol,spiritual punjabi,trucker desi hanging,punjabi car ornament,sikh khanda symbol,khanda resin,religious sikh gift,sikh home decor,khalsa symbol,sikh car charm,khalsa decor,singh kaur gift,sikh ornament
Personalized Skid Steer Christmas Ornament: Custom Construction Equipment UN5H13,https://www.etsy.com/listing/4413332678/personalized-skid-steer-christmas,CaffennDesign,https://www.etsy.com/shop/CaffennDesign,23.99,0,0,0,0,0,6 Mo.,0,0,1,Home & Living,16,0,0.0,4181,"christmas ornament,skid steer loader,trucker gift,trucker ornament,trucker christmas,christmas gift,construct equipment,xmas tree decor,heavy equipment,custom ornament,tree hanging,christmas tree,2025 ornament",christmas ornament,skid steer loader,trucker gift,trucker ornament,trucker christmas,christmas gift,construct equipment,xmas tree decor,heavy equipment,custom ornament,tree hanging,christmas tree,2025 ornament
"Personalized Wheel Loader Christmas Ornament, Backhoe Loader Vehicles Ornament, Front Loader Ornament Gift, Trucker Ornament Gift Thdso-1165",https://www.etsy.com/listing/4384669830/personalized-wheel-loader-christmas,Zentati,https://www.etsy.com/shop/Zentati,23.36,0,0,0,0,0,7 Mo.,0,0,16,Home & Living,14,0,0.0,947,"christmas gift,christmas decor,christmas ornament,hanging ornament,family ornament,funny ornament gift,custom ornament gift,personalized gift,christmas keepsake,christmas in july,xmas ornament,car ornament,custom christmas",christmas gift,christmas decor,christmas ornament,hanging ornament,family ornament,funny ornament gift,custom ornament gift,personalized gift,christmas keepsake,christmas in july,xmas ornament,car ornament,custom christmas
Pink Christmas Sweater Patch: Chenille Holiday Iron-On Applique,https://www.etsy.com/listing/1795259942/pink-christmas-sweater-patch-chenille,ABLNco,https://www.etsy.com/shop/ABLNco,4.75,0,0,0,29,2,19 Mo.,98,0,625,Accessories,43,0,4.64,159811,"trucker hat patches,patches for hat,patches for jacket,preppy patch,iron on patch,holiday patch,christmas patches,small patches,santa patch,ornament patch,ugly sweater patch,pink christmas patch,trendy patch",trucker hat patches,patches for hat,patches for jacket,preppy patch,iron on patch,holiday patch,christmas patches,small patches,santa patch,ornament patch,ugly sweater patch,pink christmas patch,trendy patch
Magical Crystal Ball Embroidered Trucker Hat: Structured Retro Cap with Mesh Back,https://www.etsy.com/listing/1689625172/magical-crystal-ball-embroidered-trucker,TofuTigerStudio,https://www.etsy.com/shop/TofuTigerStudio,36.85,0,0,0,0,0,27 Mo.,1,0,33,Accessories,47,0,0.0,6627,"custom trucker cap,trucker hat design,personalized hat,gift for him,embroidered motif,fortune telling,witchcraft fan,magical ornament,mystical oracle art,psychic gift,spiritual arts,witches and wiccans,medium crystal",custom trucker cap,trucker hat design,personalized hat,gift for him,embroidered motif,fortune telling,witchcraft fan,magical ornament,mystical oracle art,psychic gift,spiritual arts,witches and wiccans,medium crystal
"Christmas Patches,Christma Tree Patch,Gingerbread Man Patch,Santa Claus Patch,Socks Patch,Garland Patch,Embroidery Iron On Patch",https://www.etsy.com/listing/1806153840/christmas-patcheschristma-tree,MORAGIO,https://www.etsy.com/shop/MORAGIO,2.14,0,0,0,141,10,19 Mo.,22,1,1163,Accessories,48,30,12.12,43175,"applique and patch,christmas gifts,christmas decoration,christmas ornaments,embroider patch,bulk patches for hat,patches for jeans,patches for jacket,patches for bags,patches trucker hat,holiday decor,clothing patches,diy patch",applique and patch,christmas gifts,christmas decoration,christmas ornaments,embroider patch,bulk patches for hat,patches for jeans,patches for jacket,patches for bags,patches trucker hat,holiday decor,clothing patches,diy patch
"Crazy Mother Trucker Ornament - Trucker Ornament - Personalized, Custom decoration, Mum ornament, Dad Christmas ornament",https://www.etsy.com/listing/1577475247/crazy-mother-trucker-ornament-trucker,CustomCreativeSupply,https://www.etsy.com/shop/CustomCreativeSupply,17.65,0,0,0,0,0,14 Mo.,0,0,0,Home & Living,12,0,0.0,39,"trucker mother xmas,xmas for mama,trucker mom ornament,being a truckers,christmas trucker,feminist ornament,i love mom,long haul sweater,proud truckers mom,truck driver,xmas for drivers,crazy mother trucker,fun christmas",trucker mother xmas,xmas for mama,trucker mom ornament,being a truckers,christmas trucker,feminist ornament,i love mom,long haul sweater,proud truckers mom,truck driver,xmas for drivers,crazy mother trucker,fun christmas
"Personalized Fire Truck Christmas Ornament, Trucker Christmas Light Ornament, Customized 2025 Christmas Tree Decor Gift For Firefighter",https://www.etsy.com/listing/4390596298/personalized-fire-truck-christmas,DanielLimTreasures,https://www.etsy.com/shop/DanielLimTreasures,22.74,0,0,0,0,0,3 Mo.,4,0,219,Home & Living,6,30,0.0,369,"christmas ornament,custom ornament,christmas tree decor,personalize ornament,memorial ornament,acrylic ornament,hanging ornament,christmas car decor,fire truck ornament,firefighter dad gift,firefighter name,fighter lover gift,christmas 2025",christmas ornament,custom ornament,christmas tree decor,personalize ornament,memorial ornament,acrylic ornament,hanging ornament,christmas car decor,fire truck ornament,firefighter dad gift,firefighter name,fighter lover gift,christmas 2025
"Personalized Vintage Truck Christmas Ornament, Custom Truck Shaped Ornament, Gift For Trucker, Truck Xmas Hanging Ornament, Truck Keepsake",https://www.etsy.com/listing/4397789268/personalized-vintage-truck-christmas,TingTingBouti,https://www.etsy.com/shop/TingTingBouti,5.90,0,0,0,0,0,1 Mo.,0,0,0,Home & Living,18,0,0.0,1545,"christmas tree decor,xmas ornament,ceramic ornament,personalize ornament,custom ornament,hanging ornament,truck lovers gifts,trucker gift,truck driver gift,holiday gift,truck christmas,gift for dad",christmas tree decor,xmas ornament,ceramic ornament,personalize ornament,custom ornament,hanging ornament,truck lovers gifts,trucker gift,truck driver gift,holiday gift,truck christmas,gift for dad,--
"Truck with Christmas Light Custom Xmas Flat Ornament, Monster Truck Ornament, Kid Keepsake Ornament Monster Truck, Truck Lover Gift for Boy",https://www.etsy.com/listing/4399847609/truck-with-christmas-light-custom-xmas,YarnInnovation,https://www.etsy.com/shop/YarnInnovation,10.88,0,0,0,0,0,2 Mo.,0,0,0,Home & Living,25,0,0.0,654,"christmas ornament,christmas gift,christmas tree decor,monster truck gift,truck ornament,kids truck ornament,truck lover gifts,gift for son,kid riding monster,excavator truck,mixer truck decor,excavator ornament,trucker xmas gift",christmas ornament,christmas gift,christmas tree decor,monster truck gift,truck ornament,kids truck ornament,truck lover gifts,gift for son,kid riding monster,excavator truck,mixer truck decor,excavator ornament,trucker xmas gift
Vintage Mack Truck Bulldog Hood Ornament Dog Emblem Design Patent 87931 Western Star MackAnthem Sleeper Gray tarnished Patina Gift for Him,https://www.etsy.com/listing/1730841624/vintage-mack-truck-bulldog-hood-ornament,ALEXLITTLETHINGS,https://www.etsy.com/shop/ALEXLITTLETHINGS,207.98,0,0,0,0,0,9 Mo.,28,0,383,Electronics & Accessories,151,0,0.0,5819,"vintage  mack truck,vintage mack bulldog,car hood ornament,truck dog,bulldog emblem,patent 87931,mack bulldog,gift for him,birthday gift,alexlittlethings,gift for trucker,big rig emblem,gift for husband",vintage  mack truck,vintage mack bulldog,car hood ornament,truck dog,bulldog emblem,patent 87931,mack bulldog,gift for him,birthday gift,alexlittlethings,gift for trucker,big rig emblem,gift for husband
"Red Semi Truck Christmas Acrylic Ornament, Custom Xmas Trailer Acrylic Ornament, Personalized Ornament for Truckers Family",https://www.etsy.com/listing/4367478910/red-semi-truck-christmas-acrylic,AoDaiPhuongDinh,https://www.etsy.com/shop/AoDaiPhuongDinh,22.88,0,0,0,0,0,1 Mo.,0,0,3,Home & Living,44,0,0.0,18887,"truck ornament,semi truck ornament,xmas truck ornament,xmas truck driver,truck driver gift,trucker family gift,truck husband gift,truck driver holiday,tree trucker decor,trucker ornament",truck ornament,semi truck ornament,xmas truck ornament,xmas truck driver,truck driver gift,trucker family gift,truck husband gift,truck driver holiday,tree trucker decor,trucker ornament,--,--,--
Baseball | Baseball SVG | Baseball PNG | Baseball Shirt | Baseball Hat | Baseball Brother | Baseball Brother SVG | Baseball Brother Shirt,https://www.etsy.com/listing/1243326345/baseball-baseball-svg-baseball-png,CassandraLeeGray,https://www.etsy.com/shop/CassandraLeeGray,3.33,0,0,0,0,0,33 Mo.,0,0,7,Craft Supplies & Tools,37,0,0.0,828,"baseball png,baseball jpg,baseball hat,baseball cut file,baseball vector,baseball design,baseball cap,baseball trucker cap,baseball ornament,baseball print,custom baseball hat,baseball font,baseball helmet",baseball png,baseball jpg,baseball hat,baseball cut file,baseball vector,baseball design,baseball cap,baseball trucker cap,baseball ornament,baseball print,custom baseball hat,baseball font,baseball helmet
"Personalized Red Truck Christmas Ornament, Flat 2D Ornament, Gifts For Truck Lovers, Christmas Tree Hanging Decor, Trucker Gift",https://www.etsy.com/listing/4392948013/personalized-red-truck-christmas,MandyBouquite263,https://www.etsy.com/shop/MandyBouquite263,35.00,0,0,0,0,0,1 Mo.,0,0,2,Home & Living,1,0,0.0,4,"custom ornament,2025 christmas,christmas decoration,2d ornament,acrylic ornament,wooden ornament,christmas gift,christmas decor,personalized name,truck ornament,trucker gift,baby ornament,boy gift",custom ornament,2025 christmas,christmas decoration,2d ornament,acrylic ornament,wooden ornament,christmas gift,christmas decor,personalized name,truck ornament,trucker gift,baby ornament,boy gift
"Personalized Truck Ornament, Custom Semi-Truck Driver Christmas Gift, Unique Trucker Holiday Keepsake",https://www.etsy.com/listing/1814851106/personalized-truck-ornament-custom-semi,PrintablesQPanama,https://www.etsy.com/shop/PrintablesQPanama,19.95,0,0,0,0,0,6 Mo.,1,0,48,Home & Living,55,0,0.0,1061,"christmas ornament,acrylic ornament,2024 ornament,christmas tree decor,3d ornament,tree decoration,truck ornament,truck gift,driver ornament,trucker keepsake,semi truck christmas,truck lover ornament,truck decoration",christmas ornament,acrylic ornament,2024 ornament,christmas tree decor,3d ornament,tree decoration,truck ornament,truck gift,driver ornament,trucker keepsake,semi truck christmas,truck lover ornament,truck decoration
"Personalized Trucker Truck Christmas Ornament, Trucker Ornament, Trucker Christmas Light, Personalized Truck Ornament",https://www.etsy.com/listing/4388438580/personalized-trucker-truck-christmas,DZineMonster,https://www.etsy.com/shop/DZineMonster,28.30,0,0,0,0,0,2 Mo.,0,0,2,Home & Living,38,0,0.0,645,"christmas gift,christmas ornament,trucker ornament,truck ornament,trucker christmas,trucker truck,trucker gift,christmas ornaments,tractor ornament,truck christmas,acrylic ornament,christmas gifts,tractor ornaments",christmas gift,christmas ornament,trucker ornament,truck ornament,trucker christmas,trucker truck,trucker gift,christmas ornaments,tractor ornament,truck christmas,acrylic ornament,christmas gifts,tractor ornaments
"Personalized Truck Driver Christmas Ornament, Trucker Gift, Long Haul Driver Decor, Semi Truck Ornament, Gift For Him, CDL Driver Keepsake",https://www.etsy.com/listing/4396748597/personalized-truck-driver-christmas,RajooMohanArt,https://www.etsy.com/shop/RajooMohanArt,30.90,0,0,0,0,0,1 Mo.,0,0,27,Home & Living,3,0,0.0,331,"christmas ornament,ornament 2025,christmas decor,holiday gift,custom ornament,truck driver,trucking life,semi truck ornament,driver gift,long haul driver,cdl driver,trucker decor,truck lover",christmas ornament,ornament 2025,christmas decor,holiday gift,custom ornament,truck driver,trucking life,semi truck ornament,driver gift,long haul driver,cdl driver,trucker decor,truck lover
"Custom Dump Truck 2D Flat Acrylic Ornament, Personalized Trucker Christmas Ornament, Construction Worker Gift for Him",https://www.etsy.com/listing/4382579646/custom-dump-truck-2d-flat-acrylic,BrianDevineShirt,https://www.etsy.com/shop/BrianDevineShirt,19.95,0,0,0,0,0,2 Mo.,0,0,42,Home & Living,16,0,0.0,9358,"dump truck,truck gift,trucker decor,driver gift,custom name,road worker,christmas gift,hauler ornament,heavy duty,trucking life,construction,holiday decor,unique gift",dump truck,truck gift,trucker decor,driver gift,custom name,road worker,christmas gift,hauler ornament,heavy duty,trucking life,construction,holiday decor,unique gift
Senior Shirt Design Senior PNG Sparkly Faux Glitter Senior 2025 Coquette Bow Coquette Senior Sublimation Design Oranment Ideas Trucker Hat,https://www.etsy.com/listing/1771586843/senior-shirt-design-senior-png-sparkly,Hippydecorandmore,https://www.etsy.com/shop/Hippydecorandmore,4.96,0,0,0,0,0,21 Mo.,12,0,48,Art & Collectibles,138,0,0.0,99626,"senior,shirt,senior shirt,design,senior 2025,png,faux glitter,coquette,bow,coquette bow,coquette senior,ornament,trucker hat",senior,shirt,senior shirt,design,senior 2025,png,faux glitter,coquette,bow,coquette bow,coquette senior,ornament,trucker hat
"Personalized Bucket Truck Ornament Shape, Custom Name Lineman Utility Worker Christmas Decor, Boom Truck Holiday Tree Ornament",https://www.etsy.com/listing/4415301667/personalized-bucket-truck-ornament-shape,LovelTreasures,https://www.etsy.com/shop/LovelTreasures,14.99,0,0,0,0,0,1 Mo.,0,0,0,Home & Living,10,0,0.0,982,"christmas ornament,christmas tree decor,christmas gift,custom ornament,christmas decor,truck ornament,trucker ornament,christmas truck,bucket truck,lineman gift,personalized gift,gift for trucker,trucker gift",christmas ornament,christmas tree decor,christmas gift,custom ornament,christmas decor,truck ornament,trucker ornament,christmas truck,bucket truck,lineman gift,personalized gift,gift for trucker,trucker gift
Die Hard Christmas Ornament- yippee ki-yay mother trucker (TV edit vesion),https://www.etsy.com/listing/1662285071/die-hard-christmas-ornament-yippee-ki,drockpress,https://www.etsy.com/shop/drockpress,12.50,0,0,0,0,0,28 Mo.,7,0,23,Home & Living,195,0,0.0,2887,"christmas movie,christmas tree,christmas ornament,gag gift,bruce willis,holiday decoration,john mcclain,funny christmas,stocking stuffer,christmas party,die hard,gifts for him,air duct",christmas movie,christmas tree,christmas ornament,gag gift,bruce willis,holiday decoration,john mcclain,funny christmas,stocking stuffer,christmas party,die hard,gifts for him,air duct
"Christmas Sequin Patch,Santa Claus Patch,Christmas Garland,Snowflake Patch,Christmas Tree Patch,Iron On Patch",https://www.etsy.com/listing/4344749103/christmas-sequin-patchsanta-claus,MORAGIO,https://www.etsy.com/shop/MORAGIO,2.14,0,0,0,0,0,10 Mo.,3,0,47,Accessories,48,0,0.0,43175,"applique patches,christmas gifts,christmas ornaments,patches for jacket,patches for bags,patches for hats,patches for jeans,patches trucker hat,winter decor,christmas embellish,holiday ornament,christmas applique",applique patches,christmas gifts,christmas ornaments,patches for jacket,patches for bags,patches for hats,patches for jeans,patches trucker hat,winter decor,christmas embellish,holiday ornament,christmas applique,--
"Personalized Truck Driver Christmas Ornament – Gift for Male Truck Driver or Delivery Driver, Cdl Driver, Trucker Christmas Gift",https://www.etsy.com/listing/4405492046/personalized-truck-driver-christmas,WoodUnlimitedShop,https://www.etsy.com/shop/WoodUnlimitedShop,19.99,0,0,0,0,0,7 Mo.,0,0,20,Home & Living,53,0,0.0,27830,"christmas ornament,custom ornament,truck driver gift,truck driver christm,personalized truck d,truck driver holiday,delivery driver gift,cdl driver gift,big rig driver gift,semi driver gift,trucker christmas,trucker ornament,trucker gift",christmas ornament,custom ornament,truck driver gift,truck driver christm,personalized truck d,truck driver holiday,delivery driver gift,cdl driver gift,big rig driver gift,semi driver gift,trucker christmas,trucker ornament,trucker gift
"Personalized Fire Truck Christmas Ornament, Trucker Christmas Light Ornament, Customized 2025 Christmas Tree Decor Gift For Firefighter",https://www.etsy.com/listing/4371085524/personalized-fire-truck-christmas,NimbleThreadOutlet,https://www.etsy.com/shop/NimbleThreadOutlet,7.13,0,0,0,0,0,8 Mo.,3,0,79,Home & Living,15,0,0.0,2121,"christmas ornament,memorial ornament,christmas car decor,personalize ornament,hanging ornament,christmas tree decor,christmas 2025,custom ornament,fire truck ornament,firefighter name,fighter lover gift,firefighter dad gift,acrylic ornament",christmas ornament,memorial ornament,christmas car decor,personalize ornament,hanging ornament,christmas tree decor,christmas 2025,custom ornament,fire truck ornament,firefighter name,fighter lover gift,firefighter dad gift,acrylic ornament
Trucker Semi Truck Driver - In Loving Memory - Remembrance Keepsake Engraved Ornament - Personalized,https://www.etsy.com/listing/1083618285/trucker-semi-truck-driver-in-loving,AlpineEngraving,https://www.etsy.com/shop/AlpineEngraving,14.95,0,0,0,21,5,56 Mo.,29,0,832,Home & Living,165,0,2.52,17011,"in loving memory,remembrance ornament,peterbilt memorial,peterbilt ornament,peterbilt memory,peterbilt epitaph,peterbilt trucker,trucker memorial,trucker ornament,trucker epitaph,trucker remembrance,trucker driver death,semi truck driver",in loving memory,remembrance ornament,peterbilt memorial,peterbilt ornament,peterbilt memory,peterbilt epitaph,peterbilt trucker,trucker memorial,trucker ornament,trucker epitaph,trucker remembrance,trucker driver death,semi truck driver
"Christmas, Vintage Classic Postage Stamp, Ornaments, Merry Christmas DTF Transfer, Iron on, Ready to Press (Christmas, Tradition)",https://www.etsy.com/listing/4387958146/christmas-vintage-classic-postage-stamp,TNPoppyBlooms,https://www.etsy.com/shop/TNPoppyBlooms,3.50,0,0,0,0,0,7 Mo.,0,0,16,Art & Collectibles,13,0,0.0,2472,"ready to press,iron on transfer,toddler transfer,youth transfer,heat press decal,trucker hat dtf,hat transfer,direct to film,dtf,christmas dtf,postage stamp,merry christmas,ornaments",ready to press,iron on transfer,toddler transfer,youth transfer,heat press decal,trucker hat dtf,hat transfer,direct to film,dtf,christmas dtf,postage stamp,merry christmas,ornaments
"Haul Truck Driver svg, Dump truck ornament svg file, Car charm or ornament digital file, Cut & score laser cut file",https://www.etsy.com/listing/4393499516/haul-truck-driver-svg-dump-truck,GlowYourDesign,https://www.etsy.com/shop/GlowYourDesign,3.95,0,0,0,0,0,7 Mo.,1,0,24,Craft Supplies & Tools,63,0,0.0,39551,"digital download,ornament svg,file for glowforge,glowforge svg file,car charm svg,laser engraved,truck driver svg,trucker svg,laser cut file,professions svg,haul truck driver,dump truck svg,construction truck",digital download,ornament svg,file for glowforge,glowforge svg file,car charm svg,laser engraved,truck driver svg,trucker svg,laser cut file,professions svg,haul truck driver,dump truck svg,construction truck
Black Skulls with Wiggly Eyes on Chain,https://www.etsy.com/listing/1528283689/black-skulls-with-wiggly-eyes-on-chain,YourFantasyLand,https://www.etsy.com/shop/YourFantasyLand,13.99,0,0,0,7,2,34 Mo.,6,0,83,Electronics & Accessories,75,0,8.43,5753,"rear view mirror,trucker,mirror hangers,made in america,skull,skull hangers,gothic,bad boy,bad girl,chain,black skull,skull figurines,car ornament",rear view mirror,trucker,mirror hangers,made in america,skull,skull hangers,gothic,bad boy,bad girl,chain,black skull,skull figurines,car ornament
"Carousel Pink & Black Skulls on Chain / Halloween, Horror, Ghosts, Monsters, Zombies, Spooky, Scary, Boo, Car Charms, Trick or Treat,",https://www.etsy.com/listing/1543992061/carousel-pink-black-skulls-on-chain,YourFantasyLand,https://www.etsy.com/shop/YourFantasyLand,13.99,0,0,0,0,0,33 Mo.,7,0,74,Electronics & Accessories,75,0,0.0,5753,"rear view mirror,made in usa,trucker,mirror hangers,skull,skull hangers,gothic,bad boy,bad girl,car ornaments,skull figurines,pink skull,halloween",rear view mirror,made in usa,trucker,mirror hangers,skull,skull hangers,gothic,bad boy,bad girl,car ornaments,skull figurines,pink skull,halloween
"Retired Truck Driver Ornament 2026, Trucker Semi CDL, Personalized 2027 Retirement Gift, Custom Name 2027 Keepsake O3E",https://www.etsy.com/listing/4488561981/retired-truck-driver-ornament-2026,RoryAndRewDesigns,https://www.etsy.com/shop/RoryAndRewDesigns,12.99,0,0,0,0,0,1 Mo.,1,0,2,Home & Living,32,0,0.0,455,"retirement ornament,2027 retired gift,retirement gift,custom ornament,name ornament,keepsake gift,retirement 2026,coworker gift 2028,job retirement,truck driver gift,trucker gift,cdl driver gift,semi driver gift",retirement ornament,2027 retired gift,retirement gift,custom ornament,name ornament,keepsake gift,retirement 2026,coworker gift 2028,job retirement,truck driver gift,trucker gift,cdl driver gift,semi driver gift
"Pink Semi Truck Ornament Sublimation PNG, Instant Digital Download ONLY Christmas Round Ornament PNG Truck Driver Gift Big Rig Trucker",https://www.etsy.com/listing/1776811351/pink-semi-truck-ornament-sublimation-png,brownbridgedesigns,https://www.etsy.com/shop/brownbridgedesigns,3.50,0,0,0,0,0,21 Mo.,2,0,353,Art & Collectibles,37,0,0.0,15016,"sublimation wrap,ornament sublimation,christmas ornament,3d christmas png,truck sublimation,circle ornament png,round ornament png,semi truck png,truck driver gift,3d truck ornament,3d semi truck png,big rig ornament png,trucker ornament png",sublimation wrap,ornament sublimation,christmas ornament,3d christmas png,truck sublimation,circle ornament png,round ornament png,semi truck png,truck driver gift,3d truck ornament,3d semi truck png,big rig ornament png,trucker ornament png
"Personalized Truck Christmas Ornament, Acrylic Flat Ornament for Dad",https://www.etsy.com/listing/4394676003/personalized-truck-christmas-ornament,UdoAllendorfs,https://www.etsy.com/shop/UdoAllendorfs,24.59,0,0,0,0,0,7 Mo.,0,0,2,Home & Living,28,0,0.0,3007,"flat ornament,christmas,xmas gift,personalized,shaped ornament,tractor,tractor driver,truck driver,trucker,tractor ornament,lineman,for trucker driver,christmas 2025",flat ornament,christmas,xmas gift,personalized,shaped ornament,tractor,tractor driver,truck driver,trucker,tractor ornament,lineman,for trucker driver,christmas 2025
Custom Embroidered Yellowstone National Park Trucker Hat,https://www.etsy.com/listing/1878906869/custom-yellowstone-trucker-hat-national,ZephyrStreet,https://www.etsy.com/shop/ZephyrStreet,37.00,0,0,0,0,0,15 Mo.,0,0,4,Accessories,35,0,0.0,502,"us national parks,yellowstone national,park,yellowstone,yellowstone shirt,yellowstone ornament,wyoming,national park map,park shirt,yellowstone gifts,embroidered trucker,hat,custom trucker hat",us national parks,yellowstone national,park,yellowstone,yellowstone shirt,yellowstone ornament,wyoming,national park map,park shirt,yellowstone gifts,embroidered trucker,hat,custom trucker hat
Red Semi Truck - Trucker - Personalized Christmas Ornament - Free Shipping Eligible,https://www.etsy.com/listing/1567264184/red-semi-truck-trucker-personalized,SantasOrnaments,https://www.etsy.com/shop/SantasOrnaments,20.95,0,0,0,0,0,31 Mo.,0,0,16,Home & Living,31,0,0.0,1422,"christmas ornaments,personalized gifts,occupations,trucker,truck,semi-truck,trucking ornaments,driver,truck driver,trucking,semi driver,truck ornaments,semi-truck ornaments",christmas ornaments,personalized gifts,occupations,trucker,truck,semi-truck,trucking ornaments,driver,truck driver,trucking,semi driver,truck ornaments,semi-truck ornaments
Semi Truck Ornament - Personalized Ornament For Kids - Custom Gift For Trucker Freight Hauler - Essential Worker Ornament Personalized 2026,https://www.etsy.com/listing/743018386/semi-truck-ornament-personalized,ChristmasShoppeUS,https://www.etsy.com/shop/ChristmasShoppeUS,19.93,0,0,0,41,10,78 Mo.,13,0,394,Home & Living,78,0,10.41,86084,"christmas ornament,truck ornament,ornament for boy,cargo truck,personalized,personalized gift,freight driver,ornament with name,semi truck driver,essential worker,semi truck ornament,gift for dad,ornament for him",christmas ornament,truck ornament,ornament for boy,cargo truck,personalized,personalized gift,freight driver,ornament with name,semi truck driver,essential worker,semi truck ornament,gift for dad,ornament for him
"Personalized Fire Truck Christmas Ornament,Trucker Christmas Light Ornament,Customized 2024 Xmas Tree Decor Xmas Gift For Firefighter DZN206",https://www.etsy.com/listing/1813728714/personalized-fire-truck-christmas,pandachinhgroup,https://www.etsy.com/shop/pandachinhgroup,29.49,0,0,0,0,0,18 Mo.,1,0,22,Home & Living,67,0,0.0,36522,"christmas tree decor,xmas ornament,family xmas keepsake,ceramic ornament,ornament for kids,truck gift for dad,children ornament,truck ornaments,fire truck,fire truck ornament,firefighter name,fighter lover gift,firefighter dad gift",christmas tree decor,xmas ornament,family xmas keepsake,ceramic ornament,ornament for kids,truck gift for dad,children ornament,truck ornaments,fire truck,fire truck ornament,firefighter name,fighter lover gift,firefighter dad gift
"Mudflap Girl, Skinny, Freshie Mold - Silicone Mold - Freshie Mold - Resin Mold - Candle Mold - Soap Mold - Aroma Bead Mold",https://www.etsy.com/listing/1506026018/mudflap-girl-skinny-freshie-mold,MichellesCreationsTX,https://www.etsy.com/shop/MichellesCreationsTX,20.00,0,0,0,16,3,34 Mo.,21,0,219,Craft Supplies & Tools,83,0,7.31,30701,"car freshie mold,silicone mold,resin mold,soap mold,chocolate mold,candle mold,custom freshie mold,craft mold,mudflap girl mold,trucker mold,skinny mudflap girl,ornament mold,freshie molds",car freshie mold,silicone mold,resin mold,soap mold,chocolate mold,candle mold,custom freshie mold,craft mold,mudflap girl mold,trucker mold,skinny mudflap girl,ornament mold,freshie molds
"Custom Trucker Kids Photo Car Visor Clip, Drive Safe Papa Keychain For Dad, Fathers Day Fridge Magnet, Car Ornament Gift For Husband",https://www.etsy.com/listing/4511728268/custom-trucker-kids-photo-car-visor-clip,catnailtres,https://www.etsy.com/shop/catnailtres,6.98,0,0,0,0,0,1 Mo.,0,0,0,Electronics & Accessories,6,0,0.0,149,"fathers day gifts,custom gift for dad,gift for fathers day,papa gifts,gift from wife,custom kids face,photo car visor clip,gift for him,gift for daddy,daddy gifts,gift for husband,new dad gift,drive safe papa",fathers day gifts,custom gift for dad,gift for fathers day,papa gifts,gift from wife,custom kids face,photo car visor clip,gift for him,gift for daddy,daddy gifts,gift for husband,new dad gift,drive safe papa
Custom Trump Trucker Gift Trump Personalized Funny Trump Ornament For Truckers Truck Driver Gag Gifts Trucker Gifts For Truck Driver,https://www.etsy.com/listing/1812503788/custom-trump-trucker-gift-trump,DuckyCustomizedGifts,https://www.etsy.com/shop/DuckyCustomizedGifts,23.97,0,0,0,5,1,18 Mo.,4,0,103,Home & Living,40,0,4.85,1887,"gift ideas trucker,gifts for trucker,truck driver gift,truck driver mug,trucker coffee cup,trucker gift ideas,trucker mug coffee,trump coffee mug,trump trucker gifts,trump trucker mug,funny trump gift,christmas gift,for truck driver",gift ideas trucker,gifts for trucker,truck driver gift,truck driver mug,trucker coffee cup,trucker gift ideas,trucker mug coffee,trump coffee mug,trump trucker gifts,trump trucker mug,funny trump gift,christmas gift,for truck driver
"Choice Vintage Unused Valentine&#39;s Day Card, Matching Sets Eskimo, Deiseal Truck, Owl, Sherwood, Hallmark Cards, Paper Craft Ephemera Supply",https://www.etsy.com/listing/4436167605/choice-vintage-unused-valentines-day,ChatsworthVntg,https://www.etsy.com/shop/ChatsworthVntg,4.95,0,0,0,0,0,4 Mo.,0,0,7,Art & Collectibles,210,0,0.0,1350,"gift gifte gifted,nostalgic art paper,junk journal supply,vintage greet cards,1960s valentine card,romantic gift,authentic vintage,kids wall decoration,kidful wall decorer,diy tree ornaments,baby animals,big rig trucker,nos new old stock",gift gifte gifted,nostalgic art paper,junk journal supply,vintage greet cards,1960s valentine card,romantic gift,authentic vintage,kids wall decoration,kidful wall decorer,diy tree ornaments,baby animals,big rig trucker,nos new old stock
Christmas Tree Embroidery Design – Holiday Tree,https://www.etsy.com/listing/4404747579/christmas-tree-embroidery-design-holiday,EasyEmbroideryUS,https://www.etsy.com/shop/EasyEmbroideryUS,3.49,0,0,0,0,0,6 Mo.,1,0,16,Craft Supplies & Tools,11,0,0.0,163,"trucker hat design,christmas tree,holiday decor,christmas applique,instant download,winter embroidery,christmas ornament,machine embroidery,festive embroidery,xmas tree design,tree,colorfull tree,christian embroidery",trucker hat design,christmas tree,holiday decor,christmas applique,instant download,winter embroidery,christmas ornament,machine embroidery,festive embroidery,xmas tree design,tree,colorfull tree,christian embroidery
"LaserGram Christmas Ornament, Truck Cab, Personalized Engraving Included (Diamond Shape)",https://www.etsy.com/listing/879640111/lasergram-christmas-ornament-truck-cab,LaserGramGifts,https://www.etsy.com/shop/LaserGramGifts,24.99,0,0,0,0,0,67 Mo.,0,0,39,Home & Living,75,0,0.0,48175,"custom,customized,glass,crystal,hanging,christmas tree,ornament,pendant,trucker,trucking,driver,bus,transportation",custom,customized,glass,crystal,hanging,christmas tree,ornament,pendant,trucker,trucking,driver,bus,transportation
"Personalized Christmas Truck Acrylic Ornament for Men, Gift For Santa Claus Truck Ornament, Custom Truck Ornament, Truck Ornament for Dad",https://www.etsy.com/listing/1789435984/personalized-christmas-truck-acrylic,Thullosi,https://www.etsy.com/shop/Thullosi,25.98,0,0,0,0,0,5 Mo.,0,0,13,Home & Living,28,0,0.0,7794,"santa claus,shaped ornament,truck driver,tractor santa,trucker ornament,christmas ornament,tractor ornament,xmas gift,christmas 2024,tractor driver,for trucker driver,flat ornament,personalized ornamen",santa claus,shaped ornament,truck driver,tractor santa,trucker ornament,christmas ornament,tractor ornament,xmas gift,christmas 2024,tractor driver,for trucker driver,flat ornament,personalized ornamen
"Purple Semi Truck Ornament Sublimation PNG, Instant Digital Download ONLY Christmas Round Ornament PNG Truck Driver Gift Big Rig Trucker",https://www.etsy.com/listing/1762618410/purple-semi-truck-ornament-sublimation,brownbridgedesigns,https://www.etsy.com/shop/brownbridgedesigns,3.50,0,0,0,0,0,21 Mo.,4,0,416,Art & Collectibles,37,0,0.0,15016,"sublimation wrap,ornament sublimation,christmas ornament,3d christmas png,truck sublimation,circle ornament png,round ornament png,semi truck png,truck driver gift,3d truck ornament,3d semi truck png,big rig ornament png,trucker ornament png",sublimation wrap,ornament sublimation,christmas ornament,3d christmas png,truck sublimation,circle ornament png,round ornament png,semi truck png,truck driver gift,3d truck ornament,3d semi truck png,big rig ornament png,trucker ornament png
"Truck Driver, Trucker, Wooden Christmas Tree Ornament",https://www.etsy.com/listing/1754559093/truck-driver-trucker-wooden-christmas,JuneRaeGraceDesigns,https://www.etsy.com/shop/JuneRaeGraceDesigns,15.00,0,0,0,0,0,18 Mo.,0,0,5,Home & Living,18,0,0.0,165,"christmas tree,tree ornament,truck,truck driver,trucker,semi truck,big rig",christmas tree,tree ornament,truck,truck driver,trucker,semi truck,big rig,--,--,--,--,--,--
"Personalized Truck Driver Ornament – Custom Name Christmas Ball with Santa Hat, Xmas Tree & Gifts – Unique Holiday Decor for Him",https://www.etsy.com/listing/4371077804/personalized-truck-driver-ornament,Thomashandmade1978,https://www.etsy.com/shop/Thomashandmade1978,19.60,0,0,0,0,0,4 Mo.,0,0,37,Home & Living,6,0,0.0,1702,"christmas gift,christmas ornament,trucker ornament,truck ornament,trucker christmas,trucker truck,trucker gift,christmas ornaments,tractor ornament,truck christmas,acrylic ornament,christmas gifts,tractor ornaments",christmas gift,christmas ornament,trucker ornament,truck ornament,trucker christmas,trucker truck,trucker gift,christmas ornaments,tractor ornament,truck christmas,acrylic ornament,christmas gifts,tractor ornaments
"Pink Christmas Embroidered Patches: Santa, Snowman, Train - Iron-On Appliques",https://www.etsy.com/listing/4364434909/pink-christmas-embroidered-patches-santa,IrkaStudioCo,https://www.etsy.com/shop/IrkaStudioCo,6.49,0,0,0,0,0,3 Mo.,4,0,92,Accessories,5,0,0.0,98,"iron on patch,trucker hat patches,game day patch,retro patch,small patches,custom patch,christmas patch,holiday patches,vintage ornament,gift tag patch,sew on applique,festive decor patch,christmas sewing",iron on patch,trucker hat patches,game day patch,retro patch,small patches,custom patch,christmas patch,holiday patches,vintage ornament,gift tag patch,sew on applique,festive decor patch,christmas sewing
"Custom Trucker Ornament: Santa Hat, Big Rig Christmas Decor",https://www.etsy.com/listing/4376480972/custom-trucker-ornament-santa-hat-big,SamanthaVividAttire,https://www.etsy.com/shop/SamanthaVividAttire,24.03,0,0,0,0,0,3 Mo.,0,0,34,Home & Living,5,0,0.0,899,"semi truck ornament,big rig ornament,trucker gift,christmas ornament,truck lover gift,santa hat ornament,holiday truck decor,xmas tree ornament,custom name ornament,truck ornament,custom ornament,christmas decor,christmas gift",semi truck ornament,big rig ornament,trucker gift,christmas ornament,truck lover gift,santa hat ornament,holiday truck decor,xmas tree ornament,custom name ornament,truck ornament,custom ornament,christmas decor,christmas gift
"Personalized Fire Truck Christmas Ornament Flat 2D, Trucker Christmas Light Ornament, Customized 2025 Christmas Tree Decor Gift For",https://www.etsy.com/listing/4392314192/personalized-fire-truck-christmas,TaboadaFashionFunny,https://www.etsy.com/shop/TaboadaFashionFunny,19.95,0,0,0,0,0,1 Mo.,0,0,4,Home & Living,22,0,0.0,105,"christmas ornament,memorial ornament,christmas car decor,personalize ornament,hanging ornament,christmas tree decor,custom ornament,fire truck ornament,firefighter name,fighter lover gift,firefighter dad gift,acrylic ornament,christmas 2025",christmas ornament,memorial ornament,christmas car decor,personalize ornament,hanging ornament,christmas tree decor,custom ornament,fire truck ornament,firefighter name,fighter lover gift,firefighter dad gift,acrylic ornament,christmas 2025
"Personalized Truck Ornament, Heavy Truck Ornament, Custom Truck Acrylic Ornament, Christmas Gift For Truck Driver, Gift For Trucker Ornament",https://www.etsy.com/listing/4389947028/personalized-truck-ornament-heavy-truck,Melissa80Finds,https://www.etsy.com/shop/Melissa80Finds,4.64,0,0,0,0,0,1 Mo.,0,0,1,Home & Living,7,0,0.0,1443,"christmas ornament,personalized gift,christmas tree decor,christmas gift,personalize ornament,custom ornament,christmas decor,gift for trucker,truck ornament,trucker gift,trucker ornament,hanging ornament,christmas truck",christmas ornament,personalized gift,christmas tree decor,christmas gift,personalize ornament,custom ornament,christmas decor,gift for trucker,truck ornament,trucker gift,trucker ornament,hanging ornament,christmas truck
"Personalized Red Truck Off-Road Christmas Ornament, Snow Globe 2D Ornament, Gifts For Truck Lovers, Trucker Gift",https://www.etsy.com/listing/4398522992/personalized-red-truck-off-road,YarnInnovation,https://www.etsy.com/shop/YarnInnovation,10.88,0,0,0,0,0,2 Mo.,0,0,20,Home & Living,25,0,0.0,654,"christmas ornament,personalized gift,christmas tree decor,christmas gift,personalize ornament,custom ornament,christmas decor,gift for trucker,truck ornament,trucker gift,trucker ornament,hanging ornament,christmas truck",christmas ornament,personalized gift,christmas tree decor,christmas gift,personalize ornament,custom ornament,christmas decor,gift for trucker,truck ornament,trucker gift,trucker ornament,hanging ornament,christmas truck
SEMI TRUCK Ornament | Personalized Ceramic Christmas Ornament • Semi Truck Ornament • Handwritten • Christmas Ornament • Trucker Ornament,https://www.etsy.com/listing/1311980962/semi-truck-ornament-o-personalized,TheCrazyOrnamentLady,https://www.etsy.com/shop/TheCrazyOrnamentLady,18.00,0,0,0,50,13,38 Mo.,33,0,1117,Home & Living,76,0,4.48,19599,"kids ornament,big trucks,christmas ornament,personalized,cement mixer,truck ornament,semi ornament,semit truck ornament,18 wheeler ornament,truck driver,tractor trailer,long hauler driver,big rig ornament",kids ornament,big trucks,christmas ornament,personalized,cement mixer,truck ornament,semi ornament,semit truck ornament,18 wheeler ornament,truck driver,tractor trailer,long hauler driver,big rig ornament
Trucker mudflap couple &quot;2024&quot; Crystal Glass Ornament,https://www.etsy.com/listing/1824729367/trucker-mudflap-couple-2024-crystal,GGNOutlaw,https://www.etsy.com/shop/GGNOutlaw,7.93,0,0,0,0,0,2 Mo.,0,0,3,Home & Living,1,0,0.0,0,"early access,seasonal decorations,ornaments,trucker,semi truck,funny trucker,funny,trucking,big rig,transportation,family,mud flap,mud flap trucker",early access,seasonal decorations,ornaments,trucker,semi truck,funny trucker,funny,trucking,big rig,transportation,family,mud flap,mud flap trucker
Softball | Softball SVG | Softball Aunt SVG | Softball Shirt | Softball Hat | Softball Jersey | Softball Sweatshirt | Softball Coach,https://www.etsy.com/listing/1395368861/softball-softball-svg-softball-aunt-svg,CassandraLeeGray,https://www.etsy.com/shop/CassandraLeeGray,3.33,0,0,0,0,0,26 Mo.,0,0,0,Craft Supplies & Tools,37,0,0.0,828,"softball png,softball coach,softball hat,softball cut file,softball vector,softball design,softball cap,softball trucker cap,softball ornament,softball print,custom softball hat,softball font,softball helmet",softball png,softball coach,softball hat,softball cut file,softball vector,softball design,softball cap,softball trucker cap,softball ornament,softball print,custom softball hat,softball font,softball helmet
"Personalized Vintage Trucks Christmas Ornament Acrylic Flat 2D, 2D Flat Truck Car Ornament, Truck Christmas Ornament",https://www.etsy.com/listing/1825145203/personalized-vintage-trucks-christmas,ZelosAudioLLC,https://www.etsy.com/shop/ZelosAudioLLC,19.95,0,0,0,0,0,5 Mo.,0,0,17,Home & Living,8,0,0.0,4046,"flat ornament,christmas,xmas gift,personalized,shaped ornament,christmas 2024,tractor,tractor driver,truck driver,trucker,tractor ornament,lineman,for trucker driver",flat ornament,christmas,xmas gift,personalized,shaped ornament,christmas 2024,tractor,tractor driver,truck driver,trucker,tractor ornament,lineman,for trucker driver
Custom Trucker Name Christmas Ornament  Personalized Trucker Name Ornament Christmas Trucker Name Ornament,https://www.etsy.com/listing/1796460290/custom-trucker-name-christmas-ornament,LalibeeCrochet,https://www.etsy.com/shop/LalibeeCrochet,16.00,0,0,0,0,0,7 Mo.,0,0,0,Home & Living,32,0,0.0,1266,"ornament,keepsake ornament,christmas ornament,plywood ornament,hanging ornament,halloween ornament,gift for lover,christmas gift,personalized gift,wood ornament,hanging wood,keepsake gift",ornament,keepsake ornament,christmas ornament,plywood ornament,hanging ornament,halloween ornament,gift for lover,christmas gift,personalized gift,wood ornament,hanging wood,keepsake gift,--
Personalized Farmer Tractor Christmas Ornament: Acrylic Holiday Decoration,https://www.etsy.com/listing/4372830904/personalized-farmer-tractor-christmas,PersonalizedPaperBR,https://www.etsy.com/shop/PersonalizedPaperBR,17.32,0,0,0,0,0,5 Mo.,0,0,49,Home & Living,10,0,0.0,1756,"christmas gift,christmas ornament,xmas gift,christmas tree decor,customized ornament,ornament,acrylic ornament,farm gift,truck gift,christmas truck,truck decor,trucker gift,truck",christmas gift,christmas ornament,xmas gift,christmas tree decor,customized ornament,ornament,acrylic ornament,farm gift,truck gift,christmas truck,truck decor,trucker gift,truck
"Personalized Truck Christmas Ornament, Gift For Truck Lovers, Truck Driver, Him, Husband, Boyfriend, Christmas Gifts",https://www.etsy.com/listing/1799718294/personalized-truck-christmas-ornament,GearCustomsDesign,https://www.etsy.com/shop/GearCustomsDesign,17.95,0,0,0,0,0,19 Mo.,0,0,25,Home & Living,65,0,0.0,14085,"white christmas gift,christmas ornament,christmas parent,gift for family,parents gift,family christmas,family ornament,family name ornament,christmas family,christmas gift,truck driver gift,gift for trucker",white christmas gift,christmas ornament,christmas parent,gift for family,parents gift,family christmas,family ornament,family name ornament,christmas family,christmas gift,truck driver gift,gift for trucker,--
Personalized Skid Steer Christmas Ornament: Custom Construction Equipment UN5H13,https://www.etsy.com/listing/4413358664/personalized-skid-steer-christmas,CuongCafCrochet,https://www.etsy.com/shop/CuongCafCrochet,26.21,0,0,0,0,0,6 Mo.,0,0,3,Home & Living,18,0,0.0,4687,"christmas ornament,skid steer loader,trucker gift,trucker ornament,trucker christmas,christmas gift,construct equipment,xmas tree decor,heavy equipment,custom ornament,tree hanging,christmas tree,2025 ornament",christmas ornament,skid steer loader,trucker gift,trucker ornament,trucker christmas,christmas gift,construct equipment,xmas tree decor,heavy equipment,custom ornament,tree hanging,christmas tree,2025 ornament
"Jingle My Balls Christmas Hitch Cover, Funny Truck Accessory, Holiday Gag Gift, Tow Hitch Ornament, Made in USA, 3D Printed",https://www.etsy.com/listing/4421257261/jingle-my-balls-christmas-hitch-cover,GreatAmerican3DShop,https://www.etsy.com/shop/GreatAmerican3DShop,34.99,0,0,0,0,0,5 Mo.,2,0,42,Electronics & Accessories,6,0,0.0,504,"funny hitch cover,truck accessories,gag gift for men,redneck christmas,jingle my balls,tow hitch,boyfriend gift,white elephant gift,rude holiday decor,trucker gift,car ornament,novelty gift,3d printed",funny hitch cover,truck accessories,gag gift for men,redneck christmas,jingle my balls,tow hitch,boyfriend gift,white elephant gift,rude holiday decor,trucker gift,car ornament,novelty gift,3d printed
"Dog Patch,Dachshund Patch,Dogs Puppy Applique Patch,Cartoon Animal Embroidery Patch,Iron On Patch",https://www.etsy.com/listing/4314392325/dog-patchdachshund-patchdogs-puppy,MORAGIO,https://www.etsy.com/shop/MORAGIO,2.54,0,0,0,0,0,11 Mo.,45,0,926,Accessories,47,33,0.0,42266,"dog lover patch,cartoon dog,puppy patch,applique and patch,trucker hat patches,patches for jacket,patches for bags,patches for hats,patches for jeans,cute dog,animal ornaments",dog lover patch,cartoon dog,puppy patch,applique and patch,trucker hat patches,patches for jacket,patches for bags,patches for hats,patches for jeans,cute dog,animal ornaments,--,--
Truck Driver Christmas Ornament-Personalized Truck Driver Ornament Gift-Big Rig Driver Bauble-Custom 18 wheeler driver gift-semi trucker,https://www.etsy.com/listing/1799966295/truck-driver-christmas-ornament,Dottie0123,https://www.etsy.com/shop/Dottie0123,24.98,0,0,0,6,3,20 Mo.,2,0,69,Home & Living,66,0,8.7,4027,"christmas ornament,truck driver gift,trucker ornament,christmas gift,semi truck ornament,personalized gift,christmas truck,gift for trucker,christmas decoration,custom ornament gift,christmas keepsake,personalize ornament,18 wheeler driver",christmas ornament,truck driver gift,trucker ornament,christmas gift,semi truck ornament,personalized gift,christmas truck,gift for trucker,christmas decoration,custom ornament gift,christmas keepsake,personalize ornament,18 wheeler driver
Side Semi - Single Cab  Silicone Car Freshie Mold,https://www.etsy.com/listing/1506027398/side-semi-single-cab-silicone-car,MichellesCreationsTX,https://www.etsy.com/shop/MichellesCreationsTX,20.00,0,0,0,0,0,34 Mo.,7,0,79,Craft Supplies & Tools,83,0,0.0,30701,"car freshie mold,silicone mold,resin mold,soap mold,chocolate mold,candle mold,custom freshie mold,craft mold,semi truck mold,18 wheeler mold,ornament mold,freshie molds,trucker mold",car freshie mold,silicone mold,resin mold,soap mold,chocolate mold,candle mold,custom freshie mold,craft mold,semi truck mold,18 wheeler mold,ornament mold,freshie molds,trucker mold
Inserts for Trucker Cap Silicone Freshie Mold - Silicone Mold - Freshie Mold - Resin Mold - Candle Mold - Soap Mold - Aroma Bead Mold,https://www.etsy.com/listing/1168602489/inserts-for-trucker-cap-silicone-freshie,MichellesCreationsTX,https://www.etsy.com/shop/MichellesCreationsTX,7.00,0,0,0,89,16,52 Mo.,255,0,4225,Craft Supplies & Tools,83,33,2.11,30701,"car freshie mold,silicone mold,resin mold,soap mold,chocolate mold,candle mold,craft mold,custom freshie mold,trucker cap mold,mold inserts,insert for hat mold,ornament mold,freshie molds",car freshie mold,silicone mold,resin mold,soap mold,chocolate mold,candle mold,craft mold,custom freshie mold,trucker cap mold,mold inserts,insert for hat mold,ornament mold,freshie molds
"Personalized Semi Truck Christmas Ornament, Custom Name Trucker Gift, Big Rig Driver Keepsake, Unique Trucking Industry Gift",https://www.etsy.com/listing/4423928524/personalized-semi-truck-christmas,LavenderOrnament,https://www.etsy.com/shop/LavenderOrnament,24.00,0,0,0,0,0,5 Mo.,0,0,4,Home & Living,19,0,0.0,3823,"personalized,semi truck,christmas ornament,custom name,trucker gift,big rig driver,keepsake,unique trucking,industry gift,holiday gift,tree decoration,custom,christmas gift",personalized,semi truck,christmas ornament,custom name,trucker gift,big rig driver,keepsake,unique trucking,industry gift,holiday gift,tree decoration,custom,christmas gift
Mudflap Trucker Tree Ornament - Plastic (Gray) (Laser Cut Acrylic),https://www.etsy.com/listing/732386614/mudflap-trucker-tree-ornament-plastic,EconomyOrnament,https://www.etsy.com/shop/EconomyOrnament,3.99,0,0,0,10,2,79 Mo.,19,0,280,Home & Living,103,0,3.57,4668,"economy ornament,cheap ornament,flat ornament,christmas ornament,mudflap trucker,mudflap girl,funny ornament,gag gift,secret santa,white elephant,mudflap dude,sexy guy,fat guy",economy ornament,cheap ornament,flat ornament,christmas ornament,mudflap trucker,mudflap girl,funny ornament,gag gift,secret santa,white elephant,mudflap dude,sexy guy,fat guy
"Christmas Bread Truck Ornament, Custom Name Food Truck Christmas Acrylic Ornament, Xmas Gift For Truck Driver, Gift For Trucker Ornament",https://www.etsy.com/listing/4386711433/christmas-bread-truck-ornament-custom,TuanTuProDesigns,https://www.etsy.com/shop/TuanTuProDesigns,26.99,0,0,0,0,0,7 Mo.,1,0,3,Home & Living,16,0,0.0,881,"christmas gift,christmas ornament,hanging ornament,car mirror ornament,car mirror decor,christmas keepsake,food truck ornament,food truck gifts,food delivery,food lover ornament,custom food truck,food driver,acrylic ornament",christmas gift,christmas ornament,hanging ornament,car mirror ornament,car mirror decor,christmas keepsake,food truck ornament,food truck gifts,food delivery,food lover ornament,custom food truck,food driver,acrylic ornament
"Truck Driver - Occupational Ornaments - Contains 6 Ornaments Male and Female - Custom area - SVG, PDF, AI Files - Works on all Lasers",https://www.etsy.com/listing/4384694946/truck-driver-occupational-ornaments,homestylecustom,https://www.etsy.com/shop/homestylecustom,6.99,0,0,0,0,0,7 Mo.,8,0,111,Home & Living,67,0,0.0,93152,"glowforge,svg,digital download,homestyle customs,christmas,ornament,homestylecustom,occupation,laser design,xtool,laser file,truck driver,trucker",glowforge,svg,digital download,homestyle customs,christmas,ornament,homestylecustom,occupation,laser design,xtool,laser file,truck driver,trucker
"Personalized Semi Trucker Christmas Ornament For Trucker Driver, Flat Acrylic Truck Ornament For Dad, Semi Trucker Christmas Ornament KBT226",https://www.etsy.com/listing/4391878395/personalized-semi-trucker-christmas,PandaDang,https://www.etsy.com/shop/PandaDang,24.00,0,0,0,0,0,7 Mo.,0,0,0,Home & Living,13,0,0.0,1566,"semi truck christmas,semi truck ornament,ornament,christmas ornament,christmas ornaments,unique keepsake,company christmas,company gift,truck driver gift,christmas tree gift,christmas truck,gift for trucker,semi truck xmas",semi truck christmas,semi truck ornament,ornament,christmas ornament,christmas ornaments,unique keepsake,company christmas,company gift,truck driver gift,christmas tree gift,christmas truck,gift for trucker,semi truck xmas
Santa’s Big Rig - Here Comes Santa - 2003 Hallmark Keepsake Ornament - Collector’s Series,https://www.etsy.com/listing/4412762766/santas-big-rig-here-comes-santa-2003,FGBoutiqueCo,https://www.etsy.com/shop/FGBoutiqueCo,19.99,0,0,0,0,0,6 Mo.,0,0,9,Home & Living,7,0,0.0,10,"santas big rig,truck,gift for trucker,hallmark keepsake,here comes santa,santa ornament,ornament,truck ornament,christmas ornament,christmas,christmas tree,santa claus decor,holiday decorations",santas big rig,truck,gift for trucker,hallmark keepsake,here comes santa,santa ornament,ornament,truck ornament,christmas ornament,christmas,christmas tree,santa claus decor,holiday decorations
Trucker Retirement Gift | Ceramic Ornament,https://www.etsy.com/listing/4422592494/trucker-retirement-gift-ceramic-ornament,HomelandNook,https://www.etsy.com/shop/HomelandNook,14.45,0,0,0,0,0,5 Mo.,0,0,0,Home & Living,7,0,0.0,53,"ceramic ornament,retirement gift,truck driver,funny ornament,personalized gift,retirement party,senior gift,custom name,humorous keepsake,gift for him,gift for her,retiree gifts,trucker gifts",ceramic ornament,retirement gift,truck driver,funny ornament,personalized gift,retirement party,senior gift,custom name,humorous keepsake,gift for him,gift for her,retiree gifts,trucker gifts
Trucker Retirement Gift | Ceramic Ornament | Retiree keepsake,https://www.etsy.com/listing/4422592600/trucker-retirement-gift-ceramic-ornament,HomelandNook,https://www.etsy.com/shop/HomelandNook,14.45,0,0,0,0,0,5 Mo.,0,0,1,Home & Living,7,0,0.0,53,"ceramic ornament,retirement gift,truck driver,funny ornament,personalized gift,retirement party,senior gift,custom name,humorous keepsake,gift for him,gift for her,retiree gifts,trucker gifts",ceramic ornament,retirement gift,truck driver,funny ornament,personalized gift,retirement party,senior gift,custom name,humorous keepsake,gift for him,gift for her,retiree gifts,trucker gifts
Hand Painted Truckers Crab Shell Christmas Ornament,https://www.etsy.com/listing/1314572612/thank-you-truckers-hand-painted-on-a,Karenscrabs,https://www.etsy.com/shop/Karenscrabs,19.50,0,0,0,0,0,43 Mo.,0,0,12,Home & Living,128,0,0.0,795,"truck driver,trucker in truck,christmas ornament,trucker gift,unique gifts,stocking stuffer,personalized,handpainted shell,unique ornament,crab ornament,american made,truckers ornament",truck driver,trucker in truck,christmas ornament,trucker gift,unique gifts,stocking stuffer,personalized,handpainted shell,unique ornament,crab ornament,american made,truckers ornament,--
Personalized Truck Christmas Ornament: Acrylic Trucker Gift,https://www.etsy.com/listing/1808267094/personalized-truck-christmas-ornament,LeNovemberCreations,https://www.etsy.com/shop/LeNovemberCreations,17.99,0,0,0,0,0,18 Mo.,4,0,134,Home & Living,22,0,0.0,2505,"christmas ornament,personalized gift,christmas tree decor,christmas gift,personalize ornament,custom ornament,christmas decor,gift for trucker,truck ornament,trucker gift,trucker ornament,hanging ornament,christmas truck",christmas ornament,personalized gift,christmas tree decor,christmas gift,personalize ornament,custom ornament,christmas decor,gift for trucker,truck ornament,trucker gift,trucker ornament,hanging ornament,christmas truck
Big Mama Trucker #3 Metal Art Ornament | Custom Metal Ornament | Christmas Tree Decoration | Novelty Gift | Handmade in USA,https://www.etsy.com/listing/4413878680/big-mama-trucker-3-metal-art-ornament,EliteMetalworking,https://www.etsy.com/shop/EliteMetalworking,20.00,0,0,0,0,0,6 Mo.,0,0,4,Home & Living,97,0,0.0,8861,"metal art,ornament,christmas tree,gift,small gift,unique gift,secret santa gift,white elephant,novelty ornament,ornament for him,gag gift,trucker girl,curvy",metal art,ornament,christmas tree,gift,small gift,unique gift,secret santa gift,white elephant,novelty ornament,ornament for him,gag gift,trucker girl,curvy
"Personalized Semi Truck Ornament, Truck Christmas Ornament, Trucker Ornament, Truck Driver Ornament Gift, Semi-trailer Truck TD-1129-QTML",https://www.etsy.com/listing/1836381835/personalized-semi-truck-ornament-truck,LizzHome,https://www.etsy.com/shop/LizzHome,21.58,0,0,0,11,2,17 Mo.,10,0,708,Home & Living,24,0,1.55,7491,"christmas gift,christmas decor,christmas ornament,hanging ornament,family ornament,funny ornament gift,custom ornament gift,personalized gift,christmas keepsake,christmas in july,xmas ornament,car ornament,custom christmas",christmas gift,christmas decor,christmas ornament,hanging ornament,family ornament,funny ornament gift,custom ornament gift,personalized gift,christmas keepsake,christmas in july,xmas ornament,car ornament,custom christmas
"Christmas Patch,Santa Claus Patch,Snowman,Christmas Tree,Elk,Socks,Christmas Embroidery Patch,Iron On Patch",https://www.etsy.com/listing/4347335821/christmas-patchsanta-claus,MORAGIO,https://www.etsy.com/shop/MORAGIO,2.00,0,0,0,0,0,10 Mo.,9,0,235,Accessories,48,0,0.0,43175,"christmas applique,applique patches,christmas ornament,christmas gifts,diy patches,trucker hat patches,patches for jacket,patches for hats,patches for jeans,patches for bags,winter decor,merry christmas,clothing patches",christmas applique,applique patches,christmas ornament,christmas gifts,diy patches,trucker hat patches,patches for jacket,patches for hats,patches for jeans,patches for bags,winter decor,merry christmas,clothing patches
Grouchy Green Christmas Trucker Hat with Optional Tinsel & Mini Ornaments Hat Chain,https://www.etsy.com/listing/4400840303/grouchy-green-christmas-trucker-hat-with,RainbowEmporiumGifts,https://www.etsy.com/shop/RainbowEmporiumGifts,28.00,0,0,0,17,3,7 Mo.,23,0,163,Accessories,25,0,10.43,3235,"custom,trucker,hat,grinchy,green,christmas,tinsel,glam,gift,for her,festive,funny,holiday",custom,trucker,hat,grinchy,green,christmas,tinsel,glam,gift,for her,festive,funny,holiday
Truck driver Ornaments - boss staff work co worker employees tag favor Christmas gift white elephant delivery carrier route trucker,https://www.etsy.com/listing/1331337568/truck-driver-ornaments-boss-staff-work,RoundRockCrafts,https://www.etsy.com/shop/RoundRockCrafts,9.95,0,0,0,0,0,43 Mo.,0,0,31,Home & Living,182,0,0.0,16590,"event,bag,decor,humor,funny,joke,road warrior,king,award,reward,long haul",event,bag,decor,humor,funny,joke,road warrior,king,award,reward,long haul,--,--
"Custom Diesel Truck Ornament for Drivers, Personalized Big Rig Christmas Gift, Semi Truck Driver Name Ornament, Trucker Holiday Tree Decor",https://www.etsy.com/listing/4410359151/custom-diesel-truck-ornament-for-drivers,NnhCraft,https://www.etsy.com/shop/NnhCraft,21.95,0,0,0,0,0,7 Mo.,0,0,9,Home & Living,66,0,0.0,27498,"trucker gift tag,diesel truck decor,semi driver ornament,big rig christmas,trucker name gift,custom driver tag,rig lover ornament,truck holiday gift,blue truck decor,trucker ornament tag,trucking job gift,driver name ornament,custom truck gift",trucker gift tag,diesel truck decor,semi driver ornament,big rig christmas,trucker name gift,custom driver tag,rig lover ornament,truck holiday gift,blue truck decor,trucker ornament tag,trucking job gift,driver name ornament,custom truck gift
Trucker Wife Truck Driver Rear View Mirror Car Charm Ornament Auto Jewelry,https://www.etsy.com/listing/1543348155/trucker-wife-truck-driver-rear-view,Bdlasers,https://www.etsy.com/shop/Bdlasers,14.99,0,0,0,0,0,34 Mo.,21,0,219,Electronics & Accessories,54,0,0.0,3348,"car charm,rear view mirror,wood,wooden,cheetah,cow,plaid,paw print,breast cancer,round,sunflower,truck driver,trucker wife",car charm,rear view mirror,wood,wooden,cheetah,cow,plaid,paw print,breast cancer,round,sunflower,truck driver,trucker wife
Personalized Red Tractor Ornament: Acrylic Farm Life Christmas Hanger,https://www.etsy.com/listing/4366850329/personalized-red-tractor-ornament,KyivCalligraphy,https://www.etsy.com/shop/KyivCalligraphy,17.32,0,0,0,9,1,9 Mo.,0,0,51,Home & Living,14,0,17.65,770,"christmas gift,christmas ornament,tractor driver,tractor ornament,tractor christmas,christmas gifts,gift for boy,christmas tractor,xmas ornament,truck ornament,trucker christmas,acrylic ornament,trucker gift",christmas gift,christmas ornament,tractor driver,tractor ornament,tractor christmas,christmas gifts,gift for boy,christmas tractor,xmas ornament,truck ornament,trucker christmas,acrylic ornament,trucker gift
"Personalized Truck Christmas Ornament, Custom Truck Christmas Acrylic Ornament, Christmas Gift For Truck Driver, Gift For Trucker Ornament",https://www.etsy.com/listing/4399435777/personalized-truck-christmas-ornament,VelvetandVogueLTD,https://www.etsy.com/shop/VelvetandVogueLTD,21.26,0,0,0,0,0,7 Mo.,0,0,9,Home & Living,14,0,0.0,676,"christmas ornament,personalized gift,christmas tree decor,christmas gift,personalize ornament,custom ornament,christmas decor,gift for trucker,truck ornament,trucker gift,trucker ornament,hanging ornament,christmas truck",christmas ornament,personalized gift,christmas tree decor,christmas gift,personalize ornament,custom ornament,christmas decor,gift for trucker,truck ornament,trucker gift,trucker ornament,hanging ornament,christmas truck
"Personalized Skid Steer Loader 2D Flat Ornament, Custom Name Christmas Ornament, Truck Car Ornament Keepsake Gift, Trucker Gift",https://www.etsy.com/listing/1810930748/personalized-skid-steer-loader-2d-flat,ZelosAudioLLC,https://www.etsy.com/shop/ZelosAudioLLC,19.95,0,0,0,0,0,5 Mo.,0,0,14,Home & Living,8,0,0.0,4046,"yellow dump trucks,ornament for toddler,christmas ornament,grandchild ornament,gifts for boys,excavator ornament,personalized gifts,custom boy trucks,children ornaments,construction worker,holiday tradition,backhoe gift,skid steer loader",yellow dump trucks,ornament for toddler,christmas ornament,grandchild ornament,gifts for boys,excavator ornament,personalized gifts,custom boy trucks,children ornaments,construction worker,holiday tradition,backhoe gift,skid steer loader
Get Lit Christmas Hat Trucker Hat Vintage Inspired Red Foam Mesh Adjustable Snapback Cap,https://www.etsy.com/listing/1820748448/get-lit-christmas-hat-trucker-hat,TruckerHatShop,https://www.etsy.com/shop/TruckerHatShop,29.99,0,0,0,0,0,4 Mo.,0,0,1,Accessories,21,0,0.0,1461,"boyfriend husband,pop culture hat,for women,trucker hat women,trucker hat men,vintage trucker hats,trendy trucker hats,gift idea,christmas party,christmas tree,xmas tree,tree topper,xmas ornament",boyfriend husband,pop culture hat,for women,trucker hat women,trucker hat men,vintage trucker hats,trendy trucker hats,gift idea,christmas party,christmas tree,xmas tree,tree topper,xmas ornament
"Custom Tractor For Farmer Christmas Ornament 2D, Tractor Christmas Flat Ornament Christmas Gift For Farmer, For Farmer Tractor Driver.",https://www.etsy.com/listing/1785848492/custom-tractor-for-farmer-christmas,MichaelDonofrioTee,https://www.etsy.com/shop/MichaelDonofrioTee,19.95,0,0,0,0,0,8 Mo.,1,0,40,Home & Living,10,0,0.0,5329,"flat ornament,christmas,xmas gift,personalized,shaped ornament,tractor,tractor driver,truck driver,trucker,tractor ornament,christmas 2024",flat ornament,christmas,xmas gift,personalized,shaped ornament,tractor,tractor driver,truck driver,trucker,tractor ornament,christmas 2024,--,--
Baseball Bundle | Baseball SVG | Baseball Bundle SVG | Baseball Shirt | Baseball Hat | Baseball Mom | Baseball Mom SVG | Baseball Mom Shirt,https://www.etsy.com/listing/1389733641/baseball-bundle-baseball-svg-baseball,CassandraLeeGray,https://www.etsy.com/shop/CassandraLeeGray,6.66,0,0,0,0,0,26 Mo.,0,0,2,Craft Supplies & Tools,37,0,0.0,828,"baseball png,baseball jpg,baseball hat,baseball cut file,baseball vector,baseball design,baseball cap,baseball trucker cap,baseball ornament,baseball print,custom baseball hat,baseball font,baseball helmet",baseball png,baseball jpg,baseball hat,baseball cut file,baseball vector,baseball design,baseball cap,baseball trucker cap,baseball ornament,baseball print,custom baseball hat,baseball font,baseball helmet
"Personalized Fire Truck Christmas Ornament, Trucker Christmas Light Ornament, 2024 Christmas Tree Decor Xmas Gift For Firefighter NFX217",https://www.etsy.com/listing/1816108610/personalized-fire-truck-christmas,OurForestFarm,https://www.etsy.com/shop/OurForestFarm,28.99,0,0,0,0,0,6 Mo.,0,0,3,Paper & Party Supplies,49,0,0.0,19183,"christmas tree decor,xmas ornament,family xmas keepsake,ceramic ornament,ornament for kids,truck gift for dad,children ornament,truck ornaments,fire truck,fire truck ornament,firefighter name,fighter lover gift,firefighter dad gift",christmas tree decor,xmas ornament,family xmas keepsake,ceramic ornament,ornament for kids,truck gift for dad,children ornament,truck ornaments,fire truck,fire truck ornament,firefighter name,fighter lover gift,firefighter dad gift
"Personalized Truck Ornament, Heavy Truck Ornament, Custom Truck Acrylic Ornament, Christmas Gift For Truck Driver, Gift For Trucker Ornament",https://www.etsy.com/listing/4404647573/personalized-truck-ornament-heavy-truck,EmbroiderEaseGoods,https://www.etsy.com/shop/EmbroiderEaseGoods,9.99,0,0,0,0,0,1 Mo.,0,0,17,Home & Living,4,0,0.0,583,"christmas ornament,personalized gift,christmas tree decor,christmas gift,personalize ornament,custom ornament,christmas decor,gift for trucker,truck ornament,trucker gift,trucker ornament,hanging ornament,christmas truck",christmas ornament,personalized gift,christmas tree decor,christmas gift,personalize ornament,custom ornament,christmas decor,gift for trucker,truck ornament,trucker gift,trucker ornament,hanging ornament,christmas truck
"Custom Semi Truck Trailer Ornament, Personalized Xmas Gift for Trucker Dad",https://www.etsy.com/listing/4374548390/custom-semi-truck-trailer-ornament,StoreSimonGifts,https://www.etsy.com/shop/StoreSimonGifts,21.89,0,0,0,0,0,1 Mo.,0,0,1,Home & Living,7,0,0.0,492,"custom ornament,semi truck trailer,big rig ornament,personalized xmas,truck christmas gift,semi truck gift,long haul driver,gift for dad husband,truck ornament,xmas ornament custom,christmas tree truck,truck life ornament,bro boyfriend gift",custom ornament,semi truck trailer,big rig ornament,personalized xmas,truck christmas gift,semi truck gift,long haul driver,gift for dad husband,truck ornament,xmas ornament custom,christmas tree truck,truck life ornament,bro boyfriend gift
Personalized Semi Truck Christmas Ornament: Custom Big Rig Gift,https://www.etsy.com/listing/4367317613/personalized-semi-truck-christmas,LajeunesseClothing,https://www.etsy.com/shop/LajeunesseClothing,24.80,0,0,0,0,0,1 Mo.,0,0,0,Home & Living,2,0,0.0,43,"semi truck,custom ornament,trucker gift,big rig ornament,holiday decor,christmas gift,tree ornament,personalized gift,custom name,truck driver gift,funny ornament,long haul gift,driver ornament",semi truck,custom ornament,trucker gift,big rig ornament,holiday decor,christmas gift,tree ornament,personalized gift,custom name,truck driver gift,funny ornament,long haul gift,driver ornament
"Personalized Fire Truck Christmas Ornament, Trucker Christmas Light Ornament, Customized 2025 Christmas Tree Decor Gift For Firefighter",https://www.etsy.com/listing/4390621371/personalized-fire-truck-christmas,LuscasShoping,https://www.etsy.com/shop/LuscasShoping,15.80,0,0,0,0,0,1 Mo.,0,0,3,Home & Living,3,0,0.0,140,"christmas ornament,custom ornament,christmas tree decor,personalize ornament,memorial ornament,acrylic ornament,hanging ornament,christmas car decor,fire truck ornament,firefighter dad gift,firefighter name,fighter lover gift,christmas 2025",christmas ornament,custom ornament,christmas tree decor,personalize ornament,memorial ornament,acrylic ornament,hanging ornament,christmas car decor,fire truck ornament,firefighter dad gift,firefighter name,fighter lover gift,christmas 2025
"Personalized Christmas Truck Ornament, Custom Name Trucker Gift, Semi Truck Christmas Tree Decor, Trucker Ornament, Christmas Gift for Him",https://www.etsy.com/listing/4399019028/personalized-christmas-truck-ornament,TaboadaFashionFunny,https://www.etsy.com/shop/TaboadaFashionFunny,19.95,0,0,0,0,0,1 Mo.,0,0,6,Home & Living,22,0,0.0,58,"customtruckorn,personalizedtruck,semitruckgift,truckdriverxmas,santahattruck,nameontruck,giftfortruckers,christmastruck,truckornament,customnameorn,shapedtruckorn,xmastruckgift,personalizedorn",customtruckorn,personalizedtruck,semitruckgift,truckdriverxmas,santahattruck,nameontruck,giftfortruckers,christmastruck,truckornament,customnameorn,shapedtruckorn,xmastruckgift,personalizedorn
"Personalized Logging Truck Ornament, Custom Name Logger Holiday Gift, Trucker Xmas Decor, Heavy Equipment Holiday Keepsake Umds-512",https://www.etsy.com/listing/4411372187/personalized-logging-truck-ornament,Bagjs,https://www.etsy.com/shop/Bagjs,30.11,0,0,0,0,0,1 Mo.,0,0,6,Home & Living,4,0,0.0,181,"christmas ornament,ornament gift,christmas decor,christmas keepsake,christmas gift,family christmas,christmas tree decor,christmas hanging,ornament  gift,personalized gift,custom ornament,custom christmas,car ornament",christmas ornament,ornament gift,christmas decor,christmas keepsake,christmas gift,family christmas,christmas tree decor,christmas hanging,ornament  gift,personalized gift,custom ornament,custom christmas,car ornament
Personalized Number Christmas Ornament: Custom Year Keepsake,https://www.etsy.com/listing/4409034613/personalized-number-christmas-ornament,LajeunesseClothing,https://www.etsy.com/shop/LajeunesseClothing,28.56,0,0,0,0,0,1 Mo.,0,0,0,Home & Living,4,0,0.0,280,"custom truck,truck ornament,semi truck gift,trucker gift,driver ornament,big rig decor,custom name,christmas gift,holiday ornament,driver keepsake,truck driver,semi truck decor,xmas ornament",custom truck,truck ornament,semi truck gift,trucker gift,driver ornament,big rig decor,custom name,christmas gift,holiday ornament,driver keepsake,truck driver,semi truck decor,xmas ornament
"Personalized Classic Trucks Christmas Ornament, Gifts For Truckers, Classic Truck Ornament, Gift For Truck Driver, Truck Christmas Decor",https://www.etsy.com/listing/4398424000/personalized-classic-trucks-christmas,LunaBloomStudioStore,https://www.etsy.com/shop/LunaBloomStudioStore,19.99,0,0,0,0,0,1 Mo.,0,0,1,Home & Living,11,0,0.0,383,"trucker christmas,trucker holiday gift,truck lover ornament,gifts for truckers,gift for trucker,truck xmas decor,vintage truck xmas,personalised truck,custom truck orn,christmas orn truck,giftfortruckdriver,customtruckgift,classic truck or",trucker christmas,trucker holiday gift,truck lover ornament,gifts for truckers,gift for trucker,truck xmas decor,vintage truck xmas,personalised truck,custom truck orn,christmas orn truck,giftfortruckdriver,customtruckgift,classic truck or
"Custom 2D Flat Construction Vehicle Acrylic Ornament, Personalized Excavator& Dump Truck Christmas Tree Keepsake 2025, Gift for Boys",https://www.etsy.com/listing/4371176527/custom-2d-flat-construction-vehicle,AoDaiPhuongDinh,https://www.etsy.com/shop/AoDaiPhuongDinh,22.94,0,0,0,0,0,4 Mo.,1,0,41,Home & Living,48,0,0.0,37325,"construction gift,xmas construction,dump truck gift,truck ornament,construction vehicle,kids construction,excavator ornament,xmas excavator gift,xmas truck gift,dump trucker gift,xmas trucker gift,gift for boys,trucker lover gift",construction gift,xmas construction,dump truck gift,truck ornament,construction vehicle,kids construction,excavator ornament,xmas excavator gift,xmas truck gift,dump trucker gift,xmas trucker gift,gift for boys,trucker lover gift
Personalized Trucker Christmas Ornament - Custom Name Semi Truck Gift for Driver - Tree Decor Hanging Xmas Decoration,https://www.etsy.com/listing/4400358001/personalized-trucker-christmas-ornament,LONGSHOP123,https://www.etsy.com/shop/LONGSHOP123,10.50,0,0,0,0,0,1 Mo.,0,0,0,Home & Living,1,0,0.0,5,"christmas ornament,personalized gift,christmas tree decor,christmas gift,personalize ornament,custom ornament,christmas decor,gift for trucker,truck ornament,trucker gift,trucker ornament,hanging ornament,christmas truck",christmas ornament,personalized gift,christmas tree decor,christmas gift,personalize ornament,custom ornament,christmas decor,gift for trucker,truck ornament,trucker gift,trucker ornament,hanging ornament,christmas truck
"Personalized Truck Ornament, Custom Name Trucker Gift, Home for the Holidays Keepsake, Semi Truck Christmas Decor, Tree Ornament",https://www.etsy.com/listing/4388423926/personalized-truck-ornament-custom-name,SamanthaLiews,https://www.etsy.com/shop/SamanthaLiews,19.85,0,0,0,0,0,1 Mo.,1,0,9,Home & Living,4,0,0.0,447,"christmas gift,personalized gift,christmas decor,holiday gift,christmas keepsake,ornament gift,holiday keepsake,funny christmas,trucker gift,semi truck,18 wheeler,truck ornament,driver gift",christmas gift,personalized gift,christmas decor,holiday gift,christmas keepsake,ornament gift,holiday keepsake,funny christmas,trucker gift,semi truck,18 wheeler,truck ornament,driver gift
"Personalized Red Truck Christmas Ornament, Buffalo Plaid Farm Truck Keepsake, Vintage Trucker Xmas Gift, 3D Print Acrylic Holiday Keepsake",https://www.etsy.com/listing/1549831269/personalized-red-truck-christmas,Unigix,https://www.etsy.com/shop/Unigix,17.99,0,0,0,0,0,28 Mo.,0,0,29,Home & Living,62,0,0.0,5198,"red truck,xmas ornament,buffalo plaid,farm truck,vintage truck,custom name,holiday gift,trucker gift,acrylic decor,christmas 2025,winter decor,rustic xmas,festive charm",red truck,xmas ornament,buffalo plaid,farm truck,vintage truck,custom name,holiday gift,trucker gift,acrylic decor,christmas 2025,winter decor,rustic xmas,festive charm
"Personalized Truck Driver Ornament, Custom Semi Truck Cab Mini Room, Trucker Christmas Gift, Big Rig Sleeper Decor, Gift for CDL Drivers",https://www.etsy.com/listing/4401804641/personalized-truck-driver-ornament,RamanathanDesignSG,https://www.etsy.com/shop/RamanathanDesignSG,17.02,0,0,0,0,0,1 Mo.,0,0,17,Home & Living,4,0,0.0,310,"truck driver gift,trucker christmas,sleeper cab mini room,trucking life gift,long haul driver,christmas trucker gift,custom trucker decor,road king ornament,christmas gift,personalized gift,christmas ornament,custom ornament,family ornament",truck driver gift,trucker christmas,sleeper cab mini room,trucking life gift,long haul driver,christmas trucker gift,custom trucker decor,road king ornament,christmas gift,personalized gift,christmas ornament,custom ornament,family ornament
"Custom Dump Truck Acrylic Ornament, Truck Christmas Gift, Trucker Christmas Lights Ornament, Truck Car 2D Flat Ornament, Trucker Lover Gift",https://www.etsy.com/listing/4401079730/custom-dump-truck-acrylic-ornament-truck,WishWhims,https://www.etsy.com/shop/WishWhims,19.98,0,0,0,0,0,6 Mo.,0,0,57,Home & Living,16,0,0.0,1601,"christmas ornament,dump truck ornament,truck car ornament,dump truck,truck xmas,trucker light,truck ornament,trucker gift,holiday decor,festive ornament,custom ornament,xmas gift,personalized gift",christmas ornament,dump truck ornament,truck car ornament,dump truck,truck xmas,trucker light,truck ornament,trucker gift,holiday decor,festive ornament,custom ornament,xmas gift,personalized gift
"Personalized Truck Driver Acrylic Christmas Ornament, Custom Holiday Keepsake, Unique Gifts for Truck Drivers and Truckers",https://www.etsy.com/listing/4367438285/personalized-truck-driver-acrylic,PersonalizedPaperBR,https://www.etsy.com/shop/PersonalizedPaperBR,17.32,0,0,0,0,0,5 Mo.,1,0,50,Home & Living,10,0,0.0,1756,"christmas gift,christmas ornament,christmas gifts,custom gift,xmas gift,xmas ornaments,acrylic ornament,custom ornament,gift for kids,truck gift,truck christmas,truck ornament,christmas truck",christmas gift,christmas ornament,christmas gifts,custom gift,xmas gift,xmas ornaments,acrylic ornament,custom ornament,gift for kids,truck gift,truck christmas,truck ornament,christmas truck
"Blue Semi Truck Ornament Sublimation PNG, Instant Digital Download ONLY Christmas Round Ornament PNG Truck Driver Gift Big Rig Trucker",https://www.etsy.com/listing/1776808151/blue-semi-truck-ornament-sublimation-png,brownbridgedesigns,https://www.etsy.com/shop/brownbridgedesigns,3.50,0,0,0,0,0,21 Mo.,2,0,441,Art & Collectibles,37,0,0.0,15016,"sublimation wrap,ornament sublimation,christmas ornament,3d christmas png,truck sublimation,circle ornament png,round ornament png,semi truck png,truck driver gift,3d truck ornament,3d semi truck png,big rig ornament png,trucker ornament png",sublimation wrap,ornament sublimation,christmas ornament,3d christmas png,truck sublimation,circle ornament png,round ornament png,semi truck png,truck driver gift,3d truck ornament,3d semi truck png,big rig ornament png,trucker ornament png
"Personalized Santa Truck 2D Ornament with Custom Name, Christmas Tree Decoration 2025, Truck Holiday Gift for Family, Kids, and Friends 2025",https://www.etsy.com/listing/4393902551/personalized-santa-truck-2d-ornament,FlastDecor,https://www.etsy.com/shop/FlastDecor,8.95,0,0,0,0,0,7 Mo.,0,0,4,Home & Living,19,0,0.0,552,"custom ornament,christmas decoration,2d ornament,acrylic ornament,christmas gift,christmas decor,personalized name,truck ornament,2025 christmas,santa ornament,gift for trucker,christmas truck,santa christmas",custom ornament,christmas decoration,2d ornament,acrylic ornament,christmas gift,christmas decor,personalized name,truck ornament,2025 christmas,santa ornament,gift for trucker,christmas truck,santa christmas
Red and Black Skulls on Chain,https://www.etsy.com/listing/1041882518/red-and-black-skulls-on-chain,YourFantasyLand,https://www.etsy.com/shop/YourFantasyLand,13.99,0,0,0,29,8,58 Mo.,158,0,1379,Electronics & Accessories,75,0,2.1,5753,"made in usa,trucker,mirror hangers,skull,skull hangers,gothic,bad boy,bad girl,red skull,skull figurines,car accessories,car ornament,halloween",made in usa,trucker,mirror hangers,skull,skull hangers,gothic,bad boy,bad girl,red skull,skull figurines,car accessories,car ornament,halloween
Semi Truck Christmas Ornament Trucker Ornament Personalized Semi Truck Ornament With Name Gift for Truck Drivers 18 Wheeler,https://www.etsy.com/listing/1091348236/semi-truck-christmas-ornament-trucker,SantasOrnamentShoppe,https://www.etsy.com/shop/SantasOrnamentShoppe,19.99,0,0,0,43,11,55 Mo.,17,0,1076,Home & Living,66,0,4.0,57215,"construction,garbage truck,personalize,personalize ornament,sanitation worker,truck driver,semi truck ornament,essential worker,semi truck driver,gift for truckers,18 wheeler",construction,garbage truck,personalize,personalize ornament,sanitation worker,truck driver,semi truck ornament,essential worker,semi truck driver,gift for truckers,18 wheeler,--,--
Trucker Christmas Ornament Ceramic Holiday Gift for Big Rig Driver Truck Driver Decor Personalized Stocking Stuffer Cab Keepsake,https://www.etsy.com/listing/4395958854/trucker-christmas-ornament-ceramic,PinkPosiesandPearls,https://www.etsy.com/shop/PinkPosiesandPearls,18.95,0,0,0,9,2,7 Mo.,2,0,94,Home & Living,112,0,9.57,134592,"christmas gift,christmas ornament,trucker gift,truck driver,big rig ornament,driver keepsake,long haul gift,trucking life,transportation gift,truck driver gift,trucker ornament,trucker christmas,best truck driver",christmas gift,christmas ornament,trucker gift,truck driver,big rig ornament,driver keepsake,long haul gift,trucking life,transportation gift,truck driver gift,trucker ornament,trucker christmas,best truck driver
Trucker Semi Truck Driver - In Loving Memory - Remembrance Keepsake Engraved Ornament - Personalized,https://www.etsy.com/listing/920419010/trucker-semi-truck-driver-in-loving,AlpineEngraving,https://www.etsy.com/shop/AlpineEngraving,14.95,0,0,0,30,7,65 Mo.,42,0,1201,Home & Living,165,0,2.5,17011,"in loving memory,remembrance ornament,peterbilt memorial,peterbilt ornament,peterbilt memory,peterbilt epitaph,peterbilt trucker,trucker memorial,trucker ornament,trucker epitaph,trucker remembrance,trucker driver death,semi truck driver",in loving memory,remembrance ornament,peterbilt memorial,peterbilt ornament,peterbilt memory,peterbilt epitaph,peterbilt trucker,trucker memorial,trucker ornament,trucker epitaph,trucker remembrance,trucker driver death,semi truck driver
"Personalized Tractor Christmas Acrylic Ornament, Tractor Christmas Flat Ornament, Christmas Gift for Farmer, Tractor Driver Ornament",https://www.etsy.com/listing/1795976739/personalized-tractor-christmas-acrylic,HandmadegiftVietnam,https://www.etsy.com/shop/HandmadegiftVietnam,17.99,0,0,0,0,0,19 Mo.,1,0,127,Home & Living,107,0,0.0,22551,"tractor driver gift,truck driver,trucker ornament,tractor ornament,trucker christmas,tractor driver 2024,tractor gift",tractor driver gift,truck driver,trucker ornament,tractor ornament,trucker christmas,tractor driver 2024,tractor gift,--,--,--,--,--,--
"Personalized Skid Steer Loader Christmas Ornament, Skid Steer Loader Ornament, Xmas Truck Drivers Gift Xmas Tree Hanging FREE GIFT BOX",https://www.etsy.com/listing/1795834616/personalized-skid-steer-loader-christmas,DeniceiaStore82,https://www.etsy.com/shop/DeniceiaStore82,16.79,0,0,0,24,3,19 Mo.,8,0,653,Home & Living,39,0,3.68,11453,"christmas ornament,christmas gift,christmas ornaments,xmas tree decor,personalized gift,custom ornament,tree hanging,christmas tree,2024 ornament,skid steer loader,trucker gift,trucker ornament,trucker christmas",christmas ornament,christmas gift,christmas ornaments,xmas tree decor,personalized gift,custom ornament,tree hanging,christmas tree,2024 ornament,skid steer loader,trucker gift,trucker ornament,trucker christmas
"Blue Christmas Patches,Christmas Embroidery Patch,Santa Claus Patch,Snowman,Christmas Tree,Christmas Ball Patch,Iron On Patch",https://www.etsy.com/listing/4415409348/blue-christmas-patcheschristmas,MORAGIO,https://www.etsy.com/shop/MORAGIO,2.41,0,0,0,0,0,6 Mo.,15,0,229,Accessories,48,0,0.0,43175,"girl patches,christmas ornaments,christmas gifts,applique patch,christmas decoration,christmas applique,merry christmas,winter applique,patches for jeans,patches for bags,patches for hats,trucker hat patches,patches clothes",girl patches,christmas ornaments,christmas gifts,applique patch,christmas decoration,christmas applique,merry christmas,winter applique,patches for jeans,patches for bags,patches for hats,trucker hat patches,patches clothes
Merry AF Pink Christmas Trucker Hat with Optional Ornament Hat Chain,https://www.etsy.com/listing/4419605403/merry-af-pink-christmas-trucker-hat-with,RainbowEmporiumGifts,https://www.etsy.com/shop/RainbowEmporiumGifts,35.00,0,0,0,0,0,6 Mo.,5,0,41,Accessories,25,0,0.0,3235,"custom,trucker,hat,gift,for her,pink,tree,sequin,merry,af,funny,white elephant,ornament",custom,trucker,hat,gift,for her,pink,tree,sequin,merry,af,funny,white elephant,ornament
"Personalized Truck Ornament, Truck Christmas Ornament, Truck Driver Ornament Gift, Trucker Gift, Truck Rearview Mirror Ornament TD-1018-KCYX",https://www.etsy.com/listing/1797643716/personalized-truck-ornament-truck,Huxyr,https://www.etsy.com/shop/Huxyr,21.58,0,0,0,7,1,20 Mo.,0,0,19,Home & Living,26,0,36.84,7332,"christmas gift,christmas decor,christmas ornament,hanging ornament,family ornament,funny ornament gift,custom ornament gift,personalized gift,christmas keepsake,christmas in july,xmas ornament,car ornament,custom christmas",christmas gift,christmas decor,christmas ornament,hanging ornament,family ornament,funny ornament gift,custom ornament gift,personalized gift,christmas keepsake,christmas in july,xmas ornament,car ornament,custom christmas
"Custom Embroidered Yellowstone Dad Hat, US National Park Gift",https://www.etsy.com/listing/1880670535/custom-yellowstone-dad-hat-us-national,ZephyrStreet,https://www.etsy.com/shop/ZephyrStreet,40.00,0,0,0,0,0,15 Mo.,0,0,2,Accessories,35,0,0.0,502,"us national parks,yellowstone national,park,yellowstone,yellowstone shirt,yellowstone ornament,wyoming,national park map,park shirt,yellowstone gifts,embroidered trucker,hat,custom dad hat",us national parks,yellowstone national,park,yellowstone,yellowstone shirt,yellowstone ornament,wyoming,national park map,park shirt,yellowstone gifts,embroidered trucker,hat,custom dad hat
"Semi Truck Driver Christmas Ornament, Gift for Trucker, Big Rig Driver, 18 Wheeler, Long Haul Driver, Transport Driving, Semi Truck Gifts",https://www.etsy.com/listing/1824262120/semi-truck-driver-christmas-ornament,WackieCreationsCo,https://www.etsy.com/shop/WackieCreationsCo,20.99,0,0,0,0,0,17 Mo.,0,0,5,Home & Living,31,0,0.0,716,"semi truck driver,truck driver gifts,semi truck gifts,semi driver ornament,trucker ornament,trucker gift ideas,big rig driver,long haul driver,cdl driver gift,cdl ornament,over the road gift,freight hauler gift,truck driver funny",semi truck driver,truck driver gifts,semi truck gifts,semi driver ornament,trucker ornament,trucker gift ideas,big rig driver,long haul driver,cdl driver gift,cdl ornament,over the road gift,freight hauler gift,truck driver funny
"Personalized Semi Truck Ornament, Truck Christmas Ornament, Gifts For Truck Driver, Colored Truck Ornament, Trucker Ornament Gift Thdso-1259",https://www.etsy.com/listing/4386267609/personalized-semi-truck-ornament-truck,Heemal,https://www.etsy.com/shop/Heemal,25.38,0,0,0,0,0,7 Mo.,0,0,0,Home & Living,8,0,0.0,661,"christmas ornament,ornament gift,christmas decor,christmas keepsake,christmas gift,family christmas,christmas tree decor,christmas hanging,ornament  gift,personalized gift,custom ornament,custom christmas,car ornament",christmas ornament,ornament gift,christmas decor,christmas keepsake,christmas gift,family christmas,christmas tree decor,christmas hanging,ornament  gift,personalized gift,custom ornament,custom christmas,car ornament
"Personalized Photo, Picture Rearview Mirror Hanger, Silver Stainless Steel, Gift for Mom Dad, Furbabies, Cat, Dog, Pet Memorial",https://www.etsy.com/listing/1763518752/personalized-photo-picture-rearview,TsTrinketsTreasures,https://www.etsy.com/shop/TsTrinketsTreasures,21.99,0,0,0,30,5,21 Mo.,11,0,414,Electronics & Accessories,194,0,7.25,29206,"personalized gift,picture charm,kids picture,gift for driver,christmas ornament,gift mom kids charm,photo picture pet,trucker military id,mirror car charm",personalized gift,picture charm,kids picture,gift for driver,christmas ornament,gift mom kids charm,photo picture pet,trucker military id,mirror car charm,--,--,--,--
Patent Depicting Mack Truck Bulldog Radiator Cap Blueprint - Wall Art Print Decor - Size Options,https://www.etsy.com/listing/724641232/patent-depicting-mack-truck-bulldog,OffTheWallPrintShop,https://www.etsy.com/shop/OffTheWallPrintShop,12.90,0,0,0,25,5,80 Mo.,33,0,1010,Art & Collectibles,102,0,2.48,8414,"truck engine,truck driver gift,bulldog art,bulldog truck patent,bulldog truck art,bulldog ornament,mack truck bulldog,mack truck poster,mack truck decor,mack truck,mack bulldog,trucker gift,gift for trucker",truck engine,truck driver gift,bulldog art,bulldog truck patent,bulldog truck art,bulldog ornament,mack truck bulldog,mack truck poster,mack truck decor,mack truck,mack bulldog,trucker gift,gift for trucker
Big Mama Trucker #2 Metal Art Ornament | Custom Metal Ornament | Christmas Tree Decoration | Novelty Gift | Handmade in USA,https://www.etsy.com/listing/4413878108/big-mama-trucker-2-metal-art-ornament,EliteMetalworking,https://www.etsy.com/shop/EliteMetalworking,20.00,0,0,0,0,0,6 Mo.,0,0,2,Home & Living,97,0,0.0,8861,"metal art,ornament,christmas tree,gift,small gift,unique gift,secret santa gift,white elephant,novelty ornament,ornament for him,gag gift,trucker girl,curvy",metal art,ornament,christmas tree,gift,small gift,unique gift,secret santa gift,white elephant,novelty ornament,ornament for him,gag gift,trucker girl,curvy
"Trucker Ornament, Truck driver Ornament, Christmas Ornament, Personalized Ornament, Handmade Ornament, Truck driver gift, Trucker gift",https://www.etsy.com/listing/652696439/trucker-ornament-truck-driver-ornament,Etchddreams,https://www.etsy.com/shop/Etchddreams,15.00,0,0,0,11,2,91 Mo.,15,0,357,Home & Living,166,0,3.08,19111,"christmas ornament,wood ornament,wood ornaments,personalized,monogrammed,handmade ornament,graduation gift,christmas gift,christmas gifts,trucker ornament,trucker gift,truck driver gift,truck driver art",christmas ornament,wood ornament,wood ornaments,personalized,monogrammed,handmade ornament,graduation gift,christmas gift,christmas gifts,trucker ornament,trucker gift,truck driver gift,truck driver art
"Personalized Truck Driver Christmas Ornament, Truck Merry Tree Ornament, Flat Acrylic/Wood Holiday Gift for Dad G5NY07",https://www.etsy.com/listing/4410790206/personalized-truck-driver-christmas,RetroTreasuresArt,https://www.etsy.com/shop/RetroTreasuresArt,25.98,0,0,0,0,0,6 Mo.,0,0,6,Home & Living,18,0,0.0,4616,"truck ornament,driver gift,dad gift,custom name,2d flat,xmas decor,tree truck,2025 gift,truckers,holiday dad,semi truck,driver xmas,work gift",truck ornament,driver gift,dad gift,custom name,2d flat,xmas decor,tree truck,2025 gift,truckers,holiday dad,semi truck,driver xmas,work gift
"Trucker Ornament, Big Rig Trucking Ornament, Big Wheeler Freight Truck Driver Ornament, Trucking Company Staff Gift, Personalized Trucker",https://www.etsy.com/listing/4402465052/trucker-ornament-big-rig-trucking,SnowyFriendsStudio,https://www.etsy.com/shop/SnowyFriendsStudio,17.50,0,0,0,0,0,6 Mo.,0,0,1,Home & Living,11,0,0.0,202,"snowman ornament,trucking ornament,trucker ornament,personalized trucker,big rig ornament,trucking company,big wheeler gift,trucking staff gift,semi driver ornament,funny trucking gift,funny trucking shirt,diesel truck driver,funny semi driver",snowman ornament,trucking ornament,trucker ornament,personalized trucker,big rig ornament,trucking company,big wheeler gift,trucking staff gift,semi driver ornament,funny trucking gift,funny trucking shirt,diesel truck driver,funny semi driver
Personalized Trump Trucker Gift Custom Trump Funny Trump Ornament For Truckers Truck Driver Gag Gifts Trucker Gifts For Truck Driver,https://www.etsy.com/listing/1812505540/personalized-trump-trucker-gift-custom,DuckyCustomizedGifts,https://www.etsy.com/shop/DuckyCustomizedGifts,23.97,0,0,0,0,0,18 Mo.,0,0,4,Home & Living,40,0,0.0,1887,"gift ideas trucker,gifts for trucker,truck driver gift,truck driver mug,trucker coffee cup,trucker gift ideas,trucker mug coffee,trump coffee mug,trump trucker gifts,trump trucker mug",gift ideas trucker,gifts for trucker,truck driver gift,truck driver mug,trucker coffee cup,trucker gift ideas,trucker mug coffee,trump coffee mug,trump trucker gifts,trump trucker mug,--,--,--
"Custom Name Christmas Truck Santa Hat Ornament, Truck Christmas Acrylic Ornament, 2025 Xmas Gift For Truck Driver, Gift For Trucker Ornament",https://www.etsy.com/listing/4403015278/custom-name-christmas-truck-santa-hat,VelvetandVogueLTD,https://www.etsy.com/shop/VelvetandVogueLTD,21.26,0,0,0,0,0,7 Mo.,0,0,0,Home & Living,14,0,0.0,676,"christmas ornament,personalized gift,christmas tree decor,christmas gift,personalize ornament,custom ornament,christmas decor,gift for trucker,truck ornament,trucker gift,trucker ornament,hanging ornament,christmas truck",christmas ornament,personalized gift,christmas tree decor,christmas gift,personalize ornament,custom ornament,christmas decor,gift for trucker,truck ornament,trucker gift,trucker ornament,hanging ornament,christmas truck
"Personalized Tractor Christmas Acrylic Ornament, Tractor Christmas 2024 Ornament, Christmas Gift For Farmer, For Farmer Tractor Driver",https://www.etsy.com/listing/1793802659/personalized-tractor-christmas-acrylic,ZonictaBrand,https://www.etsy.com/shop/ZonictaBrand,21.52,0,0,0,0,0,21 Mo.,0,0,40,Home & Living,93,0,0.0,28671,"tractor driver gift,truck driver,trucker ornament,tractor ornament,trucker christmas,tractor driver 2024",tractor driver gift,truck driver,trucker ornament,tractor ornament,trucker christmas,tractor driver 2024,--,--,--,--,--,--,--
"Personalized Semi Truck Christmas Ornament 2D, Christmas gift for truck driver, Gifts For Christmas, Gifts For Colleagues.",https://www.etsy.com/listing/1785861624/personalized-semi-truck-christmas,MichaelDonofrioTee,https://www.etsy.com/shop/MichaelDonofrioTee,19.95,0,0,0,0,0,8 Mo.,0,0,95,Home & Living,10,0,0.0,5289,"flat ornament,christmas,xmas gift,personalized,shaped ornament,tractor,tractor driver,truck driver,trucker,gifts for company,gifts for christmas,gifts for colleagues,christmas 2024",flat ornament,christmas,xmas gift,personalized,shaped ornament,tractor,tractor driver,truck driver,trucker,gifts for company,gifts for christmas,gifts for colleagues,christmas 2024
"Personalized Trucker Christmas Ornament 2025 – Custom Name Semi Truck Holiday Decoration, Unique Hanging Xmas Tree Ornament Gift 2D",https://www.etsy.com/listing/4424194773/personalized-trucker-christmas-ornament,thequang,https://www.etsy.com/shop/thequang,12.99,0,0,0,0,0,1 Mo.,0,0,0,Home & Living,4,0,0.0,0,"truck driver,trucker,trucking,cdl driver,semi truck,personalized,custom name,name and year,2025 ornament,christmas ornament,tree ornament,holiday gift,ceramic ornament",truck driver,trucker,trucking,cdl driver,semi truck,personalized,custom name,name and year,2025 ornament,christmas ornament,tree ornament,holiday gift,ceramic ornament
"Personalized America Trucker - Merry Christmas - Truck Hanging Ornament Christmas Ornament 2D, Personalized Truck Ornament",https://www.etsy.com/listing/1783375506/personalized-america-trucker-merry,MichaelDonofrioTee,https://www.etsy.com/shop/MichaelDonofrioTee,19.95,0,0,0,0,0,8 Mo.,0,0,12,Home & Living,10,0,0.0,5329,"christmas gift,christmas ornament,trucker ornament,truck ornament,trucker christmas,trucker truck,trucker gift,christmas ornaments,tractor ornament,truck christmas,acrylic ornament,christmas gifts,tractor ornaments",christmas gift,christmas ornament,trucker ornament,truck ornament,trucker christmas,trucker truck,trucker gift,christmas ornaments,tractor ornament,truck christmas,acrylic ornament,christmas gifts,tractor ornaments
Green Ornament | Embroidered Iron On Patch | Ready To Ship | Fast Shipping,https://www.etsy.com/listing/1791550992/green-ornament-embroidered-iron-on-patch,Fancy4Fabric,https://www.etsy.com/shop/Fancy4Fabric,5.00,0,0,0,0,0,6 Mo.,0,0,3,Craft Supplies & Tools,41,0,0.0,9113,"patch,patches,embroidery,trucker hats,embroidered patch,iron on,heat press,embroidery patch,winter,christmas,ornament,santa,belt",patch,patches,embroidery,trucker hats,embroidered patch,iron on,heat press,embroidery patch,winter,christmas,ornament,santa,belt
"Personalized Tractor Christmas Ornament Flat 2D, Tractor Christmas Flat Ornament Christmas Gift For Farmer, For Farmer Tractor Driver",https://www.etsy.com/listing/1825109439/personalized-tractor-christmas-ornament,ZelosAudioLLC,https://www.etsy.com/shop/ZelosAudioLLC,19.95,0,0,0,0,0,5 Mo.,0,0,2,Home & Living,8,0,0.0,4046,"flat ornament,xmas gift,personalized,shaped ornament,tractor,tractor driver,truck driver,trucker,tractor ornament,christmas 2024,first christmas 2024,gift for dad,tractor dad gift",flat ornament,xmas gift,personalized,shaped ornament,tractor,tractor driver,truck driver,trucker,tractor ornament,christmas 2024,first christmas 2024,gift for dad,tractor dad gift
"Celebrate The Holidays With Festive Truck Scene, Personalized Custom Acrylic Ornament, Unique Christmas Gift For Truck Drivers And Families",https://www.etsy.com/listing/4356412364/celebrate-the-holidays-with-festive,ChristineBabyBoo,https://www.etsy.com/shop/ChristineBabyBoo,17.85,0,0,0,0,0,1 Mo.,0,0,1,Home & Living,1,0,0.0,0,"acrylic holiday gift,christmas gift,acrylic ornament,custom family,personalized holiday,christmas ornament,custom ornament,photo ornament,baby photo ornament,christmas truck gift,truck ornament,personalized truck,gift for trucker",acrylic holiday gift,christmas gift,acrylic ornament,custom family,personalized holiday,christmas ornament,custom ornament,photo ornament,baby photo ornament,christmas truck gift,truck ornament,personalized truck,gift for trucker
"Personalized Swimmer Ornament: Custom Swimsuit, 2D Acrylic Decoration",https://www.etsy.com/listing/4372920251/personalized-swimmer-ornament-custom,HandmadeChristineLtd,https://www.etsy.com/shop/HandmadeChristineLtd,24.20,0,0,0,0,0,2 Mo.,0,0,7,Home & Living,4,0,0.0,344,"christmas ornament,trucker gift,trucker christmas,christmas gift,xmas tree decor,heavy equipment,custom ornament,tree hanging,christmas tree,2025 ornament,skid steer loader,construct equipment,trucker ornament",christmas ornament,trucker gift,trucker christmas,christmas gift,xmas tree decor,heavy equipment,custom ornament,tree hanging,christmas tree,2025 ornament,skid steer loader,construct equipment,trucker ornament
Crochet raccoon initial car ornament first car gifts,https://www.etsy.com/listing/1754050535/crochet-raccoon-initial-car-ornament,FairyToysWorld,https://www.etsy.com/shop/FairyToysWorld,23.90,0,0,0,0,0,11 Mo.,1,0,6,Electronics & Accessories,99,0,0.0,9623,"crochet raccoon,initial car ornament,first car gifts,new year amigurumi,trucker accessories,office gift exchange,personalized raccoon,auto decoration,driving gift,custom zoo animal,cute car pendant,stocking filler idea,christmas plush gift",crochet raccoon,initial car ornament,first car gifts,new year amigurumi,trucker accessories,office gift exchange,personalized raccoon,auto decoration,driving gift,custom zoo animal,cute car pendant,stocking filler idea,christmas plush gift
"Custom Semi Truck Christmas Ornament with Name, Personalized Big Rig Decoration, Holiday Gift for Trucker, Driver Christmas Tree Ornament",https://www.etsy.com/listing/4374422113/custom-semi-truck-christmas-ornament,MarieFlowerHandmade,https://www.etsy.com/shop/MarieFlowerHandmade,23.95,0,0,0,0,0,1 Mo.,0,0,1,Home & Living,7,0,0.0,930,"semi truck ornament,big rig gift,truck driver gift,custom truck decor,christmas truck,holiday truck gift,driver ornament,custom name gift,trucker christmas,truck tree decor,freight truck gift,custom ornament,ornament",semi truck ornament,big rig gift,truck driver gift,custom truck decor,christmas truck,holiday truck gift,driver ornament,custom name gift,trucker christmas,truck tree decor,freight truck gift,custom ornament,ornament
"Personalized Delivery Truck Driver Ornament, Custom Name Christmas Decor, Holiday Acrylic Ornament for Mail Carrier, Delivery Driver Gift",https://www.etsy.com/listing/4377936872/personalized-delivery-truck-driver,HandmadeHabibaLtd,https://www.etsy.com/shop/HandmadeHabibaLtd,19.51,0,0,0,0,0,2 Mo.,2,0,28,Home & Living,4,0,0.0,353,"truck ornament,driver gift,custom ornament,mail carrier gift,delivery gift,truck decor,acrylic ornament,santa driver,custom name gift,holiday ornament,trucker gift,xmas ornament,driver present",truck ornament,driver gift,custom ornament,mail carrier gift,delivery gift,truck decor,acrylic ornament,santa driver,custom name gift,holiday ornament,trucker gift,xmas ornament,driver present
"Custom Trucker Ornament, Christmas Truck Ornament, Personalized Trucker Gift, Truck Driver Gift, Christmas Tree Decor, Semi-Truck Lover Gift",https://www.etsy.com/listing/4399028321/custom-trucker-ornament-christmas-truck,TaboadaFashionFunny,https://www.etsy.com/shop/TaboadaFashionFunny,19.95,0,0,0,0,0,1 Mo.,0,0,1,Home & Living,22,0,0.0,58,"customtruckorn,personalizedtruck,semitruckgift,truckdriverxmas,santahattruck,nameontruck,giftfortruckers,christmastruck,truckornament,customnameorn,shapedtruckorn,xmastruckgift,personalizedorn",customtruckorn,personalizedtruck,semitruckgift,truckdriverxmas,santahattruck,nameontruck,giftfortruckers,christmastruck,truckornament,customnameorn,shapedtruckorn,xmastruckgift,personalizedorn
"Personalized Semi Truck Christmas Ornament, Trucker Gift, Custom Name Ornament, Truck Driver Gift, Xmas Tree Decor, Semi Truck Lover Gift",https://www.etsy.com/listing/4399037229/personalized-semi-truck-christmas,TaboadaFashionFunny,https://www.etsy.com/shop/TaboadaFashionFunny,19.95,0,0,0,0,0,1 Mo.,0,0,19,Home & Living,22,0,0.0,105,"custom ornament,christmas decoration,2d ornament,acrylic ornament,christmas gift,christmas decor,personalized name,truck ornament,2025 christmas,semi truck ornament,holiday ornament,trucker gift,acrylic keepsake",custom ornament,christmas decoration,2d ornament,acrylic ornament,christmas gift,christmas decor,personalized name,truck ornament,2025 christmas,semi truck ornament,holiday ornament,trucker gift,acrylic keepsake
"Merry Vibes Retro Ornaments Patch Iron on Patch, Trucker Hat Patch, Iron on Hat Patch, Iron On, Hat Patch, Christmas Patch, Holiday Patch",https://www.etsy.com/listing/1810894707/merry-vibes-retro-ornaments-patch-iron,DIYersSupply,https://www.etsy.com/shop/DIYersSupply,3.50,0,0,0,0,0,16 Mo.,8,0,14,Accessories,83,0,0.0,2506,"iron on,iron on patch,iron on patches,trucker hat patch,trucker hat patches,hat bar supplies,hat bar patch,hat patches,hat bar,trucker hat,funny patch,christmas patch,merry vibes",iron on,iron on patch,iron on patches,trucker hat patch,trucker hat patches,hat bar supplies,hat bar patch,hat patches,hat bar,trucker hat,funny patch,christmas patch,merry vibes
"Truck Driver, Trucker, Acrylic Christmas Tree Ornament",https://www.etsy.com/listing/1740364550/truck-driver-trucker-acrylic-christmas,JuneRaeGraceDesigns,https://www.etsy.com/shop/JuneRaeGraceDesigns,15.00,0,0,0,0,0,18 Mo.,0,0,18,Home & Living,18,0,0.0,165,"christmas tree,tree ornament,truck,truck driver,trucker,semi truck,big rig",christmas tree,tree ornament,truck,truck driver,trucker,semi truck,big rig,--,--,--,--,--,--
Santa black cat personalized rear view mirror charm,https://www.etsy.com/listing/4390644674/santa-black-cat-personalized-rear-view,FairyToysWorld,https://www.etsy.com/shop/FairyToysWorld,23.00,0,0,0,0,0,3 Mo.,0,0,1,Electronics & Accessories,107,0,0.0,9959,"santa black cat,personalized rear,view mirror charm,cute stocking filler,christmas plush gift,crochet kitty,initial hanging,trucker accessories,family gift exchange,amigurumi kitten,letter car ornament,new years eve favors,coworker gift idea",santa black cat,personalized rear,view mirror charm,cute stocking filler,christmas plush gift,crochet kitty,initial hanging,trucker accessories,family gift exchange,amigurumi kitten,letter car ornament,new years eve favors,coworker gift idea
"Logging Truck Ornament, Personalized Custom Name Logger Gift, Trucker Xmas Decor, Heavy Equipment Holiday Keepsake UN5C25",https://www.etsy.com/listing/4412053019/logging-truck-ornament-personalized,CaffennDesign,https://www.etsy.com/shop/CaffennDesign,23.99,0,0,0,0,0,6 Mo.,0,0,0,Home & Living,16,0,0.0,4181,"logging truck,personalized gift,logger gift,trucker gift,acrylic ornament,custom name,heavy equipment,xmas keepsake,worker gift,truck decor,dad gift,unique gift",logging truck,personalized gift,logger gift,trucker gift,acrylic ornament,custom name,heavy equipment,xmas keepsake,worker gift,truck decor,dad gift,unique gift,--
Trucker Retirement Gift | Ceramic Ornament,https://www.etsy.com/listing/4422589463/trucker-retirement-gift-ceramic-ornament,HomelandNook,https://www.etsy.com/shop/HomelandNook,14.45,0,0,0,0,0,5 Mo.,0,0,2,Home & Living,7,0,0.0,53,"",--,--,--,--,--,--,--,--,--,--,--,--,--
Personalized Truck Ornament - Truck Driver Ornament - Semi Truck Christmas Ornament- Tractor Trailer Truck Ornament - Red Truck Ornament,https://www.etsy.com/listing/1183423600/personalized-truck-ornament-truck-driver,Ornaments247,https://www.etsy.com/shop/Ornaments247,24.99,0,0,0,0,0,50 Mo.,2,0,140,Home & Living,86,0,0.0,15975,"semi truck ornament,tractor trailer gift,trucker gift,truck driver gift,truck driver things,truck ornament,personalized truck,16 wheeler,sixteen wheeler,trucking gifts,trucker,tractor trailer,ornament exchange",semi truck ornament,tractor trailer gift,trucker gift,truck driver gift,truck driver things,truck ornament,personalized truck,16 wheeler,sixteen wheeler,trucking gifts,trucker,tractor trailer,ornament exchange
"Personalized Log Truck Christmas Ornament, Truck Driver Ornament Gift, Big Rig Xmas Decor, Trucker Keepsake, Transportation Gift Thdso-3208",https://www.etsy.com/listing/4409931909/personalized-log-truck-christmas,Zentati,https://www.etsy.com/shop/Zentati,23.36,0,0,0,0,0,6 Mo.,0,0,5,Home & Living,14,0,0.0,947,"christmas gift,christmas decor,christmas ornament,hanging ornament,family ornament,funny ornament gift,custom ornament gift,personalized gift,christmas keepsake,christmas in july,xmas ornament,car ornament,custom christmas",christmas gift,christmas decor,christmas ornament,hanging ornament,family ornament,funny ornament gift,custom ornament gift,personalized gift,christmas keepsake,christmas in july,xmas ornament,car ornament,custom christmas
"Trucker Truck Christmas Ornament, Trucker Ornament,  Trucker Christmas Light, Personalized Truck Ornament 2D Ornament",https://www.etsy.com/listing/4338737155/trucker-truck-christmas-ornament-trucker,MyGlassofWine,https://www.etsy.com/shop/MyGlassofWine,17.13,0,0,0,5,1,10 Mo.,6,0,141,Home & Living,104,0,3.55,13325,"christmas ornament,christmas gifts,trucker ornament,truck ornament,2d ornament,trucker christmas,trucker gift,truck christmas",christmas ornament,christmas gifts,trucker ornament,truck ornament,2d ornament,trucker christmas,trucker gift,truck christmas,--,--,--,--,--
"Truck Driver svg, Trucker transporter ornament svg file, Car charm or ornament digital file, Cut & score laser cut file made for Glowforge,",https://www.etsy.com/listing/1265326084/truck-driver-svg-trucker-transporter,GlowYourDesign,https://www.etsy.com/shop/GlowYourDesign,3.95,0,0,0,106,10,45 Mo.,131,0,832,Craft Supplies & Tools,63,0,12.74,39602,"digital download,ornament svg,file for glowforge,glowforge svg file,car charm svg,stocking stuffer,laser engraved,truck driver svg,trucker svg,semi truck svg,transporter svg,laser cut file,professions svg",digital download,ornament svg,file for glowforge,glowforge svg file,car charm svg,stocking stuffer,laser engraved,truck driver svg,trucker svg,semi truck svg,transporter svg,laser cut file,professions svg
Engraved Wooden Christmas Tree Ornament - Semi Truck,https://www.etsy.com/listing/646301118/engraved-wooden-christmas-tree-ornament,MyFourDaughtersEngrv,https://www.etsy.com/shop/MyFourDaughtersEngrv,6.95,0,0,0,4,2,88 Mo.,14,0,322,Home & Living,139,0,1.24,442,"wood,wooden,ornament,engraved,laser,tree,decoration,christmas,trucker,truck,semi,long haul",wood,wooden,ornament,engraved,laser,tree,decoration,christmas,trucker,truck,semi,long haul,--
"Vintage Mack Truck Bulldog Hood Ornament, Long Ear 1932-1979",https://www.etsy.com/listing/4487952034/vintage-mack-truck-bulldog-hood-ornament,CatchAndReleaseMerch,https://www.etsy.com/shop/CatchAndReleaseMerch,235.00,0,0,0,0,0,1 Mo.,0,0,9,Electronics & Accessories,132,0,0.0,2788,"mack truck,mack hood ornament,bulldog,bulldog ornament,mack bulldog,mack dog with base,bulldog with base,trucker gift,mack truck gift,mack bulldog 87931,mack truck 87931,87931 with mount,87931 with base",mack truck,mack hood ornament,bulldog,bulldog ornament,mack bulldog,mack dog with base,bulldog with base,trucker gift,mack truck gift,mack bulldog 87931,mack truck 87931,87931 with mount,87931 with base
"Personalized Metal Pickup Truck Ornament with Tree, Custom Christmas Truck Ornament, Gift For Trucker, Truck Keepsake, Holiday Tree Decor",https://www.etsy.com/listing/4404024263/personalized-metal-pickup-truck-ornament,GiftsbyJLDesign,https://www.etsy.com/shop/GiftsbyJLDesign,25.98,0,0,0,12,4,6 Mo.,6,1,271,Home & Living,22,25,4.43,555,"metal ornament,christmas ornament,christmas decoration,christmas tree decor,winter holiday decor,xmas truck ornament,farmhouse xmas decor,vintage truck decor,ornament 2025,christmas truck,metal truck ornament,gift for him,truck keepsake",metal ornament,christmas ornament,christmas decoration,christmas tree decor,winter holiday decor,xmas truck ornament,farmhouse xmas decor,vintage truck decor,ornament 2025,christmas truck,metal truck ornament,gift for him,truck keepsake
Big Mama Trucker #1 Metal Art Ornament | Custom Metal Ornament | Christmas Tree Decoration | Novelty Gift | Handmade in USA,https://www.etsy.com/listing/4413877752/big-mama-trucker-1-metal-art-ornament,EliteMetalworking,https://www.etsy.com/shop/EliteMetalworking,20.00,0,0,0,0,0,6 Mo.,0,0,0,Home & Living,97,0,0.0,8861,"metal art,ornament,christmas tree,gift,small gift,unique gift,secret santa gift,white elephant,novelty ornament,ornament for him,gag gift,trucker girl,curvy",metal art,ornament,christmas tree,gift,small gift,unique gift,secret santa gift,white elephant,novelty ornament,ornament for him,gag gift,trucker girl,curvy
"250th Anniversary PNG SVG, America 250 Years Eagle Stamp Digital Download, Trucker Hat Logo, Patriotic Seal, Ornament Tag Laser Cut File",https://www.etsy.com/listing/4461850664/250th-anniversary-png-svg-america-250,TVFrameFinesse,https://www.etsy.com/shop/TVFrameFinesse,4.96,0,0,0,0,0,3 Mo.,1,0,26,Art & Collectibles,31,0,0.0,682,"we the people,america 250,250th anniversary,1776 2026 design,semiquincentennial,patriotic eagle,usa 250 svg,july 4th shirt,american seal art,independence day png,patriotic cut file,usa anniversary logo,sublimation design",we the people,america 250,250th anniversary,1776 2026 design,semiquincentennial,patriotic eagle,usa 250 svg,july 4th shirt,american seal art,independence day png,patriotic cut file,usa anniversary logo,sublimation design
"Engraved Trucker Maple Leaf Ornament, Patriotic Gift",https://www.etsy.com/listing/1168904610/engraved-trucker-maple-leaf-ornament,GreatAmericanFlagCo,https://www.etsy.com/shop/GreatAmericanFlagCo,14.00,0,0,0,0,0,51 Mo.,4,0,162,Home & Living,85,0,0.0,1928,"christmas ornament,patriotic ornament,keepsake ornament,freedom convoy,trucker gift,canada gift,canadian gift,personalized gift,wood ornament,veteran gift,freedom gift,driver gift,wood art",christmas ornament,patriotic ornament,keepsake ornament,freedom convoy,trucker gift,canada gift,canadian gift,personalized gift,wood ornament,veteran gift,freedom gift,driver gift,wood art
Truck Stop Cafe Trucker Christmas Ornament Handmade From Maple Wood By KevsKrafts,https://www.etsy.com/listing/257826388/truck-stop-cafe-trucker-christmas,KevsKrafts,https://www.etsy.com/shop/KevsKrafts,15.97,0,0,0,0,0,126 Mo.,9,0,116,Home & Living,188,0,0.0,3668,"truck stop decor,christmas ornament,cafe ornament,holiday decor,unique gift,kevskrafts,wood ornament,trucker ornament,xmas ornament,truck driver,wooden ornament",truck stop decor,christmas ornament,cafe ornament,holiday decor,unique gift,kevskrafts,wood ornament,trucker ornament,xmas ornament,truck driver,wooden ornament,--,--
Trucker Cross Christmas Ornament Laser Cut By KevsKrafts,https://www.etsy.com/listing/1110437759/trucker-cross-christmas-ornament-laser,KevsKrafts,https://www.etsy.com/shop/KevsKrafts,17.97,0,0,0,0,0,55 Mo.,2,0,104,Home & Living,188,0,0.0,3668,"trucker life,semi truck,christmas ornament,cross,trucker cross,kevskrafts,laser engrave,laser cut,unique gift,trucker family,tractor trailer,truck driver school",trucker life,semi truck,christmas ornament,cross,trucker cross,kevskrafts,laser engrave,laser cut,unique gift,trucker family,tractor trailer,truck driver school,--
"Christmas Food Truck Ornament, Custom Name Food Truck Christmas Acrylic Ornament, 2025 Xmas Gift For Truck Driver, Gift For Trucker Ornament",https://www.etsy.com/listing/4386698962/christmas-food-truck-ornament-custom,TuanTuProDesigns,https://www.etsy.com/shop/TuanTuProDesigns,26.99,0,0,0,0,0,7 Mo.,0,0,36,Home & Living,16,0,0.0,881,"christmas gift,christmas ornament,hanging ornament,car mirror ornament,car mirror decor,christmas keepsake,food truck ornament,food truck gifts,food delivery,food lover ornament,custom food truck,food driver,acrylic ornament",christmas gift,christmas ornament,hanging ornament,car mirror ornament,car mirror decor,christmas keepsake,food truck ornament,food truck gifts,food delivery,food lover ornament,custom food truck,food driver,acrylic ornament
"Personalized Truck Christmas Ornament, Trucker Truck Excavator Truck Garbage Truck Christmas Light Ornament, Christmas Tree Hanging Decor",https://www.etsy.com/listing/1821345697/personalized-truck-christmas-ornament,EDesignShopUSA,https://www.etsy.com/shop/EDesignShopUSA,23.99,0,0,0,5,1,18 Mo.,3,0,241,Home & Living,36,0,2.07,49842,"christmas tree decor,family xmas keepsake,ornament for kids,truck gift for dad,fire truck ornament,trucker christmas,truck lovers gift,merry christmas 2024,tractor christmas,tractor ornament,truck birthday boy,custom name ornament,family christmas",christmas tree decor,family xmas keepsake,ornament for kids,truck gift for dad,fire truck ornament,trucker christmas,truck lovers gift,merry christmas 2024,tractor christmas,tractor ornament,truck birthday boy,custom name ornament,family christmas
"Texas Sheriff Squad, Crochet Car Hanging, Ornament Set 5pc, Longhorn Opossum Raccoon Armadillo Toad",https://www.etsy.com/listing/4481478539/texas-sheriff-squad-crochet-car-hanging,DinoEcoBabyToys,https://www.etsy.com/shop/DinoEcoBabyToys,23.00,0,0,0,0,0,1 Mo.,0,0,16,Electronics & Accessories,75,0,0.0,4098,"texas sheriff set,car hanging charm,crochet cow decor,opossum car ornament,raccoon gift idea,armadillo desk pet,horned toad toy,western  accessory,handmade car gift,road trip mascot,animal lover gift,trucker accessory,cute dash buddy",texas sheriff set,car hanging charm,crochet cow decor,opossum car ornament,raccoon gift idea,armadillo desk pet,horned toad toy,western  accessory,handmade car gift,road trip mascot,animal lover gift,trucker accessory,cute dash buddy
"Personalized Tractor Ornament Custom Shaped Acrylic Ornament for Farmer Tractor Driver, Tractor Christmas Flat Ornament Christmas",https://www.etsy.com/listing/1317561013/personalized-tractor-ornament-custom,HAVIBraidedBracelet,https://www.etsy.com/shop/HAVIBraidedBracelet,18.99,0,0,0,0,0,43 Mo.,5,0,241,Home & Living,58,0,0.0,13349,"flat ornament,christmas,xmas gift,personalized,shaped ornament,christmas 2022,tractor,tractor driver,truck driver,trucker,tractor ornament",flat ornament,christmas,xmas gift,personalized,shaped ornament,christmas 2022,tractor,tractor driver,truck driver,trucker,tractor ornament,--,--
"Personalized Fire Truck Christmas Ornament, Trucker Christmas Light Ornament, Custom Company Group Christmas Tree Decor Gift For Firefighter",https://www.etsy.com/listing/4394979247/personalized-fire-truck-christmas,ThreadWindyCorner,https://www.etsy.com/shop/ThreadWindyCorner,6.80,0,0,0,0,0,7 Mo.,2,0,202,Home & Living,15,0,0.0,2896,"christmas ornament,memorial ornament,christmas car decor,personalize ornament,hanging ornament,christmas tree decor,christmas 2025,custom ornament,fire truck ornament,firefighter name,fighter lover gift,firefighter dad gift,acrylic ornament",christmas ornament,memorial ornament,christmas car decor,personalize ornament,hanging ornament,christmas tree decor,christmas 2025,custom ornament,fire truck ornament,firefighter name,fighter lover gift,firefighter dad gift,acrylic ornament
"Trucker Ornament Engraved on Wood – Rustic Semi Truck Christmas Decoration, Gift for Truck Drivers, Trucker By Day Trucker By Night Ornament",https://www.etsy.com/listing/4365959485/trucker-ornament-engraved-on-wood-rustic,engravino,https://www.etsy.com/shop/engravino,18.00,0,0,0,0,0,8 Mo.,0,0,4,Home & Living,12,0,0.0,2,"memorialgift,housewarminggift,birthdaygift,christmasgift,wedddinggift,anniversary gift,engravedornament,engravedwood,woodengraved,giftforwife,giftforhusband,gift,gifts",memorialgift,housewarminggift,birthdaygift,christmasgift,wedddinggift,anniversary gift,engravedornament,engravedwood,woodengraved,giftforwife,giftforhusband,gift,gifts
"Toronto Bay Leaves Cuffed Beanie - Unisex Crochet Beanie, Gifts for Her and Him, Sports & Hockey",https://www.etsy.com/listing/1667178541/toronto-bay-leaves-cuffed-beanie-unisex,CreativeCollabsCorp,https://www.etsy.com/shop/CreativeCollabsCorp,18.50,0,0,0,0,0,28 Mo.,0,0,25,Accessories,29,0,0.0,10,"beanie for unisex,crochet beanie,gifts for her,gifts for him,hockey ornament,valentines gift,black beanie,sports hat,dad hat,toronto bay hockey,graduation gift,anniversary gift,trucker hat",beanie for unisex,crochet beanie,gifts for her,gifts for him,hockey ornament,valentines gift,black beanie,sports hat,dad hat,toronto bay hockey,graduation gift,anniversary gift,trucker hat
"Christmas Patches,Santa Claus Patch,Christmas Tree Patch,Snowman,Christmas Embroidery Patch,Chenille Patch,Iron On Patch",https://www.etsy.com/listing/1828252258/christmas-patchessanta-claus,MORAGIO,https://www.etsy.com/shop/MORAGIO,2.67,0,0,0,0,0,18 Mo.,7,0,148,Accessories,48,0,0.0,43175,"christmas ornaments,christmas decoration,applique and patch,christmas gifts,christmas applique,clothing patches,patches for jacket,patches for bags,patches for jeans,patches for hats,diy patch,patches trucker hat",christmas ornaments,christmas decoration,applique and patch,christmas gifts,christmas applique,clothing patches,patches for jacket,patches for bags,patches for jeans,patches for hats,diy patch,patches trucker hat,--
Custom Any Photo - Personalized Trucker Custom Shaped Acrylic Plaque-Gift for Dad,https://www.etsy.com/listing/4502975619/custom-any-photo-personalized-trucker,EthanShop7,https://www.etsy.com/shop/EthanShop7,31.99,0,0,0,0,0,1 Mo.,1,0,15,Art & Collectibles,8,0,0.0,298,"truck driver gift,personalized trucker,custom name statue,trucker husband gift,semi truck decor,desktop ornament,professional gift,trucker dad gift,3d figurine,custom portrait,trucking life merch,personalized decor,gift for him",truck driver gift,personalized trucker,custom name statue,trucker husband gift,semi truck decor,desktop ornament,professional gift,trucker dad gift,3d figurine,custom portrait,trucking life merch,personalized decor,gift for him
"LaserGram Christmas Ornament, Truck Cab, Personalized Engraving Included (Heart Shape)",https://www.etsy.com/listing/856385857/lasergram-christmas-ornament-truck-cab,LaserGramGifts,https://www.etsy.com/shop/LaserGramGifts,24.99,0,0,0,0,0,69 Mo.,1,0,21,Home & Living,75,0,0.0,48175,"custom,customized,glass,crystal,hanging,christmas tree,ornament,trucker,trucking,driver,bus,transportation",custom,customized,glass,crystal,hanging,christmas tree,ornament,trucker,trucking,driver,bus,transportation,--
"Personalized Fire Truck Ornament 2025 | Custom Firefighter Christmas Ornament, Fireman Trucker Light Decoration, Xmas Tree Gift for Hero Dad",https://www.etsy.com/listing/4392066195/personalized-fire-truck-ornament-2025,AnastudioByTrang,https://www.etsy.com/shop/AnastudioByTrang,12.00,0,0,0,0,0,7 Mo.,0,0,1,Home & Living,13,0,0.0,2470,"custom ornament,christmas decor,christmas ornaments,xmas tree hanging,gift for father,gift for dad,wood ornament,firefighter uniform,firefighter ornament,gift for firefighter,fireman gift,firefighter gift,holiday decor",custom ornament,christmas decor,christmas ornaments,xmas tree hanging,gift for father,gift for dad,wood ornament,firefighter uniform,firefighter ornament,gift for firefighter,fireman gift,firefighter gift,holiday decor
"Personalized Truck Christmas Ornaments, 2D Flat Ornament, Custom Truck Christmas Acrylic Ornament, Christmas Gift, Gift For Trucker Ornament",https://www.etsy.com/listing/1825134119/personalized-truck-christmas-ornaments,ZelosAudioLLC,https://www.etsy.com/shop/ZelosAudioLLC,19.95,0,0,0,0,0,5 Mo.,1,0,13,Home & Living,8,0,0.0,4046,"christmas ornament,personalized gift,christmas tree decor,christmas gift,personalize ornament,custom ornament,christmas decor,gift for trucker,truck ornament,trucker gift,trucker ornament,hanging ornament,christmas truck",christmas ornament,personalized gift,christmas tree decor,christmas gift,personalize ornament,custom ornament,christmas decor,gift for trucker,truck ornament,trucker gift,trucker ornament,hanging ornament,christmas truck
"Custom Trash Truck Christmas Ornament, Giant Jack Ornament, Trash Truck 2022 Ornament, Trucker Gifts, Cute Characters Ornament E1NG25",https://www.etsy.com/listing/1803243774/custom-trash-truck-christmas-ornament,BeckyCrocsCustom,https://www.etsy.com/shop/BeckyCrocsCustom,27.98,0,0,0,0,0,7 Mo.,0,0,7,Home & Living,25,0,0.0,37438,"kids christmas 2022,christmas 2022,giant jack ornament,trash truck 2022,trash truck kids,trash truck boys,boy christmas,boy ornament,kid christmas 2022,trash truck,trash truck xmas,trucker gift,hank ornament",kids christmas 2022,christmas 2022,giant jack ornament,trash truck 2022,trash truck kids,trash truck boys,boy christmas,boy ornament,kid christmas 2022,trash truck,trash truck xmas,trucker gift,hank ornament
Personalized Truck With Santa Hat Custom Trucker Name Ornament Christmas Trucker Name Ornament Personalized Wooden Ornament,https://www.etsy.com/listing/1810667027/personalized-truck-with-santa-hat-custom,LalibeeCrochet,https://www.etsy.com/shop/LalibeeCrochet,16.00,0,0,0,0,0,7 Mo.,0,0,1,Home & Living,32,0,0.0,1266,"ornament,keepsake ornament,christmas ornament,plywood ornament,hanging ornament,halloween ornament,gift for lover,christmas gift,personalized gift,wood ornament,hanging wood,keepsake gift",ornament,keepsake ornament,christmas ornament,plywood ornament,hanging ornament,halloween ornament,gift for lover,christmas gift,personalized gift,wood ornament,hanging wood,keepsake gift,--
"Army Container Truck Christmas Ornament 2D, Container Truck Ornament Gift, Truck Xmas",https://www.etsy.com/listing/1788840330/army-container-truck-christmas-ornament,ZelosAudioLLC,https://www.etsy.com/shop/ZelosAudioLLC,19.95,0,0,0,0,0,6 Mo.,0,0,27,Home & Living,8,0,0.0,4046,"flat ornament,christmas,xmas gift,personalized,shaped ornament,tractor,tractor driver,truck driver,trucker,tractor ornament,lineman,for trucker driver,christmas 2024",flat ornament,christmas,xmas gift,personalized,shaped ornament,tractor,tractor driver,truck driver,trucker,tractor ornament,lineman,for trucker driver,christmas 2024
Trucker Caps Special Halloween,https://www.etsy.com/listing/1583393018/trucker-caps-special-halloween,RoyaLuxeStyle,https://www.etsy.com/shop/RoyaLuxeStyle,25.50,0,0,0,0,0,18 Mo.,0,0,5,Accessories,23,0,0.0,13,"halloween party,halloween caps,caps trucker,gorra trucker,halloween,halloween decoration,vintage halloween,diy halloween,pumpkins,halloween ornaments,halloween customes,merry halloween",halloween party,halloween caps,caps trucker,gorra trucker,halloween,halloween decoration,vintage halloween,diy halloween,pumpkins,halloween ornaments,halloween customes,merry halloween,--
Trucker Ornament,https://www.etsy.com/listing/1123461178/trucker-ornament,6thandMagnolia,https://www.etsy.com/shop/6thandMagnolia,12.00,0,0,0,25,6,47 Mo.,32,0,341,Home & Living,69,0,7.33,297,"xmas,semi,snowflake,engrave,wood,christmas tree,truck driver,oh what fun,jingle bells,truck,trucker,ornament,christmas",xmas,semi,snowflake,engrave,wood,christmas tree,truck driver,oh what fun,jingle bells,truck,trucker,ornament,christmas
Personalized Motorcycle Owner Ornament Custom Biker Christmas Gift for Him Motorbike Rider Keepsake Biker Dad Gift Funny Motorcycle Gift,https://www.etsy.com/listing/1810856383/personalized-motorcycle-owner-ornament,RatherBeOnTheBeach,https://www.etsy.com/shop/RatherBeOnTheBeach,23.00,0,0,0,0,0,19 Mo.,0,0,12,Home & Living,73,0,0.0,4604,"personalized,trucker dad gift,truck lover decor,truck husband gift,custom truck gift,truck keepsake,truck ornament,gift for truck lover,gift for truck owner,custom truck idea,truck ornament gift,truck lover gift,truck lover idea",personalized,trucker dad gift,truck lover decor,truck husband gift,custom truck gift,truck keepsake,truck ornament,gift for truck lover,gift for truck owner,custom truck idea,truck ornament gift,truck lover gift,truck lover idea
"Farmer Tractor With Christmas Light Personalized Ornament, Custom Acrylic Christmas Decoration, Holiday Gift For Farmer",https://www.etsy.com/listing/4409620060/farmer-tractor-with-christmas-light,ArtisanRootShopp,https://www.etsy.com/shop/ArtisanRootShopp,16.24,0,0,0,0,0,3 Mo.,0,0,169,Home & Living,12,25,0.0,17,"christmas gift,christmas ornament,xmas gift,christmas tree decor,customized ornament,ornament,acrylic ornament,farm gift,truck gift,christmas truck,truck decor,trucker gift,truck",christmas gift,christmas ornament,xmas gift,christmas tree decor,customized ornament,ornament,acrylic ornament,farm gift,truck gift,christmas truck,truck decor,trucker gift,truck
"Personalized Trucker Ornament, Truck Ornament Christmas, Ornament for Dad, Gift For Trucker Ornament, 2025 Holiday Decor",https://www.etsy.com/listing/4390644151/personalized-trucker-ornament-truck,Nguyenthuyngaartco,https://www.etsy.com/shop/Nguyenthuyngaartco,18.32,0,0,0,0,0,1 Mo.,0,0,0,Home & Living,4,0,0.0,121,"christmas ornament,personalized,christmas decor,custom ornament,christmas tree decor,memorial ornament,holiday decoration,acrylic ornament,hanging ornament,firefighter gift,trucker,christmas truck,christmas car decor",christmas ornament,personalized,christmas decor,custom ornament,christmas tree decor,memorial ornament,holiday decoration,acrylic ornament,hanging ornament,firefighter gift,trucker,christmas truck,christmas car decor
Personalized Truck Driver Ornament: Custom Name Semi Truck Christmas Keepsake,https://www.etsy.com/listing/4387194154/personalized-truck-driver-ornament,LajeunesseClothing,https://www.etsy.com/shop/LajeunesseClothing,24.46,0,0,0,0,0,1 Mo.,0,0,10,Home & Living,4,0,0.0,160,"truck gift,trucker gift,driver gift,custom name,funny gift,truck lover,unique decor,holiday decor,tree ornament,men gift,custom decor,christmas gift,semi truck",truck gift,trucker gift,driver gift,custom name,funny gift,truck lover,unique decor,holiday decor,tree ornament,men gift,custom decor,christmas gift,semi truck
"Personalized Fire Truck Christmas Ornament, Trucker Christmas Light Ornament, Firefighter Gift, Trucker Christmas, Xmas Fire Engine",https://www.etsy.com/listing/4383179994/personalized-fire-truck-christmas,EverydayEdgeShop,https://www.etsy.com/shop/EverydayEdgeShop,16.99,0,0,0,0,0,1 Mo.,0,0,6,Home & Living,8,0,0.0,68,"fire truck ornament,custom xmas ornament,firefighter gift,trucker christmas,custom fire truck,fireman ornament,name and year,holiday fire truck,fire truck keepsake,xmas fire engine,custom truck or,xmas light truck,personalized",fire truck ornament,custom xmas ornament,firefighter gift,trucker christmas,custom fire truck,fireman ornament,name and year,holiday fire truck,fire truck keepsake,xmas fire engine,custom truck or,xmas light truck,personalized
"Personalized Truck Ornament, Heavy Truck Ornament, Custom Truck Acrylic Ornament, Christmas Gift For Truck Driver, Gift For Trucker Ornament",https://www.etsy.com/listing/4405368197/personalized-truck-ornament-heavy-truck,EmbroiderEaseGoods,https://www.etsy.com/shop/EmbroiderEaseGoods,9.99,0,0,0,0,0,1 Mo.,0,0,1,Home & Living,5,0,0.0,751,"musical keepsake,musician gift,xmas musician gift,xmas musical gift,music ornament,horn ornament,french horn decor,xmas horn decor,xmas french horn,christmas horn gift,music teacher gift,music ornament gift,music decor",musical keepsake,musician gift,xmas musician gift,xmas musical gift,music ornament,horn ornament,french horn decor,xmas horn decor,xmas french horn,christmas horn gift,music teacher gift,music ornament gift,music decor
"Personalized Truck Christmas Acrylic Ornament, Toile De Jouy Style, Gift for Truck Driver Trucker Family, Custom Semi Truck Lover Gifts",https://www.etsy.com/listing/4388428548/personalized-truck-christmas-acrylic,TadaGiftsShop,https://www.etsy.com/shop/TadaGiftsShop,11.90,0,0,0,0,0,2 Mo.,0,0,11,Home & Living,3,0,0.0,2348,"christmas gift,christmas decor,christmas ornament,hanging ornament,family ornament,funny ornament gift,custom ornament gift,personalized gift,christmas keepsake,christmas in july,xmas ornament,car ornament,custom christmas",christmas gift,christmas decor,christmas ornament,hanging ornament,family ornament,funny ornament gift,custom ornament gift,personalized gift,christmas keepsake,christmas in july,xmas ornament,car ornament,custom christmas
"Personalized Truck Christmas Ornament, Custom Truck Christmas Acrylic Ornament, Christmas Gift For Truck Driver, Gift For Trucker Ornament",https://www.etsy.com/listing/4369783968/personalized-truck-christmas-ornament,CSNDRStore,https://www.etsy.com/shop/CSNDRStore,38.29,0,0,0,0,0,4 Mo.,0,0,10,Home & Living,10,0,0.0,2771,"christmas ornament,personalized gift,christmas tree decor,christmas gift,personalize ornament,custom ornament,christmas decor,gift for trucker,truck ornament,trucker gift,trucker ornament,hanging ornament,christmas truck",christmas ornament,personalized gift,christmas tree decor,christmas gift,personalize ornament,custom ornament,christmas decor,gift for trucker,truck ornament,trucker gift,trucker ornament,hanging ornament,christmas truck
Santa Belt Ornaments | Embroidered Iron On Patch | Ready To Ship | Fast Shipping,https://www.etsy.com/listing/1799416421/santa-belt-ornaments-embroidered-iron-on,Fancy4Fabric,https://www.etsy.com/shop/Fancy4Fabric,6.00,0,0,0,0,0,7 Mo.,0,0,5,Craft Supplies & Tools,41,0,0.0,9113,"patch,patches,embroidery,trucker hats,embroidered patch,iron on,heat press,christmas,green,ornament,santa,belt",patch,patches,embroidery,trucker hats,embroidered patch,iron on,heat press,christmas,green,ornament,santa,belt,--
Love Softball | Softball SVG | Softball PNG | Softball Shirt | Softball Hat | Softball Mom | Softball Mom SVG | Softball Mom Shirt,https://www.etsy.com/listing/1379658420/love-softball-softball-svg-softball-png,CassandraLeeGray,https://www.etsy.com/shop/CassandraLeeGray,3.33,0,0,0,0,0,26 Mo.,0,0,0,Craft Supplies & Tools,37,0,0.0,828,"softball png,softball coach,softball hat,softball cut file,softball vector,softball design,softball cap,softball trucker cap,softball ornament,softball print,custom softball hat,softball font,softball helmet",softball png,softball coach,softball hat,softball cut file,softball vector,softball design,softball cap,softball trucker cap,softball ornament,softball print,custom softball hat,softball font,softball helmet
"Personalized Vintage Trucks Christmas Ornament 2D, Truck Christmas Acrylic , Christmas Gift For Truck Driver, Gift For Trucker Ornament",https://www.etsy.com/listing/1803580025/personalized-vintage-trucks-christmas,MichaelDonofrioTee,https://www.etsy.com/shop/MichaelDonofrioTee,19.95,0,0,0,0,0,7 Mo.,0,0,10,Home & Living,10,0,0.0,5289,"christmas ornament,personalized gift,christmas tree decor,christmas gift,personalize ornament,custom ornament,christmas decor,gift for trucker,truck ornament,trucker gift,trucker ornament,hanging ornament,christmas truck",christmas ornament,personalized gift,christmas tree decor,christmas gift,personalize ornament,custom ornament,christmas decor,gift for trucker,truck ornament,trucker gift,trucker ornament,hanging ornament,christmas truck
Baseball | Baseball SVG | Baseball PNG | Baseball Shirt | Baseball Hat | Baseball Grandma | Baseball Grandma SVG | Baseball Grandma Shirt,https://www.etsy.com/listing/1374495254/baseball-baseball-svg-baseball-png,CassandraLeeGray,https://www.etsy.com/shop/CassandraLeeGray,3.33,0,0,0,0,0,26 Mo.,0,0,1,Craft Supplies & Tools,37,0,0.0,828,"baseball png,baseball jpg,baseball hat,baseball cut file,baseball vector,baseball design,baseball cap,baseball trucker cap,baseball ornament,baseball print,custom baseball hat,baseball font,baseball helmet",baseball png,baseball jpg,baseball hat,baseball cut file,baseball vector,baseball design,baseball cap,baseball trucker cap,baseball ornament,baseball print,custom baseball hat,baseball font,baseball helmet
"Personalized Truck Acrylic Ornament, Custom Name Christmas Gift for Trucker, Driver, Dad, Husband, Big Rig Lover Holiday Tree Decoration",https://www.etsy.com/listing/4368672493/personalized-truck-acrylic-ornament,MarcBogieTee,https://www.etsy.com/shop/MarcBogieTee,23.88,0,0,0,0,0,1 Mo.,0,0,9,Home & Living,3,0,0.0,326,"truck ornament,trucker gift,custom ornament,personalized gift,big rig lover,holiday ornament,custom name decor,unique gift idea,christmas ornament,custom acrylic,semi truck gift,truck driver decor,driver christmas",truck ornament,trucker gift,custom ornament,personalized gift,big rig lover,holiday ornament,custom name decor,unique gift idea,christmas ornament,custom acrylic,semi truck gift,truck driver decor,driver christmas
"Handmade Christmas Fabric Patches, Embroidered Santa Claus, Iron-On Applique",https://www.etsy.com/listing/4396258422/handmade-christmas-fabric-patches,KrivanekCo,https://www.etsy.com/shop/KrivanekCo,1.14,0,0,0,0,0,1 Mo.,0,0,0,Home & Living,5,0,0.0,0,"patches trucker hat,bulk patches for hat,christmas gifts,applique and patch,christmas decoration,patches for jeans,clothing patches,holiday decor,patches for jacket,patches for bags,embroider patch,christmas ornaments,diy patch",patches trucker hat,bulk patches for hat,christmas gifts,applique and patch,christmas decoration,patches for jeans,clothing patches,holiday decor,patches for jacket,patches for bags,embroider patch,christmas ornaments,diy patch
"Custom Name Christmas Truck Santa Hat Ornament, Truck Christmas Acrylic Ornament, 2025 Xmas Gift For Truck Driver, Gift For Trucker Ornament",https://www.etsy.com/listing/4374532371/custom-name-christmas-truck-santa-hat,TuanTuProDesigns,https://www.etsy.com/shop/TuanTuProDesigns,26.99,0,0,0,0,0,8 Mo.,0,0,10,Home & Living,16,0,0.0,881,"christmas ornament,personalized gift,christmas tree decor,christmas gift,personalize ornament,custom ornament,christmas decor,gift for trucker,truck ornament,trucker gift,trucker ornament,hanging ornament,christmas truck",christmas ornament,personalized gift,christmas tree decor,christmas gift,personalize ornament,custom ornament,christmas decor,gift for trucker,truck ornament,trucker gift,trucker ornament,hanging ornament,christmas truck
"Custom Semi Truck with Christmas Light Ornament, Truck Acrylic/Wooden Ornament, Christmas 2025 Gift Idea for Trucker, Christmas Tree Hanging",https://www.etsy.com/listing/4371029482/custom-semi-truck-with-christmas-light,BlossomieWardrobe,https://www.etsy.com/shop/BlossomieWardrobe,17.76,0,0,0,0,0,8 Mo.,0,0,15,Home & Living,22,0,0.0,906,"custom ornament,2025 christmas,christmas decoration,2d ornament,christmas gift,christmas decor,personalized name,truck ornament,gift for kid,kid ornament,tractor ornament,truck christmas,trucker christmas",custom ornament,2025 christmas,christmas decoration,2d ornament,christmas gift,christmas decor,personalized name,truck ornament,gift for kid,kid ornament,tractor ornament,truck christmas,trucker christmas
Personalized Fire Truck Christmas Ornament/Trucker Christmas Light Ornament/Customized 2025 Christmas Tree Decor Gift For Firefighter OGWJ06,https://www.etsy.com/listing/4373959069/personalized-fire-truck-christmas,RoseViva,https://www.etsy.com/shop/RoseViva,21.98,0,0,0,6,1,8 Mo.,0,0,9,Home & Living,17,0,66.67,5168,"christmas ornament,memorial ornament,christmas car decor,personalize ornament,hanging ornament,christmas tree decor,christmas 2025,custom ornament,fire truck ornament,firefighter name,fighter lover gift,firefighter dad gift,acrylic ornament",christmas ornament,memorial ornament,christmas car decor,personalize ornament,hanging ornament,christmas tree decor,christmas 2025,custom ornament,fire truck ornament,firefighter name,fighter lover gift,firefighter dad gift,acrylic ornament
"Handmade Resin Khanda Car Hanging – Sikh Gift, Dried Flowers",https://www.etsy.com/listing/4428205062/handmade-resin-khanda-car-hanging-sikh,HargunCreations,https://www.etsy.com/shop/HargunCreations,25.55,0,0,0,0,0,5 Mo.,1,0,66,Electronics & Accessories,14,0,0.0,24,"car accessories,desi car accessories,khalsa gift,rear view mirror,resin sikh symbol,khanda art,spiritual punjabi,trucks wale,sikh punjabi hanging,trucker desi hanging,gurbani pendant,punjabi car ornament,sikh khanda symbol",car accessories,desi car accessories,khalsa gift,rear view mirror,resin sikh symbol,khanda art,spiritual punjabi,trucks wale,sikh punjabi hanging,trucker desi hanging,gurbani pendant,punjabi car ornament,sikh khanda symbol
"Personalized Santa Claus Driving Military Ornament, Santa Claus Ornament, Trucker Ornament Xmas, Truck Driver Ornament Gift NN1-1102",https://www.etsy.com/listing/4404633719/personalized-santa-claus-driving,Zentati,https://www.etsy.com/shop/Zentati,23.36,0,0,0,0,0,6 Mo.,0,0,0,Home & Living,14,0,0.0,947,"christmas gift,christmas decor,christmas ornament,hanging ornament,family ornament,funny ornament gift,custom ornament gift,personalized gift,christmas keepsake,christmas in july,xmas ornament,car ornament,custom christmas",christmas gift,christmas decor,christmas ornament,hanging ornament,family ornament,funny ornament gift,custom ornament gift,personalized gift,christmas keepsake,christmas in july,xmas ornament,car ornament,custom christmas
Boat Ornament Foam Trucker Hat,https://www.etsy.com/listing/1892590135/boat-ornament-foam-trucker-hat,Luckygirltx,https://www.etsy.com/shop/Luckygirltx,28.00,0,0,0,0,0,14 Mo.,8,0,39,Accessories,73,0,0.0,4664,"neon trucker hat,summer trucker hat,foam summer hat,river hat,beach hat,lake hat,summer hat,howdy hat,howdy patch hat,foam patch hat,foam trucker hat,foam hat,howdy",neon trucker hat,summer trucker hat,foam summer hat,river hat,beach hat,lake hat,summer hat,howdy hat,howdy patch hat,foam patch hat,foam trucker hat,foam hat,howdy
"LaserGram Faux Leather Round Christmas Ornament, Truck Cab, Personalized Engraving Included (Round Shape)",https://www.etsy.com/listing/911358055/lasergram-faux-leather-round-christmas,LaserGramGifts,https://www.etsy.com/shop/LaserGramGifts,14.99,0,0,0,0,0,66 Mo.,0,0,24,Home & Living,75,0,0.0,48063,"custom,customized,glass,crystal,hanging,christmas tree,ornament,trucker,trucking,driver,bus,transportation",custom,customized,glass,crystal,hanging,christmas tree,ornament,trucker,trucking,driver,bus,transportation,--
"Personalized Trucker Flat Ornament,Truck Driver Christmas Ornament, Truck Merry Christmas, Truck Ornament",https://www.etsy.com/listing/1799447663/personalized-trucker-flat-ornamenttruck,LovelyFamilyArtGift,https://www.etsy.com/shop/LovelyFamilyArtGift,19.98,0,0,0,0,0,20 Mo.,0,0,37,Home & Living,65,0,0.0,9313,"truck,truck ornament",truck,truck ornament,--,--,--,--,--,--,--,--,--,--,--
"Personalized Truck Driver Car Visor Clip, Drive Safe Daddy Gift from Kids, Custom Photo Truck for Dad, Father’s Day Gift",https://www.etsy.com/listing/4504233377/personalized-truck-driver-car-visor-clip,Prachpeen,https://www.etsy.com/shop/Prachpeen,15.95,0,0,0,0,0,1 Mo.,1,0,13,Electronics & Accessories,13,0,0.0,21,"truck driver gift,drive safe daddy,visor clip dad,truck ornament,dad car accessory,father day gift,custom photo gift,gift from kids,trucker dad gift,daddy we love you,car visor decor,personalized dad,truck driver dad",truck driver gift,drive safe daddy,visor clip dad,truck ornament,dad car accessory,father day gift,custom photo gift,gift from kids,trucker dad gift,daddy we love you,car visor decor,personalized dad,truck driver dad
Delivery Driver Personalized Christmas Ornament - Delivery Man Person - UPS - Fed Ex - Freight - Delivery Driver Gift - Delivery Person Gift,https://www.etsy.com/listing/551643357/delivery-driver-personalized-christmas,ShopMetamora,https://www.etsy.com/shop/ShopMetamora,18.99,0,0,0,15,3,105 Mo.,29,0,1166,Home & Living,165,0,1.29,7136,"snowman ornament,customized ornament,trucker ornament,delivery person,delivery guy,delivery ornament,personalize ornament,ups driver,painted ornament,fed ex driver,package delivery,long haul driver,gift for delivery",snowman ornament,customized ornament,trucker ornament,delivery person,delivery guy,delivery ornament,personalize ornament,ups driver,painted ornament,fed ex driver,package delivery,long haul driver,gift for delivery
Tractor-Trailer Truck Driver Laser Cut Wood Snowflake Ornament,https://www.etsy.com/listing/716607770/tractor-trailer-truck-driver-laser-cut,KismetCraftStudio,https://www.etsy.com/shop/KismetCraftStudio,22.99,0,0,0,10,3,81 Mo.,31,0,504,Home & Living,104,0,1.98,6097,"trucking,mack truck,trucker gift,trucker ornament,semi truck,truck driver gift,tractor trailer,truck driver,kismet craft studio,gifts for guys,christmas,ornament",trucking,mack truck,trucker gift,trucker ornament,semi truck,truck driver gift,tractor trailer,truck driver,kismet craft studio,gifts for guys,christmas,ornament,--
"Custom Embroidered Yellowstone Trucker Hat, National Park Gift",https://www.etsy.com/listing/1878886849/custom-yellowstone-trucker-hat-national,ZephyrStreet,https://www.etsy.com/shop/ZephyrStreet,37.00,0,0,0,0,0,15 Mo.,0,0,5,Accessories,35,0,0.0,502,"us national parks,yellowstone national,park,yellowstone,yellowstone shirt,yellowstone ornament,wyoming,national park map,park shirt,yellowstone gifts,embroidered trucker,hat,custom trucker hat",us national parks,yellowstone national,park,yellowstone,yellowstone shirt,yellowstone ornament,wyoming,national park map,park shirt,yellowstone gifts,embroidered trucker,hat,custom trucker hat
"Personalized Truck Christmas Ornament, Custom Truck Christmas Acrylic Ornament, Christmas Gift For Truck Driver, Gift For Trucker Ornament",https://www.etsy.com/listing/1598013563/personalized-truck-christmas-ornament,AcornArtDesigns,https://www.etsy.com/shop/AcornArtDesigns,18.99,0,0,0,163,27,31 Mo.,126,1,5129,Home & Living,65,51,3.18,14235,"christmas ornament,personalized gift,christmas tree decor,christmas gift,personalize ornament,custom ornament,christmas decor,gift for trucker,truck ornament,trucker gift,trucker ornament,hanging ornament,christmas truck",christmas ornament,personalized gift,christmas tree decor,christmas gift,personalize ornament,custom ornament,christmas decor,gift for trucker,truck ornament,trucker gift,trucker ornament,hanging ornament,christmas truck
"Crochet Plush baby Capybara Rear View Mirror Accessory, Car hanging Decoration, friends gift idea, Teens Interior",https://www.etsy.com/listing/4326353712/crochet-plush-baby-capybara-rear-view,MyCutecrochetToys,https://www.etsy.com/shop/MyCutecrochetToys,8.50,0,0,0,0,0,11 Mo.,7,0,69,Electronics & Accessories,97,0,0.0,2658,"rear view accessory,crochet capibara,rear view mirror,hanging car ornament,meme plushie,car charm capybara,capybara plush,rodent plushie,trucker present,moms car charms,crochet car hanger,cute chubby crochet,coworker cute gift",rear view accessory,crochet capibara,rear view mirror,hanging car ornament,meme plushie,car charm capybara,capybara plush,rodent plushie,trucker present,moms car charms,crochet car hanger,cute chubby crochet,coworker cute gift
"Truck Christmas Ornament, Gift for Truck Lovers, Unique Gifts for Kids, Truck Driver Gifts, Personalized Trucker Gift, Trucker Keychain",https://www.etsy.com/listing/1817956563/truck-christmas-ornament-gift-for-truck,JovannyGaliano,https://www.etsy.com/shop/JovannyGaliano,33.86,0,0,0,0,0,20 Mo.,0,0,7,Art & Collectibles,29,0,0.0,6248,"trucker gift,truck driver,gifts for him,custom truck decor,unique trucker gift,trucking accessories,personalized gift,funny trucker mug,trucker ornament,truck lover gift,holiday truck decor,custom truck,truck husband",trucker gift,truck driver,gifts for him,custom truck decor,unique trucker gift,trucking accessories,personalized gift,funny trucker mug,trucker ornament,truck lover gift,holiday truck decor,custom truck,truck husband
Baseball Bundle | Baseball SVG | #baseballlife SVG | Baseball Shirt | Baseball Hat | Baseball Mom | Baseball Mom SVG | Baseball Mom Shirt,https://www.etsy.com/listing/1398452353/baseball-bundle-baseball-svg,CassandraLeeGray,https://www.etsy.com/shop/CassandraLeeGray,3.33,0,0,0,0,0,26 Mo.,0,0,0,Craft Supplies & Tools,37,0,0.0,828,"baseball png,baseball coach,baseball hat,baseball cut file,baseball vector,baseball design,baseball cap,baseball trucker cap,baseball ornament,baseball print,custom baseball hat,baseball font,baseball helmet",baseball png,baseball coach,baseball hat,baseball cut file,baseball vector,baseball design,baseball cap,baseball trucker cap,baseball ornament,baseball print,custom baseball hat,baseball font,baseball helmet
"Personalized Semi Truck Ornament, Truck Christmas Ornament, Gifts For Truck Driver, Colored Truck Ornament, Trucker Ornament Gift Thdso-1260",https://www.etsy.com/listing/4386268101/personalized-semi-truck-ornament-truck,Heemal,https://www.etsy.com/shop/Heemal,28.20,0,0,0,0,0,7 Mo.,0,0,8,Home & Living,8,0,0.0,648,"christmas ornament,ornament gift,christmas decor,christmas keepsake,christmas gift,family christmas,christmas tree decor,christmas hanging,ornament  gift,personalized gift,custom ornament,custom christmas,car ornament",christmas ornament,ornament gift,christmas decor,christmas keepsake,christmas gift,family christmas,christmas tree decor,christmas hanging,ornament  gift,personalized gift,custom ornament,custom christmas,car ornament
"Custom Semi Truck Ornament, Personalized Xmas Gift for Trucker Dad Husband",https://www.etsy.com/listing/4374545952/custom-semi-truck-ornament-personalized,StoreSimonGifts,https://www.etsy.com/shop/StoreSimonGifts,21.89,0,0,0,0,0,1 Mo.,0,0,1,Home & Living,7,0,0.0,492,"personalized gift,christmas tree decor,christmas gift,personalize ornament,custom ornament,christmas decor,gift for trucker,truck ornament,trucker gift,trucker ornament,hanging ornament,christmas truck,christmas ornament",personalized gift,christmas tree decor,christmas gift,personalize ornament,custom ornament,christmas decor,gift for trucker,truck ornament,trucker gift,trucker ornament,hanging ornament,christmas truck,christmas ornament
"Kids Construction Party Christmas Ornament, Personalized Excavator and Truck Holiday Tree Decoration 2025, Custom Boy Gift",https://www.etsy.com/listing/4371167490/kids-construction-party-christmas,AoDaibyKimOanh,https://www.etsy.com/shop/AoDaibyKimOanh,22.90,0,0,0,0,0,3 Mo.,0,0,13,Home & Living,40,0,0.0,12257,"semi-truck ornament,dump trucker,excavator ornament,mixer truck ornament,mixer truck xmas,crane truck ornament,loader ornament,forklift ornament,xmas loader ornament,garbage truck xmas,xmas dump truck",semi-truck ornament,dump trucker,excavator ornament,mixer truck ornament,mixer truck xmas,crane truck ornament,loader ornament,forklift ornament,xmas loader ornament,garbage truck xmas,xmas dump truck,--,--
"Custom Skid Steer Loader Ornament, Excavator Christmas Ornament, Truck Car Ornament, Wheel Loader Blade Driver Ornament Gift",https://www.etsy.com/listing/4391212934/custom-skid-steer-loader-ornament,EmbroiderEaseGoods,https://www.etsy.com/shop/EmbroiderEaseGoods,9.99,0,0,0,0,0,2 Mo.,0,0,9,Home & Living,5,0,0.0,751,"christmas gift,christmas decor,christmas ornament,hanging ornament,family ornament,funny ornament gift,custom ornament gift,personalized gift,christmas keepsake,excavator gift,skid steer loader,trucker gift,trucker christmas",christmas gift,christmas decor,christmas ornament,hanging ornament,family ornament,funny ornament gift,custom ornament gift,personalized gift,christmas keepsake,excavator gift,skid steer loader,trucker gift,trucker christmas
"Personalized Truck Merry Tree Christmas Ornament for Truck Driver, Flat Acrylic Ornament for Dad, Truck Ornament Christmas",https://www.etsy.com/listing/4407548137/personalized-truck-merry-tree-christmas,PascalPoulinCoArt,https://www.etsy.com/shop/PascalPoulinCoArt,8.90,0,0,0,0,0,1 Mo.,0,0,3,Home & Living,28,0,0.0,6325,"flat ornament,christmas,xmas gift,personalized,shaped ornament,christmas 2022,tractor,tractor driver,truck driver,trucker,tractor ornament,lineman,for trucker driver",flat ornament,christmas,xmas gift,personalized,shaped ornament,christmas 2022,tractor,tractor driver,truck driver,trucker,tractor ornament,lineman,for trucker driver
"Custom Name Trucker Ornament, Farmer Truck Xmas Tree Decoration, Personalized Farm Truck Christmas Gift, Rustic Country Tractor",https://www.etsy.com/listing/4359431278/custom-name-trucker-ornament-farmer,LalibeeCrochet,https://www.etsy.com/shop/LalibeeCrochet,19.92,0,0,0,0,0,3 Mo.,0,0,4,Home & Living,38,0,0.0,2133,"farmer ornament,trucker ornament,farm truck decor,rustic xmas gift,tractor ornament,country christmas,farm life ornament,truck xmas gift,farmer christmas,rustic ornament,country xmas tree,farm ornament,custom ornament",farmer ornament,trucker ornament,farm truck decor,rustic xmas gift,tractor ornament,country christmas,farm life ornament,truck xmas gift,farmer christmas,rustic ornament,country xmas tree,farm ornament,custom ornament
Handmade Maple Wood Trucker Christmas Ornament with CB Radio,https://www.etsy.com/listing/253665343/handmade-maple-wood-trucker-christmas,KevsKrafts,https://www.etsy.com/shop/KevsKrafts,15.97,0,0,0,0,0,127 Mo.,21,0,337,Home & Living,188,0,0.0,3668,"trucker ornament,truck driver gift,kevskrafts,christmas ornament,wooden ornament,xmas ornament,cb radio,unique ornament,semi tractor driver,truck driver decor",trucker ornament,truck driver gift,kevskrafts,christmas ornament,wooden ornament,xmas ornament,cb radio,unique ornament,semi tractor driver,truck driver decor,--,--,--
Truck Driver Christmas Ornament Laser Engraved Hand Painted From Birch Wood,https://www.etsy.com/listing/1549386737/truck-driver-christmas-ornament-laser,KevsKrafts,https://www.etsy.com/shop/KevsKrafts,18.97,0,0,0,0,0,33 Mo.,0,0,6,Home & Living,188,0,0.0,3668,"trucker ornament,truck driver gift,delivery driver,goods transporter,xmas ornament,holiday decor,wood ornament,tree ornament,truck ornament,unique gift",trucker ornament,truck driver gift,delivery driver,goods transporter,xmas ornament,holiday decor,wood ornament,tree ornament,truck ornament,unique gift,--,--,--
"Custom Truck with Christmas Tree Light Ornament, Truck Acrylic/Wooden Ornament, Christmas 2025 Gift Idea for Trucker, Christmas Tree Hanging",https://www.etsy.com/listing/4371039653/custom-truck-with-christmas-tree-light,BlossomieWardrobe,https://www.etsy.com/shop/BlossomieWardrobe,17.76,0,0,0,0,0,8 Mo.,0,0,4,Home & Living,22,0,0.0,906,"custom ornament,2025 christmas,christmas decoration,2d ornament,christmas gift,christmas decor,personalized name,truck ornament,gift for kid,kid ornament,tractor ornament,truck christmas,trucker christmas",custom ornament,2025 christmas,christmas decoration,2d ornament,christmas gift,christmas decor,personalized name,truck ornament,gift for kid,kid ornament,tractor ornament,truck christmas,trucker christmas
"Custom Truck with Christmas Light Ornament, Truck Acrylic/Wooden Ornament, Christmas 2025 Gifts Idea for Trucker, Christmas Tree Hanging",https://www.etsy.com/listing/4372261659/custom-truck-with-christmas-light,BlossomieWardrobe,https://www.etsy.com/shop/BlossomieWardrobe,17.76,0,0,0,0,0,8 Mo.,0,0,0,Home & Living,22,0,0.0,906,"custom ornament,2025 christmas,christmas decoration,2d ornament,christmas gift,christmas decor,personalized name,truck ornament,gift for kid,kid ornament,tractor ornament,excavator ornament,construction gift",custom ornament,2025 christmas,christmas decoration,2d ornament,christmas gift,christmas decor,personalized name,truck ornament,gift for kid,kid ornament,tractor ornament,excavator ornament,construction gift
"Personalized Truck Christmas Ornament, Santa Driver Trucker Acrylic Ornament, Christmas Gift For Truck Driver, Xmas Gift For Trucker",https://www.etsy.com/listing/1580674110/personalized-truck-christmas-ornament,AcornArtDesigns,https://www.etsy.com/shop/AcornArtDesigns,18.99,0,0,0,6,1,31 Mo.,12,0,1074,Home & Living,65,0,0.56,14235,"christmas ornament,personalized gift,christmas tree decor,christmas gift,personalize ornament,custom ornament,christmas decor,gift for trucker,truck ornament,trucker gift,trucker ornament,hanging ornament,christmas truck",christmas ornament,personalized gift,christmas tree decor,christmas gift,personalize ornament,custom ornament,christmas decor,gift for trucker,truck ornament,trucker gift,trucker ornament,hanging ornament,christmas truck
Personalized Semi Truck Memorial Suncatcher: Custom Dad Father&#39;s Day Heaven Hanging Decor,https://www.etsy.com/listing/4500171891/personalized-semi-truck-memorial,KavariLabel,https://www.etsy.com/shop/KavariLabel,31.99,0,0,0,0,0,1 Mo.,0,0,15,Home & Living,13,0,0.0,5566,"truck memorial,dad heaven gift,glass suncatcher,fathers day heaven,custom semi truck,window hanging,trucker dad gift,memorial ornament,loss of father,bereavement gift,stained glass art,highway in heaven,big rig memorial",truck memorial,dad heaven gift,glass suncatcher,fathers day heaven,custom semi truck,window hanging,trucker dad gift,memorial ornament,loss of father,bereavement gift,stained glass art,highway in heaven,big rig memorial
Personalized Girl Cheerleader Ornament Keepsake - Custom Made to Order BXLE17,https://www.etsy.com/listing/1826282451/personalized-girl-cheerleader-ornament,SpringCityShopArt,https://www.etsy.com/shop/SpringCityShopArt,31.99,0,0,0,0,0,18 Mo.,0,0,14,Home & Living,52,0,0.0,15142,"gift for him,gift for firefighter,firefighter trucker,firefighter ornament,fire truck gift,trucker gift,dad firefighter,mom firefighter,trucker xmas,personalized trucker,firefighter xmas,gifts for dad,christmas gifts",gift for him,gift for firefighter,firefighter trucker,firefighter ornament,fire truck gift,trucker gift,dad firefighter,mom firefighter,trucker xmas,personalized trucker,firefighter xmas,gifts for dad,christmas gifts
"Personalized Monster Truck Layered Wood Ornament, Custom Truck Christmas Tree Ornament, Truck Christmas Home Decor, Xmas Gift for Boys, Kids",https://www.etsy.com/listing/4372884182/personalized-monster-truck-layered-wood,MaritaLuxelab,https://www.etsy.com/shop/MaritaLuxelab,17.95,0,0,0,0,0,1 Mo.,0,0,3,Home & Living,9,0,0.0,1165,"christmas ornament,christmas tree decor,christmas gift,christmas home decor,wood ornament,custom ornament,monster truck,truck ornament,monster truck decor,offroad car ornament,gift for kid,monster truck gift,gift for trucker",christmas ornament,christmas tree decor,christmas gift,christmas home decor,wood ornament,custom ornament,monster truck,truck ornament,monster truck decor,offroad car ornament,gift for kid,monster truck gift,gift for trucker
Trucker ornament,https://www.etsy.com/listing/1653411764/trucker-ornament,NorthPoleOrnament365,https://www.etsy.com/shop/NorthPoleOrnament365,12.99,0,0,0,0,0,19 Mo.,1,0,7,Home & Living,20,0,0.0,747,"trucker,personalization,job,work,driving,money",trucker,personalization,job,work,driving,money,--,--,--,--,--,--,--
"Personalized Tractor Christmas Ornament FLAT 2D, Tractor Christmas Flat Ornament Christmas Gift For Farmer, For Farmer Tractor Driver",https://www.etsy.com/listing/1789370096/personalized-tractor-christmas-ornament,MichaelDonofrioTee,https://www.etsy.com/shop/MichaelDonofrioTee,19.95,0,0,0,0,0,7 Mo.,1,0,330,Home & Living,10,25,0.0,5329,"flat ornament,christmas,xmas gift,personalized,shaped ornament,christmas 2024,tractor,tractor driver,truck driver,trucker,tractor ornament,gift for colleague,gift for christmas",flat ornament,christmas,xmas gift,personalized,shaped ornament,christmas 2024,tractor,tractor driver,truck driver,trucker,tractor ornament,gift for colleague,gift for christmas
Personalized Fire Truck Christmas Ornament/Trucker Christmas Light Ornament/Customized 2024 Christmas Tree Decor Gift For Firefighter OGWJ06,https://www.etsy.com/listing/1806433144/personalized-fire-truck-christmas,BeckyCrocsCustom,https://www.etsy.com/shop/BeckyCrocsCustom,27.98,0,0,0,0,0,6 Mo.,1,0,23,Home & Living,25,0,0.0,37516,"christmas ornament,memorial ornament,christmas car decor,personalize ornament,hanging ornament,christmas tree decor,christmas 2024,custom ornament,fire truck ornament,firefighter name,fighter lover gift,firefighter dad gift,acrylic ornament",christmas ornament,memorial ornament,christmas car decor,personalize ornament,hanging ornament,christmas tree decor,christmas 2024,custom ornament,fire truck ornament,firefighter name,fighter lover gift,firefighter dad gift,acrylic ornament
"Personalized Semi-Truck Ornament, Fun Holiday Gift for Truck Drivers and Big Rig Enthusiasts",https://www.etsy.com/listing/1814316604/personalized-semi-truck-ornament-fun,PrintablesQPanama,https://www.etsy.com/shop/PrintablesQPanama,25.64,0,0,0,0,0,7 Mo.,5,0,249,Home & Living,56,0,0.0,1131,"christmas ornament,acrylic ornament,2024 ornament,3d ornament,custom name ornament,xmas tree ornament,semi-truck ornament,truck ornament,truck driver gift,trucking ornament,trucker keepsake,trucking gift,truck lover ornament",christmas ornament,acrylic ornament,2024 ornament,3d ornament,custom name ornament,xmas tree ornament,semi-truck ornament,truck ornament,truck driver gift,trucking ornament,trucker keepsake,trucking gift,truck lover ornament
"Snowman Trucker Christmas Ornament, Personalized, Christmas, Ornaments, Handmade in Canada, Names, Gift, Tree",https://www.etsy.com/listing/1796847107/snowman-trucker-christmas-ornament,OrnamentopiaCA,https://www.etsy.com/shop/OrnamentopiaCA,16.00,0,0,0,0,0,20 Mo.,1,0,25,Home & Living,23,0,0.0,495,"personalized,christmas ornaments,polymer clay,holiday ornaments,handmade ornaments,personalized gifts,individual ornaments,hobby ornaments,occupation ornaments,single person,sports ornament,new home ornament,tree ornament",personalized,christmas ornaments,polymer clay,holiday ornaments,handmade ornaments,personalized gifts,individual ornaments,hobby ornaments,occupation ornaments,single person,sports ornament,new home ornament,tree ornament
"Truck with Alphabet Letter Custom Xmas Flat Ornament Monster Truck Ornament Kid Keepsake Ornament Monster Truck, Truck Lover Gift for Boy",https://www.etsy.com/listing/4399849285/truck-with-alphabet-letter-custom-xmas,YarnInnovation,https://www.etsy.com/shop/YarnInnovation,10.88,0,0,0,0,0,2 Mo.,0,0,0,Home & Living,25,0,0.0,654,"christmas ornament,christmas gift,christmas tree decor,monster truck gift,truck ornament,kids truck ornament,truck lover gifts,gift for son,kid riding monster,excavator truck,mixer truck decor,excavator ornament,trucker xmas gift",christmas ornament,christmas gift,christmas tree decor,monster truck gift,truck ornament,kids truck ornament,truck lover gifts,gift for son,kid riding monster,excavator truck,mixer truck decor,excavator ornament,trucker xmas gift
"Custom Truck Christmas 2D Flat Acrylic Ornament, Toile De Jouy Style, Gift for Truck Driver Trucker Family, Custom Semi Truck Lover Gifts",https://www.etsy.com/listing/4393639409/custom-truck-christmas-2d-flat-acrylic,TadaGiftsShop,https://www.etsy.com/shop/TadaGiftsShop,11.90,0,0,0,0,0,2 Mo.,5,0,317,Home & Living,3,48,0.0,2348,"christmas gift,christmas decor,christmas ornament,hanging ornament,family ornament,funny ornament gift,custom ornament gift,personalized gift,christmas keepsake,christmas in july,xmas ornament,car ornament,custom christmas",christmas gift,christmas decor,christmas ornament,hanging ornament,family ornament,funny ornament gift,custom ornament gift,personalized gift,christmas keepsake,christmas in july,xmas ornament,car ornament,custom christmas
"Personalized Truck Christmas Ornament, Custom Truck Christmas Acrylic Ornament, Christmas Gift For Truck Driver, Gift For Trucker Ornament",https://www.etsy.com/listing/4372834798/personalized-truck-christmas-ornament,CSNDRStore,https://www.etsy.com/shop/CSNDRStore,35.29,0,0,0,0,0,4 Mo.,0,0,14,Home & Living,10,0,0.0,2771,"christmas ornament,personalized gift,christmas tree decor,christmas gift,personalize ornament,custom ornament,christmas decor,gift for trucker,truck ornament,trucker gift,trucker ornament,hanging ornament,christmas truck",christmas ornament,personalized gift,christmas tree decor,christmas gift,personalize ornament,custom ornament,christmas decor,gift for trucker,truck ornament,trucker gift,trucker ornament,hanging ornament,christmas truck
"Lasfour Truck Car Hanging Ornament, Christmas Gift For Truck Driver, Holiday Keepsake, Container Enthusiast, Gift For Trucker, For Car Lover",https://www.etsy.com/listing/4418205951/lasfour-truck-car-hanging-ornament,Bingchlingbeau,https://www.etsy.com/shop/Bingchlingbeau,20.03,0,0,0,0,0,1 Mo.,0,0,2,Home & Living,4,0,0.0,324,"personalized gifts,christmas gifts,custom ornament,christmas tree decor,red truck ornament,pickup truck gift,truck lover ornament,classic car gift,christmas ornament,holiday truck decor,christmas truck,ornament 2025,kids gift idea",personalized gifts,christmas gifts,custom ornament,christmas tree decor,red truck ornament,pickup truck gift,truck lover ornament,classic car gift,christmas ornament,holiday truck decor,christmas truck,ornament 2025,kids gift idea
"Semi Truck Personalized Christmas Ornament, gift for truck driver, semi driver",https://www.etsy.com/listing/553119503/semi-truck-personalized-christmas,TheRabbitHoleKnoll,https://www.etsy.com/shop/TheRabbitHoleKnoll,13.99,0,0,0,120,30,105 Mo.,156,0,3086,Home & Living,149,0,3.89,3896,"semi,truck,trucker,driver,ornament,decoration,christmas,long haul,custom,personalized,gift,stocking stuffer,trucking",semi,truck,trucker,driver,ornament,decoration,christmas,long haul,custom,personalized,gift,stocking stuffer,trucking
Semi Car Freshie/Aroma Ornament,https://www.etsy.com/listing/1258342761/semi-car-freshiearoma-ornament,BrickandHammer,https://www.etsy.com/shop/BrickandHammer,10.00,0,0,0,35,11,47 Mo.,49,0,1535,Home & Living,100,0,2.28,1644,"aroma,ornament,car scent,farm,semi,18 wheeler,big truck,trucker",aroma,ornament,car scent,farm,semi,18 wheeler,big truck,trucker,--,--,--,--,--
"Personalized Semi Truck Christmas Ornament, Custom Semi Trailer Big Rig Ornament, Gift For Truck Driver, Trucker Ornament Gift Thdso-2009",https://www.etsy.com/listing/4393234982/personalized-semi-truck-christmas,Zentati,https://www.etsy.com/shop/Zentati,23.36,0,0,0,0,0,7 Mo.,1,0,10,Home & Living,14,0,0.0,947,"christmas gift,christmas decor,christmas ornament,hanging ornament,family ornament,funny ornament gift,custom ornament gift,personalized gift,christmas keepsake,christmas in july,xmas ornament,car ornament,custom christmas",christmas gift,christmas decor,christmas ornament,hanging ornament,family ornament,funny ornament gift,custom ornament gift,personalized gift,christmas keepsake,christmas in july,xmas ornament,car ornament,custom christmas
"Big Truck Personalized Photo Ornament, Unique Gifts For Truckers, Big Rigs, Truck Drivers, Acrylic Ornaments, Big Truck Decor",https://www.etsy.com/listing/1099558843/big-truck-personalized-photo-ornament,KoolKoolCustomDesign,https://www.etsy.com/shop/KoolKoolCustomDesign,15.95,0,0,0,50,16,55 Mo.,63,0,2244,Home & Living,65,0,2.23,14845,"trucker dad gifts,trucker husband gift,trucker xmas gifts,trucker mom gifts,trucker wife gifts,big rig racing gift,big truck xmas gift,truck drivers xmas,big truck christmas,big truck ornament,big truck xmas decor,tow truck ornament,lineman bucket truck",trucker dad gifts,trucker husband gift,trucker xmas gifts,trucker mom gifts,trucker wife gifts,big rig racing gift,big truck xmas gift,truck drivers xmas,big truck christmas,big truck ornament,big truck xmas decor,tow truck ornament,lineman bucket truck
New Semi Truck Big Rig Trucker Wooden Christmas Ornament,https://www.etsy.com/listing/482515233/new-semi-truck-big-rig-trucker-wooden,Puzzimals,https://www.etsy.com/shop/Puzzimals,9.99,0,0,0,18,5,115 Mo.,36,0,998,Paper & Party Supplies,226,0,1.8,26415,"automobile,christmas ornament,ornament,wood,scroll saw,truck,semi,big rig,trucker",automobile,christmas ornament,ornament,wood,scroll saw,truck,semi,big rig,trucker,--,--,--,--
"Personalized Fire Truck Christmas Ornament, Custom Photo & Name Firefighter Trucker Christmas Tree Hanging Home Decor, Gift For Firefighter",https://www.etsy.com/listing/1811483846/personalized-fire-truck-christmas,EDesignShopUSA,https://www.etsy.com/shop/EDesignShopUSA,23.99,0,0,0,50,10,18 Mo.,37,1,951,Home & Living,36,25,5.26,49842,"christmas tree decor,xmas ornament,family xmas keepsake,ornament for kids,truck gift for dad,children ornament,truck ornaments,fire truck ornament,firefighter name,fighter lover gift,firefighter dad gift,photo ornament,merry christmas 2024",christmas tree decor,xmas ornament,family xmas keepsake,ornament for kids,truck gift for dad,children ornament,truck ornaments,fire truck ornament,firefighter name,fighter lover gift,firefighter dad gift,photo ornament,merry christmas 2024
"Personalized Truck Driver Wooden Ornament, Laser Engraved Birch Plywood",https://www.etsy.com/listing/1483255646/truck-driver-personalized-wooden,MonumentalGift,https://www.etsy.com/shop/MonumentalGift,11.00,0,0,0,0,0,35 Mo.,0,0,8,Home & Living,41,0,0.0,1957,"christmas ornament,personalized,christmas ornaments,ornament handmade,wood ornament,handmade ornament,monogrammed,wooden magnet,truck driver,trucker,truck driver gift,trucker gift,trucker ornament",christmas ornament,personalized,christmas ornaments,ornament handmade,wood ornament,handmade ornament,monogrammed,wooden magnet,truck driver,trucker,truck driver gift,trucker gift,trucker ornament
"Trucker Ornament Engraved on Wood – Rustic Semi Truck Christmas Decoration, Gift for Truck Drivers, Proud Trucker Ornament",https://www.etsy.com/listing/4365959734/trucker-ornament-engraved-on-wood-rustic,engravino,https://www.etsy.com/shop/engravino,18.00,0,0,0,0,0,8 Mo.,0,0,6,Home & Living,12,0,0.0,2,"memorialgift,housewarminggift,birthdaygift,christmasgift,wedddinggift,anniversary gift,engravedornament,engravedwood,woodengraved,giftforwife,giftforhusband,gift,gifts",memorialgift,housewarminggift,birthdaygift,christmasgift,wedddinggift,anniversary gift,engravedornament,engravedwood,woodengraved,giftforwife,giftforhusband,gift,gifts
Hanukkah gifts Hanukkah ornament Sweater embroidery Trucker Cap Chanukah Happy Hanukkah Sweatshirt Hanukkah Gift Hanukkah shirt Christmas,https://www.etsy.com/listing/1828074329/hanukkah-gifts-hanukkah-ornament-sweater,beetrove,https://www.etsy.com/shop/beetrove,19.00,0,0,0,0,0,18 Mo.,0,0,3,Accessories,25,0,0.0,1197,"hanukkah sweater,latkes cap shirts,hanukkah sweatshirt,latkes hat sweater,hanukkah cap shirt,hannukah sweatshirt,in my hanukkah era,ugly hanukkah hat,hanukkah gnomes,hannukah sweater,hanukkah gifts,chanukah gifts,hanukkah decor",hanukkah sweater,latkes cap shirts,hanukkah sweatshirt,latkes hat sweater,hanukkah cap shirt,hannukah sweatshirt,in my hanukkah era,ugly hanukkah hat,hanukkah gnomes,hannukah sweater,hanukkah gifts,chanukah gifts,hanukkah decor
"Oh What fun it is to ride tractor, cars, 18 wheelers and more Christmas Ornaments",https://www.etsy.com/listing/4417355866/oh-what-fun-it-is-to-ride-tractor-cars,CustomCraftShed,https://www.etsy.com/shop/CustomCraftShed,12.95,0,0,0,0,0,5 Mo.,0,0,2,Home & Living,77,0,0.0,437,"christmas,holidays,christmas tree,custom ornament,christmas present,laser ornaments,truck driver,trucker,semi truck,off road vehicle,tractor",christmas,holidays,christmas tree,custom ornament,christmas present,laser ornaments,truck driver,trucker,semi truck,off road vehicle,tractor,--,--
"Personalized Tractor Ornament Custom Shaped Acrylic Ornament for Farmer Tractor Driver, Tractor Christmas Flat Ornament Christmas",https://www.etsy.com/listing/1303534452/personalized-tractor-ornament-custom,HAVIBraidedBracelet,https://www.etsy.com/shop/HAVIBraidedBracelet,18.99,0,0,0,0,0,43 Mo.,6,0,795,Home & Living,58,0,0.0,13349,"flat ornament,christmas,xmas gift,personalized,shaped ornament,christmas 2022,tractor,tractor driver,truck driver,trucker,tractor ornament",flat ornament,christmas,xmas gift,personalized,shaped ornament,christmas 2022,tractor,tractor driver,truck driver,trucker,tractor ornament,--,--
"Custom Dump Truck Acrylic Ornament, Truck Christmas Gift, Trucker Christmas Lights Ornament, Truck Car 2D Flat Ornament, Trucker Lover Gift",https://www.etsy.com/listing/4401093189/custom-dump-truck-acrylic-ornament-truck,LacomShop,https://www.etsy.com/shop/LacomShop,19.98,0,0,0,0,0,6 Mo.,0,0,34,Home & Living,18,0,0.0,2748,"christmas ornament,dump truck ornament,truck car ornament,dump truck,truck xmas,trucker light,truck ornament,trucker gift,holiday decor,festive ornament,custom ornament,xmas gift,personalized gift",christmas ornament,dump truck ornament,truck car ornament,dump truck,truck xmas,trucker light,truck ornament,trucker gift,holiday decor,festive ornament,custom ornament,xmas gift,personalized gift
Gothic Snake Sculpture Ornament | Hand-Painted Dashboard Decor for Car Lorry Truck,https://www.etsy.com/listing/4366605015/gothic-snake-sculpture-ornament-hand,LuxePrintsStudioGB,https://www.etsy.com/shop/LuxePrintsStudioGB,44.73,0,0,0,0,0,8 Mo.,0,0,90,Art & Collectibles,9,0,0.0,5,"trucker present,3d printed item,shelf display,office desk,vehicle art,altar supplies,dark decor,goth snake,sculpted piece,ornament gift,dashboard accessory,man cave,car owner",trucker present,3d printed item,shelf display,office desk,vehicle art,altar supplies,dark decor,goth snake,sculpted piece,ornament gift,dashboard accessory,man cave,car owner
Fuckle Hat | Funny Embroidered Trucker Hat | Chaos Division Hat | Sarcastic Hat | Hold My Beer Gift,https://www.etsy.com/listing/4514159589/fuckle-hat-funny-embroidered-trucker-hat,LilBabzRazorCutzLLC,https://www.etsy.com/shop/LilBabzRazorCutzLLC,39.99,0,0,0,0,0,1 Mo.,0,0,1,Accessories,86,0,0.0,223,"fuckle hat,funny trucker hat,embroidered hat,chaos hat,hold my beer,funny ball cap,chaotic hat gift,funny apparel,chaos apparel,mature audience,ornament,funny gifts,gen x apparel",fuckle hat,funny trucker hat,embroidered hat,chaos hat,hold my beer,funny ball cap,chaotic hat gift,funny apparel,chaos apparel,mature audience,ornament,funny gifts,gen x apparel
"Trucker Christmas With Flag Personalized Christmas Ornament, gift for trucker, Flat Acrylic Ornament for Dad, Truck Ornament Christmas",https://www.etsy.com/listing/1789385036/trucker-christmas-with-flag-personalized,MichaelDonofrioTee,https://www.etsy.com/shop/MichaelDonofrioTee,19.95,0,0,0,0,0,7 Mo.,0,0,10,Home & Living,10,0,0.0,5329,"flat ornament,christmas,xmas gift,personalized,shaped ornament,christmas 2024,tractor,tractor driver,truck driver,trucker,tractor ornament,lineman,for trucker driver",flat ornament,christmas,xmas gift,personalized,shaped ornament,christmas 2024,tractor,tractor driver,truck driver,trucker,tractor ornament,lineman,for trucker driver
Softball | Softball SVG | Softball Brother SVG | Softball Shirt | Softball Hat | Softball Jersey | Softball Sweatshirt | Softball Coach,https://www.etsy.com/listing/1381365146/softball-softball-svg-softball-brother,CassandraLeeGray,https://www.etsy.com/shop/CassandraLeeGray,3.33,0,0,0,0,0,26 Mo.,0,0,1,Craft Supplies & Tools,37,0,0.0,828,"softball png,softball coach,softball hat,softball cut file,softball vector,softball design,softball cap,softball trucker cap,softball ornament,softball print,custom softball hat,softball font,softball helmet",softball png,softball coach,softball hat,softball cut file,softball vector,softball design,softball cap,softball trucker cap,softball ornament,softball print,custom softball hat,softball font,softball helmet
Green Ornaments | Embroidered Iron On Patch | Ready To Ship | Fast Shipping,https://www.etsy.com/listing/1785217050/green-ornaments-embroidered-iron-on,Fancy4Fabric,https://www.etsy.com/shop/Fancy4Fabric,6.00,0,0,0,0,0,7 Mo.,0,0,0,Craft Supplies & Tools,41,0,0.0,9113,"patch,patches,embroidery,trucker hats,embroidered patch,iron on,heat press,christmas,green,gingerbread,ornament",patch,patches,embroidery,trucker hats,embroidered patch,iron on,heat press,christmas,green,gingerbread,ornament,--,--
Softball | Softball SVG | Softball Grandpa SVG | Softball Shirt | Softball Hat | Softball Jersey | Softball Sweatshirt | Softball Coach,https://www.etsy.com/listing/1395366515/softball-softball-svg-softball-grandpa,CassandraLeeGray,https://www.etsy.com/shop/CassandraLeeGray,3.33,0,0,0,0,0,26 Mo.,0,0,0,Craft Supplies & Tools,37,0,0.0,828,"softball png,softball coach,softball hat,softball cut file,softball vector,softball design,softball cap,softball trucker cap,softball ornament,softball print,custom softball hat,softball font,softball helmet",softball png,softball coach,softball hat,softball cut file,softball vector,softball design,softball cap,softball trucker cap,softball ornament,softball print,custom softball hat,softball font,softball helmet
"Driving Instructor Miles Ornament, City Bus Driver Gift, Transit Bus Driver Gift, Truck Driver Ornament, Trucker Gift, Limo Driver",https://www.etsy.com/listing/1676736389/driving-instructor-miles-ornament-city,CeeGeesCustomGifting,https://www.etsy.com/shop/CeeGeesCustomGifting,17.95,0,0,0,0,0,9 Mo.,0,0,2,Home & Living,20,0,0.0,4,"driving instructor,ornament,city bus driver,gift for,transit bus driver,truck driver,truckie gift,trucker gift,uber driver gift,limo driver gift,linehaul trucker,longhaul trucker,trucker birthday",driving instructor,ornament,city bus driver,gift for,transit bus driver,truck driver,truckie gift,trucker gift,uber driver gift,limo driver gift,linehaul trucker,longhaul trucker,trucker birthday
Personalized Semi Truck Christmas Ornament | Trucker Gift | Hand-Painted Red Cab,https://www.etsy.com/listing/1099916212/personalized-semi-truck-christmas,OrnamentsAreForever,https://www.etsy.com/shop/OrnamentsAreForever,22.67,0,0,0,14,3,54 Mo.,12,0,313,Home & Living,103,0,4.47,29079,"christmas ornament,hand painted red,big rig keepsake,trucker holiday gift,red cab ornament,semi truck decor,trucking fan gift,name custom ornament,truck driver gift,festive truck decor,truck operator gift,fleet owner present,red semi truck",christmas ornament,hand painted red,big rig keepsake,trucker holiday gift,red cab ornament,semi truck decor,trucking fan gift,name custom ornament,truck driver gift,festive truck decor,truck operator gift,fleet owner present,red semi truck
Custom Aluminum Christmas Ornament w/ FREE VELVET POUCH,https://www.etsy.com/listing/742014334/custom-aluminum-christmas-ornament-w,SomethingSweetFavor2,https://www.etsy.com/shop/SomethingSweetFavor2,13.00,0,0,0,0,0,78 Mo.,0,0,23,Home & Living,81,0,0.0,5806,"christmas ornaments,christmas gifts,family christmas,family ornaments,trucker ornaments,red truck ornament,red christmas truck,christmas truck,red truck theme,country christmas,country ornament",christmas ornaments,christmas gifts,family christmas,family ornaments,trucker ornaments,red truck ornament,red christmas truck,christmas truck,red truck theme,country christmas,country ornament,--,--
Personalized Delivery Driver Ornament w/ FREE GIFT POUCH,https://www.etsy.com/listing/4345622616/personalized-delivery-driver-ornament-w,SomethingSweetFavor2,https://www.etsy.com/shop/SomethingSweetFavor2,10.00,0,0,0,0,0,9 Mo.,0,0,0,Home & Living,81,0,0.0,5806,"christmas ornaments,christmas gifts,family christmas,family ornaments,trucker ornaments,christmas truck,country christmas,mailman ornament,mailman christmas,mail carrier gifts,delivery driver gift,ups delivery gift,ups man gifts",christmas ornaments,christmas gifts,family christmas,family ornaments,trucker ornaments,christmas truck,country christmas,mailman ornament,mailman christmas,mail carrier gifts,delivery driver gift,ups delivery gift,ups man gifts
"Custom Truck Driver 2D Flat Ornament, Personalized Semi Truck Christmas Ornament, Trucker Gift, Big Rig Ornament, Driver Christmas Decor",https://www.etsy.com/listing/4382591855/custom-truck-driver-2d-flat-ornament,BrianDevineShirt,https://www.etsy.com/shop/BrianDevineShirt,19.95,0,0,0,0,0,2 Mo.,0,0,41,Home & Living,16,0,0.0,9358,"truck driver,trucker gift,big rig decor,semi truck,driver ornament,custom name,road life,christmas truck,hauler gift,truck lover,driver decor,truck gift,rig ornament",truck driver,trucker gift,big rig decor,semi truck,driver ornament,custom name,road life,christmas truck,hauler gift,truck lover,driver decor,truck gift,rig ornament
"Personalized Lineman Bucket Truck Christmas Ornament 2025, Custom Utility Worker 2D Flat Acrylic Tree Decor, Gift for Linemen & Electricians",https://www.etsy.com/listing/4393898885/personalized-lineman-bucket-truck,HazelLiuCrafts,https://www.etsy.com/shop/HazelLiuCrafts,20.03,0,0,0,0,0,3 Mo.,0,0,6,Home & Living,5,0,0.0,400,"christmas ornament,ornament 2025,christmas decor,christmas gift,custom ornament,personalized xmas gift,gift for trucker,truck ornament,trucker gift,trucker ornament,lineman bucker truck,gift for lineman,truck drivers",christmas ornament,ornament 2025,christmas decor,christmas gift,custom ornament,personalized xmas gift,gift for trucker,truck ornament,trucker gift,trucker ornament,lineman bucker truck,gift for lineman,truck drivers
Personalized Kid Construction Truck Christmas Shape Fat Ornament Truck Ornament Garbage Truck Gift for Kids for Trucker Keepsake,https://www.etsy.com/listing/4406349579/personalized-kid-construction-truck,YarnInnovation,https://www.etsy.com/shop/YarnInnovation,10.88,0,0,0,0,0,2 Mo.,0,0,0,Home & Living,25,0,0.0,654,"christmas ornament,christmas gift,christmas tree decor,hanging ornament,trash truck,sanitation worker,gift for cleaner,gift for garbage man,garbage man,custom dump truck,construction truck,truck christmas tree,trucker lover gift",christmas ornament,christmas gift,christmas tree decor,hanging ornament,trash truck,sanitation worker,gift for cleaner,gift for garbage man,garbage man,custom dump truck,construction truck,truck christmas tree,trucker lover gift
"Personalized Truck Ornament, Big Rig Christmas Decor, Driver Keepsake",https://www.etsy.com/listing/4408270960/personalized-truck-ornament-big-rig,LajeunesseClothing,https://www.etsy.com/shop/LajeunesseClothing,28.56,0,0,0,0,0,1 Mo.,0,0,0,Home & Living,4,0,0.0,280,"custom truck,truck ornament,semi truck gift,trucker gift,driver ornament,big rig decor,custom name,christmas gift,holiday ornament,driver keepsake,truck driver,semi truck decor,xmas ornament",custom truck,truck ornament,semi truck gift,trucker gift,driver ornament,big rig decor,custom name,christmas gift,holiday ornament,driver keepsake,truck driver,semi truck decor,xmas ornament
"Personalized Truck Driver Acrylic Ornament, Custom Name Trucker Gift, Big Rig Christmas Keepsake, CDL Driver Xmas Gift",https://www.etsy.com/listing/4397809450/personalized-truck-driver-acrylic,EverAfterTrinketShop,https://www.etsy.com/shop/EverAfterTrinketShop,14.40,0,0,0,0,0,1 Mo.,0,0,12,Home & Living,4,0,0.0,63,"trucker ornament,truck driver gift,personalized gift,custom ornament,christmas gift,gift for him,gift for dad,trucker dad,acrylic ornament,semi truck,big rig,trucking gift,xmas ornament",trucker ornament,truck driver gift,personalized gift,custom ornament,christmas gift,gift for him,gift for dad,trucker dad,acrylic ornament,semi truck,big rig,trucking gift,xmas ornament
"Personalized Trucker Ornament With Colorful Lights, Custom Semi Truck Acrylic Decoration, Christmas Gift For Truck Drivers, Gift For Him",https://www.etsy.com/listing/4393902834/personalized-trucker-ornament-with,TadaGiftsShop,https://www.etsy.com/shop/TadaGiftsShop,11.90,0,0,0,0,0,2 Mo.,0,0,10,Home & Living,3,0,0.0,2348,"christmas gift,christmas decor,christmas ornament,hanging ornament,family ornament,funny ornament gift,custom ornament gift,personalized gift,christmas keepsake,christmas in july,xmas ornament,car ornament,custom christmas",christmas gift,christmas decor,christmas ornament,hanging ornament,family ornament,funny ornament gift,custom ornament gift,personalized gift,christmas keepsake,christmas in july,xmas ornament,car ornament,custom christmas
"Personalized Elegant Semi Truck Toile De Jouy Acrylic Ornament, Gift For Truckers, Truck Lovers Christmas Ornament, Christmas Gift",https://www.etsy.com/listing/4384220741/personalized-elegant-semi-truck-toile-de,TadaGiftsShop,https://www.etsy.com/shop/TadaGiftsShop,11.90,0,0,0,0,0,2 Mo.,0,0,6,Home & Living,3,0,0.0,2348,"truck lovers gift,gift for trucker,gift for women,gift for men,personalized gift,custom ornament,christmas ornament,hanging decor,christmas tree decor,family gifts,gift for family,funny family gifts",truck lovers gift,gift for trucker,gift for women,gift for men,personalized gift,custom ornament,christmas ornament,hanging decor,christmas tree decor,family gifts,gift for family,funny family gifts,--
Semi Truck Convoy DPE013,https://www.etsy.com/listing/1235591847/semi-truck-convoy-dpe013,RockyMtnTreasures,https://www.etsy.com/shop/RockyMtnTreasures,13.95,0,0,0,0,0,48 Mo.,3,0,35,Art & Collectibles,172,0,0.0,9530,"semi,truck,trucker,convoy,freedom,rustic,ornaments",semi,truck,trucker,convoy,freedom,rustic,ornaments,--,--,--,--,--,--
"Santa Truck Christmas Ornament, Santa Claus Driving Truck Ornament, Trucker Ornament Xmas Gift, Truck Driver Ornament Gift TD-1127-OW7X",https://www.etsy.com/listing/1819177906/santa-truck-christmas-ornament-santa,LizzHome,https://www.etsy.com/shop/LizzHome,21.58,0,0,0,0,0,18 Mo.,1,0,84,Home & Living,24,0,0.0,7491,"christmas gift,christmas decor,christmas ornament,hanging ornament,family ornament,funny ornament gift,custom ornament gift,personalized gift,christmas keepsake,christmas in july,xmas ornament,car ornament,custom christmas",christmas gift,christmas decor,christmas ornament,hanging ornament,family ornament,funny ornament gift,custom ornament gift,personalized gift,christmas keepsake,christmas in july,xmas ornament,car ornament,custom christmas
"Personalized Fire Truck Christmas Ornament, Custom Photo & Name Firefighter Trucker Tree Hanging Home Decor, Gift For Firefighter UN4I11",https://www.etsy.com/listing/4404013522/personalized-fire-truck-christmas,LittleCraftGood,https://www.etsy.com/shop/LittleCraftGood,26.20,0,0,0,0,0,6 Mo.,0,0,41,Home & Living,13,0,0.0,5304,"christmas tree decor,xmas ornament,family xmas keepsake,ornament for kids,truck gift for dad,children ornament,truck ornaments,fire truck ornament,firefighter name,fighter lover gift,firefighter dad gift,photo ornament,merry christmas 2025",christmas tree decor,xmas ornament,family xmas keepsake,ornament for kids,truck gift for dad,children ornament,truck ornaments,fire truck ornament,firefighter name,fighter lover gift,firefighter dad gift,photo ornament,merry christmas 2025
"Personalized Fire Truck Xmas Ornament, Trucker Xmas Light Ornament, Customized 2024 Xmas Tree Decor Xmas Gift For Firefighter DZN206",https://www.etsy.com/listing/1807790000/personalized-fire-truck-xmas-ornament,SpringCityShopArt,https://www.etsy.com/shop/SpringCityShopArt,31.99,0,0,0,0,0,18 Mo.,1,0,21,Home & Living,52,0,0.0,15142,"family ornament,christmas ornaments,christmas keepsake,personalized gift,acrylic ornament,ornament for toddler,gifts for boys,children ornaments,firefighter ornament,fire truck ornament,funny firefighter,photo ornament,gift for firefighter",family ornament,christmas ornaments,christmas keepsake,personalized gift,acrylic ornament,ornament for toddler,gifts for boys,children ornaments,firefighter ornament,fire truck ornament,funny firefighter,photo ornament,gift for firefighter
"Personalized Fire Truck Christmas Ornament 2024, Fire Truck Ornament,Trucker Christmas Light, Personalized Truck,Gift For Firefighter BXLW13",https://www.etsy.com/listing/1806679002/personalized-fire-truck-christmas,SpringCityShopArt,https://www.etsy.com/shop/SpringCityShopArt,31.99,0,0,0,0,0,18 Mo.,1,0,130,Home & Living,52,0,0.0,15142,"christmas tree decor,xmas ornament,family xmas keepsake,ceramic ornament,ornament for kids,truck gift for dad,children ornament,truck ornaments,fire truck,fire truck ornament,firefighter name,fighter lover gift,firefighter dad gift",christmas tree decor,xmas ornament,family xmas keepsake,ceramic ornament,ornament for kids,truck gift for dad,children ornament,truck ornaments,fire truck,fire truck ornament,firefighter name,fighter lover gift,firefighter dad gift
"Personalized Trucker Truck Christmas Ornament, Trucker Ornament, Trucker Christmas Light, Personalized Truck Ornament D2LZ23",https://www.etsy.com/listing/4379108435/personalized-trucker-truck-christmas,SpringCityShopArt,https://www.etsy.com/shop/SpringCityShopArt,32.98,0,0,0,0,0,7 Mo.,0,0,3,Home & Living,52,0,0.0,15142,"christmas gift,christmas ornament,trucker ornament,truck ornament,trucker christmas,trucker truck,trucker gift,christmas ornaments,tractor ornament,truck christmas,acrylic ornament,christmas gifts,tractor ornaments",christmas gift,christmas ornament,trucker ornament,truck ornament,trucker christmas,trucker truck,trucker gift,christmas ornaments,tractor ornament,truck christmas,acrylic ornament,christmas gifts,tractor ornaments
"Custom Name Truck Christmas Ornament, Truck Ornament, Custom Truck Acrylic Ornament, Christmas Truck Driver, Gift For Trucker Ornament",https://www.etsy.com/listing/4373954123/custom-name-truck-christmas-ornament,QuovotisCandle,https://www.etsy.com/shop/QuovotisCandle,23.96,0,0,0,0,0,3 Mo.,0,0,5,Home & Living,17,0,0.0,4694,"christmas ornament,personalized gift,christmas tree decor,christmas gift,personalize ornament,custom ornament,christmas decor,gift for trucker,truck ornament,trucker gift,trucker ornament,hanging ornament,christmas truck",christmas ornament,personalized gift,christmas tree decor,christmas gift,personalize ornament,custom ornament,christmas decor,gift for trucker,truck ornament,trucker gift,trucker ornament,hanging ornament,christmas truck
"Trucker Ornament Engraved on Wood – Rustic Semi Truck Christmas Decoration, Gift for Truck Drivers, Worlds Okayest Trucker Ornament",https://www.etsy.com/listing/4365974343/trucker-ornament-engraved-on-wood-rustic,engravino,https://www.etsy.com/shop/engravino,18.00,0,0,0,0,0,8 Mo.,0,0,3,Home & Living,12,0,0.0,2,"memorialgift,housewarminggift,birthdaygift,christmasgift,wedddinggift,anniversary gift,engravedornament,engravedwood,woodengraved,giftforwife,giftforhusband,gift,gifts",memorialgift,housewarminggift,birthdaygift,christmasgift,wedddinggift,anniversary gift,engravedornament,engravedwood,woodengraved,giftforwife,giftforhusband,gift,gifts
"Truck Christmas Tree Ornament, Truck Acrylic/Wooden Ornament, Christmas 2025 Gifts Idea for Kids, Christmas Tree Hanging Decor",https://www.etsy.com/listing/4372260197/truck-christmas-tree-ornament-truck,BlossomieWardrobe,https://www.etsy.com/shop/BlossomieWardrobe,17.76,0,0,0,0,0,8 Mo.,0,0,12,Home & Living,22,0,0.0,906,"custom ornament,christmas decoration,2d ornament,christmas gift,christmas decor,personalized name,truck ornament,gift for kid,kid ornament,tractor ornament,truck christmas,trucker christmas,2025 christmas",custom ornament,christmas decoration,2d ornament,christmas gift,christmas decor,personalized name,truck ornament,gift for kid,kid ornament,tractor ornament,truck christmas,trucker christmas,2025 christmas
Christmas Embroidery Stick & Stitch Embroidery Patterns Hand Embroidered Template Peel and Stitch Pattern Set of 6,https://www.etsy.com/listing/4403081147/christmas-embroidery-stick-stitch,BethnCompany,https://www.etsy.com/shop/BethnCompany,5.00,0,0,0,0,0,6 Mo.,6,0,69,Art & Collectibles,206,0,0.0,13059,"stick and stitch,peel and stick,water soluble,embroidery pattern,diy,cap embroidery,trucker hat pattern,hand embroidery,christmas pattern,christmas town,holly,ornaments,christmas tree",stick and stitch,peel and stick,water soluble,embroidery pattern,diy,cap embroidery,trucker hat pattern,hand embroidery,christmas pattern,christmas town,holly,ornaments,christmas tree
"Cute Crochet Mini Turtle Plushie Rear View Mirror Accessory, friend gift idea, Teens Interior, Car Mirror hanging Decoration, sea animal toy",https://www.etsy.com/listing/1682647607/cute-crochet-mini-turtle-plushie-rear,MyCutecrochetToys,https://www.etsy.com/shop/MyCutecrochetToys,9.50,0,0,0,46,12,27 Mo.,124,0,2165,Electronics & Accessories,97,33,2.12,2658,"rear view accessory,rear view mirror,hanging car ornament,meme plushie,friends gift idea,rodent plushie,coworker cute gift,trucker present,crochet toy turtle,car charm turtle,turtle plush,sea animals toy,crochet car hanger",rear view accessory,rear view mirror,hanging car ornament,meme plushie,friends gift idea,rodent plushie,coworker cute gift,trucker present,crochet toy turtle,car charm turtle,turtle plush,sea animals toy,crochet car hanger
Ho Ho Ho Iron On Patch - Ornament Patch - Trucker Hat Patch - Christmas Patch- Holiday Appliqué - DIY Patch,https://www.etsy.com/listing/4403841774/ho-ho-ho-iron-on-patch-ornament-patch,ABLNco,https://www.etsy.com/shop/ABLNco,4.75,0,0,0,0,0,6 Mo.,5,0,56,Accessories,43,0,0.0,159811,"patches for hat,patches for jacket,iron on patch,holiday patch,christmas patches,santa patch,trucker hat patch,sequin patch,christmas patch,diy patch,christmas tree patch,ho ho ho patch,ornament patch",patches for hat,patches for jacket,iron on patch,holiday patch,christmas patches,santa patch,trucker hat patch,sequin patch,christmas patch,diy patch,christmas tree patch,ho ho ho patch,ornament patch
Christmas Cactus Chenille Patch: Holiday Ornament Iron-On Patch (3”),https://www.etsy.com/listing/1795258450/christmas-cactus-chenille-patch-holiday,ABLNco,https://www.etsy.com/shop/ABLNco,3.75,0,0,0,43,3,19 Mo.,36,0,178,Accessories,43,0,24.16,159811,"trucker hat patches,patches for hat,patches for jacket,preppy patch,iron on patch,holiday patch,christmas patches,sequins patch,small patches,santa patch,ornament patch,cactus tree patch,christmas tree patch",trucker hat patches,patches for hat,patches for jacket,preppy patch,iron on patch,holiday patch,christmas patches,sequins patch,small patches,santa patch,ornament patch,cactus tree patch,christmas tree patch
"Mudflap Girl, Curvy, Freshie Mold - Silicone Mold - Car Freshie Mold - Resin Mold - Candle Mold - Soap Mold - Aroma Bead Mold",https://www.etsy.com/listing/1506026088/mudflap-girl-curvy-freshie-mold-silicone,MichellesCreationsTX,https://www.etsy.com/shop/MichellesCreationsTX,20.00,0,0,0,0,0,34 Mo.,12,0,56,Craft Supplies & Tools,83,0,0.0,30701,"car freshie mold,silicone mold,resin mold,soap mold,chocolate mold,candle mold,craft mold,custom freshie mold,mudflap girl mold,curvy girl mold,trucker mold,ornament mold,freshie molds",car freshie mold,silicone mold,resin mold,soap mold,chocolate mold,candle mold,craft mold,custom freshie mold,mudflap girl mold,curvy girl mold,trucker mold,ornament mold,freshie molds
"18 Wheeler Ornament, Eighteen Wheeler Ornament, Truck Driver Gift, Big Rig Ornament,",https://www.etsy.com/listing/900590085/18-wheeler-ornament-eighteen-wheeler,HouseofMorganPewter,https://www.etsy.com/shop/HouseofMorganPewter,24.95,0,0,0,13,3,66 Mo.,21,0,363,Home & Living,84,0,3.58,6905,"semi,truck,trucks,trucker,eighteen,wheeler,ornament,ornaments,christmas,big,rig,18,wheelers",semi,truck,trucks,trucker,eighteen,wheeler,ornament,ornaments,christmas,big,rig,18,wheelers
"Personalized Trucker Hat Bag Tag – Wildcats Ornament, Keychain, Magnet",https://www.etsy.com/listing/4471136237/trucker-hat-bag-tag-personalized-bag-tag,Brandedandbloomcom,https://www.etsy.com/shop/Brandedandbloomcom,10.00,0,0,0,0,0,2 Mo.,0,0,0,Accessories,13,0,0.0,71,"keychain,bag accessories,bag tags,tags,accessories,backpack tags,name tags,custom names,monster truck bag ta,monster truck tags,truck bag tag,trucker hat",keychain,bag accessories,bag tags,tags,accessories,backpack tags,name tags,custom names,monster truck bag ta,monster truck tags,truck bag tag,trucker hat,--
"First Christmas as a Truck Driver Ornament – Personalized Name & 2025 Year, Trucker Christmas Tree Gift",https://www.etsy.com/listing/4410176179/first-christmas-as-a-truck-driver,CraftyMugUS,https://www.etsy.com/shop/CraftyMugUS,8.49,0,0,0,1,0,6 Mo.,0,0,35,Home & Living,25,0,2.86,1982,"truck driver,trucker,trucking,first christmas,1st christmas,personalized,custom name,name and year,2025 ornament,tree ornament,holiday gift,christmas decor,ceramic ornament",truck driver,trucker,trucking,first christmas,1st christmas,personalized,custom name,name and year,2025 ornament,tree ornament,holiday gift,christmas decor,ceramic ornament
"Personalized Trucker Truck Christmas Ornament, Trucker Ornament, Trucker Christmas Light, Personalized Truck Ornament",https://www.etsy.com/listing/1354939071/personalized-trucker-truck-christmas,Hyturtle,https://www.etsy.com/shop/Hyturtle,16.61,0,0,0,157,34,42 Mo.,152,1,5163,Home & Living,47,42,3.04,14536,"christmas gift,christmas ornament,trucker ornament,truck ornament,trucker christmas,trucker truck,trucker gift,christmas ornaments,tractor ornament,truck christmas,acrylic ornament,christmas gifts,tractor ornaments",christmas gift,christmas ornament,trucker ornament,truck ornament,trucker christmas,trucker truck,trucker gift,christmas ornaments,tractor ornament,truck christmas,acrylic ornament,christmas gifts,tractor ornaments
2024 Tag/Ornament/Car Charm - keepsake reminder humor funny quarantined struggle momento trucker truck driver semi 18 wheeler,https://www.etsy.com/listing/888749655/2024-tagornamentcar-charm-keepsake,RoundRockCrafts,https://www.etsy.com/shop/RoundRockCrafts,9.95,0,0,0,8,2,68 Mo.,10,0,254,Home & Living,182,0,3.15,16590,"ornament exchange,driver,blue collar worker,appreciation,essential,essential worker,lockdown,quarantine,pandemic,2020,social distancing",ornament exchange,driver,blue collar worker,appreciation,essential,essential worker,lockdown,quarantine,pandemic,2020,social distancing,--,--
"Personalized Truck Driver Christmas Ornament – Gift for Truck Driver, Delivery Driver, Cdl Driver, Trucker Gift for Long Haul Driver",https://www.etsy.com/listing/4405491680/personalized-truck-driver-christmas,WoodUnlimitedShop,https://www.etsy.com/shop/WoodUnlimitedShop,19.99,0,0,0,0,0,7 Mo.,1,0,39,Home & Living,53,0,0.0,27830,"christmas ornament,custom ornament,truck driver gift,truck driver christm,personalized truck d,truck driver holiday,delivery driver gift,cdl driver gift,semi truck ornament,big rig driver gift,trucker christmas,trucker gift,trucker ornament",christmas ornament,custom ornament,truck driver gift,truck driver christm,personalized truck d,truck driver holiday,delivery driver gift,cdl driver gift,semi truck ornament,big rig driver gift,trucker christmas,trucker gift,trucker ornament
Personalized Trucker Acrylic Ornament: Custom Name & Date,https://www.etsy.com/listing/1331610678/personalized-trucker-acrylic-ornament,OwlTopThat,https://www.etsy.com/shop/OwlTopThat,14.00,0,0,0,8,2,43 Mo.,8,0,385,Home & Living,84,0,2.08,27418,"christmas,tree,tree decorations,ornaments,personalized,trucker ornament,truck ornament,semi driver,trucker christmas,decoration,trucker semi,semi christmas,trucking ornament",christmas,tree,tree decorations,ornaments,personalized,trucker ornament,truck ornament,semi driver,trucker christmas,decoration,trucker semi,semi christmas,trucking ornament
"Personalized Trucker Wife Ornament, Custom Gift for Trucker Wife Era Christmas Ornament, Funny Road Warrior&#39;s Wife Appreciation Gifts",https://www.etsy.com/listing/1616294176/personalized-trucker-wife-ornament,AddictiveDesignsCo,https://www.etsy.com/shop/AddictiveDesignsCo,22.99,0,0,0,5,1,26 Mo.,0,0,17,Home & Living,67,0,29.41,16422,"christmas ornament,trucker wife gift,christmas gift,custom ornament,truck driver wife,trucker wife xmas,truckerwife ornament,my trucker wife era,personalized gift,funny trucker wife,appreciation gift",christmas ornament,trucker wife gift,christmas gift,custom ornament,truck driver wife,trucker wife xmas,truckerwife ornament,my trucker wife era,personalized gift,funny trucker wife,appreciation gift,--,--
"Personalized Truck Driver Ornament – Custom Name Christmas Ball with Santa Hat, Xmas Tree & Gifts – Unique Holiday Decor for Him",https://www.etsy.com/listing/4371087747/personalized-truck-driver-ornament,HandmadeHabibaLtd,https://www.etsy.com/shop/HandmadeHabibaLtd,10.31,0,0,0,0,0,2 Mo.,0,0,15,Home & Living,4,0,0.0,353,"christmas gift,christmas ornament,trucker ornament,truck ornament,trucker christmas,trucker truck,trucker gift,christmas ornaments,tractor ornament,truck christmas,acrylic ornament,christmas gifts,tractor ornaments",christmas gift,christmas ornament,trucker ornament,truck ornament,trucker christmas,trucker truck,trucker gift,christmas ornaments,tractor ornament,truck christmas,acrylic ornament,christmas gifts,tractor ornaments
"Personalized Truck Christmas Ornament, Custom Truck Christmas Acrylic Ornament, Christmas Gift For Truck Driver, Gift For Trucker Ornament",https://www.etsy.com/listing/4374577861/personalized-truck-christmas-ornament,CharmlyCrafted,https://www.etsy.com/shop/CharmlyCrafted,29.99,0,0,0,0,0,4 Mo.,0,0,1,Home & Living,4,0,0.0,155,"personalized gift,christmas ornament,trucker gift,trucker ornament,christmas gift,truck ornament,gift for trucker,christmas tree decor,custom ornament,hanging ornament,christmas truck,personalize ornament,christmas decor",personalized gift,christmas ornament,trucker gift,trucker ornament,christmas gift,truck ornament,gift for trucker,christmas tree decor,custom ornament,hanging ornament,christmas truck,personalize ornament,christmas decor
"Personalized Trucker Ornament, Custom Name Truck Driver Gift, 2D Flat Acrylic Xmas Ornament, Semi Truck Decor, American Flag Eagle Ornament",https://www.etsy.com/listing/4398676820/personalized-trucker-ornament-custom,TaboadaFashionFunny,https://www.etsy.com/shop/TaboadaFashionFunny,19.95,0,0,0,0,0,1 Mo.,0,0,0,Home & Living,22,0,0.0,58,"trucker ornament,american flag,eagle truck,custom name,patriotic gift,usa truck,semi truck gift,christmas gift,driver ornament,2d flat ornament,truck driver gift,holiday decor,custom ornament",trucker ornament,american flag,eagle truck,custom name,patriotic gift,usa truck,semi truck gift,christmas gift,driver ornament,2d flat ornament,truck driver gift,holiday decor,custom ornament
Personalized Semi Truck Christmas Ornament: Custom Acrylic Decoration,https://www.etsy.com/listing/4413259475/personalized-semi-truck-christmas,PascalPoulinCoArt,https://www.etsy.com/shop/PascalPoulinCoArt,8.91,0,0,0,0,0,1 Mo.,0,0,0,Home & Living,28,0,0.0,6679,"truck driver,semi truck,custom name,acrylic ornament,2d flat decor,trucker gift,christmas ornament,personalized gift,driver decor,big rig,haul truck,road lover,transport gift",truck driver,semi truck,custom name,acrylic ornament,2d flat decor,trucker gift,christmas ornament,personalized gift,driver decor,big rig,haul truck,road lover,transport gift
PICKUP TRUCK made of Rustic Rusty Rusted Recycled Metal Custom PERSONALIZED Pick Up Truck / Pick Up / Truck Ornament or Magnet,https://www.etsy.com/listing/268013510/pickup-truck-made-of-rustic-rusty-rusted,BlessingMercantile,https://www.etsy.com/shop/BlessingMercantile,16.25,0,0,0,7,2,123 Mo.,15,0,139,Home & Living,159,0,5.04,23462,"personalized,custom,stamped tag,rusted,travel trailer,camping trailer,pick up,girl trucker,glamper,truck ornament,trailer ornament",personalized,custom,stamped tag,rusted,travel trailer,camping trailer,pick up,girl trucker,glamper,truck ornament,trailer ornament,--,--
Side Semi - Double Cab Silicone Freshie Mold - Silicone Mold - Freshie Mold - Resin Mold - Candle Mold - Soap Mold - Aroma Bead Mold,https://www.etsy.com/listing/1500742526/side-semi-double-cab-silicone-freshie,MichellesCreationsTX,https://www.etsy.com/shop/MichellesCreationsTX,20.00,0,0,0,0,0,34 Mo.,7,0,63,Craft Supplies & Tools,83,0,0.0,30701,"car freshie mold,silicone mold,resin mold,soap mold,chocolate mold,candle mold,craft mold,custom freshie mold,semi truck mold,18 wheeler mold,trucker mold,ornament mold,freshie molds",car freshie mold,silicone mold,resin mold,soap mold,chocolate mold,candle mold,craft mold,custom freshie mold,semi truck mold,18 wheeler mold,trucker mold,ornament mold,freshie molds
Side Semi - Single Cab  Silicone Car Freshie Mold,https://www.etsy.com/listing/1514927659/side-semi-single-cab-silicone-car,MichellesCreationsTX,https://www.etsy.com/shop/MichellesCreationsTX,20.00,0,0,0,0,0,34 Mo.,4,0,20,Craft Supplies & Tools,83,0,0.0,30701,"car freshie mold,silicone mold,resin mold,soap mold,chocolate mold,candle mold,custom freshie mold,craft mold,semi truck mold,18 wheeler mold,ornament mold,freshie molds,trucker mold",car freshie mold,silicone mold,resin mold,soap mold,chocolate mold,candle mold,custom freshie mold,craft mold,semi truck mold,18 wheeler mold,ornament mold,freshie molds,trucker mold
Personalized Skid Steer Christmas Ornament: Custom Construction Equipment UN5H13,https://www.etsy.com/listing/4413357384/personalized-skid-steer-christmas,LittleCraftGood,https://www.etsy.com/shop/LittleCraftGood,26.20,0,0,0,0,0,6 Mo.,0,0,10,Home & Living,13,0,0.0,5304,"christmas ornament,skid steer loader,trucker gift,trucker ornament,trucker christmas,christmas gift,construct equipment,xmas tree decor,heavy equipment,custom ornament,tree hanging,christmas tree,2025 ornament",christmas ornament,skid steer loader,trucker gift,trucker ornament,trucker christmas,christmas gift,construct equipment,xmas tree decor,heavy equipment,custom ornament,tree hanging,christmas tree,2025 ornament
"Personalized Tractor Christmas Ornament, Tractor Christmas Flat Ornament Christmas Gift For Farmer, For Farmer Tractor Driver",https://www.etsy.com/listing/4365803494/personalized-tractor-christmas-ornament,MICHELLESOTOShop,https://www.etsy.com/shop/MICHELLESOTOShop,20.70,0,0,0,0,0,1 Mo.,0,0,2,Art & Collectibles,10,0,0.0,23,"flat ornament,christmas,xmas gift,personalized,shaped ornament,christmas 2022,tractor,tractor driver,truck driver,trucker,tractor ornament",flat ornament,christmas,xmas gift,personalized,shaped ornament,christmas 2022,tractor,tractor driver,truck driver,trucker,tractor ornament,--,--
"Trucker Christmas With Flag Personalized Christmas Ornament 2D, gift for Trucker, Flat Acrylic Ornament for Dad, Truck Ornament Christmas",https://www.etsy.com/listing/1810947474/trucker-christmas-with-flag-personalized,ZelosAudioLLC,https://www.etsy.com/shop/ZelosAudioLLC,19.95,0,0,0,0,0,5 Mo.,0,0,10,Home & Living,8,0,0.0,4046,"flat ornament,christmas,xmas gift,personalized,shaped ornament,christmas 2024,tractor,tractor driver,truck driver,trucker,tractor ornament,lineman,for trucker driver",flat ornament,christmas,xmas gift,personalized,shaped ornament,christmas 2024,tractor,tractor driver,truck driver,trucker,tractor ornament,lineman,for trucker driver
"Personalized Tractor Truck Christmas Acrylic Ornament, Christmas Ornament, Trucker Ornament, Trucker Christmas Light, Truck Ornament",https://www.etsy.com/listing/4366699806/personalized-tractor-truck-christmas,TatyanaStyleStore,https://www.etsy.com/shop/TatyanaStyleStore,24.99,0,0,0,0,0,3 Mo.,0,0,25,Home & Living,17,0,0.0,4860,"christmas ornament,hanging ornament,custom ornament gift,christmas keepsake,custom christmas,trucker ornament,truck ornament,trucker christmas,trucker truck,trucker gift,tractor ornament,truck christmas,christmas truck",christmas ornament,hanging ornament,custom ornament gift,christmas keepsake,custom christmas,trucker ornament,truck ornament,trucker christmas,trucker truck,trucker gift,tractor ornament,truck christmas,christmas truck
"Personalized Skid Steer Loader Ornament 2D, Excavator Christmas Ornament, Truck Car Ornament, Truck Driver Ornament Gift, Trucker Gift",https://www.etsy.com/listing/1825128429/personalized-skid-steer-loader-ornament,ZelosAudioLLC,https://www.etsy.com/shop/ZelosAudioLLC,19.95,0,0,0,0,0,5 Mo.,2,0,110,Home & Living,8,0,0.0,4046,"christmas ornament,holiday ornament,hanging ornament,ornament decor,christmas decor,christmas keepsake,skid steer loader,steer loader ornamen,excavator,excavator gift,truck car ornament,truck driver ornamen,trucker ornament",christmas ornament,holiday ornament,hanging ornament,ornament decor,christmas decor,christmas keepsake,skid steer loader,steer loader ornamen,excavator,excavator gift,truck car ornament,truck driver ornamen,trucker ornament
Let it snow Christmas Hat Trucker Hat Vintage Inspired Red Foam Mesh Adjustable Snapback Cap,https://www.etsy.com/listing/1820748998/let-it-snow-christmas-hat-trucker-hat,TruckerHatShop,https://www.etsy.com/shop/TruckerHatShop,29.99,0,0,0,0,0,4 Mo.,0,0,1,Accessories,21,0,0.0,1461,"boyfriend husband,pop culture hat,for women,trucker hat women,trucker hat men,vintage trucker hats,trendy trucker hats,gift idea,christmas party,christmas tree,xmas tree,tree topper,xmas ornament",boyfriend husband,pop culture hat,for women,trucker hat women,trucker hat men,vintage trucker hats,trendy trucker hats,gift idea,christmas party,christmas tree,xmas tree,tree topper,xmas ornament
"Personalized Truck Ornament Flat 2D, Construction Truck, Yellow Front Loader, Xmas Gift Custom Kids Ornament, Baby&#39;s First, Trucker Gift",https://www.etsy.com/listing/1818942136/personalized-truck-ornament-flat-2d,ZelosAudioLLC,https://www.etsy.com/shop/ZelosAudioLLC,19.95,0,0,0,0,0,5 Mo.,0,0,42,Home & Living,8,0,0.0,4046,"custom,personalized,babys first ornament,ornament for boy,gift for boy,kids ornament,name ornament,party favor,grandson ornament,holiday party favor,construction truck,yellow front loader,christmas 2024",custom,personalized,babys first ornament,ornament for boy,gift for boy,kids ornament,name ornament,party favor,grandson ornament,holiday party favor,construction truck,yellow front loader,christmas 2024
Personalized lamb rear view accessory first car gifts,https://www.etsy.com/listing/1709423025/personalized-lamb-rear-view-accessory,FairyToysWorld,https://www.etsy.com/shop/FairyToysWorld,20.00,0,0,0,0,0,13 Mo.,2,0,14,Electronics & Accessories,99,0,0.0,9623,"personalized lamb,rear view accessory,first car gifts,amigurumi animal,trucker accessories,farm owner gift,letter hanging,car mirror decor,long distance love,romantic gift girl,cute sheep,car charm ornament,rancher gift",personalized lamb,rear view accessory,first car gifts,amigurumi animal,trucker accessories,farm owner gift,letter hanging,car mirror decor,long distance love,romantic gift girl,cute sheep,car charm ornament,rancher gift
Vintage Mack Truck Bulldog Hood Ornament Dog Emblem Design Patent 87931 Western Star MackAnthem Sleeper Goldtone 1970&#39;s Gift for Him Trucker,https://www.etsy.com/listing/1731227716/vintage-mack-truck-bulldog-hood-ornament,ALEXLITTLETHINGS,https://www.etsy.com/shop/ALEXLITTLETHINGS,249.99,0,0,0,0,0,9 Mo.,19,0,427,Electronics & Accessories,151,25,0.0,5819,"hood ornament dog,mack truck bulldog,advertising,18 wheeler,patent 87931,western star,mack,goldtone gold tone,gold plated bulldog,alexlittlethings,gift for him,gift for trucker,man cave",hood ornament dog,mack truck bulldog,advertising,18 wheeler,patent 87931,western star,mack,goldtone gold tone,gold plated bulldog,alexlittlethings,gift for him,gift for trucker,man cave
Custom Semi Truck Metal LED Sign: Personalized Trucker Name Decor,https://www.etsy.com/listing/1823548906/custom-semi-truck-metal-led-sign,FlameRise,https://www.etsy.com/shop/FlameRise,107.00,0,0,0,0,0,13 Mo.,0,0,9,Home & Living,17,0,0.0,375,"custom metal sign,semi trucker decor,metal led sign,room ornament,truck driver gift,led lighted sign,metal name sign,semi truck art,led wall decor,trucker name sign,metal sign for room,led room decoration,led truck decor",custom metal sign,semi trucker decor,metal led sign,room ornament,truck driver gift,led lighted sign,metal name sign,semi truck art,led wall decor,trucker name sign,metal sign for room,led room decoration,led truck decor
Black Skulls with Clear Eyes on Chain,https://www.etsy.com/listing/1513160903/black-skulls-with-clear-eyes-on-chain,YourFantasyLand,https://www.etsy.com/shop/YourFantasyLand,13.99,0,0,0,0,0,35 Mo.,16,0,150,Electronics & Accessories,75,0,0.0,5753,"trucker,mirror hangers,skull hangers,gothic,bad boy,bad girl,black skull,skull ornaments,black car,skull figurines,car ornaments,skull,halloween",trucker,mirror hangers,skull hangers,gothic,bad boy,bad girl,black skull,skull ornaments,black car,skull figurines,car ornaments,skull,halloween
"Personalized Bucket Truck Ornament, Custom Lineman Christmas Gift, Utility Truck Worker Decor, Boom Lift Operator Charm",https://www.etsy.com/listing/4387419793/personalized-bucket-truck-ornament,RoxanneBischoffTee,https://www.etsy.com/shop/RoxanneBischoffTee,18.98,0,0,0,0,0,2 Mo.,1,0,14,Home & Living,6,0,0.0,925,"personalized gift,bucket truck,lineman gift,utility worker,christmas ornament,boom lift,heavy duty,electrician gift,tree trimmer,trucker gift,city worker,custom name,unique ornament",personalized gift,bucket truck,lineman gift,utility worker,christmas ornament,boom lift,heavy duty,electrician gift,tree trimmer,trucker gift,city worker,custom name,unique ornament
"Personalized Truck Christmas Ornament, Custom Truck Christmas Acrylic Ornament, Christmas Gift For Truck Driver, Gift For Trucker Ornament",https://www.etsy.com/listing/4375143167/personalized-truck-christmas-ornament,CSNDRStore,https://www.etsy.com/shop/CSNDRStore,35.29,0,0,0,0,0,4 Mo.,0,0,47,Home & Living,10,0,0.0,2868,"christmas ornament,personalized gift,christmas tree decor,christmas gift,personalize ornament,custom ornament,christmas decor,gift for trucker,truck ornament,trucker gift,trucker ornament,hanging ornament,christmas truck",christmas ornament,personalized gift,christmas tree decor,christmas gift,personalize ornament,custom ornament,christmas decor,gift for trucker,truck ornament,trucker gift,trucker ornament,hanging ornament,christmas truck
"Personalized Number Christmas Ornament, Custom Couple Candy Style Xmas Decor",https://www.etsy.com/listing/4409027238/personalized-number-christmas-ornament,LajeunesseClothing,https://www.etsy.com/shop/LajeunesseClothing,28.56,0,0,0,0,0,1 Mo.,0,0,0,Home & Living,4,0,0.0,280,"custom truck,truck ornament,semi truck gift,trucker gift,driver ornament,big rig decor,custom name,christmas gift,holiday ornament,driver keepsake,truck driver,semi truck decor,xmas ornament",custom truck,truck ornament,semi truck gift,trucker gift,driver ornament,big rig decor,custom name,christmas gift,holiday ornament,driver keepsake,truck driver,semi truck decor,xmas ornament
"Pesonalized Rollers Truck Shape Christmas Ornament, Monster Truck Ornament, Truck Ornament Gift For Kids Boys, Christmas Gift",https://www.etsy.com/listing/1813175897/pesonalized-rollers-truck-shape,ssrecommerce,https://www.etsy.com/shop/ssrecommerce,18.99,0,0,0,0,0,13 Mo.,0,0,12,Home & Living,18,0,0.0,3543,"christmas gift,christmas ornament,ornament gift,custom ornament,xmas gift,tree hanging decor,acrylic ornament,rollers truck xmas,truck christmas,truck  ornament,trucker gift,gift for kids boys",christmas gift,christmas ornament,ornament gift,custom ornament,xmas gift,tree hanging decor,acrylic ornament,rollers truck xmas,truck christmas,truck  ornament,trucker gift,gift for kids boys,--
"Personalized Trucker Ornament, Truck Driver, Truck Driver Ornament, Semi truck, Holiday Ornament, Over Road Truck, Driver Ornament",https://www.etsy.com/listing/1566521394/personalized-trucker-ornament-truck,KnightDayCustom,https://www.etsy.com/shop/KnightDayCustom,19.99,0,0,0,3,1,31 Mo.,1,0,48,Home & Living,65,0,6.25,10450,"semi truck ornament,trucker ornament,trucker,semi ornament,over the road,semitruck,truck driver,driver ornament,truck driver gift,trucker gift,truck gift,truck driver photo,personalized truck",semi truck ornament,trucker ornament,trucker,semi ornament,over the road,semitruck,truck driver,driver ornament,truck driver gift,trucker gift,truck gift,truck driver photo,personalized truck
"Custom Truck Christmas Ornament, Personalized Acrylic Truck Ornament, Holiday Gift for Truck Drivers, Trucker Christmas Tree Decoration 2025",https://www.etsy.com/listing/4380246151/custom-truck-christmas-ornament,Isonars,https://www.etsy.com/shop/Isonars,28.95,0,0,0,0,0,7 Mo.,0,0,3,Home & Living,8,0,0.0,279,"christmas ornament,personalized gift,christmas tree decor,christmas gift,personalize ornament,custom ornament,christmas decor,gift for trucker,truck ornament,trucker gift,trucker ornament,hanging ornament,christmas truck",christmas ornament,personalized gift,christmas tree decor,christmas gift,personalize ornament,custom ornament,christmas decor,gift for trucker,truck ornament,trucker gift,trucker ornament,hanging ornament,christmas truck
"Green Ornament Chenille Iron On Patch, Gold Glitter Christmas",https://www.etsy.com/listing/1768080005/green-ornament-gold-glitter-backing,stitchedoriginals,https://www.etsy.com/shop/stitchedoriginals,2.99,0,0,0,0,0,22 Mo.,5,0,18,Accessories,57,0,0.0,166183,"chenille patch,christmas patch,diy patch,holiday patch,fun patch,trendy patch,iron on patch,glitter,trucker hat patch,ugly trucker hat,christmas hat patch,green ornament patch,ornament patch",chenille patch,christmas patch,diy patch,holiday patch,fun patch,trendy patch,iron on patch,glitter,trucker hat patch,ugly trucker hat,christmas hat patch,green ornament patch,ornament patch
"Custom Semi truck Ornament, Keep on Truckin&#39; Ornament",https://www.etsy.com/listing/897447116/custom-semi-truck-ornament-keep-on,BitOSunshineCo,https://www.etsy.com/shop/BitOSunshineCo,5.00,0,0,0,0,0,66 Mo.,4,0,594,Home & Living,68,0,0.0,1658,"boy ornament,construction digger,construction gift,construction trucks,crane ornament,truck ornament,digger ornament,i love trucks,dirt ornament,construction,semitruck ornament,trucker ornament,trucking ornament",boy ornament,construction digger,construction gift,construction trucks,crane ornament,truck ornament,digger ornament,i love trucks,dirt ornament,construction,semitruck ornament,trucker ornament,trucking ornament
"Semi Truck Driver Memorial Ornament Driving in Heaven Personalized Trucker Ornament, Truck Christmas Ornament, Truck Driver Memorial Gift",https://www.etsy.com/listing/1797776481/semi-truck-driver-memorial-ornament,MomentsInPine,https://www.etsy.com/shop/MomentsInPine,19.99,0,0,0,24,5,20 Mo.,24,0,1008,Home & Living,90,25,2.38,24447,"semi truck driver,truck driver gift,trucker memorial,trucker ornament,truck ornament,truck memorial,memorial gift,memorial ornament,christmas ornament,driving in heaven,personalized gift,trucking ornament,father ornament",semi truck driver,truck driver gift,trucker memorial,trucker ornament,truck ornament,truck memorial,memorial gift,memorial ornament,christmas ornament,driving in heaven,personalized gift,trucking ornament,father ornament
Sikh Khanda Car Hanging Pendant – Spiritual Punjabi Car Decor,https://www.etsy.com/listing/4466647304/sikh-khanda-car-hanging-pendant,HargunCreations,https://www.etsy.com/shop/HargunCreations,27.74,0,0,0,0,0,2 Mo.,0,0,5,Electronics & Accessories,14,0,0.0,24,"car accessories,punjabi car,khalsa gift,rear view mirror,resin sikh symbol,sikh symbol,khanda art,spiritual punjabi,handmade sikh decor,trucker gift,sikh religious symbo,sikh car accessories,khanda ornament",car accessories,punjabi car,khalsa gift,rear view mirror,resin sikh symbol,sikh symbol,khanda art,spiritual punjabi,handmade sikh decor,trucker gift,sikh religious symbo,sikh car accessories,khanda ornament
"Crochet Plush Amigurumi baby Capybara Rear View Mirror Accessory, friends gift idea, Car Mirror hanging Decoration Capibara, Teens Interior",https://www.etsy.com/listing/1760571606/crochet-plush-amigurumi-baby-capybara,MyCutecrochetToys,https://www.etsy.com/shop/MyCutecrochetToys,8.50,0,0,0,3,1,21 Mo.,63,0,804,Electronics & Accessories,97,0,0.37,2658,"rear view accessory,crochet capibara,rear view mirror,hanging car ornament,meme plushie,car charm capybara,capybara plush,rodent plushie,coworker cute gift,trucker present,moms car charms,crochet car hanger,cute chubby crochet",rear view accessory,crochet capibara,rear view mirror,hanging car ornament,meme plushie,car charm capybara,capybara plush,rodent plushie,coworker cute gift,trucker present,moms car charms,crochet car hanger,cute chubby crochet
"Custom Skid Steer Loader Ornament, Excavator Christmas Ornament, Truck Car Ornament, Wheel Loader Blade Driver Ornament Gift ID-0923-GQAF",https://www.etsy.com/listing/4377832962/custom-skid-steer-loader-ornament,Zentati,https://www.etsy.com/shop/Zentati,23.36,0,0,0,0,0,8 Mo.,1,0,28,Home & Living,14,0,0.0,947,"christmas gift,christmas decor,christmas ornament,hanging ornament,family ornament,funny ornament gift,custom ornament gift,personalized gift,christmas keepsake,excavator gift,skid steer loader,trucker gift,trucker christmas",christmas gift,christmas decor,christmas ornament,hanging ornament,family ornament,funny ornament gift,custom ornament gift,personalized gift,christmas keepsake,excavator gift,skid steer loader,trucker gift,trucker christmas
"Custom Name Christmas Food Truck Leds Ornament, Food Truck Christmas Flat Ornament, 2025 Xmas Truck Driver Decor, Gift For Trucker Ornament",https://www.etsy.com/listing/4386710345/custom-name-christmas-food-truck-leds,TuanTuProDesigns,https://www.etsy.com/shop/TuanTuProDesigns,26.99,0,0,0,0,0,7 Mo.,0,0,8,Home & Living,16,0,0.0,881,"christmas gift,christmas ornament,hanging ornament,car mirror ornament,car mirror decor,christmas keepsake,food truck ornament,food truck gifts,food delivery,food lover ornament,custom food truck,food driver,acrylic ornament",christmas gift,christmas ornament,hanging ornament,car mirror ornament,car mirror decor,christmas keepsake,food truck ornament,food truck gifts,food delivery,food lover ornament,custom food truck,food driver,acrylic ornament
Personalized Trucker Hat Christmas Ornament SVG - Laser Cut Digital Download - Custom Holiday Decoration - Christmas Ornament File,https://www.etsy.com/listing/1792947836/personalized-trucker-hat-christmas,TheloudhouseDesigns,https://www.etsy.com/shop/TheloudhouseDesigns,7.00,0,0,0,0,0,19 Mo.,37,0,496,Craft Supplies & Tools,61,0,0.0,4367,"laser cut file,christmas svg,christmas ornament,trucker hat,in my era,christmas laser file,hat ornament,personalized ornamen,charm hat,laser cut ornament,trendy ornament,trucker hat era,glowforge svg",laser cut file,christmas svg,christmas ornament,trucker hat,in my era,christmas laser file,hat ornament,personalized ornamen,charm hat,laser cut ornament,trendy ornament,trucker hat era,glowforge svg
"Semi Truck with Christmas Light Ornament, Custom Truck Acrylic/Wooden Ornament, Christmas 2025 Gift Idea for Trucker, Christmas Tree Hanging",https://www.etsy.com/listing/4371029876/semi-truck-with-christmas-light-ornament,BlossomieWardrobe,https://www.etsy.com/shop/BlossomieWardrobe,17.76,0,0,0,0,0,8 Mo.,0,0,2,Home & Living,22,0,0.0,906,"custom ornament,2025 christmas,christmas decoration,2d ornament,christmas gift,christmas decor,personalized name,truck ornament,gift for kid,kid ornament,tractor ornament,truck christmas,trucker christmas",custom ornament,2025 christmas,christmas decoration,2d ornament,christmas gift,christmas decor,personalized name,truck ornament,gift for kid,kid ornament,tractor ornament,truck christmas,trucker christmas
"Christmas Patches,Christmas Embroidery Patch,Santa Claus Patch,Christmas Tree,Elk,Socks,Christmas Ball Patch,Iron On Patch",https://www.etsy.com/listing/4362926183/christmas-patcheschristmas-embroidery,MORAGIO,https://www.etsy.com/shop/MORAGIO,2.00,0,0,0,0,0,8 Mo.,5,0,69,Accessories,47,0,0.0,42266,"applique patch,christmas applique,christmas gifts,patches for bags,patches for jeans,christmas embellish,trucker hat patches,winter applique,christmas decor,christmas ornament,merry christmas,diy patches,patches clothes",applique patch,christmas applique,christmas gifts,patches for bags,patches for jeans,christmas embellish,trucker hat patches,winter applique,christmas decor,christmas ornament,merry christmas,diy patches,patches clothes
"Custom Metal Garden Stake with Angel Wing Truck, Personalized Memorial Gift for Trucker, In Loving Memory Tribute",https://www.etsy.com/listing/4502994144/custom-metal-garden-stake-with-angel,RadiantroomCo,https://www.etsy.com/shop/RadiantroomCo,46.35,0,0,0,0,0,1 Mo.,0,0,7,Home & Living,7,0,0.0,94,"metal garden art,metal yard art,custom yard sign,garden stakes,memorial plaque,memorial gifts,memorial ornament,garden gifts,fathers day gift,outdoor decor,memorial garden,garden decor,trucker memorial",metal garden art,metal yard art,custom yard sign,garden stakes,memorial plaque,memorial gifts,memorial ornament,garden gifts,fathers day gift,outdoor decor,memorial garden,garden decor,trucker memorial
"Personalized  Christmas Tree Books Ornament, Xmas Gift Ornament, Holiday, Book Lover Gift, Reader Gift, Teacher Ornament Christmas Gift",https://www.etsy.com/listing/4412845016/personalized-christmas-tree-books,ElifGiftsUs,https://www.etsy.com/shop/ElifGiftsUs,10.99,0,0,0,0,0,7 Mo.,1,0,5,Home & Living,8,0,0.0,418,"christmas truck,truck ornament,custom name,name ornament,personalized gift,dad christmas gift,trucker ornament,tree decoration,christmas ornament,keepsake ornament,custom ornament,dad gift,family keepsake",christmas truck,truck ornament,custom name,name ornament,personalized gift,dad christmas gift,trucker ornament,tree decoration,christmas ornament,keepsake ornament,custom ornament,dad gift,family keepsake
"Personalized Fire Truck Christmas Ornament,Fire Truck Ornament,Personalized Truck Ornament,Gift For Firefighter SHARQ18",https://www.etsy.com/listing/1825749369/personalized-fire-truck-christmas,SpringCityShopArt,https://www.etsy.com/shop/SpringCityShopArt,31.99,0,0,0,0,0,18 Mo.,0,0,15,Home & Living,52,0,0.0,15142,"gift for him,fire truck ornament,gift for firefighter,fire truck christmas,trucker christmas,firefighter trucker,firefighter ornament,fire truck gift,trucker gift,dad firefighter,mom firefighter,personalized trucker,firefighter christma",gift for him,fire truck ornament,gift for firefighter,fire truck christmas,trucker christmas,firefighter trucker,firefighter ornament,fire truck gift,trucker gift,dad firefighter,mom firefighter,personalized trucker,firefighter christma
"Personalized Trucker Truck Christmas Ornament, Trucker Ornament, Trucker Christmas Light, Personalized Trucker Driver Ornament Keepsakes",https://www.etsy.com/listing/1792946936/personalized-trucker-truck-christmas,ZonictaBrand,https://www.etsy.com/shop/ZonictaBrand,21.52,0,0,0,9,2,20 Mo.,10,0,624,Home & Living,93,0,1.44,28671,"trucker ornament,truck ornament,trucker christmas,trucker truck,trucker gift,tractor ornament,truck christmas,for trucker driver,christmas tractor",trucker ornament,truck ornament,trucker christmas,trucker truck,trucker gift,tractor ornament,truck christmas,for trucker driver,christmas tractor,--,--,--,--
"Personalized Christmas Truck Ornament, Custom Name Truck Decor, Merry Christmas Tree Ornament, Holiday Gift for Trucker",https://www.etsy.com/listing/4399016854/personalized-christmas-truck-ornament,TaboadaFashionFunny,https://www.etsy.com/shop/TaboadaFashionFunny,19.95,0,0,0,0,0,1 Mo.,0,0,1,Home & Living,22,0,0.0,58,"truck ornament,semi truck christmas,custom name ornament,big rig ornament,driver holiday gift,truck lover ornament,funny truck ornament,semi driver gift,trucker xmas gift,custom truck decor,trucking xmas decor,trucker ornament,xmas truck decor",truck ornament,semi truck christmas,custom name ornament,big rig ornament,driver holiday gift,truck lover ornament,funny truck ornament,semi driver gift,trucker xmas gift,custom truck decor,trucking xmas decor,trucker ornament,xmas truck decor
"Personalized Trucker Ornament, Custom Name Truck Christmas Decor, American Flag Eagle Trucker Gift, Truck Driver Christmas Ornament 2025",https://www.etsy.com/listing/4399038131/personalized-trucker-ornament-custom,TaboadaFashionFunny,https://www.etsy.com/shop/TaboadaFashionFunny,19.95,0,0,0,0,0,1 Mo.,0,0,1,Home & Living,22,0,0.0,58,"trucker ornament,american flag,eagle truck,custom name,patriotic gift,usa truck,semi truck gift,christmas gift,driver ornament,2d flat ornament,truck driver gift,holiday decor,custom ornament",trucker ornament,american flag,eagle truck,custom name,patriotic gift,usa truck,semi truck gift,christmas gift,driver ornament,2d flat ornament,truck driver gift,holiday decor,custom ornament
"Personalized Truck Driver Ornament, Custom Fuel Tanker Ornament, Semi Truck Christmas Gift, Name Ornament for Trucker, Holiday Tree Decor",https://www.etsy.com/listing/4408328660/personalized-truck-driver-ornament,ThebeastTreasures,https://www.etsy.com/shop/ThebeastTreasures,7.95,0,0,0,0,0,1 Mo.,0,0,13,Home & Living,0,0,0.0,13,"fuel tanker ornament,semi truck ornament,custom name ornament,tanker truck gift,semi driver ornament,truck driver gift,holiday truck decor,fuel truck christmas,truckdriver ornament,truck ornament,truckerchristmasgift,christmas truck,trucker ornament",fuel tanker ornament,semi truck ornament,custom name ornament,tanker truck gift,semi driver ornament,truck driver gift,holiday truck decor,fuel truck christmas,truckdriver ornament,truck ornament,truckerchristmasgift,christmas truck,trucker ornament
Personalized Semi Truck Christmas Ornament 2D Arcylic,https://www.etsy.com/listing/4407357079/personalized-semi-truck-christmas,QJCJewelryShop,https://www.etsy.com/shop/QJCJewelryShop,12.74,0,0,0,0,0,1 Mo.,0,0,5,Home & Living,4,0,0.0,258,"semi truck gift,custom trucker,trucker ornament,lorry driver gift,personalized truck,big rig decor,hauler gift,truck driver gift,custom vehicle,shipping gift,christmas ornament,trucking company,vehicle keychain",semi truck gift,custom trucker,trucker ornament,lorry driver gift,personalized truck,big rig decor,hauler gift,truck driver gift,custom vehicle,shipping gift,christmas ornament,trucking company,vehicle keychain
"Personalized Toile de Jouy Trucker Car Christmas Ornament, Gifts For Farmers, Trucker Christmas, Car Christmas Gift, Farmers Ornament",https://www.etsy.com/listing/4395651258/personalized-toile-de-jouy-trucker-car,LunaBloomStudioStore,https://www.etsy.com/shop/LunaBloomStudioStore,19.99,0,0,0,0,0,1 Mo.,0,0,0,Home & Living,11,0,0.0,383,"trucker christmas,car christmas gift,farmers ornament,custom name ornament,gift for farmer,christmas tree car,trucker car ornament,farm life christmas,custom truck or,carorpersonalized,trucker gift xmas,toiledejouy ornament,personalized or",trucker christmas,car christmas gift,farmers ornament,custom name ornament,gift for farmer,christmas tree car,trucker car ornament,farm life christmas,custom truck or,carorpersonalized,trucker gift xmas,toiledejouy ornament,personalized or
"Personalized Truck Driver Ornament – Custom Figurine with Delivery Gear – Unique Appreciation Gift for Trucker, Hauler, or Road Hero",https://www.etsy.com/listing/4307406509/personalized-truck-driver-ornament,ClairVintageDesign,https://www.etsy.com/shop/ClairVintageDesign,26.25,0,0,0,0,0,2 Mo.,0,0,79,Home & Living,5,0,0.0,515,"truck driver gift,trucker ornament,delivery driver,custom trucker,road hero gift,personalized gift,hauler gift,long haul driver,driver appreciation,freight worker,trucking life,custom figurine,always on road",truck driver gift,trucker ornament,delivery driver,custom trucker,road hero gift,personalized gift,hauler gift,long haul driver,driver appreciation,freight worker,trucking life,custom figurine,always on road
"Personalized Truck Christmas Acrylic Ornament, Custom Truck Christmas Ornament, Christmas Gift For Truck Driver, Gift For Trucker Ornament",https://www.etsy.com/listing/4367264744/personalized-truck-christmas-acrylic,TatianaGiftDesign,https://www.etsy.com/shop/TatianaGiftDesign,9.85,0,0,0,0,0,3 Mo.,0,0,62,Home & Living,12,0,0.0,1057,"ornaments,truck ornament,xmas,xmas gift,christmas gift,christmas ornament",ornaments,truck ornament,xmas,xmas gift,christmas gift,christmas ornament,--,--,--,--,--,--,--
"Personalized Truck Driver Ornament, Custom Gift for Truck Driver Era Christmas Ornament, Funny Trucker Appreciation, CDL Driver Gifts",https://www.etsy.com/listing/1616294014/personalized-truck-driver-ornament,AddictiveDesignsCo,https://www.etsy.com/shop/AddictiveDesignsCo,22.99,0,0,0,0,0,26 Mo.,0,0,13,Home & Living,65,0,0.0,16416,"christmas ornament,truck driver gift,christmas gift,custom ornament,gift for trucker,trucker christmas,trucker ornament,my truck driver era,personalized gift,cdl truck driver,funny truck driver,appreciation gift",christmas ornament,truck driver gift,christmas gift,custom ornament,gift for trucker,trucker christmas,trucker ornament,my truck driver era,personalized gift,cdl truck driver,funny truck driver,appreciation gift,--
"Personalized Truck With Santa Hat Christmas Ornament, Truck Christmas Ornament, Christmas Gift For Truck Driver, Gift For Trucker Ornament",https://www.etsy.com/listing/4375143241/personalized-truck-with-santa-hat,CSNDRStore,https://www.etsy.com/shop/CSNDRStore,35.29,0,0,0,0,0,4 Mo.,0,0,23,Home & Living,10,0,0.0,2852,"christmas ornament,personalized gift,christmas tree decor,christmas gift,personalize ornament,custom ornament,christmas decor,gift for trucker,truck ornament,trucker gift,trucker ornament,hanging ornament,christmas truck",christmas ornament,personalized gift,christmas tree decor,christmas gift,personalize ornament,custom ornament,christmas decor,gift for trucker,truck ornament,trucker gift,trucker ornament,hanging ornament,christmas truck
Crochet black cat initial hanging car mirror decor,https://www.etsy.com/listing/4428964466/crochet-black-cat-initial-hanging-car,FairyToysWorld,https://www.etsy.com/shop/FairyToysWorld,21.00,0,0,0,0,0,3 Mo.,0,0,1,Electronics & Accessories,109,0,0.0,9979,"crochet black cat,initial hanging,car mirror decor,mom sentimental gift,cute kitty,rear view accessory,distance grandma,pet memory gift,amigurumi cat,four-legged friends,letter car ornament,commemorative gift,trucker accessories",crochet black cat,initial hanging,car mirror decor,mom sentimental gift,cute kitty,rear view accessory,distance grandma,pet memory gift,amigurumi cat,four-legged friends,letter car ornament,commemorative gift,trucker accessories
Baseball | Baseball SVG | Baseball PNG | Baseball Shirt | Baseball Hat | Baseball Guncle | Baseball Guncle SVG | Baseball Guncle Shirt,https://www.etsy.com/listing/1243325111/baseball-baseball-svg-baseball-png,CassandraLeeGray,https://www.etsy.com/shop/CassandraLeeGray,3.33,0,0,0,0,0,33 Mo.,0,0,6,Craft Supplies & Tools,37,0,0.0,828,"baseball png,baseball jpg,baseball hat,baseball cut file,baseball vector,baseball design,baseball cap,baseball trucker cap,baseball ornament,baseball print,custom baseball hat,pride svg,pride shirt",baseball png,baseball jpg,baseball hat,baseball cut file,baseball vector,baseball design,baseball cap,baseball trucker cap,baseball ornament,baseball print,custom baseball hat,pride svg,pride shirt
"Personalized Trucker Truck Christmas Ornament, Optimus Prime Trucker Ornament,Trucker Christmas Light,Truck Ornament UHARQ17",https://www.etsy.com/listing/1814348400/personalized-trucker-truck-christmas,BeckyCrocsCustom,https://www.etsy.com/shop/BeckyCrocsCustom,27.98,0,0,0,0,0,6 Mo.,0,0,3,Home & Living,25,0,0.0,37438,"christmas gift,christmas ornament,trucker ornament,truck ornament,trucker christmas,trucker gift,christmas ornaments,tractor ornament,truck christmas,acrylic ornament,christmas gifts,personalized gift,trucker truck",christmas gift,christmas ornament,trucker ornament,truck ornament,trucker christmas,trucker gift,christmas ornaments,tractor ornament,truck christmas,acrylic ornament,christmas gifts,personalized gift,trucker truck
"Personalized Skid Steer Loader Ornament, Excavator Christmas Ornament, Truck Car Ornament, Truck Driver Ornament Gift, Trucker Holiday Decor",https://www.etsy.com/listing/1818390082/personalized-skid-steer-loader-ornament,Carlottavaldes,https://www.etsy.com/shop/Carlottavaldes,9.99,0,0,0,0,0,1 Mo.,0,0,0,Home & Living,193,0,0.0,7206,"christmas ornament,holiday ornament,christmas decor,christmas keepsake,skid steer loader,steer loader ornamen,excavator,excavator gift,truck car ornament,truck driver gift,trucker ornament,hanging ornament,winter car ornament",christmas ornament,holiday ornament,christmas decor,christmas keepsake,skid steer loader,steer loader ornamen,excavator,excavator gift,truck car ornament,truck driver gift,trucker ornament,hanging ornament,winter car ornament
Softball | Softball SVG | Softball Mom SVG | Softball Shirt | Softball Hat | Softball Jersey | Softball Sweatshirt | Softball Coach,https://www.etsy.com/listing/1381367016/softball-softball-svg-softball-mom-svg,CassandraLeeGray,https://www.etsy.com/shop/CassandraLeeGray,3.33,0,0,0,0,0,26 Mo.,0,0,2,Craft Supplies & Tools,37,0,0.0,828,"softball png,softball coach,softball hat,softball cut file,softball vector,softball design,softball cap,softball trucker cap,softball ornament,softball print,custom softball hat,softball font,softball helmet",softball png,softball coach,softball hat,softball cut file,softball vector,softball design,softball cap,softball trucker cap,softball ornament,softball print,custom softball hat,softball font,softball helmet
"Truck Driver Christmas Personalized Truck Christmas Ornament, Ornament Christmas Gift For Trucker, Christmas Gift",https://www.etsy.com/listing/1303532740/truck-driver-christmas-personalized,HAVIBraidedBracelet,https://www.etsy.com/shop/HAVIBraidedBracelet,18.99,0,0,0,48,8,43 Mo.,13,0,2694,Home & Living,58,30,1.78,13349,"flat ornament,christmas,xmas gift,personalized,shaped ornament,christmas 2022,tractor,tractor driver,truck driver,trucker,tractor ornament,lineman",flat ornament,christmas,xmas gift,personalized,shaped ornament,christmas 2022,tractor,tractor driver,truck driver,trucker,tractor ornament,lineman,--
"Personalized Trucker Christmas Ornament for Trucker Driver, Flat Acrylic Truck Ornament for Dad, Ornament Christmas Gift For Trucker",https://www.etsy.com/listing/1308096040/personalized-trucker-christmas-ornament,HAVIBraidedBracelet,https://www.etsy.com/shop/HAVIBraidedBracelet,18.99,0,0,0,159,27,43 Mo.,44,1,3025,Home & Living,58,30,5.26,13349,"flat ornament,christmas,xmas gift,personalized,shaped ornament,christmas 2022,tractor,tractor driver,truck driver,trucker,tractor ornament,lineman,for trucker driver",flat ornament,christmas,xmas gift,personalized,shaped ornament,christmas 2022,tractor,tractor driver,truck driver,trucker,tractor ornament,lineman,for trucker driver
Personalized Truck Christmas Ornament: Kids Construction Ornament,https://www.etsy.com/listing/4388885913/personalized-truck-christmas-ornament,SincerelyKeepsakes,https://www.etsy.com/shop/SincerelyKeepsakes,19.98,0,0,0,0,0,7 Mo.,3,0,19,Home & Living,19,0,0.0,1257,"custom kids ornament,boys ornament,personalized,custom name ornament,name ornament,truck ornament,boy christmas gifts,boys ornaments,bulldozer ornament,construction,gift for sons,trucker ornament,gift for grandson",custom kids ornament,boys ornament,personalized,custom name ornament,name ornament,truck ornament,boy christmas gifts,boys ornaments,bulldozer ornament,construction,gift for sons,trucker ornament,gift for grandson
Truck Driver Ornament – Semi Truck Design – Personalized Trucker Gift,https://www.etsy.com/listing/4385707484/truck-driver-ornament-semi-truck-design,brickhousegifts,https://www.etsy.com/shop/brickhousegifts,20.00,0,0,0,11,2,7 Mo.,15,0,263,Home & Living,67,0,4.18,41786,"truck driver gift,semi truck decor,trucker ornament,truck driver art,cdl grad gift,trucking family,highway life,trucker christmas,custom ornament,wood ornament,personalized gift,truck life,big rig driver",truck driver gift,semi truck decor,trucker ornament,truck driver art,cdl grad gift,trucking family,highway life,trucker christmas,custom ornament,wood ornament,personalized gift,truck life,big rig driver
FedEx Ornament (My Favorite) DESIGN ONLY,https://www.etsy.com/listing/1042957402/fedex-ornament-my-favorite-design-only,FellyMayDesigns,https://www.etsy.com/shop/FellyMayDesigns,4.00,0,0,0,0,0,58 Mo.,2,0,89,Art & Collectibles,82,0,0.0,1031,"occupation,ornament,christmas,favorite,decoration,sublimation,printable,job,federal express,fedex,delivery,packages,trucker",occupation,ornament,christmas,favorite,decoration,sublimation,printable,job,federal express,fedex,delivery,packages,trucker
"Personalized Truck With Flatbed Trailer Ornament, Custom Truck Christmas Acrylic Ornament, Gift For Trucker, Christmas Gift For Truck Driver",https://www.etsy.com/listing/4393000171/personalized-truck-with-flatbed-trailer,vanillicios,https://www.etsy.com/shop/vanillicios,28.59,0,0,0,0,0,4 Mo.,0,0,19,Home & Living,9,0,0.0,122,"truck ornament,trucker ornament,gift for trucker,christmas truck,custom name truck,trucker gift,christmas ornament,hanging ornament,personalized gift,custom ornament,personalize ornament,christmas tree decor,christmas gift",truck ornament,trucker ornament,gift for trucker,christmas truck,custom name truck,trucker gift,christmas ornament,hanging ornament,personalized gift,custom ornament,personalize ornament,christmas tree decor,christmas gift
"Personalized Truck Christmas Ornament Acrylic, Custom Name Semi Truck Driver Gift, Holiday Tree Decoration for Trucker & Transport Lover",https://www.etsy.com/listing/4370518080/personalized-truck-christmas-ornament,MarcBogieTee,https://www.etsy.com/shop/MarcBogieTee,23.88,0,0,0,0,0,1 Mo.,0,0,3,Home & Living,3,0,0.0,326,"truck ornament,custom truck gift,trucker christmas,driver ornament,holiday truck gift,personalized truck,semi truck decor,custom acrylic,truck lover gift,unique ornament,transport gift,tree decoration,custom name gift",truck ornament,custom truck gift,trucker christmas,driver ornament,holiday truck gift,personalized truck,semi truck decor,custom acrylic,truck lover gift,unique ornament,transport gift,tree decoration,custom name gift
Softball Junkie | Softball SVG | Softball PNG | Softball Shirt | Softball Hat | Softball Mom | Softball Mom SVG | Softball Mom Shirt,https://www.etsy.com/listing/1379677340/softball-junkie-softball-svg-softball,CassandraLeeGray,https://www.etsy.com/shop/CassandraLeeGray,3.33,0,0,0,0,0,26 Mo.,0,0,3,Craft Supplies & Tools,37,0,0.0,828,"softball png,softball coach,softball hat,softball cut file,softball vector,softball design,softball cap,softball trucker cap,softball ornament,softball print,custom softball hat,softball font,softball helmet",softball png,softball coach,softball hat,softball cut file,softball vector,softball design,softball cap,softball trucker cap,softball ornament,softball print,custom softball hat,softball font,softball helmet
"Personalized Gifts For Truck Drivers Christmas 2025 Ornament, Custom Semi Truck 3D Effect Decoration Ornament",https://www.etsy.com/listing/4390579302/personalized-gifts-for-truck-drivers,AhmadJahan89,https://www.etsy.com/shop/AhmadJahan89,5.99,0,0,0,0,0,1 Mo.,0,0,35,Home & Living,7,0,0.0,30,"christmas ornament,personalized gift,christmas tree decor,christmas gift,personalize ornament,custom ornament,christmas decor,gift for trucker,truck ornament,trucker gift,trucker ornament,hanging ornament,christmas truck",christmas ornament,personalized gift,christmas tree decor,christmas gift,personalize ornament,custom ornament,christmas decor,gift for trucker,truck ornament,trucker gift,trucker ornament,hanging ornament,christmas truck
1993 Enesco -Treasury of Christmas Ornament “Happy Haul-idays” -Holiday Overtime Series -2nd Issue,https://www.etsy.com/listing/1309997274/1993-enesco-treasury-of-christmas,UniqueEmporiumCo,https://www.etsy.com/shop/UniqueEmporiumCo,14.50,0,0,0,0,0,40 Mo.,6,0,72,Art & Collectibles,66,0,0.0,394,"christmas,xmas decor,holiday decor,ornaments,christmas tree,collectors ornament,enesco,hallmark ornament,truck driver,trucker,santa ornament,happy haul-idays,holiday overtime",christmas,xmas decor,holiday decor,ornaments,christmas tree,collectors ornament,enesco,hallmark ornament,truck driver,trucker,santa ornament,happy haul-idays,holiday overtime
Mack Truck Bulldog Hood Ornament Chrome Usa Semi Trailer Big Rig Trucker Gift,https://www.etsy.com/listing/4356655695/mack-truck-bulldog-hood-ornament-chrome,VintageBeltBuckle,https://www.etsy.com/shop/VintageBeltBuckle,125.00,0,0,0,0,0,9 Mo.,8,0,1640,Accessories,94,51,0.0,15356,"dog mascot,diesel power,hauling,otr driver,highway miles,cabover,sleeper cab,logistics,flatbed,tow hauler,gearjammer,mudflaps,fifth wheel",dog mascot,diesel power,hauling,otr driver,highway miles,cabover,sleeper cab,logistics,flatbed,tow hauler,gearjammer,mudflaps,fifth wheel
"Personalized Log Truck Christmas Ornament, Truck Driver Ornament Gift, Big Rig Xmas Decor, Trucker Keepsake, Transportation Gift Thdso-3210",https://www.etsy.com/listing/4409936101/personalized-log-truck-christmas,Zentati,https://www.etsy.com/shop/Zentati,23.36,0,0,0,0,0,6 Mo.,0,0,7,Home & Living,14,0,0.0,947,"christmas gift,christmas decor,christmas ornament,hanging ornament,family ornament,funny ornament gift,custom ornament gift,personalized gift,christmas keepsake,christmas in july,xmas ornament,car ornament,custom christmas",christmas gift,christmas decor,christmas ornament,hanging ornament,family ornament,funny ornament gift,custom ornament gift,personalized gift,christmas keepsake,christmas in july,xmas ornament,car ornament,custom christmas
"Personalized Semi Truck Christmas Ornament, Custom Semi Trailer Big Rig Ornament, Gift For Truck Driver, Trucker Ornament Gift Thdso-1118",https://www.etsy.com/listing/4384664146/personalized-semi-truck-christmas,Zentati,https://www.etsy.com/shop/Zentati,23.36,0,0,0,0,0,7 Mo.,0,0,8,Home & Living,14,0,0.0,947,"christmas gift,christmas decor,christmas ornament,hanging ornament,family ornament,funny ornament gift,custom ornament gift,personalized gift,christmas keepsake,christmas in july,xmas ornament,car ornament,custom christmas",christmas gift,christmas decor,christmas ornament,hanging ornament,family ornament,funny ornament gift,custom ornament gift,personalized gift,christmas keepsake,christmas in july,xmas ornament,car ornament,custom christmas
Personalized Delivery Driver Ornament w/ FREE GIFT POUCH,https://www.etsy.com/listing/1065561962/personalized-delivery-driver-ornament-w,SomethingSweetFavor2,https://www.etsy.com/shop/SomethingSweetFavor2,10.00,0,0,0,4,1,56 Mo.,5,0,179,Home & Living,81,0,2.23,5806,"christmas ornaments,christmas gifts,family christmas,family ornaments,trucker ornaments,christmas truck,country christmas,mailman ornament,mailman christmas,mail carrier gifts,delivery driver gift,ups delivery gift,ups man gifts",christmas ornaments,christmas gifts,family christmas,family ornaments,trucker ornaments,christmas truck,country christmas,mailman ornament,mailman christmas,mail carrier gifts,delivery driver gift,ups delivery gift,ups man gifts
"Personalized Trucker Christmas Ornament, Trucker Santa Ornament, Trucker Tree Ornament, Trucker Gift, Trucker Christmas Tree Ornament T232",https://www.etsy.com/listing/1279671479/personalized-trucker-christmas-ornament,ForYourGoodMood,https://www.etsy.com/shop/ForYourGoodMood,15.99,0,0,0,0,0,45 Mo.,0,0,21,Home & Living,121,0,0.0,5683,"trucker ornament,trucker gift,christmas ornament,trucker gift idea,christmas gift,xmas decoration,trucker present,tree ornament,trucker presents,xmas decor,trucker gifts",trucker ornament,trucker gift,christmas ornament,trucker gift idea,christmas gift,xmas decoration,trucker present,tree ornament,trucker presents,xmas decor,trucker gifts,--,--
Personalized Truck Ornament | Semi Truck Christmas Ornament | Custom Name & Year | Truck Driver Gift | Big Rig Ornament | Trucker Gift,https://www.etsy.com/listing/4488843180/personalized-truck-ornament-semi-truck,AuroraOrnament,https://www.etsy.com/shop/AuroraOrnament,13.95,0,0,0,0,0,1 Mo.,0,0,0,Home & Living,3,0,0.0,0,"truck ornament,truck driver gift,semi truck ornament,big rig ornament,trucking gift,personalized,custom ornament,dad gift,husband gift,christmas ornament,driver gift,vehicle ornament,holiday ornament",truck ornament,truck driver gift,semi truck ornament,big rig ornament,trucking gift,personalized,custom ornament,dad gift,husband gift,christmas ornament,driver gift,vehicle ornament,holiday ornament
Adult Humor Ornament – Funny Christmas Glitter Bauble Decoration with “OMG Becky! Look at her bulbs”,https://www.etsy.com/listing/4361027370/adult-humor-ornament-funny-christmas,JakenGemDesigns,https://www.etsy.com/shop/JakenGemDesigns,10.15,0,0,0,0,0,9 Mo.,0,0,11,Home & Living,99,0,0.0,3485,"glitter ornament,custom ornament,custom gift,personalized gift,glitter bauble,stocking stuffer,funny gift,funny ornament,dear santa,trucker mouth gift,omg becky,look at her butt",glitter ornament,custom ornament,custom gift,personalized gift,glitter bauble,stocking stuffer,funny gift,funny ornament,dear santa,trucker mouth gift,omg becky,look at her butt,--
Personalized Trucker Christmas Ornament: Custom Ceramic Holiday Decor,https://www.etsy.com/listing/4358446527/personalized-trucker-christmas-ornament,LJWDesignsStore,https://www.etsy.com/shop/LJWDesignsStore,16.95,0,0,0,0,0,9 Mo.,0,0,2,Home & Living,31,0,0.0,155,"christmas ornament,ceramic ornament,truck ornament,semi truck ornament,trucker ornament,holiday decor,christmas gift,gift for truckers,decorative ornament,handmade ornament,unique ornament,keepsake ornament,festive decoration",christmas ornament,ceramic ornament,truck ornament,semi truck ornament,trucker ornament,holiday decor,christmas gift,gift for truckers,decorative ornament,handmade ornament,unique ornament,keepsake ornament,festive decoration
Various Career Christmas Ornament Listing 5/ Future Social Worker/ Police Officer/ Postal Worker/ Trucker,https://www.etsy.com/listing/4412277971/various-career-christmas-ornament,shopsophiescorner,https://www.etsy.com/shop/shopsophiescorner,14.99,0,0,0,0,0,6 Mo.,0,0,0,Home & Living,24,0,0.0,329,"sublimation design,gift,christmas ornament,ornament,tree ornaments,christmas,baker ornament,dispatcher ornament,firefighter ornament,pet groomer ornament,hair stylistornament,nail technician,pharmacy ornament",sublimation design,gift,christmas ornament,ornament,tree ornaments,christmas,baker ornament,dispatcher ornament,firefighter ornament,pet groomer ornament,hair stylistornament,nail technician,pharmacy ornament
"Personalized Fire Truck Christmas Ornament,Trucker Christmas Light Ornament,Customized 2025 Christmas Tree Decor Gift For Firefighter UM5N13",https://www.etsy.com/listing/4369729164/personalized-fire-truck-christmas,CaffennDesign,https://www.etsy.com/shop/CaffennDesign,23.99,0,0,0,0,0,8 Mo.,0,0,0,Home & Living,16,0,0.0,4181,"christmas ornament,memorial ornament,christmas car decor,personalize ornament,hanging ornament,christmas tree decor,christmas 2025,custom ornament,fire truck ornament,firefighter name,fighter lover gift,firefighter dad gift,acrylic ornament",christmas ornament,memorial ornament,christmas car decor,personalize ornament,hanging ornament,christmas tree decor,christmas 2025,custom ornament,fire truck ornament,firefighter name,fighter lover gift,firefighter dad gift,acrylic ornament
"Custom Trash Truck Christmas Ornament, Trash Truck 2024 Ornament, Trucker Gifts, Cute Characters Ornament CYKU50",https://www.etsy.com/listing/1815324481/custom-trash-truck-christmas-ornament,pandachinhgroup,https://www.etsy.com/shop/pandachinhgroup,28.49,0,0,0,0,0,19 Mo.,0,0,4,Home & Living,67,0,0.0,36522,"christmas 2024,boy christmas,boy ornament,trucker gift,trash truck 2024,trash truck boys,hank ornament,trash truck xmas,trash truck",christmas 2024,boy christmas,boy ornament,trucker gift,trash truck 2024,trash truck boys,hank ornament,trash truck xmas,trash truck,--,--,--,--
Boat Ornament Trucker Hat,https://www.etsy.com/listing/4298912218/boat-ornament-trucker-hat,KendrickAndReign,https://www.etsy.com/shop/KendrickAndReign,20.00,0,0,0,7,1,13 Mo.,17,0,271,Accessories,24,0,2.58,1788,"trucker hat,hat,funny,summer,beach,vacation,lake,boat,tan,golden,girls trip,bachelorette,snapback",trucker hat,hat,funny,summer,beach,vacation,lake,boat,tan,golden,girls trip,bachelorette,snapback
Merry & Bright Sequin Christmas Patch: Holiday Ornament Iron-On,https://www.etsy.com/listing/1794911566/merry-bright-sequin-christmas-patch,ABLNco,https://www.etsy.com/shop/ABLNco,4.75,0,0,0,102,7,19 Mo.,155,0,1325,Accessories,43,30,7.7,159811,"trucker hat patches,patches for hat,patches for jacket,preppy patch,iron on patch,merry bright patch,merry patch,holiday patch,christmas patches,sequins patch,small patches,santa patch,ornament patch",trucker hat patches,patches for hat,patches for jacket,preppy patch,iron on patch,merry bright patch,merry patch,holiday patch,christmas patches,sequins patch,small patches,santa patch,ornament patch
Christmas Tree Patch: Chenille & Sequin Iron-On Applique (3.1” x 2.2”),https://www.etsy.com/listing/1809463835/christmas-tree-patch-chenille-sequin,ABLNco,https://www.etsy.com/shop/ABLNco,4.24,0,0,0,534,37,19 Mo.,384,2,3665,Accessories,43,54,14.57,159811,"trucker hat patches,patches for hat,patches for jacket,preppy patch,iron on patch,holiday patch,christmas patches,small patches,santa patch,ornament patch,tree patch,embroidery patch,trendy patch",trucker hat patches,patches for hat,patches for jacket,preppy patch,iron on patch,holiday patch,christmas patches,small patches,santa patch,ornament patch,tree patch,embroidery patch,trendy patch
"Personalized Oil Tanker Truck Ornament, Truck Christmas Ornament, Truck Driver Ornament, Trucker Ornament Gift, Tanker Truck TD-1129-JBCK",https://www.etsy.com/listing/1836382413/personalized-oil-tanker-truck-ornament,LizzHome,https://www.etsy.com/shop/LizzHome,21.58,0,0,0,0,0,17 Mo.,1,0,143,Home & Living,24,0,0.0,7491,"christmas gift,christmas decor,christmas ornament,hanging ornament,family ornament,funny ornament gift,custom ornament gift,personalized gift,christmas keepsake,christmas in july,xmas ornament,car ornament,custom christmas",christmas gift,christmas decor,christmas ornament,hanging ornament,family ornament,funny ornament gift,custom ornament gift,personalized gift,christmas keepsake,christmas in july,xmas ornament,car ornament,custom christmas
"Dump Truck Ornament, Truck Christmas Gift Trucker Christmas Light Ornament, Truck Car Ornament, Trucker Lover Gift Not 3D Product",https://www.etsy.com/listing/1759698346/dump-truck-ornament-truck-christmas-gift,LovelyFamilyArtGift,https://www.etsy.com/shop/LovelyFamilyArtGift,19.98,0,0,0,10,2,21 Mo.,6,0,326,Home & Living,65,0,3.07,9313,"christmas ornament,dump truck ornament,truck car ornament,dump truck,truck xmas,trucker light,truck ornament,trucker gift,holiday decor,festive ornament,custom ornament,xmas gift,personalized gift",christmas ornament,dump truck ornament,truck car ornament,dump truck,truck xmas,trucker light,truck ornament,trucker gift,holiday decor,festive ornament,custom ornament,xmas gift,personalized gift
"Personalized Red Truck Christmas Ornament, Custom Truck Shaped Ornament, Gift For Trucker, Vintage Truck Hanging Ornament, Truck Keepsake",https://www.etsy.com/listing/4397890893/personalized-red-truck-christmas,DasunkidCreations,https://www.etsy.com/shop/DasunkidCreations,17.72,0,0,0,5,1,6 Mo.,1,0,150,Home & Living,38,0,3.33,14593,"christmas ornament,christmas tree decor,christmas gift,christmas keepsake,personalize ornament,custom ornament,custom name ornament,red truck ornament,truck keepsake,truck christmas gift,truck driver gift,truck christmas,vintage truck",christmas ornament,christmas tree decor,christmas gift,christmas keepsake,personalize ornament,custom ornament,custom name ornament,red truck ornament,truck keepsake,truck christmas gift,truck driver gift,truck christmas,vintage truck
Personalized Dump Truck Christmas Ornament: Acrylic Heavy Equipment Gift,https://www.etsy.com/listing/4366841489/personalized-dump-truck-christmas,KyivCalligraphy,https://www.etsy.com/shop/KyivCalligraphy,17.32,0,0,0,9,1,9 Mo.,1,0,110,Home & Living,14,0,8.18,770,"truck ornament,trucker christmas,trucker gift,christmas ornaments,tractor ornament,christmas gift,xmas ornament,christmas gifts,tractor ornaments,christmas ornament,acrylic ornament",truck ornament,trucker christmas,trucker gift,christmas ornaments,tractor ornament,christmas gift,xmas ornament,christmas gifts,tractor ornaments,christmas ornament,acrylic ornament,--,--
"Custom Truck Driver Christmas Ornament, Flat 2D Acrylic, Personalized Gift for Trucker, Husband, or Delivery Driver Semi Truck Keepsake 2025",https://www.etsy.com/listing/4378450381/custom-truck-driver-christmas-ornament,WendyHengs,https://www.etsy.com/shop/WendyHengs,43.89,0,0,0,0,0,3 Mo.,1,0,29,Home & Living,5,0,0.0,927,"christmas ornament,personalized gifts,christmas gifts,custom ornament,christmas tree decor,gift for him,gift for husband,truck driver ornament,trucker gift,semi truck ornament,delivery driver gift,logistics worker gift,job ornament",christmas ornament,personalized gifts,christmas gifts,custom ornament,christmas tree decor,gift for him,gift for husband,truck driver ornament,trucker gift,semi truck ornament,delivery driver gift,logistics worker gift,job ornament
"Personalized Truck Christmas Ornament, Truck Christmas 2D Flat Acrylic Ornament, Christmas Gift For Truck Driver, Gift For Trucker Ornament",https://www.etsy.com/listing/4384540186/personalized-truck-christmas-ornament,TatyanaStyleStore,https://www.etsy.com/shop/TatyanaStyleStore,19.95,0,0,0,0,0,3 Mo.,0,0,15,Home & Living,18,0,0.0,5002,"truck ornament,truck driver gift,semi truck decor,custom name gift,trucker christmas,acrylic ornament,driver ornament,holiday truck,gift for trucker,christmas ornament,semi truck gift,custom truck decor,personalizedornament",truck ornament,truck driver gift,semi truck decor,custom name gift,trucker christmas,acrylic ornament,driver ornament,holiday truck,gift for trucker,christmas ornament,semi truck gift,custom truck decor,personalizedornament
Hippo car personalized rear view mirror charm,https://www.etsy.com/listing/4307946474/hippo-car-personalized-rear-view-mirror,FairyToysWorld,https://www.etsy.com/shop/FairyToysWorld,21.50,0,0,0,0,0,10 Mo.,3,0,34,Electronics & Accessories,109,0,0.0,9979,"hippo car,personalized rear,view mirror charm,long distance friend,thinking of you gift,hippopotamus,initial hanging,trucker accessories,romantic boyfriend,just because gifts,crochet zoo animal,letter car ornament,gift for new driver",hippo car,personalized rear,view mirror charm,long distance friend,thinking of you gift,hippopotamus,initial hanging,trucker accessories,romantic boyfriend,just because gifts,crochet zoo animal,letter car ornament,gift for new driver
Santa black cat personalized rear view mirror charm,https://www.etsy.com/listing/1754223207/santa-black-cat-personalized-rear-view,FairyToysWorld,https://www.etsy.com/shop/FairyToysWorld,22.00,0,0,0,0,0,11 Mo.,1,0,5,Electronics & Accessories,99,0,0.0,9623,"santa black cat,personalized rear,view mirror charm,cute stocking filler,christmas plush gift,crochet kitty,initial hanging,trucker accessories,family gift exchange,amigurumi kitten,letter car ornament,new years eve favors,coworker gift idea",santa black cat,personalized rear,view mirror charm,cute stocking filler,christmas plush gift,crochet kitty,initial hanging,trucker accessories,family gift exchange,amigurumi kitten,letter car ornament,new years eve favors,coworker gift idea
Personalized Truck Driver Christmas Ornament: Acrylic Semi Truck Keepsake,https://www.etsy.com/listing/4372840569/personalized-truck-driver-christmas,PersonalizedPaperBR,https://www.etsy.com/shop/PersonalizedPaperBR,17.32,0,0,0,0,0,5 Mo.,0,0,72,Home & Living,10,0,0.0,1756,"christmas gift,christmas ornament,xmas gift,acrylic ornament,christmas tree decor,customized ornament,gift for him,truck christmas,truck gift,christmas truck,truck decor,trucker gift,truck",christmas gift,christmas ornament,xmas gift,acrylic ornament,christmas tree decor,customized ornament,gift for him,truck christmas,truck gift,christmas truck,truck decor,trucker gift,truck
"White Christmas Trucker Hat Patch &#39;I Do It For The Hoe&#39;s&#39; Trucker Hat, Christmas Santa Hat, Christmas Patch Hat",https://www.etsy.com/listing/1797441486/white-christmas-trucker-hat-patch-i-do,ScratchDecor,https://www.etsy.com/shop/ScratchDecor,39.99,0,0,0,13,2,15 Mo.,46,0,1398,Accessories,63,36,0.93,12279,"christmas patch hat,santa hat,christmas gift,i do it for the hoes,trucker hat,sequin ornament,sequin christmas hat,patch hat",christmas patch hat,santa hat,christmas gift,i do it for the hoes,trucker hat,sequin ornament,sequin christmas hat,patch hat,--,--,--,--,--
Semi Truck Metal Ornament,https://www.etsy.com/listing/800129293/semi-truck-metal-ornament,BurkeMetalWork,https://www.etsy.com/shop/BurkeMetalWork,14.50,0,0,0,229,44,70 Mo.,244,1,3842,Home & Living,96,25,5.96,20265,"burke metal work,stocking stuffer,personalize ornament,custom ornament,semi truck ornament,semi truck decor,trucker christmas,18 wheeler decor,18 wheeler ornament,trucker thank you,semi truck gift,truck and trailer,truck driving hero",burke metal work,stocking stuffer,personalize ornament,custom ornament,semi truck ornament,semi truck decor,trucker christmas,18 wheeler decor,18 wheeler ornament,trucker thank you,semi truck gift,truck and trailer,truck driving hero
Mudflap Girl Tree Ornament - Plastic (White) (Laser Cut Acrylic),https://www.etsy.com/listing/1066001506/mudflap-girl-tree-ornament-plastic-white,EconomyOrnament,https://www.etsy.com/shop/EconomyOrnament,3.99,0,0,0,16,3,56 Mo.,12,0,213,Home & Living,103,0,7.51,4668,"economy ornament,cheap ornament,flat ornament,christmas ornament,mudflap trucker,mudflap girl,funny ornament,gag gift,secret santa,white elephant,mudflap shape,mudflap theme,sexy girl",economy ornament,cheap ornament,flat ornament,christmas ornament,mudflap trucker,mudflap girl,funny ornament,gag gift,secret santa,white elephant,mudflap shape,mudflap theme,sexy girl
"Personalized Truck Ornament, Custom Just A Girl Who Loves Trucks Ornament, Gift for Trucker, Car Lover Xmas Ornament, Vehicle Fan",https://www.etsy.com/listing/4393703814/personalized-truck-ornament-custom-just,WEMAKEYOULOVE,https://www.etsy.com/shop/WEMAKEYOULOVE,14.95,0,0,0,6,1,7 Mo.,1,0,11,Home & Living,31,0,54.55,1514,"christmas ornament,truck ornament,custom girl ornament,personalized gift,truck lover,vehicle gift,truck theme decor,auto ornament gifts,red truck keepsake,trucking ornament,truck loving girl,xmas auto theme,festive auto decor",christmas ornament,truck ornament,custom girl ornament,personalized gift,truck lover,vehicle gift,truck theme decor,auto ornament gifts,red truck keepsake,trucking ornament,truck loving girl,xmas auto theme,festive auto decor
"Personalized Trucker Christmas Ornament, Custom Name Semi Truck Gift for Driver, Tree Decor Hanging Xmas Decoration 2D Flat Acrylic Ornament",https://www.etsy.com/listing/4400328076/personalized-trucker-christmas-ornament,LONGSHOP123,https://www.etsy.com/shop/LONGSHOP123,10.50,0,0,0,0,0,1 Mo.,0,0,4,Home & Living,1,0,0.0,5,"christmas ornament,personalized gift,christmas tree decor,christmas gift,personalize ornament,custom ornament,christmas decor,gift for trucker,truck ornament,trucker gift,trucker ornament,hanging ornament,christmas truck",christmas ornament,personalized gift,christmas tree decor,christmas gift,personalize ornament,custom ornament,christmas decor,gift for trucker,truck ornament,trucker gift,trucker ornament,hanging ornament,christmas truck
"Red Truck Christmas Tree Window Hanging Acrylic, Christmas Ornament, Gifts For Truck Lovers, Christmas Tree Hanging Decor, Trucker Gift",https://www.etsy.com/listing/4391713414/red-truck-christmas-tree-window-hanging,RoxanneBischoffTee,https://www.etsy.com/shop/RoxanneBischoffTee,23.85,0,0,0,0,0,1 Mo.,0,0,1,Home & Living,5,0,0.0,610,"custom ornament,2025 christmas,christmas decoration,acrylic ornament,wooden ornament,christmas gift,christmas decor,personalized name,truck ornament,trucker gift,baby ornament,boy gift,truck suncatcher",custom ornament,2025 christmas,christmas decoration,acrylic ornament,wooden ornament,christmas gift,christmas decor,personalized name,truck ornament,trucker gift,baby ornament,boy gift,truck suncatcher
Love Baseball | Baseball SVG | Baseball PNG | Baseball Shirt | Baseball Hat | Baseball Mom | Baseball Mom SVG | Baseball Mom Shirt,https://www.etsy.com/listing/1379656674/love-baseball-baseball-svg-baseball-png,CassandraLeeGray,https://www.etsy.com/shop/CassandraLeeGray,3.33,0,0,0,0,0,26 Mo.,0,0,0,Craft Supplies & Tools,37,0,0.0,828,"baseball png,baseball coach,baseball hat,baseball cut file,baseball vector,baseball design,baseball cap,baseball trucker cap,baseball ornament,baseball print,custom baseball hat,baseball font,baseball helmet",baseball png,baseball coach,baseball hat,baseball cut file,baseball vector,baseball design,baseball cap,baseball trucker cap,baseball ornament,baseball print,custom baseball hat,baseball font,baseball helmet
Baseball | Baseball SVG | Baseball PNG | Baseball Shirt | Baseball Hat | Baseball Uncle | Baseball Uncle SVG | Baseball Uncle Shirt,https://www.etsy.com/listing/1243327521/baseball-baseball-svg-baseball-png,CassandraLeeGray,https://www.etsy.com/shop/CassandraLeeGray,3.33,0,0,0,0,0,33 Mo.,0,0,7,Craft Supplies & Tools,37,0,0.0,828,"baseball png,baseball jpg,baseball hat,baseball cut file,baseball vector,baseball design,baseball cap,baseball trucker cap,baseball ornament,baseball print,custom baseball hat,baseball font,baseball helmet",baseball png,baseball jpg,baseball hat,baseball cut file,baseball vector,baseball design,baseball cap,baseball trucker cap,baseball ornament,baseball print,custom baseball hat,baseball font,baseball helmet
Custom Name Truck With Christmas Tree Ornament Personalized Trucker Name Ornament Christmas Trucker Name Ornament,https://www.etsy.com/listing/1810664465/custom-name-truck-with-christmas-tree,LalibeeCrochet,https://www.etsy.com/shop/LalibeeCrochet,16.00,0,0,0,0,0,7 Mo.,0,0,0,Home & Living,32,0,0.0,1266,"ornament,keepsake ornament,christmas ornament,plywood ornament,hanging ornament,halloween ornament,gift for lover,christmas gift,personalized gift,wood ornament,hanging wood,keepsake gift",ornament,keepsake ornament,christmas ornament,plywood ornament,hanging ornament,halloween ornament,gift for lover,christmas gift,personalized gift,wood ornament,hanging wood,keepsake gift,--
"Personalized Truck Ornament, Heavy Truck Ornament, Custom Truck Acrylic Ornament, Christmas Gift For Truck Driver, Gift For Trucker Ornament",https://www.etsy.com/listing/4391693192/personalized-truck-ornament-heavy-truck,EmbroiderEaseGoods,https://www.etsy.com/shop/EmbroiderEaseGoods,9.99,0,0,0,0,0,2 Mo.,0,0,11,Home & Living,5,0,0.0,751,"christmas ornament,personalized gift,christmas tree decor,christmas gift,personalize ornament,custom ornament,christmas decor,gift for trucker,truck ornament,trucker gift,trucker ornament,hanging ornament,christmas truck",christmas ornament,personalized gift,christmas tree decor,christmas gift,personalize ornament,custom ornament,christmas decor,gift for trucker,truck ornament,trucker gift,trucker ornament,hanging ornament,christmas truck
"Personalized Fire Truck Christmas Ornament, Trucker Christmas Light Ornament, Customized 2025 Christmas Tree Decor Gift For Firefighter",https://www.etsy.com/listing/4390632068/personalized-fire-truck-christmas,NguyenHaiHaArt,https://www.etsy.com/shop/NguyenHaiHaArt,20.77,0,0,0,0,0,3 Mo.,1,0,36,Home & Living,7,0,0.0,213,"christmas ornament,memorial ornament,christmas car decor,personalize ornament,hanging ornament,christmas tree decor,custom ornament,fire truck ornament,firefighter name,fighter lover gift,firefighter dad gift,acrylic ornament,christmas 2025",christmas ornament,memorial ornament,christmas car decor,personalize ornament,hanging ornament,christmas tree decor,custom ornament,fire truck ornament,firefighter name,fighter lover gift,firefighter dad gift,acrylic ornament,christmas 2025
"Personalized Trucker Ornament Engraved on Wood – Rustic Semi Truck Christmas Decoration, Gift for Truck Drivers, Your Name Truck Ornament",https://www.etsy.com/listing/4365982755/personalized-trucker-ornament-engraved,engravino,https://www.etsy.com/shop/engravino,18.00,0,0,0,0,0,8 Mo.,0,0,17,Home & Living,12,0,0.0,2,"memorialgift,housewarminggift,birthdaygift,christmasgift,wedddinggift,anniversary gift,engravedornament,engravedwood,woodengraved,giftforwife,giftforhusband,gift,gifts",memorialgift,housewarminggift,birthdaygift,christmasgift,wedddinggift,anniversary gift,engravedornament,engravedwood,woodengraved,giftforwife,giftforhusband,gift,gifts
"Personalized Christmas Truck Ornament Acrylic, Custom Name Semi Truck with Tree Holiday Gift, Driver Trucker Xmas Tree Decoration 2025",https://www.etsy.com/listing/4368043847/personalized-christmas-truck-ornament,StoreSimonGifts,https://www.etsy.com/shop/StoreSimonGifts,23.36,0,0,0,0,0,1 Mo.,0,0,1,Home & Living,7,0,0.0,492,"truck ornament,semi truck gift,custom truck decor,driver ornament,christmas truck,personalized truck,holiday ornament,trucker gift idea,custom name decor,acrylic ornament,truck tree decor,transport gift,xmas ornament",truck ornament,semi truck gift,custom truck decor,driver ornament,christmas truck,personalized truck,holiday ornament,trucker gift idea,custom name decor,acrylic ornament,truck tree decor,transport gift,xmas ornament
"Personalised truck, lorry driver gift, lorry cake topper, lorry and trailer, lorry accessories, retirement lorry gifts, lkw fahrer geschenke",https://www.etsy.com/listing/1562091221/personalised-truck-lorry-driver-gift,DiversiColorArt,https://www.etsy.com/shop/DiversiColorArt,42.79,0,0,0,0,0,25 Mo.,22,0,1250,Toys & Games,131,25,0.0,487,"trucker gifts,trucker retirement,trucker the man,trucker ornament,trucker appreciation,trucker award,trucker accessories,trucker decal,trucker dad,gift for trucker,gift for truck guy,trucker gift,lorry cake topper",trucker gifts,trucker retirement,trucker the man,trucker ornament,trucker appreciation,trucker award,trucker accessories,trucker decal,trucker dad,gift for trucker,gift for truck guy,trucker gift,lorry cake topper
"Personalized Truck Christmas Ornament, 2D Flat Acrylic Truck Ornament, Gift for Trucker, Truck Driver Christmas Gift, Tree Ornament 2025",https://www.etsy.com/listing/4391824633/personalized-truck-christmas-ornament-2d,TailoraShop,https://www.etsy.com/shop/TailoraShop,8.83,0,0,0,0,0,2 Mo.,0,0,32,Home & Living,11,0,0.0,580,"truck ornament,trucker ornament,tractor ornament,personalized gift,custom ornament,truck driver gift,christmas ornament,shaped ornament,holiday decor,christmas tree decor,gift for him,custom name ornament,truckerchristmasgift",truck ornament,trucker ornament,tractor ornament,personalized gift,custom ornament,truck driver gift,christmas ornament,shaped ornament,holiday decor,christmas tree decor,gift for him,custom name ornament,truckerchristmasgift
"Personalized Trucker Truck Ornament, Decor Ornament",https://www.etsy.com/listing/4410796719/personalized-trucker-truck-ornament,LeNPLinh,https://www.etsy.com/shop/LeNPLinh,35.00,0,0,0,0,0,6 Mo.,0,0,0,Home & Living,14,0,0.0,26,"custom ornament,2024 christmas,christmas decoration,2d ornament,acrylic ornament,wooden ornament,christmas gift,christmas decor,personalized name,truck ornament",custom ornament,2024 christmas,christmas decoration,2d ornament,acrylic ornament,wooden ornament,christmas gift,christmas decor,personalized name,truck ornament,--,--,--
Personalized Truck Christmas Ornament: Acrylic Trucker Gift,https://www.etsy.com/listing/4354694301/personalized-truck-christmas-ornament,HavenCrochetGifts,https://www.etsy.com/shop/HavenCrochetGifts,17.32,0,0,0,0,0,9 Mo.,0,0,37,Home & Living,14,0,0.0,1522,"christmas gift,christmas ornament,christmas gifts,custom gift,xmas gift,ornaments,truck ornament,xmas,family christmas,family ornament,gift for family,gift for trucker,truck driver gift",christmas gift,christmas ornament,christmas gifts,custom gift,xmas gift,ornaments,truck ornament,xmas,family christmas,family ornament,gift for family,gift for trucker,truck driver gift
"Semi Truck Ornament, Step Deck Trailer, Flat Bed Trailer, Christmas Metal Ornament",https://www.etsy.com/listing/906099202/semi-truck-ornament-step-deck-trailer,BurkeMetalWork,https://www.etsy.com/shop/BurkeMetalWork,15.99,0,0,0,62,12,62 Mo.,27,0,757,Home & Living,96,0,8.19,20265,"burke metal work,stocking stuffer,personalize ornament,custom ornament,semi truck ornament,semi truck decor,trucker christmas,18 wheeler decor,18 wheeler ornament,trucker thank you,semi truck gift,truck and trailer,farm truck",burke metal work,stocking stuffer,personalize ornament,custom ornament,semi truck ornament,semi truck decor,trucker christmas,18 wheeler decor,18 wheeler ornament,trucker thank you,semi truck gift,truck and trailer,farm truck
"Santa big rigger Ceramic Ornament, truck driver gift, Christmas ornament, Holiday gift, funny truck gift, truck driving Santa",https://www.etsy.com/listing/1613467628/santa-big-rigger-ceramic-ornament-truck,EveryBODtees,https://www.etsy.com/shop/EveryBODtees,11.52,0,0,0,1,0,15 Mo.,0,0,4,Home & Living,41,0,25.0,52,"santa big rigger,christmas ornament,holiday ornament,santa trucker gift,truck driver gift,funny santa ornament,circle and snowflake,ceramic ornament,funny gift idea,santa trucker",santa big rigger,christmas ornament,holiday ornament,santa trucker gift,truck driver gift,funny santa ornament,circle and snowflake,ceramic ornament,funny gift idea,santa trucker,--,--,--
Trucker Retirement Ornament | Ceramic gift | Retiree keepsake,https://www.etsy.com/listing/4422578550/trucker-retirement-ornament-ceramic-gift,HomelandNook,https://www.etsy.com/shop/HomelandNook,14.45,0,0,0,0,0,5 Mo.,0,0,10,Home & Living,7,0,0.0,53,"ceramic ornament,truck driver,retirement gift,funny ornament,personalized gift,retirement party,senior gift,custom name,humorous keepsake,gift for him,gift for her,retiree gifts,trucker gifts",ceramic ornament,truck driver,retirement gift,funny ornament,personalized gift,retirement party,senior gift,custom name,humorous keepsake,gift for him,gift for her,retiree gifts,trucker gifts
"Custom Metal Truck Garage Sign, Steel Truck Driver Name Gift, Personalized Man Cave Gift, American Car Fathers Day Gift, Indoor Outdoor Sign",https://www.etsy.com/listing/4357302137/custom-metal-truck-garage-sign-steel,TaviaWallArts,https://www.etsy.com/shop/TaviaWallArts,49.84,0,0,0,0,0,9 Mo.,0,0,17,Home & Living,14,0,0.0,1202,"semi truck wall sign,custom trucker sign,american flag decor,trucker garage sign,man cave wall art,diesel mechanic gift,patriotic truck art,garage workshop art,truck name ornament,office wall art,fathers day gift,usa flag truck name,truck driver gift",semi truck wall sign,custom trucker sign,american flag decor,trucker garage sign,man cave wall art,diesel mechanic gift,patriotic truck art,garage workshop art,truck name ornament,office wall art,fathers day gift,usa flag truck name,truck driver gift
"Custom Embroidered Yellowstone Trucker Hat, US National Park Gift",https://www.etsy.com/listing/1878885037/custom-yellowstone-trucker-hat-us,ZephyrStreet,https://www.etsy.com/shop/ZephyrStreet,37.00,0,0,0,0,0,15 Mo.,0,0,0,Accessories,35,0,0.0,502,"us national parks,yellowstone national,park,yellowstone,yellowstone shirt,yellowstone ornament,wyoming,national park map,park shirt,yellowstone gifts,embroidered trucker,hat,custom trucker hat",us national parks,yellowstone national,park,yellowstone,yellowstone shirt,yellowstone ornament,wyoming,national park map,park shirt,yellowstone gifts,embroidered trucker,hat,custom trucker hat
"Red Semi Truck Ornament Sublimation PNG, Instant Digital Download ONLY Christmas Round Ornament PNG Truck Driver Gift Big Rig Trucker",https://www.etsy.com/listing/1762615606/red-semi-truck-ornament-sublimation-png,brownbridgedesigns,https://www.etsy.com/shop/brownbridgedesigns,3.50,0,0,0,0,0,21 Mo.,1,0,171,Art & Collectibles,37,0,0.0,15016,"sublimation wrap,ornament sublimation,christmas ornament,3d christmas png,truck sublimation,circle ornament png,round ornament png,semi truck png,truck driver gift,3d truck ornament,3d semi truck png,big rig ornament png,trucker ornament png",sublimation wrap,ornament sublimation,christmas ornament,3d christmas png,truck sublimation,circle ornament png,round ornament png,semi truck png,truck driver gift,3d truck ornament,3d semi truck png,big rig ornament png,trucker ornament png
Custom Metal Tow Truck Sign: Personalized Wall Art Decor,https://www.etsy.com/listing/1351895963/custom-metal-tow-truck-sign-personalized,YouniqueMetal,https://www.etsy.com/shop/YouniqueMetal,49.95,0,0,0,0,0,42 Mo.,1,0,46,Home & Living,58,0,0.0,1333,"tow truck logo,truck driver gift,tow truck gifts,gifts for men,tow truck metal sign,tow truck ornament,trucking gifts,tow trucker,gifts for him,tow truck metal art,tow truck decor,custom tow truck,gift for trucker dad",tow truck logo,truck driver gift,tow truck gifts,gifts for men,tow truck metal sign,tow truck ornament,trucking gifts,tow trucker,gifts for him,tow truck metal art,tow truck decor,custom tow truck,gift for trucker dad
Truck Driver Ornament,https://www.etsy.com/listing/1796771881/truck-driver-ornament,HappyHenLaserDesigns,https://www.etsy.com/shop/HappyHenLaserDesigns,12.50,0,0,0,0,0,20 Mo.,1,0,54,Home & Living,22,0,0.0,1837,"christmas ornament,xmas ornament,christmas ornaments,truck driver,truck drivers,truck driver gift,truck driver xmas,truck ornament,truck drive ornament,trucker ornament,trucker gift,trucker xmas",christmas ornament,xmas ornament,christmas ornaments,truck driver,truck drivers,truck driver gift,truck driver xmas,truck ornament,truck drive ornament,trucker ornament,trucker gift,trucker xmas,--
"Metal Semi Truck Christmas Ornament, Trucker Gift",https://www.etsy.com/listing/1322501336/metal-semi-truck-christmas-ornament,MidwestTaste,https://www.etsy.com/shop/MidwestTaste,7.99,0,0,0,4,1,43 Mo.,10,0,356,Home & Living,55,0,1.12,31052,"gift for friend,gift for nephew,semi truck for kid,semi tractor trailer,xmas gift for kids,christmas gift,truck toy for kid,housewarming gift,baby christmas gift,family gift,semi tractor lover,kid love truck,truck metal sign",gift for friend,gift for nephew,semi truck for kid,semi tractor trailer,xmas gift for kids,christmas gift,truck toy for kid,housewarming gift,baby christmas gift,family gift,semi tractor lover,kid love truck,truck metal sign
"Cowboy hat, amadou hat.",https://www.etsy.com/listing/895220514/cowboy-hat-amadou-hat,Fomesfomentarius,https://www.etsy.com/shop/Fomesfomentarius,229.00,0,0,0,45,12,66 Mo.,156,0,7295,Accessories,75,39,0.62,1841,"paul stamets,fomes fomentarius,amadou hat,cowboy hat,rhinestone  hat,mushroom ornaments,cowgirl hat,arkansas hat,western hat,trucker hat,medicinal mushroom,warm hat,mens vintage hat",paul stamets,fomes fomentarius,amadou hat,cowboy hat,rhinestone  hat,mushroom ornaments,cowgirl hat,arkansas hat,western hat,trucker hat,medicinal mushroom,warm hat,mens vintage hat
Wood Truck Driver Prayer Christmas Ornament | Trucker Christmas Gift | Trucking Holiday | Christian Trucker Gift | Semi Driver Christmas,https://www.etsy.com/listing/1299340566/wood-truck-driver-prayer-christmas,M3CustomDesignsCNC,https://www.etsy.com/shop/M3CustomDesignsCNC,16.00,0,0,0,0,0,44 Mo.,0,0,21,Home & Living,104,0,0.0,789,"christian trucker,trucker prayer,trucker gift,truck driver gift,trucker ornament,truck driver holiday,trucker christmas,trucking gift,trucking christmas,trucking ornament,driver ornament,trucking prayer,semi prayer gift",christian trucker,trucker prayer,trucker gift,truck driver gift,trucker ornament,truck driver holiday,trucker christmas,trucking gift,trucking christmas,trucking ornament,driver ornament,trucking prayer,semi prayer gift
Canadian Pride Ornament | Double Sided Christmas Decoration,https://www.etsy.com/listing/1280177487/canadian-pride-ornament-double-sided,LandKCreationz,https://www.etsy.com/shop/LandKCreationz,12.33,0,0,0,11,3,45 Mo.,12,0,357,Home & Living,59,0,3.08,4269,"ornament,free shipping,christmas ornament,xmas,xmas ornament,f trudeau,freedom convoy 2022,freedom convoy,truckers,canada,small fringe,minority,unacceptable views",ornament,free shipping,christmas ornament,xmas,xmas ornament,f trudeau,freedom convoy 2022,freedom convoy,truckers,canada,small fringe,minority,unacceptable views
"Personalized Fire Truck Christmas Ornament,Trucker Christmas Light Ornament,Customized 2024 Christmas Tree Decor Gift For Firefighter D1NY12",https://www.etsy.com/listing/1836335259/personalized-fire-truck-christmas,OurForestFarm,https://www.etsy.com/shop/OurForestFarm,39.96,0,0,0,0,0,5 Mo.,1,0,8,Home & Living,49,0,0.0,19203,"christmas ornament,memorial ornament,christmas car decor,personalize ornament,hanging ornament,christmas tree decor,christmas 2024,custom ornament,fire truck ornament,firefighter name,fighter lover gift,firefighter dad gift,acrylic ornament",christmas ornament,memorial ornament,christmas car decor,personalize ornament,hanging ornament,christmas tree decor,christmas 2024,custom ornament,fire truck ornament,firefighter name,fighter lover gift,firefighter dad gift,acrylic ornament
Peace Love Softball | Softball SVG | Peace Love SVG | Softball Shirt | Softball Hat | Softball Mom | Softball Mom SVG | Peace Love Shirt,https://www.etsy.com/listing/1395116585/peace-love-softball-softball-svg-peace,CassandraLeeGray,https://www.etsy.com/shop/CassandraLeeGray,3.33,0,0,0,0,0,26 Mo.,0,0,3,Craft Supplies & Tools,37,0,0.0,828,"softball png,softball coach,softball hat,softball cut file,softball vector,softball design,softball cap,softball trucker cap,softball ornament,softball print,custom softball hat,softball font,softball helmet",softball png,softball coach,softball hat,softball cut file,softball vector,softball design,softball cap,softball trucker cap,softball ornament,softball print,custom softball hat,softball font,softball helmet
Baseball | Baseball SVG | Baseball PNG | Baseball Shirt | Baseball Hat | Baseball Sister | Baseball Sister SVG | Baseball Sister Shirt,https://www.etsy.com/listing/1243135877/baseball-baseball-svg-baseball-png,CassandraLeeGray,https://www.etsy.com/shop/CassandraLeeGray,3.33,0,0,0,0,0,33 Mo.,2,0,14,Craft Supplies & Tools,37,0,0.0,828,"baseball png,baseball jpg,baseball hat,baseball cut file,baseball vector,baseball design,baseball cap,baseball trucker cap,baseball ornament,baseball print,custom baseball hat,baseball font,baseball helmet",baseball png,baseball jpg,baseball hat,baseball cut file,baseball vector,baseball design,baseball cap,baseball trucker cap,baseball ornament,baseball print,custom baseball hat,baseball font,baseball helmet
"Personalized Red Truck Xmas Ornament, 2D Flat Truck Ornament, Gift for Trucker, Truck Driver gift, Christmas Truck ornament",https://www.etsy.com/listing/1825126721/personalized-red-truck-xmas-ornament-2d,ZelosAudioLLC,https://www.etsy.com/shop/ZelosAudioLLC,19.95,0,0,0,0,0,5 Mo.,1,0,3,Home & Living,8,0,0.0,4046,"christmas gift,reading lover,personalized gift,xmas hanging,gift for son,merry christmas,gift for him,home decor,gift for trucker,truck driver gift,truck ornament,red truck,trucker gift",christmas gift,reading lover,personalized gift,xmas hanging,gift for son,merry christmas,gift for him,home decor,gift for trucker,truck driver gift,truck ornament,red truck,trucker gift
Love Softball | Softball SVG | Softball PNG | Softball Shirt | Softball Hat | Softball Mom | Softball Mom SVG | Softball Mom Shirt,https://www.etsy.com/listing/1379659786/love-softball-softball-svg-softball-png,CassandraLeeGray,https://www.etsy.com/shop/CassandraLeeGray,3.33,0,0,0,0,0,26 Mo.,0,0,1,Craft Supplies & Tools,37,0,0.0,828,"softball png,softball coach,softball hat,softball cut file,softball vector,softball design,softball cap,softball trucker cap,softball ornament,softball print,custom softball hat,softball font,softball helmet",softball png,softball coach,softball hat,softball cut file,softball vector,softball design,softball cap,softball trucker cap,softball ornament,softball print,custom softball hat,softball font,softball helmet
Personalized Name Garbage Truck Christmas Shape Fat Ornament Garbage Truck Ornament Garbage Truck Gift for Kids for Trucker Keepsake,https://www.etsy.com/listing/4399835056/personalized-name-garbage-truck,YarnInnovation,https://www.etsy.com/shop/YarnInnovation,10.88,0,0,0,0,0,2 Mo.,0,0,1,Home & Living,25,0,0.0,654,"christmas ornament,christmas gift,christmas tree decor,hanging ornament,garbage truck,trash truck,sanitation worker,gift for cleaner,garbage truck gifts,trash truck gift,gift for garbage man,garbage man,custom dump truck",christmas ornament,christmas gift,christmas tree decor,hanging ornament,garbage truck,trash truck,sanitation worker,gift for cleaner,garbage truck gifts,trash truck gift,gift for garbage man,garbage man,custom dump truck
"Personalized Monster Truck Christmas Ornament, Truck Ornament, Xmas Ornament, Christmas Gift, Trucker Christmas 2025 Ornament Gifts",https://www.etsy.com/listing/4393068291/personalized-monster-truck-christmas,StarNightTreasures,https://www.etsy.com/shop/StarNightTreasures,12.87,0,0,0,0,0,1 Mo.,0,0,10,Home & Living,28,0,0.0,913,"custom ornament,christmas decoration,2d ornament,acrylic ornament,wooden ornament,christmas gift,christmas decor,personalized name,truck ornament,2025 ornament,tracker xmas,trucker dad ornament,xmas 2025",custom ornament,christmas decoration,2d ornament,acrylic ornament,wooden ornament,christmas gift,christmas decor,personalized name,truck ornament,2025 ornament,tracker xmas,trucker dad ornament,xmas 2025
Personalized Construction Ornament: Safety Vest & Hard Hat,https://www.etsy.com/listing/4366813653/personalized-construction-ornament,LovelTreasures,https://www.etsy.com/shop/LovelTreasures,24.91,0,0,0,0,0,3 Mo.,0,0,9,Home & Living,10,0,0.0,855,"flat ornament,christmas,xmas gift,personalized,shaped ornament,christmas 2022,tractor,tractor driver,truck driver,trucker,tractor ornament,lineman,lineman's uniform",flat ornament,christmas,xmas gift,personalized,shaped ornament,christmas 2022,tractor,tractor driver,truck driver,trucker,tractor ornament,lineman,lineman's uniform
"Personalized Tractor Christmas Ornament Flat 2D, Tractor Christmas Flat Ornament Christmas Gift For Farmer, For Farmer Tractor Driver",https://www.etsy.com/listing/1825130243/personalized-tractor-christmas-ornament,ZelosAudioLLC,https://www.etsy.com/shop/ZelosAudioLLC,19.95,0,0,0,0,0,5 Mo.,0,0,15,Home & Living,8,0,0.0,4046,"flat ornament,christmas,xmas gift,personalized,shaped ornament,tractor,tractor driver,truck driver,trucker,tractor ornament,christmas 2024,gift for dad,tractor dad gift",flat ornament,christmas,xmas gift,personalized,shaped ornament,tractor,tractor driver,truck driver,trucker,tractor ornament,christmas 2024,gift for dad,tractor dad gift
"Personalized Red Tractor Head Truck Custom Shaped Ornament 2D, Custom Truck Christmas Acrylic Ornament, Christmas Gift For Truck Driver.",https://www.etsy.com/listing/1785849750/personalized-red-tractor-head-truck,MichaelDonofrioTee,https://www.etsy.com/shop/MichaelDonofrioTee,19.95,0,0,0,0,0,8 Mo.,0,0,24,Home & Living,10,0,0.0,5329,"christmas ornament,personalized gift,christmas tree decor,christmas gift,personalize ornament,custom ornament,christmas decor,gift for trucker,truck ornament,trucker gift,trucker ornament,hanging ornament,christmas truck",christmas ornament,personalized gift,christmas tree decor,christmas gift,personalize ornament,custom ornament,christmas decor,gift for trucker,truck ornament,trucker gift,trucker ornament,hanging ornament,christmas truck
"Personalized Truck Photo Christmas Ornament, Trucker Ornament, Trucker Christmas Light, Personalized Truck Ornament",https://www.etsy.com/listing/4340378646/personalized-truck-photo-christmas,LuanBeobeo,https://www.etsy.com/shop/LuanBeobeo,20.73,0,0,0,0,0,1 Mo.,0,0,0,Home & Living,5,0,0.0,345,"christmas gift,christmas ornament,trucker ornament,truck ornament,trucker christmas,trucker truck,trucker gift,christmas ornaments,tractor ornament,truck christmas,acrylic ornament,christmas gifts,photo ornaments",christmas gift,christmas ornament,trucker ornament,truck ornament,trucker christmas,trucker truck,trucker gift,christmas ornaments,tractor ornament,truck christmas,acrylic ornament,christmas gifts,photo ornaments
"Custom Truck Christmas Ornament with Santa, Personalized Name Semi Truck Decoration, Holiday Gift for Truck Driver, Big Rig Christmas Decor",https://www.etsy.com/listing/4374409884/custom-truck-christmas-ornament-with,MarieFlowerHandmade,https://www.etsy.com/shop/MarieFlowerHandmade,23.95,0,0,0,0,0,1 Mo.,0,0,0,Home & Living,7,0,0.0,930,"truck ornament,christmas truck,custom truck gift,truck driver gift,semi truck decor,personalized truck,big rig ornament,holiday truck gift,custom ornament,santa truck decor,driver ornament,christmas decor,gift for trucker",truck ornament,christmas truck,custom truck gift,truck driver gift,semi truck decor,personalized truck,big rig ornament,holiday truck gift,custom ornament,santa truck decor,driver ornament,christmas decor,gift for trucker
"Personalized Fire Truck Christmas Ornament, Trucker Christmas Light Ornament, Fire Truck Ornament, Firefighter Gift, Fire Engine Decor",https://www.etsy.com/listing/4373955537/personalized-fire-truck-christmas,StreetPulseStoree,https://www.etsy.com/shop/StreetPulseStoree,16.99,0,0,0,0,0,1 Mo.,0,0,1,Home & Living,7,0,0.0,56,"fire truck ornament,personalized gift,christmas ornament,firefighter gift,kids christmas,trucker ornament,custom name ornament,first christmas,holiday decor,fire engine decor,custom christmas,tree hanging gift,gift for fireman",fire truck ornament,personalized gift,christmas ornament,firefighter gift,kids christmas,trucker ornament,custom name ornament,first christmas,holiday decor,fire engine decor,custom christmas,tree hanging gift,gift for fireman
Custom Truck Ornament 2025 – 2D Acrylic Big Rig Christmas Ornament with Personalized Name and Color,https://www.etsy.com/listing/4392005637/custom-truck-ornament-2025-2d-acrylic,QJCJewelryShop,https://www.etsy.com/shop/QJCJewelryShop,12.00,0,0,0,0,0,2 Mo.,0,0,8,Home & Living,4,0,0.0,258,"truck ornament,big rig ornament,acrylic ornament,custom name gift,trucker gift,christmas ornament,personalized truck,vehicle ornament,driver gift,custom holiday gift,truck lover,truck driver,holiday decor",truck ornament,big rig ornament,acrylic ornament,custom name gift,trucker gift,christmas ornament,personalized truck,vehicle ornament,driver gift,custom holiday gift,truck lover,truck driver,holiday decor
"Personalized Truck Christmas Ornament, Gift For Trucker Ornament",https://www.etsy.com/listing/4407279747/personalized-truck-christmas-ornament,QJCJewelryShop,https://www.etsy.com/shop/QJCJewelryShop,12.74,0,0,0,0,0,1 Mo.,0,0,4,Home & Living,4,0,0.0,258,"vintage truck decor,farmhouse xmas,rustic ornament,old truck gift,personalized gift,custom family,christmas truck,red truck decor,xmas tree farm,pickup ornament,family name gift,retro christmas,truck lover gift",vintage truck decor,farmhouse xmas,rustic ornament,old truck gift,personalized gift,custom family,christmas truck,red truck decor,xmas tree farm,pickup ornament,family name gift,retro christmas,truck lover gift
"Personalized Red Semi Truck Ornament, Custom Xmas Gift for Trucker Dad Husband",https://www.etsy.com/listing/4374546952/personalized-red-semi-truck-ornament,StoreSimonGifts,https://www.etsy.com/shop/StoreSimonGifts,21.89,0,0,0,0,0,1 Mo.,0,0,1,Home & Living,7,0,0.0,492,"personalized gift,christmas tree decor,christmas gift,custom ornament,christmas decor,gift for trucker,truck ornament,trucker gift,christmas truck,christmas ornament,truck driver gift,trucker ornament,christmas tree truck",personalized gift,christmas tree decor,christmas gift,custom ornament,christmas decor,gift for trucker,truck ornament,trucker gift,christmas truck,christmas ornament,truck driver gift,trucker ornament,christmas tree truck
Personalized Heavy Equipment Operator Safety Vest Ornament: Acrylic or Plywood,https://www.etsy.com/listing/4366681314/personalized-heavy-equipment-operator,ChernihivWoolKnits,https://www.etsy.com/shop/ChernihivWoolKnits,10.95,0,0,0,0,0,1 Mo.,0,0,1,Home & Living,6,0,0.0,327,"flat ornament,christmas,xmas gift,personalized,shaped ornament,christmas 2022,tractor,tractor driver,truck driver,trucker,tractor ornament,lineman,lineman's uniform",flat ornament,christmas,xmas gift,personalized,shaped ornament,christmas 2022,tractor,tractor driver,truck driver,trucker,tractor ornament,lineman,lineman's uniform
"FREE GIFTBOX- GIFTCARD - Personalized Truck Christmas Ornament, Custom Acrylic Ornament, Christmas Gift For Truck Driver, Xmas Gift",https://www.etsy.com/listing/4367459023/free-giftbox-giftcard-personalized-truck,WonderfulCircle,https://www.etsy.com/shop/WonderfulCircle,10.99,0,0,0,0,0,2 Mo.,0,0,12,Home & Living,16,0,0.0,990,"christmas ornament,personalized gift,christmas tree decor,christmas gift,personalize ornament,custom ornament,christmas decor,gift for trucker,truck ornament,trucker gift,trucker ornament,hanging ornament,christmas truck",christmas ornament,personalized gift,christmas tree decor,christmas gift,personalize ornament,custom ornament,christmas decor,gift for trucker,truck ornament,trucker gift,trucker ornament,hanging ornament,christmas truck
"Personalized Semi Truck Ornament, Big Rig Christmas Tree Decoration, Custom Name Truck Driver Gift, Freight Trucker Holiday Keepsake",https://www.etsy.com/listing/4399040431/personalized-semi-truck-ornament-big-rig,TaboadaFashionFunny,https://www.etsy.com/shop/TaboadaFashionFunny,19.95,0,0,0,0,0,1 Mo.,0,0,1,Home & Living,22,0,0.0,58,"christmas ornament,custom xmas ornament,personalized gift,family ornament,pet photo ornament,holiday keepsake,memorial ornament,couple ornament,christmas tree decor,football ornament,football keepsake,football lover gift,american football",christmas ornament,custom xmas ornament,personalized gift,family ornament,pet photo ornament,holiday keepsake,memorial ornament,couple ornament,christmas tree decor,football ornament,football keepsake,football lover gift,american football
"Personalized Truck Christmas Ornament, Custom Truck Christmas Acrylic Ornament, Christmas Gift For Truck Driver, Gift For Trucker Ornament",https://www.etsy.com/listing/4372260647/personalized-truck-christmas-ornament,AMANDABySchlitz,https://www.etsy.com/shop/AMANDABySchlitz,22.29,0,0,0,0,0,2 Mo.,0,0,4,Home & Living,3,0,0.0,44,"christmas ornament,personalized gift,christmas tree decor,christmas gift,personalize ornament,custom ornament,christmas decor,gift for trucker,truck ornament,trucker gift,trucker ornament,hanging ornament,christmas truck",christmas ornament,personalized gift,christmas tree decor,christmas gift,personalize ornament,custom ornament,christmas decor,gift for trucker,truck ornament,trucker gift,trucker ornament,hanging ornament,christmas truck
"Personalized Truck With Santa Hat Christmas Ornament, Truck Christmas Ornament, Christmas Gift For Truck Driver, Gift For Trucker Ornament",https://www.etsy.com/listing/4378457463/personalized-truck-with-santa-hat,AMANDABySchlitz,https://www.etsy.com/shop/AMANDABySchlitz,22.29,0,0,0,0,0,2 Mo.,0,0,12,Home & Living,3,0,0.0,44,"christmas ornament,personalized gift,christmas tree decor,christmas gift,personalize ornament,custom ornament,christmas decor,gift for trucker,truck ornament,trucker gift,trucker ornament,hanging ornament,christmas truck",christmas ornament,personalized gift,christmas tree decor,christmas gift,personalize ornament,custom ornament,christmas decor,gift for trucker,truck ornament,trucker gift,trucker ornament,hanging ornament,christmas truck
"Personalized Truck Merry Tree Christmas Ornament for Truck Driver, Flat Acrylic Ornament for Dad, Truck Ornament Christmas",https://www.etsy.com/listing/1308097086/personalized-truck-merry-tree-christmas,HAVIBraidedBracelet,https://www.etsy.com/shop/HAVIBraidedBracelet,18.99,0,0,0,117,20,43 Mo.,32,0,2449,Home & Living,58,25,4.78,13349,"flat ornament,christmas,xmas gift,personalized,shaped ornament,christmas 2022,tractor,tractor driver,truck driver,trucker,tractor ornament,lineman,for trucker driver",flat ornament,christmas,xmas gift,personalized,shaped ornament,christmas 2022,tractor,tractor driver,truck driver,trucker,tractor ornament,lineman,for trucker driver
"Personalized Christmas Truck Ornament, Santa Claus Inside, Christmas Tree Decor Gift for Trucker, Truck Driver, Him, Husband, Boyfriend",https://www.etsy.com/listing/1375392802/personalized-christmas-truck-ornament,GearCustomsDesign,https://www.etsy.com/shop/GearCustomsDesign,17.95,0,0,0,0,0,40 Mo.,0,0,47,Home & Living,65,0,0.0,14085,"white christmas gift,christmas ornament,christmas parent,gift for family,parents gift,family christmas,family ornament,family name ornament,christmas family,christmas gift,truck driver gift,gift for trucker",white christmas gift,christmas ornament,christmas parent,gift for family,parents gift,family christmas,family ornament,family name ornament,christmas family,christmas gift,truck driver gift,gift for trucker,--
"Personalized Christmas Food Truck Ornament, Food Truck Christmas Flat Ornament, 2025 Xmas Gift For Truck Driver, Gift For Trucker Ornament",https://www.etsy.com/listing/4386709601/personalized-christmas-food-truck,TuanTuProDesigns,https://www.etsy.com/shop/TuanTuProDesigns,26.99,0,0,0,0,0,7 Mo.,0,0,5,Home & Living,16,0,0.0,881,"christmas gift,christmas ornament,hanging ornament,car mirror ornament,car mirror decor,christmas keepsake,food truck ornament,food truck gifts,food delivery,food lover ornament,custom food truck,food driver,acrylic ornament",christmas gift,christmas ornament,hanging ornament,car mirror ornament,car mirror decor,christmas keepsake,food truck ornament,food truck gifts,food delivery,food lover ornament,custom food truck,food driver,acrylic ornament
"LaserGram Christmas Ornament, Truck Cab, Personalized Engraving Included (Round Shape)",https://www.etsy.com/listing/847735718/lasergram-christmas-ornament-truck-cab,LaserGramGifts,https://www.etsy.com/shop/LaserGramGifts,24.99,0,0,0,48,10,69 Mo.,32,0,796,Home & Living,75,0,6.03,48175,"custom,customized,glass,crystal,hanging,christmas tree,ornament,xmas,trucker,trucking,driver,bus,transportation",custom,customized,glass,crystal,hanging,christmas tree,ornament,xmas,trucker,trucking,driver,bus,transportation
"LaserGram Christmas Ornament, Truck Cab, Personalized Engraving Included (Rectangle Shape)",https://www.etsy.com/listing/862376202/lasergram-christmas-ornament-truck-cab,LaserGramGifts,https://www.etsy.com/shop/LaserGramGifts,24.99,0,0,0,0,0,68 Mo.,0,0,10,Home & Living,75,0,0.0,48175,"custom,customized,glass,crystal,hanging,christmas tree,ornament,pendant,trucker,trucking,driver,bus,transportation",custom,customized,glass,crystal,hanging,christmas tree,ornament,pendant,trucker,trucking,driver,bus,transportation
Truckers &quot;Backbone of America&quot; - Hand Painted Ornament Solid Wood Ball (2&quot; Round) - Personalized,https://www.etsy.com/listing/860753082/truckers-backbone-of-america-hand,VeronicasArts,https://www.etsy.com/shop/VeronicasArts,17.00,0,0,0,62,13,68 Mo.,24,0,465,Home & Living,206,0,13.33,3376,"gift,personalized,ornament,christmas ornament,trucker,essential worker,covid,america",gift,personalized,ornament,christmas ornament,trucker,essential worker,covid,america,--,--,--,--,--
Beige & Black Skulls on Chain,https://www.etsy.com/listing/1142712818/beige-black-skulls-on-chain,YourFantasyLand,https://www.etsy.com/shop/YourFantasyLand,13.99,0,0,0,10,3,52 Mo.,7,0,53,Electronics & Accessories,75,0,18.87,5753,"rear view mirror,trucker,mirror hangers,made in america,skull,skull hangers,gothic,bad boy,bad girl,beige,halloween,skull figurines,car ornaments",rear view mirror,trucker,mirror hangers,made in america,skull,skull hangers,gothic,bad boy,bad girl,beige,halloween,skull figurines,car ornaments
Personalized Semi-Truck Christmas Ornament: Wood & Acrylic Trucker Gift,https://www.etsy.com/listing/1810503584/personalized-semi-truck-christmas,thehoneysweethome,https://www.etsy.com/shop/thehoneysweethome,27.50,0,0,0,0,0,18 Mo.,7,0,67,Home & Living,42,0,0.0,2101,"little boy ornament,toddler boy ornament,trailer ornament,glamping,family camping trip,travel christmas,tractor trailer,semi truck",little boy ornament,toddler boy ornament,trailer ornament,glamping,family camping trip,travel christmas,tractor trailer,semi truck,--,--,--,--,--
"Personalized Red Truck Christmas Ornament, Custom Vintage Truck Ornament, Gift For Trucker, Vintage Truck Hanging Ornament, Truck Keepsake",https://www.etsy.com/listing/4407001063/personalized-red-truck-christmas,DasunkidCreations,https://www.etsy.com/shop/DasunkidCreations,17.72,0,0,0,0,0,6 Mo.,0,0,79,Home & Living,38,0,0.0,14593,"christmas ornament,christmas tree decor,christmas gift,christmas keepsake,personalize ornament,custom ornament,custom name ornament,red truck ornament,truck keepsake,truck christmas gift,truck driver gift,truck christmas,vintage truck",christmas ornament,christmas tree decor,christmas gift,christmas keepsake,personalize ornament,custom ornament,custom name ornament,red truck ornament,truck keepsake,truck christmas gift,truck driver gift,truck christmas,vintage truck
Mudflap Girl Tree Ornament - Plastic (Gray) (Laser Cut Acrylic),https://www.etsy.com/listing/746246977/mudflap-girl-tree-ornament-plastic-gray,EconomyOrnament,https://www.etsy.com/shop/EconomyOrnament,3.99,0,0,0,5,1,79 Mo.,20,0,340,Home & Living,103,0,1.47,4668,"economy ornament,cheap ornament,flat ornament,christmas ornament,mudflap trucker,mudflap girl,funny ornament,gag gift,secret santa,white elephant,mudflap dude,sexy guy,fat guy",economy ornament,cheap ornament,flat ornament,christmas ornament,mudflap trucker,mudflap girl,funny ornament,gag gift,secret santa,white elephant,mudflap dude,sexy guy,fat guy
Christmas Holiday Red Truck Earrings,https://www.etsy.com/listing/1593796362/christmas-holiday-red-truck-earrings,YolondiaShop,https://www.etsy.com/shop/YolondiaShop,12.99,0,0,0,1,1,30 Mo.,20,0,361,Jewelry,31,0,0.28,314,"christmas earrings,christmas gifts,christmas holiday,holiday earrings,christmas ornaments,holiday decor,holiday decorations,santa ornaments,christmas charms,firefighter earrings,female firefighter,trucker christmas,trucker earrings",christmas earrings,christmas gifts,christmas holiday,holiday earrings,christmas ornaments,holiday decor,holiday decorations,santa ornaments,christmas charms,firefighter earrings,female firefighter,trucker christmas,trucker earrings
Side Semi - Single Cab  Silicone Car Freshie Mold,https://www.etsy.com/listing/1206262247/side-semi-single-cab-silicone-car,MichellesCreationsTX,https://www.etsy.com/shop/MichellesCreationsTX,20.00,0,0,0,11,2,50 Mo.,112,0,1185,Craft Supplies & Tools,83,0,0.93,30701,"car freshie mold,silicone mold,resin mold,soap mold,chocolate mold,candle mold,custom freshie mold,craft mold,semi truck mold,18 wheeler mold,ornament mold,freshie molds,trucker mold",car freshie mold,silicone mold,resin mold,soap mold,chocolate mold,candle mold,custom freshie mold,craft mold,semi truck mold,18 wheeler mold,ornament mold,freshie molds,trucker mold
"Mudflap Girl, Curvy, Silicone Freshie Mold - Silicone Mold - Car Freshie Mold - Resin Mold - Candle Mold - Soap Mold - Aroma Bead Mold",https://www.etsy.com/listing/1088348843/mudflap-girl-curvy-silicone-freshie-mold,MichellesCreationsTX,https://www.etsy.com/shop/MichellesCreationsTX,20.00,0,0,0,45,8,56 Mo.,95,0,1169,Craft Supplies & Tools,83,0,3.85,30701,"car freshie mold,silicone mold,resin mold,soap mold,chocolate mold,candle mold,craft mold,custom freshie mold,mudflap girl mold,curvy girl mold,trucker mold,ornament mold,freshie molds",car freshie mold,silicone mold,resin mold,soap mold,chocolate mold,candle mold,craft mold,custom freshie mold,mudflap girl mold,curvy girl mold,trucker mold,ornament mold,freshie molds
"Mudflap Girl, Skinny, Silicone Freshie Mold - Silicone Mold - Freshie Mold - Resin Mold - Candle Mold - Soap Mold - Aroma Bead Mold",https://www.etsy.com/listing/943991731/mudflap-girl-skinny-silicone-freshie,MichellesCreationsTX,https://www.etsy.com/shop/MichellesCreationsTX,20.00,0,0,0,118,21,64 Mo.,375,0,3209,Craft Supplies & Tools,83,25,3.68,30701,"car freshie mold,silicone mold,resin mold,soap mold,chocolate mold,candle mold,custom freshie mold,craft mold,mudflap girl mold,trucker mold,skinny mudflap girl,ornament mold,freshie molds",car freshie mold,silicone mold,resin mold,soap mold,chocolate mold,candle mold,custom freshie mold,craft mold,mudflap girl mold,trucker mold,skinny mudflap girl,ornament mold,freshie molds
Scania Vabis 3D Model STL for Printing - Luxury Truck Logo Ashtray - High-Detail Griffin Decor -,https://www.etsy.com/listing/4436656341/scania-vabis-3d-model-stl-for-printing,RoooArt,https://www.etsy.com/shop/RoooArt,13.96,0,0,0,0,0,4 Mo.,0,0,23,Craft Supplies & Tools,4,0,0.0,0,"scania vabis,trucker gift,3d printing stl,scania griffin,luxury ashtray,truck decor,digital download,garage ornament,king of the road,professional stl,automotive art,heavy truck logo",scania vabis,trucker gift,3d printing stl,scania griffin,luxury ashtray,truck decor,digital download,garage ornament,king of the road,professional stl,automotive art,heavy truck logo,--
"Trucker Ornament Engraved on Wood – Rustic Semi Truck Christmas Decoration, Gift for Truck Drivers, My Heart Belongs To A Trucker Ornament",https://www.etsy.com/listing/4365984955/trucker-ornament-engraved-on-wood-rustic,engravino,https://www.etsy.com/shop/engravino,18.00,0,0,0,0,0,8 Mo.,0,0,11,Home & Living,12,0,0.0,2,"memorialgift,housewarminggift,birthdaygift,christmasgift,wedddinggift,anniversary gift,engravedornament,engravedwood,woodengraved,giftforwife,giftforhusband,gift,gifts",memorialgift,housewarminggift,birthdaygift,christmasgift,wedddinggift,anniversary gift,engravedornament,engravedwood,woodengraved,giftforwife,giftforhusband,gift,gifts
"Custom Car Visor Clip, Personalized Truck Ornament, Photo Gift For Dad, Drive Safe Gift, Father&#39;s Day Gift, Trucker Gift, Family Keepsake",https://www.etsy.com/listing/4508914327/custom-car-visor-clip-personalized-truck,NamArtHouse,https://www.etsy.com/shop/NamArtHouse,9.99,0,0,0,0,0,1 Mo.,0,0,3,Electronics & Accessories,2,0,0.0,78,"car visor clip,custom visor clip,personalized gift,drive safe gift,trucker gift,father's day,gift for dad,photo ornament,car accessories,truck driver,gift for grandpa,new driver gift,family photo gift",car visor clip,custom visor clip,personalized gift,drive safe gift,trucker gift,father's day,gift for dad,photo ornament,car accessories,truck driver,gift for grandpa,new driver gift,family photo gift
"Personalized Trucker Christmas Ornament for Trucker Driver, Flat Acrylic Truck Ornament for Dad, Ornament Christmas Gift For Trucker",https://www.etsy.com/listing/4394514540/personalized-trucker-christmas-ornament,VelvetandVogueLTD,https://www.etsy.com/shop/VelvetandVogueLTD,21.26,0,0,0,0,0,8 Mo.,0,0,0,Home & Living,14,0,0.0,676,"flat ornament,christmas,xmas gift,personalized,shaped ornament,christmas 2022,tractor,tractor driver,truck driver,trucker,tractor ornament,lineman,for trucker driver",flat ornament,christmas,xmas gift,personalized,shaped ornament,christmas 2022,tractor,tractor driver,truck driver,trucker,tractor ornament,lineman,for trucker driver
"Personalized Lacrosse Players Christmas Ornament, Lacrosse Players Ornament, Gift For Lacrosse Lovers, Custom Name And Number Lacrosse",https://www.etsy.com/listing/4399427296/personalized-lacrosse-players-christmas,VelvetandVogueLTD,https://www.etsy.com/shop/VelvetandVogueLTD,21.26,0,0,0,0,0,7 Mo.,0,0,1,Home & Living,14,0,0.0,676,"christmas ornament,personalized gift,christmas tree decor,christmas gift,personalize ornament,custom ornament,christmas decor,gift for trucker,truck ornament,trucker gift,trucker ornament,hanging ornament,christmas truck",christmas ornament,personalized gift,christmas tree decor,christmas gift,personalize ornament,custom ornament,christmas decor,gift for trucker,truck ornament,trucker gift,trucker ornament,hanging ornament,christmas truck
Trucker Semi Truck Driver Ornament,https://www.etsy.com/listing/1340422273/trucker-semi-truck-driver-ornament,OwlTopThat,https://www.etsy.com/shop/OwlTopThat,14.00,0,0,0,59,14,43 Mo.,32,0,1409,Home & Living,84,0,4.19,27418,"christmas,tree,rustic tree,funny ornaments,tree decorations,nerd tree,gifts for new couple,truck driver,diesel truck,mac truck,truckers gifts",christmas,tree,rustic tree,funny ornaments,tree decorations,nerd tree,gifts for new couple,truck driver,diesel truck,mac truck,truckers gifts,--,--
"Heavy Equipment Advent Calendar 2025, CAT Volvo John Deere Trucker Gift, Construction Die-cast Ornament Set for Him",https://www.etsy.com/listing/4397840588/heavy-equipment-advent-calendar-2025-cat,LugNLPrint,https://www.etsy.com/shop/LugNLPrint,129.99,0,0,0,0,0,1 Mo.,0,0,0,Paper & Party Supplies,4,0,0.0,50,"heavy equipment,construction gift,cat volvo,john deere,die cast toy,christmas for him,trucker gift,excavator gift,bulldozer,industrial merch,unique advent,machinery gift,ornament set",heavy equipment,construction gift,cat volvo,john deere,die cast toy,christmas for him,trucker gift,excavator gift,bulldozer,industrial merch,unique advent,machinery gift,ornament set
"Personalized Truck Ornament Acrylic, Custom Semi Truck Christmas Gift, Trucker Xmas Decoration, Christmas Ornament for Him, Driver Gift Dad",https://www.etsy.com/listing/4404715415/personalized-truck-ornament-acrylic,RoxanneBischoffTee,https://www.etsy.com/shop/RoxanneBischoffTee,18.71,0,0,0,0,0,1 Mo.,1,0,62,Home & Living,5,0,0.0,610,"custom truck,truck ornament,semi truck ornament,trucker gift,driver ornament,xmas ornament,christmas decor,holiday truck,truck christmas,driver gift,tree ornament,personalized gift,gift for him",custom truck,truck ornament,semi truck ornament,trucker gift,driver ornament,xmas ornament,christmas decor,holiday truck,truck christmas,driver gift,tree ornament,personalized gift,gift for him
"Christmas Truck Ornament Acrylic, Custom Name Trucker Gift, Personalized Christmas Tree Decor, Semi Truck Ornament, Trucker Christmas Gift",https://www.etsy.com/listing/4397869794/christmas-truck-ornament-acrylic-custom,TaboadaFashionFunny,https://www.etsy.com/shop/TaboadaFashionFunny,19.95,0,0,0,0,0,1 Mo.,0,0,1,Home & Living,22,0,0.0,105,"christmas ornament,personalized gift,christmas tree decor,christmas gift,personalize ornament,custom ornament,christmas decor,gift for trucker,truck ornament,trucker gift,trucker ornament,hanging ornament,christmas truck",christmas ornament,personalized gift,christmas tree decor,christmas gift,personalize ornament,custom ornament,christmas decor,gift for trucker,truck ornament,trucker gift,trucker ornament,hanging ornament,christmas truck
"Personalized Christmas Truck Ornament, Custom Name Truck Decoration, Vintage Red Semi Truck Christmas Tree Decor, Gift for Trucker",https://www.etsy.com/listing/4397974323/personalized-christmas-truck-ornament,TaboadaFashionFunny,https://www.etsy.com/shop/TaboadaFashionFunny,19.95,0,0,0,0,0,1 Mo.,0,0,1,Home & Living,22,0,0.0,105,"christmas ornament,personalized gift,christmas tree decor,christmas gift,personalize ornament,custom ornament,christmas decor,gift for trucker,truck ornament,trucker gift,trucker ornament,hanging ornament,christmas truck",christmas ornament,personalized gift,christmas tree decor,christmas gift,personalize ornament,custom ornament,christmas decor,gift for trucker,truck ornament,trucker gift,trucker ornament,hanging ornament,christmas truck
"Personalized Christmas Truck Ornament, Custom Name Truck Decor, Merry Christmas Tree Ornament, Holiday Gift for Trucker",https://www.etsy.com/listing/4398716457/personalized-christmas-truck-ornament,TaboadaFashionFunny,https://www.etsy.com/shop/TaboadaFashionFunny,19.95,0,0,0,0,0,1 Mo.,0,0,1,Home & Living,22,0,0.0,58,"christmas tree decor,xmas ornament,ceramic ornament,truck ornaments,personalize ornament,custom ornament,hanging ornament,truck lovers gifts,trucker gift,truck driver gift,holiday gift,truck christmas,gift for dad",christmas tree decor,xmas ornament,ceramic ornament,truck ornaments,personalize ornament,custom ornament,hanging ornament,truck lovers gifts,trucker gift,truck driver gift,holiday gift,truck christmas,gift for dad
"Personalized Truck Merry Tree Christmas Ornament for Truck Driver, Flat Acrylic Ornament for Dad, Truck Ornament Christmas",https://www.etsy.com/listing/4407571071/personalized-truck-merry-tree-christmas,ScioneauxBodhi,https://www.etsy.com/shop/ScioneauxBodhi,8.30,0,0,0,0,0,1 Mo.,0,0,7,Home & Living,12,0,0.0,4111,"flat ornament,christmas,xmas gift,personalized,shaped ornament,christmas 2022,tractor,tractor driver,truck driver,trucker,tractor ornament,lineman,for trucker driver",flat ornament,christmas,xmas gift,personalized,shaped ornament,christmas 2022,tractor,tractor driver,truck driver,trucker,tractor ornament,lineman,for trucker driver
"Personalized Truck Christmas Ornament, Custom Truck Christmas Acrylic Ornament, Christmas Gift For Truck Driver, Gift For Trucker Ornament",https://www.etsy.com/listing/4391235870/personalized-truck-christmas-ornament,NguyenHaiHaArt,https://www.etsy.com/shop/NguyenHaiHaArt,20.77,0,0,0,0,0,3 Mo.,0,0,28,Home & Living,7,0,0.0,213,"christmas gift,personalized gift,christmas ornament,christmas decor,custom ornament,christmas tree decor,personalize ornament,hanging ornament,christmas truck,truck ornament,trucker gift,gift for trucker,trucker ornament",christmas gift,personalized gift,christmas ornament,christmas decor,custom ornament,christmas tree decor,personalize ornament,hanging ornament,christmas truck,truck ornament,trucker gift,gift for trucker,trucker ornament
"Trucker Christmas With Flag Personalized Christmas Ornament 2D, Christmas gift for trucker,  Custom ornament, Gift For Christmas, Car Gift.",https://www.etsy.com/listing/1789336012/trucker-christmas-with-flag-personalized,MichaelDonofrioTee,https://www.etsy.com/shop/MichaelDonofrioTee,19.95,0,0,0,0,0,7 Mo.,1,0,9,Home & Living,10,0,0.0,5329,"christsmas decor,eaglepride,usaornament,freedomxmas,patrioticxmas,starspangled,eaglexmas,flagtruck,roadfreedom,customusa,truckflag,libertydecor,usaholiday",christsmas decor,eaglepride,usaornament,freedomxmas,patrioticxmas,starspangled,eaglexmas,flagtruck,roadfreedom,customusa,truckflag,libertydecor,usaholiday
"Personalized Tractor Christmas Ornament 2D, Tractor Xmas Flat Ornament Xmas Gift For Farmer, For Farmer Tractor Driver, Gifts For Colleagues",https://www.etsy.com/listing/1825129273/personalized-tractor-christmas-ornament,ZelosAudioLLC,https://www.etsy.com/shop/ZelosAudioLLC,19.95,0,0,0,0,0,5 Mo.,0,0,10,Home & Living,8,0,0.0,4046,"gifts for company,gifts for christmas,flat ornament,christmas,xmas gift,personalized,shaped ornament,tractor,tractor driver,truck driver,trucker,tractor ornament,christmas 2024",gifts for company,gifts for christmas,flat ornament,christmas,xmas gift,personalized,shaped ornament,tractor,tractor driver,truck driver,trucker,tractor ornament,christmas 2024
"Personalized Name Lineman Bucket Truck Merry Christmas Shaped Ornament 2D, Gift for Lineman, Gift for Him, Dad Ornament for Truck Driver",https://www.etsy.com/listing/1810927946/personalized-name-lineman-bucket-truck,ZelosAudioLLC,https://www.etsy.com/shop/ZelosAudioLLC,19.95,0,0,0,0,0,5 Mo.,0,0,61,Home & Living,8,0,0.0,4046,"flat ornament,christmas,xmas gift,personalized,shaped ornament,tractor,tractor driver,truck driver,trucker,tractor ornament,lineman,christmas 2024,lineman gift",flat ornament,christmas,xmas gift,personalized,shaped ornament,tractor,tractor driver,truck driver,trucker,tractor ornament,lineman,christmas 2024,lineman gift
"Blue & Black Skulls on Chain / Halloween, Horror, Ghosts, Monsters, Zombies, Spooky, Scary, Boo, Car Charms, Trick or Treat, The Undead",https://www.etsy.com/listing/1531807124/blue-black-skulls-on-chain-halloween,YourFantasyLand,https://www.etsy.com/shop/YourFantasyLand,13.99,0,0,0,0,0,33 Mo.,4,0,48,Electronics & Accessories,75,0,0.0,5753,"rear view mirror,made in usa,trucker,mirror hangers,skull,skull hangers,gothic,bad boy,bad girl,car ornaments,skull figurines,skull decor,buffalo bills",rear view mirror,made in usa,trucker,mirror hangers,skull,skull hangers,gothic,bad boy,bad girl,car ornaments,skull figurines,skull decor,buffalo bills
"Personalized Truck Christmas Ornament, Custom Truck Christmas Acrylic Ornament, Christmas Gift For Truck Driver, Gift For Trucker Ornament",https://www.etsy.com/listing/4409652039/personalized-truck-christmas-ornament,EcoFriendlyFindy,https://www.etsy.com/shop/EcoFriendlyFindy,19.98,0,0,0,0,0,5 Mo.,0,0,65,Home & Living,13,0,0.0,181,"christmas ornament,personalized gift,christmas tree decor,christmas gift,personalize ornament,custom ornament,christmas decor,gift for trucker,truck ornament,trucker gift,trucker ornament,hanging ornament,christmas truck",christmas ornament,personalized gift,christmas tree decor,christmas gift,personalize ornament,custom ornament,christmas decor,gift for trucker,truck ornament,trucker gift,trucker ornament,hanging ornament,christmas truck
"Personalized Semi Truck Christmas Ornament 2D, Christmas Gift for Truck Driver 2024, Gifts For Christmas, Gifts For Colleagues.",https://www.etsy.com/listing/1810930272/personalized-semi-truck-christmas,ZelosAudioLLC,https://www.etsy.com/shop/ZelosAudioLLC,19.95,0,0,0,0,0,5 Mo.,0,0,31,Home & Living,8,0,0.0,4046,"flat ornament,christmas,xmas gift,personalized,shaped ornament,tractor,tractor driver,truck driver,trucker,christmas 2024,gifts for company,gifts for christmas,gifts for colleagues",flat ornament,christmas,xmas gift,personalized,shaped ornament,tractor,tractor driver,truck driver,trucker,christmas 2024,gifts for company,gifts for christmas,gifts for colleagues
"Personalized Trucker Ornament Acrylic Flat 2D - Gift For Trucker - Trucker Christmas, Custom Truck Christmas Acrylic Ornament",https://www.etsy.com/listing/1825134699/personalized-trucker-ornament-acrylic,ZelosAudioLLC,https://www.etsy.com/shop/ZelosAudioLLC,19.95,0,0,0,0,0,5 Mo.,0,0,75,Home & Living,8,0,0.0,4046,"christmas ornament,personalized gift,christmas tree decor,christmas gift,personalize ornament,custom ornament,christmas decor,gift for trucker,truck ornament,trucker gift,trucker ornament,hanging ornament,christmas truck",christmas ornament,personalized gift,christmas tree decor,christmas gift,personalize ornament,custom ornament,christmas decor,gift for trucker,truck ornament,trucker gift,trucker ornament,hanging ornament,christmas truck
"Diesel Aircraft Tow Tractor Christmas Ornament Flat 2D, Tree Hanging Xmas Ornament, Trucks Lovers Ornament, Gift For Driver",https://www.etsy.com/listing/1825110167/diesel-aircraft-tow-tractor-christmas,ZelosAudioLLC,https://www.etsy.com/shop/ZelosAudioLLC,19.95,0,0,0,0,0,5 Mo.,0,0,3,Home & Living,8,0,0.0,4046,"flat ornament,xmas gift,tractor,truck driver,trucker,christmas 2024,first christmas 2024,gift for dad,white trucks gift,gift for driver,trucks keepsake,trucks dad gift,trucks driver",flat ornament,xmas gift,tractor,truck driver,trucker,christmas 2024,first christmas 2024,gift for dad,white trucks gift,gift for driver,trucks keepsake,trucks dad gift,trucks driver
"Personalized Skid Steer Loader 2D Flat Ornament, Custom Name Christmas Ornament, Truck Car Ornament Keepsake Gift, Trucker Gift.",https://www.etsy.com/listing/1803567719/personalized-skid-steer-loader-2d-flat,MichaelDonofrioTee,https://www.etsy.com/shop/MichaelDonofrioTee,19.95,0,0,0,0,0,7 Mo.,2,0,134,Home & Living,10,0,0.0,5289,"yellow dump trucks,ornament for toddler,christmas ornament,grandchild ornament,gifts for boys,excavator ornament,personalized gifts,custom boy trucks,children ornaments,construction worker,holiday tradition,backhoe gift",yellow dump trucks,ornament for toddler,christmas ornament,grandchild ornament,gifts for boys,excavator ornament,personalized gifts,custom boy trucks,children ornaments,construction worker,holiday tradition,backhoe gift,--
"Personalized Semi Truck Ornament Custom Name Acrylic Christmas Gift, 18 Wheeler Trailer Ornament, Trucker Holiday Decoration",https://www.etsy.com/listing/4366824230/personalized-semi-truck-ornament-custom,MarcBogieTee,https://www.etsy.com/shop/MarcBogieTee,23.88,0,0,0,0,0,1 Mo.,0,0,17,Home & Living,3,0,0.0,326,"semi truck ornament,18 wheeler ornament,big rig ornament,trailer ornament,custom truck gift,acrylic ornament,personalized truck,transportation gift,custom name ornament,holiday truck decor,trucker gift,christmas gift,truck driver",semi truck ornament,18 wheeler ornament,big rig ornament,trailer ornament,custom truck gift,acrylic ornament,personalized truck,transportation gift,custom name ornament,holiday truck decor,trucker gift,christmas gift,truck driver
"Personalized Trucker Truck Christmas Ornament, Trucker Ornament, Trucker Christmas Light, Personalized Truck Ornament",https://www.etsy.com/listing/4413009993/personalized-trucker-truck-christmas,HydroAmie,https://www.etsy.com/shop/HydroAmie,13.56,0,0,0,0,0,1 Mo.,0,0,0,Home & Living,3,0,0.0,171,"christmas gift,christmas ornament,trucker ornament,truck ornament,trucker christmas,trucker truck,trucker gift,christmas ornaments,tractor ornament,truck christmas,acrylic ornament,christmas gifts,tractor ornaments",christmas gift,christmas ornament,trucker ornament,truck ornament,trucker christmas,trucker truck,trucker gift,christmas ornaments,tractor ornament,truck christmas,acrylic ornament,christmas gifts,tractor ornaments
"Personalized Trucker Ornament, Custom Name Truck Driver Gift, Big Rig Christmas Decoration for Road Kings, 2D flat ornament",https://www.etsy.com/listing/4403610273/personalized-trucker-ornament-custom,TrieuHungArt,https://www.etsy.com/shop/TrieuHungArt,20.81,0,0,0,0,0,1 Mo.,0,0,0,Home & Living,7,0,0.0,294,"trucker gift,truck driver,custom name,custom ornament,personalized gift,christmas ornament,road king,big rig,driver decor,long haul,holiday gift,truck lover,transportation gift",trucker gift,truck driver,custom name,custom ornament,personalized gift,christmas ornament,road king,big rig,driver decor,long haul,holiday gift,truck lover,transportation gift
"Custom Truck Driver 2D Flat Ornament, Personalized Truck Ornament, Acrylic Christmas Keepsake, Christmas Gift For Truck Driver",https://www.etsy.com/listing/4398682772/custom-truck-driver-2d-flat-ornament,UkrSpiritCandles,https://www.etsy.com/shop/UkrSpiritCandles,19.99,0,0,0,0,0,5 Mo.,2,0,61,Home & Living,12,0,0.0,264,"christmas ornament,personalized gift,christmas tree decor,christmas gift,personalize ornament,custom ornament,christmas decor,gift for trucker,truck ornament,trucker gift,trucker ornament,hanging ornament,christmas truck",christmas ornament,personalized gift,christmas tree decor,christmas gift,personalize ornament,custom ornament,christmas decor,gift for trucker,truck ornament,trucker gift,trucker ornament,hanging ornament,christmas truck
Yellow labrador retriever crochet initial car ornament,https://www.etsy.com/listing/1889665460/yellow-labrador-retriever-crochet,FairyToysWorld,https://www.etsy.com/shop/FairyToysWorld,21.50,0,0,0,0,0,11 Mo.,5,0,60,Electronics & Accessories,109,0,0.0,9979,"yellow labrador,retriever crochet,initial car ornament,pet passing gift,golden lab,personalized rear,view mirror charm,commemorative gift,amigurumi dog,four-legged friends,cute car pendant,pet sympathy gift,trucker accessories",yellow labrador,retriever crochet,initial car ornament,pet passing gift,golden lab,personalized rear,view mirror charm,commemorative gift,amigurumi dog,four-legged friends,cute car pendant,pet sympathy gift,trucker accessories
Construction Truck Christmas Ornament - Personalized Bulldozer Lover Gift for Boy - Custom Name Kids Keepsake,https://www.etsy.com/listing/4402881844/construction-truck-christmas-ornament,SincerelyKeepsakes,https://www.etsy.com/shop/SincerelyKeepsakes,19.98,0,0,0,5,1,6 Mo.,1,0,32,Home & Living,19,0,15.63,1257,"custom kids ornament,boys ornament,personalized,custom name ornament,name ornament,truck ornament,boy christmas gifts,boys ornaments,bulldozer ornament,construction,gift for sons,trucker ornament,gift for grandson",custom kids ornament,boys ornament,personalized,custom name ornament,name ornament,truck ornament,boy christmas gifts,boys ornaments,bulldozer ornament,construction,gift for sons,trucker ornament,gift for grandson
Personalized 18-Wheeler Christmas Ornament: Trucker Gift,https://www.etsy.com/listing/1572480598/personalized-18-wheeler-christmas,Giftablewhimsey,https://www.etsy.com/shop/Giftablewhimsey,14.75,0,0,0,0,0,31 Mo.,2,0,99,Home & Living,33,0,0.0,60,"truck ornament,big rig ornament,truck company gift,custom ornament,personalized gift,trucker gift,gift for trucker,christmas ornament,christmas truck,trucking company,gift trucker",truck ornament,big rig ornament,truck company gift,custom ornament,personalized gift,trucker gift,gift for trucker,christmas ornament,christmas truck,trucking company,gift trucker,--,--
"Semi-trailer Truck Personalized Ornament, Unique Gifts For Truckers, Truck Drivers, Big Rig Racing, Big Truck Decor, Acrylic Ornaments",https://www.etsy.com/listing/1540746673/semi-trailer-truck-personalized-ornament,KoolKoolCustomDesign,https://www.etsy.com/shop/KoolKoolCustomDesign,15.95,0,0,0,0,0,33 Mo.,0,0,78,Home & Living,65,0,0.0,14845,"big truck lovers,trucker husband gift,trucker xmas gifts,trucker mom gifts,trucker wife gifts,heavy duty trucks,gift for trucker dad,18 wheeler gifts,flatbed truck dad,trucker husband,funny big truck xmas,big truck xmas decor,tow truck xmas decor",big truck lovers,trucker husband gift,trucker xmas gifts,trucker mom gifts,trucker wife gifts,heavy duty trucks,gift for trucker dad,18 wheeler gifts,flatbed truck dad,trucker husband,funny big truck xmas,big truck xmas decor,tow truck xmas decor
"Personalized Trucker Gift: Custom Wooden Caricature Figurine, Semi Truck Driver Portrait Keepsake",https://www.etsy.com/listing/4319560851/personalized-trucker-gift-custom-wooden,GuayabaGift,https://www.etsy.com/shop/GuayabaGift,58.07,0,0,0,4,1,11 Mo.,10,0,448,Art & Collectibles,25,0,0.89,1928,"personalized photo,personalized gifts,custom portrait,wooden wall art,anniversary gift,wood art,gift for boyfriend,portrait from photo,custom illustration,trucker gift,custom truckers,trucker portrait,trucker ornament",personalized photo,personalized gifts,custom portrait,wooden wall art,anniversary gift,wood art,gift for boyfriend,portrait from photo,custom illustration,trucker gift,custom truckers,trucker portrait,trucker ornament
"Personalized Truck Ornament, Custom Just A Boy Who Loves Trucks Ornament, Gift For Trucker, Christmas Ornament, Tree Decoration, Gift For",https://www.etsy.com/listing/4390567219/personalized-truck-ornament-custom-just,WEMAKEYOULOVE,https://www.etsy.com/shop/WEMAKEYOULOVE,14.95,0,0,0,6,1,7 Mo.,4,0,112,Home & Living,31,0,5.36,1514,"christmas ornament,truck ornament,custom boy ornament,personalized gift,truck lover,transport gift,xmas truck ornament,boy ornament,trucking ornament,gift for truck fan,pickup truck themed,trucks fan ornament,red truck ornament",christmas ornament,truck ornament,custom boy ornament,personalized gift,truck lover,transport gift,xmas truck ornament,boy ornament,trucking ornament,gift for truck fan,pickup truck themed,trucks fan ornament,red truck ornament
"Pink Christmas Patches,Christmas Embroidery Patch,Candy Cane,Gingerbread Man,Santa Claus Patch,Snowman,Christmas Ball Patch,Iron On Patch",https://www.etsy.com/listing/4376427398/pink-christmas-patcheschristmas,MORAGIO,https://www.etsy.com/shop/MORAGIO,2.41,0,0,0,71,5,9 Mo.,31,1,1292,Accessories,48,45,5.5,43175,"girl patches,christmas ornaments,christmas gifts,applique patch,christmas decoration,christmas applique,merry christmas,patches for jeans,patches for bags,patches for hats,trucker hat patches,winter applique,patches clothes",girl patches,christmas ornaments,christmas gifts,applique patch,christmas decoration,christmas applique,merry christmas,patches for jeans,patches for bags,patches for hats,trucker hat patches,winter applique,patches clothes
"Game Day Helmet Football Sport Patches,DIY Football Patches For Stadium Bag,Game Day Patch,Iron On Patch",https://www.etsy.com/listing/1793089802/game-day-helmet-football-sport,MORAGIO,https://www.etsy.com/shop/MORAGIO,5.24,0,0,0,0,0,20 Mo.,11,0,131,Accessories,48,0,0.0,43175,"applique and patch,trucker hat patch,embroider patch,game day hat patch,cowgirl hat,football patches,game day decor,patches for bags,patches for jeans,clothing patches,diy patch,sports ornaments,sports gifts",applique and patch,trucker hat patch,embroider patch,game day hat patch,cowgirl hat,football patches,game day decor,patches for bags,patches for jeans,clothing patches,diy patch,sports ornaments,sports gifts
Trucker Retirement Gift | Ceramic Ornament,https://www.etsy.com/listing/4422589505/trucker-retirement-gift-ceramic-ornament,HomelandNook,https://www.etsy.com/shop/HomelandNook,14.45,0,0,0,0,0,5 Mo.,0,0,2,Home & Living,7,0,0.0,53,"ceramic ornament,retirement gift,truck driver,funny ornament,personalized gift,retirement party,senior gift,custom name,humorous keepsake,gift for him,gift for her,retiree gifts,trucker gifts",ceramic ornament,retirement gift,truck driver,funny ornament,personalized gift,retirement party,senior gift,custom name,humorous keepsake,gift for him,gift for her,retiree gifts,trucker gifts
Trucker Retirement Gift | Ceramic Ornament,https://www.etsy.com/listing/4422589625/trucker-retirement-gift-ceramic-ornament,HomelandNook,https://www.etsy.com/shop/HomelandNook,14.45,0,0,0,0,0,5 Mo.,0,0,1,Home & Living,7,0,0.0,53,"ceramic ornament,retirement gift,truck driver,funny ornament,personalized gift,retirement party,senior gift,custom name,humorous keepsake,gift for him,gift for her,retiree gifts,trucker gifts",ceramic ornament,retirement gift,truck driver,funny ornament,personalized gift,retirement party,senior gift,custom name,humorous keepsake,gift for him,gift for her,retiree gifts,trucker gifts
"Personalized Truck Christmas Ornament, Custom Truck Christmas Acrylic Ornament, Christmas Gift For Truck Driver, Gift For Trucker SK3Y02",https://www.etsy.com/listing/4377954703/personalized-truck-christmas-ornament,CaffennDesign,https://www.etsy.com/shop/CaffennDesign,23.99,0,0,0,0,0,8 Mo.,0,0,12,Home & Living,16,0,0.0,4181,"ornaments,truck ornament,xmas,xmas gift,christmas gift,christmas ornament",ornaments,truck ornament,xmas,xmas gift,christmas gift,christmas ornament,--,--,--,--,--,--,--
"Personalized Fire Truck Christmas Ornament, Custom Photo & Name Firefighter Trucker Tree Hanging Home Decor, Gift For Firefighter UN4I11",https://www.etsy.com/listing/4394499364/personalized-fire-truck-christmas,CaffennDesign,https://www.etsy.com/shop/CaffennDesign,23.99,0,0,0,0,0,7 Mo.,0,0,8,Home & Living,16,0,0.0,4181,"christmas tree decor,xmas ornament,family xmas keepsake,ornament for kids,truck gift for dad,children ornament,truck ornaments,fire truck ornament,firefighter name,fighter lover gift,firefighter dad gift,photo ornament,merry christmas 2025",christmas tree decor,xmas ornament,family xmas keepsake,ornament for kids,truck gift for dad,children ornament,truck ornaments,fire truck ornament,firefighter name,fighter lover gift,firefighter dad gift,photo ornament,merry christmas 2025
Personalized Red Tractor Ornament: Acrylic Farm Life Tree Hanger,https://www.etsy.com/listing/4367492400/personalized-red-tractor-ornament,LeNovemberCreations,https://www.etsy.com/shop/LeNovemberCreations,17.32,0,0,0,0,0,8 Mo.,0,0,8,Home & Living,22,0,0.0,2505,"christmas gift,christmas ornament,tractor driver,tractor ornament,tractor christmas,christmas gifts,gift for boy,christmas tractor,xmas ornament,truck ornament,trucker christmas,acrylic ornament,trucker gift",christmas gift,christmas ornament,tractor driver,tractor ornament,tractor christmas,christmas gifts,gift for boy,christmas tractor,xmas ornament,truck ornament,trucker christmas,acrylic ornament,trucker gift
"Personalized Santa Claus Driving Tank Truck Ornament, Santa Claus Ornament, Trucker Ornament Xmas, Truck Driver Ornament Gift NN1-1101",https://www.etsy.com/listing/4404620129/personalized-santa-claus-driving-tank,Zentati,https://www.etsy.com/shop/Zentati,23.36,0,0,0,0,0,6 Mo.,0,0,2,Home & Living,14,0,0.0,947,"christmas gift,christmas decor,christmas ornament,hanging ornament,family ornament,funny ornament gift,custom ornament gift,personalized gift,christmas keepsake,christmas in july,xmas ornament,car ornament,custom christmas",christmas gift,christmas decor,christmas ornament,hanging ornament,family ornament,funny ornament gift,custom ornament gift,personalized gift,christmas keepsake,christmas in july,xmas ornament,car ornament,custom christmas
"Trucker Girl, Mud Flap Christmas Tree Ornament",https://www.etsy.com/listing/935784218/trucker-girl-mud-flap-christmas-tree,DavidStasiakPhoto,https://www.etsy.com/shop/DavidStasiakPhoto,8.49,0,0,0,0,0,64 Mo.,4,0,135,Home & Living,78,0,0.0,2776,"round,clear,ornament,merry christmas,christmas,mud flap,trucker,girl,woman,truck,sexy,silhouette",round,clear,ornament,merry christmas,christmas,mud flap,trucker,girl,woman,truck,sexy,silhouette,--
"Ho Ho Ho Christmas Ornaments Embroidered Hat/Pocket Patch, Trucker Hat Patch, Ready to Press Iron On Patch For Hats",https://www.etsy.com/listing/4486444850/ho-ho-ho-christmas-ornaments-embroidered,ShopTrendyTransfers,https://www.etsy.com/shop/ShopTrendyTransfers,7.00,0,0,0,0,0,1 Mo.,0,0,0,Accessories,4,0,0.0,311,"iron on patch,patch,embroidery patch,embroidered patch,embroidery,patches,iron on patches,pocket patch,trucker hat patches,hat patch,patch hat,embroidered,patch embroidered",iron on patch,patch,embroidery patch,embroidered patch,embroidery,patches,iron on patches,pocket patch,trucker hat patches,hat patch,patch hat,embroidered,patch embroidered
"Unisex Hockey Cap Perfect Gifts for Her & Him, Sports, Hockey, Graduation and Anniversary",https://www.etsy.com/listing/1653004544/unisex-hockey-cap-perfect-gifts-for-her,CreativeCollabsCorp,https://www.etsy.com/shop/CreativeCollabsCorp,21.00,0,0,0,10,1,28 Mo.,0,0,50,Accessories,29,0,20.0,10,"cap for unisex,crochet cap,gifts for her,gifts for him,hockey ornament,valentines gift,black hat,sports hat,dad hat,toronto hockey,graduation gift,anniversary gift,trucker hat",cap for unisex,crochet cap,gifts for her,gifts for him,hockey ornament,valentines gift,black hat,sports hat,dad hat,toronto hockey,graduation gift,anniversary gift,trucker hat
"Tis The Damn Season - Embroidered Trucker Hat, Christmas Trucker Hat, Red Trucker Hat, Green Trucker Hat, Tis the Season",https://www.etsy.com/listing/1596032791/tis-the-damn-season-embroidered-trucker,PettyCrockerShop,https://www.etsy.com/shop/PettyCrockerShop,34.00,0,0,0,0,0,31 Mo.,3,0,37,Accessories,63,0,0.0,6312,"tis the season,tis the damn season,tis the,christmas hat,tis the season hat,trucker hat,red trucker hat,christmas gift,funny hat,funny christmas gift,mesh back hat,christmas color hat,christmas ornament",tis the season,tis the damn season,tis the,christmas hat,tis the season hat,trucker hat,red trucker hat,christmas gift,funny hat,funny christmas gift,mesh back hat,christmas color hat,christmas ornament
"LaserGram Faux Leather Oval Christmas Ornament, Truck Cab, Personalized Engraving Included (Oval Shape)",https://www.etsy.com/listing/876905666/lasergram-faux-leather-oval-christmas,LaserGramGifts,https://www.etsy.com/shop/LaserGramGifts,14.99,0,0,0,0,0,67 Mo.,0,0,19,Home & Living,75,0,0.0,48175,"custom,customized,glass,crystal,hanging,christmas tree,ornament,pendant,trucker,trucking,driver,bus,transportation",custom,customized,glass,crystal,hanging,christmas tree,ornament,pendant,trucker,trucking,driver,bus,transportation
Diesel Best Dad Trucker in the world - Cedar Ornament,https://www.etsy.com/listing/1295929751/diesel-best-dad-trucker-in-the-world,MythicPlasmaArt,https://www.etsy.com/shop/MythicPlasmaArt,19.99,0,0,0,0,0,46 Mo.,0,0,37,Home & Living,80,0,0.0,7665,"art,decoration,engraved,festive,gift,holiday,laser,mythic,present,teacher,tree,xmas",art,decoration,engraved,festive,gift,holiday,laser,mythic,present,teacher,tree,xmas,--
Semi Truck Big Rig Custom Personalized Christmas Ornament Gift,https://www.etsy.com/listing/1361407525/semi-truck-big-rig-custom-personalized,TreasuredOrnamentsCo,https://www.etsy.com/shop/TreasuredOrnamentsCo,16.95,0,0,0,0,0,42 Mo.,7,0,210,Home & Living,58,0,0.0,27320,"trucking company,trucking ornament,trucker ornament,big truck ornament,semi truck ornament,big rig ornament,red truck ornament,truck ornament,boy ornament,birthday gift,men,teenager,dad",trucking company,trucking ornament,trucker ornament,big truck ornament,semi truck ornament,big rig ornament,red truck ornament,truck ornament,boy ornament,birthday gift,men,teenager,dad
Baseball | Baseball SVG | Baseball PNG | Baseball Shirt | Baseball Hat | Baseball Mom | Baseball Mom SVG | Baseball Mom Shirt | Cut File,https://www.etsy.com/listing/1379674658/baseball-baseball-svg-baseball-png,CassandraLeeGray,https://www.etsy.com/shop/CassandraLeeGray,3.33,0,0,0,0,0,26 Mo.,0,0,0,Craft Supplies & Tools,37,0,0.0,828,"baseball png,baseball jpg,baseball hat,baseball cut file,baseball vector,baseball design,baseball cap,baseball trucker cap,baseball ornament,baseball print,custom baseball hat,baseball font,baseball helmet",baseball png,baseball jpg,baseball hat,baseball cut file,baseball vector,baseball design,baseball cap,baseball trucker cap,baseball ornament,baseball print,custom baseball hat,baseball font,baseball helmet
"Cute Crochet Amigurumi baby Capybara Rear View Mirror Accessory, friends gift idea, Teens Interior, Car Mirror hanging Decoration Capibara",https://www.etsy.com/listing/1482145886/cute-crochet-amigurumi-baby-capybara,MyCutecrochetToys,https://www.etsy.com/shop/MyCutecrochetToys,9.00,0,0,0,88,23,35 Mo.,534,1,8746,Electronics & Accessories,97,66,1.01,2658,"rear view accessory,crochet capibara,rear view mirror,hanging car ornament,meme plushie,car charm capybara,friends gift idea,capybara plush,man gift idea,rodent plushie,coworker cute gift,trucker present,moms car charms",rear view accessory,crochet capibara,rear view mirror,hanging car ornament,meme plushie,car charm capybara,friends gift idea,capybara plush,man gift idea,rodent plushie,coworker cute gift,trucker present,moms car charms
Side Semi - Double Cab Silicone Freshie Mold - Silicone Mold - Freshie Mold - Resin Mold - Candle Mold - Soap Mold - Aroma Bead Mold,https://www.etsy.com/listing/944363613/side-semi-double-cab-silicone-freshie,MichellesCreationsTX,https://www.etsy.com/shop/MichellesCreationsTX,20.00,0,0,0,117,21,64 Mo.,422,0,4825,Craft Supplies & Tools,83,33,2.42,30701,"car freshie mold,silicone mold,resin mold,soap mold,chocolate mold,candle mold,craft mold,custom freshie mold,semi truck mold,18 wheeler mold,trucker mold,ornament mold,freshie molds",car freshie mold,silicone mold,resin mold,soap mold,chocolate mold,candle mold,craft mold,custom freshie mold,semi truck mold,18 wheeler mold,trucker mold,ornament mold,freshie molds
Baseball | Baseball SVG | Baseball PNG | Baseball Shirt | Baseball Hat | Baseball Grandpa | Baseball Grandpa SVG | Baseball Grandpa Shirt,https://www.etsy.com/listing/1374496040/baseball-baseball-svg-baseball-png,CassandraLeeGray,https://www.etsy.com/shop/CassandraLeeGray,3.33,0,0,0,0,0,26 Mo.,0,0,3,Craft Supplies & Tools,37,0,0.0,828,"baseball png,baseball jpg,baseball hat,baseball cut file,baseball vector,baseball design,baseball cap,baseball trucker cap,baseball ornament,baseball print,custom baseball hat,baseball font,baseball helmet",baseball png,baseball jpg,baseball hat,baseball cut file,baseball vector,baseball design,baseball cap,baseball trucker cap,baseball ornament,baseball print,custom baseball hat,baseball font,baseball helmet
"Personalized Lineman Bucket Truck Ornament, Custom Christmas Xmas Tree Decor Gift",https://www.etsy.com/listing/4374017406/personalized-lineman-bucket-truck,StoreSimonGifts,https://www.etsy.com/shop/StoreSimonGifts,21.89,0,0,0,0,0,1 Mo.,0,0,10,Home & Living,7,0,0.0,492,"ornament gift,custom ornament,xmas gift,truck christmas,truck ornament,truck drivers,lineman bucker truck,christmas gift,lineman gift,gift for trucker,christmas tree decor,lineman dad gift,christmas ornament",ornament gift,custom ornament,xmas gift,truck christmas,truck ornament,truck drivers,lineman bucker truck,christmas gift,lineman gift,gift for trucker,christmas tree decor,lineman dad gift,christmas ornament
"Truck Driver Advent Calendar, Gift For Husband From Wife Christmas Countdown Decor, Big Rig Gift, Semi Truck Xmas Hanging, Gift for Truckers",https://www.etsy.com/listing/4407053728/truck-driver-advent-calendar-gift-for,ArtisanGiftHub,https://www.etsy.com/shop/ArtisanGiftHub,19.90,0,0,0,0,0,2 Mo.,0,0,48,Paper & Party Supplies,3,0,0.0,558,"christmas gift,advent calendar,christmas 2025,christmas countdown,christmas calendar,holiday countdown,holidaydecor,acrylic ornament,gifts for dad,gifts for husband,dad gift,truck driver,for trucker driver",christmas gift,advent calendar,christmas 2025,christmas countdown,christmas calendar,holiday countdown,holidaydecor,acrylic ornament,gifts for dad,gifts for husband,dad gift,truck driver,for trucker driver
"Personalized Christmas Truck Ornament, Custom Name Trucker Gift, Semi Truck Christmas Tree Decor, Big Rig Driver Ornament,Christmas Ornament",https://www.etsy.com/listing/4399019792/personalized-christmas-truck-ornament,TaboadaFashionFunny,https://www.etsy.com/shop/TaboadaFashionFunny,19.95,0,0,0,0,0,1 Mo.,0,0,0,Home & Living,22,0,0.0,58,"customtruckorn,personalizedtruck,semitruckgift,truckdriverxmas,santahattruck,nameontruck,giftfortruckers,christmastruck,truckornament,customnameorn,shapedtruckorn,xmastruckgift,personalizedorn",customtruckorn,personalizedtruck,semitruckgift,truckdriverxmas,santahattruck,nameontruck,giftfortruckers,christmastruck,truckornament,customnameorn,shapedtruckorn,xmastruckgift,personalizedorn
"Best Trucker Christmas Ornament 2025 – Wooden Snowflake Holiday Tree Decoration, Truck Driver Gift, Rustic Ornament for Truckers",https://www.etsy.com/listing/4373905368/best-trucker-christmas-ornament-2025,988INVESTMENTGROUP,https://www.etsy.com/shop/988INVESTMENTGROUP,32.45,0,0,0,0,0,1 Mo.,0,0,0,Home & Living,2,0,0.0,63,"trucker ornament,truck driver gift,christmas ornament,trucker christmas,wooden ornament,rustic holiday,snowflake ornament,trucker tree decor,holiday ornament,trucking gift,rustic ornament,best trucker gift,trucker keepsake",trucker ornament,truck driver gift,christmas ornament,trucker christmas,wooden ornament,rustic holiday,snowflake ornament,trucker tree decor,holiday ornament,trucking gift,rustic ornament,best trucker gift,trucker keepsake
"Truck Driver Gift, Star Ornament for Trucker, All Men Are Created Equal But The Finest Become A Truck Driver",https://www.etsy.com/listing/1149834299/truck-driver-gift-star-ornament-for,LuckLoveLaughter,https://www.etsy.com/shop/LuckLoveLaughter,16.95,0,0,0,0,0,47 Mo.,0,0,1,Home & Living,51,0,0.0,33,"cool truck driver,christmas gifts,truck driver,professions gifts,funny star ornament,funny  truck driver,gift idea",cool truck driver,christmas gifts,truck driver,professions gifts,funny star ornament,funny  truck driver,gift idea,--,--,--,--,--,--
Embroidered Christmas Patch Ornament: Vintage Holiday Appliqué,https://www.etsy.com/listing/4363108323/embroidered-christmas-patch-ornament,IrkaStudioCo,https://www.etsy.com/shop/IrkaStudioCo,10.98,0,0,0,0,0,3 Mo.,7,0,68,Accessories,5,0,0.0,98,"iron on patch,trucker hat patches,game day patch,retro patch,small patches,custom patch,christmas patch,holiday patches,vintage ornament,gift tag patch,sew on applique,festive decor patch,christmas sewing",iron on patch,trucker hat patches,game day patch,retro patch,small patches,custom patch,christmas patch,holiday patches,vintage ornament,gift tag patch,sew on applique,festive decor patch,christmas sewing
Embroidered Christmas Patch Ornament: Iron-On/Sew-On Holiday Appliqué,https://www.etsy.com/listing/4350255950/embroidered-christmas-patch-ornament,IrkaStudioCo,https://www.etsy.com/shop/IrkaStudioCo,10.98,0,0,0,0,0,4 Mo.,2,0,80,Accessories,5,0,0.0,98,"iron on patch,trucker hat patches,game day patch,retro patch,small patches,custom patch,christmas patch,holiday patches,vintage ornament,gift tag patch,sew on applique,festive decor patch,christmas sewing",iron on patch,trucker hat patches,game day patch,retro patch,small patches,custom patch,christmas patch,holiday patches,vintage ornament,gift tag patch,sew on applique,festive decor patch,christmas sewing
"Personalized Fire Truck Christmas Ornament, Trucker Christmas Light Ornament, Customized 2025 Christmas Tree Decor Gift For Firefighter",https://www.etsy.com/listing/4390683726/personalized-fire-truck-christmas,pietroaShop,https://www.etsy.com/shop/pietroaShop,26.97,0,0,0,0,0,2 Mo.,0,0,51,Home & Living,14,0,0.0,497,"christmas ornament,memorial ornament,christmas car decor,personalize ornament,hanging ornament,christmas tree decor,custom ornament,fire truck ornament,firefighter name,fighter lover gift,firefighter dad gift,acrylic ornament,christmas 2025",christmas ornament,memorial ornament,christmas car decor,personalize ornament,hanging ornament,christmas tree decor,custom ornament,fire truck ornament,firefighter name,fighter lover gift,firefighter dad gift,acrylic ornament,christmas 2025
"Personalized Fire Truck Christmas Ornament, Trucker Christmas Light Ornament, Custom Firefighter On Duty Ornament, Firefighter Gear Keepsake",https://www.etsy.com/listing/4365551190/personalized-fire-truck-christmas,TatyanaStyleStore,https://www.etsy.com/shop/TatyanaStyleStore,24.99,0,0,0,0,0,3 Mo.,0,0,64,Home & Living,17,0,0.0,4860,"firefighter keepsake,gift for him,gift for firefighter,fireman gift,firefighter gift,holiday decor,funny fireman gif,firefighter decor,holiday ornament,fire truck ornament,firefighter name,fighter lover gift,firefighter dad gift",firefighter keepsake,gift for him,gift for firefighter,fireman gift,firefighter gift,holiday decor,funny fireman gif,firefighter decor,holiday ornament,fire truck ornament,firefighter name,fighter lover gift,firefighter dad gift
"Personalized Truck Driver Christmas Ornament, Custom Semi Truck Dad Gift, Santa Driving Holiday Decoration, Trucker Xmas Tree Decor",https://www.etsy.com/listing/4383852029/personalized-truck-driver-christmas,BobbyFashion,https://www.etsy.com/shop/BobbyFashion,19.95,0,0,0,0,0,2 Mo.,0,0,16,Home & Living,23,0,0.0,1096,"xmas ornament,christmas car,santa truck ornament,truck dad gift,driver xmas decor,custom ornament,christmas tree decor,truck lover gift,cozy home decor,christmas gift 2025,personalized gift,truck driver gift,santa truck decor",xmas ornament,christmas car,santa truck ornament,truck dad gift,driver xmas decor,custom ornament,christmas tree decor,truck lover gift,cozy home decor,christmas gift 2025,personalized gift,truck driver gift,santa truck decor
Personalized Truck Christmas Ornament/Custom Truck Christmas Acrylic Ornament/Christmas Gift For Truck Driver/Gift Trucker Ornament OHXG38,https://www.etsy.com/listing/4399839872/personalized-truck-christmas,RoseViva,https://www.etsy.com/shop/RoseViva,23.14,0,0,0,0,0,6 Mo.,0,0,17,Home & Living,17,0,0.0,5168,"christmas ornament,personalized gift,christmas tree decor,christmas gift,personalize ornament,custom ornament,christmas decor,gift for trucker,truck ornament,trucker gift,trucker ornament,hanging ornament,christmas truck",christmas ornament,personalized gift,christmas tree decor,christmas gift,personalize ornament,custom ornament,christmas decor,gift for trucker,truck ornament,trucker gift,trucker ornament,hanging ornament,christmas truck
Gold Highland Cow Holiday Sublimation | Neutral Christmas PNG T shirt | Trendy Cute Farm Animal JPG | Tote Bags | Mug for Gift Giving,https://www.etsy.com/listing/1797865555/gold-highland-cow-holiday-sublimation,barnnbrushco,https://www.etsy.com/shop/barnnbrushco,4.95,0,0,0,0,0,20 Mo.,1,0,14,Art & Collectibles,66,0,0.0,308,"dish towel,blankets,instant download,sweatshirt,trucker hat,canvas tote bag,boho holiday,advent,hairy cow,scottish cow,mini cow,christmas ornament,printable",dish towel,blankets,instant download,sweatshirt,trucker hat,canvas tote bag,boho holiday,advent,hairy cow,scottish cow,mini cow,christmas ornament,printable
"Personalized Truck Driver Memorial Ornament, Custom Big Rig Remembrance Gift, In Memory of Trucker Christmas Ornament, Trucker Keepsake,",https://www.etsy.com/listing/1820707706/personalized-truck-driver-memorial,SawdustandGltrCo,https://www.etsy.com/shop/SawdustandGltrCo,14.99,0,0,0,0,0,18 Mo.,5,0,274,Home & Living,38,0,0.0,9420,"trucker ornament,longer hauler gift,trucker memorial,trucker in heaven,trucker memorials,trucker gift,driving in heaven,big rig ornament,trucker christmas,big rig memorial,memorial trucker,driver memorial,semi driver gift",trucker ornament,longer hauler gift,trucker memorial,trucker in heaven,trucker memorials,trucker gift,driving in heaven,big rig ornament,trucker christmas,big rig memorial,memorial trucker,driver memorial,semi driver gift
Christmas Leopard Pink Preppy Coquette Bow Ornament Trucker Hat Santa PNG Digital Download,https://www.etsy.com/listing/1812371157/christmas-leopard-pink-preppy-coquette,Kidesignssc,https://www.etsy.com/shop/Kidesignssc,5.00,0,0,0,0,0,18 Mo.,34,0,335,Craft Supplies & Tools,20,0,0.0,677,"leopard,christmas,pink,coquette,bow,nativity,digital image,png,preppy,trucker hat,santa,santa hat,preppy santa",leopard,christmas,pink,coquette,bow,nativity,digital image,png,preppy,trucker hat,santa,santa hat,preppy santa
"Personalized Truck Driver Christmas Ornament, Gift For Trucker, Trucking Keepsake, Trucker Holiday Gift, Driver Decor, Trucker Ornament",https://www.etsy.com/listing/4395681643/personalized-truck-driver-christmas,NiranjanPrintArt,https://www.etsy.com/shop/NiranjanPrintArt,39.01,0,0,0,0,0,2 Mo.,0,0,6,Home & Living,4,0,0.0,145,"christmas ornament,ornament 2025,christmas decor,holiday gift,custom ornament,truck driver,trucker gift,hauling life,big rig lover,trucking decor,long haul gift,custom trucker,truck driver keepsake",christmas ornament,ornament 2025,christmas decor,holiday gift,custom ornament,truck driver,trucker gift,hauling life,big rig lover,trucking decor,long haul gift,custom trucker,truck driver keepsake
Fall Leaves - Trucker Semi Truck Ceramic Ornament - Round,https://www.etsy.com/listing/1806564438/fall-leaves-trucker-semi-truck-ceramic,LavenderDaisyDream,https://www.etsy.com/shop/LavenderDaisyDream,10.97,0,0,0,0,0,16 Mo.,0,0,3,Home & Living,21,0,0.0,6,"semi truck trucker,ornament wife 18,flatbed freight leaf,folliage floral",semi truck trucker,ornament wife 18,flatbed freight leaf,folliage floral,--,--,--,--,--,--,--,--,--
Hippo car personalized rear view mirror charm,https://www.etsy.com/listing/1479156049/hippo-car-personalized-rear-view-mirror,FairyToysWorld,https://www.etsy.com/shop/FairyToysWorld,20.50,0,0,0,3,1,24 Mo.,29,0,357,Electronics & Accessories,110,0,0.84,9979,"hippo car,personalized rear,view mirror charm,long distance friend,thinking of you gift,hippopotamus,initial hanging,trucker accessories,romantic boyfriend,just because gifts,crochet zoo animal,letter car ornament,gift for new driver",hippo car,personalized rear,view mirror charm,long distance friend,thinking of you gift,hippopotamus,initial hanging,trucker accessories,romantic boyfriend,just because gifts,crochet zoo animal,letter car ornament,gift for new driver
"Gray & Black Skulls on Chain / Halloween, Horror, Ghosts, Monsters, Zombies, Spooky, Scary, Boo, Car Charms, Trick or Treat, The Undead",https://www.etsy.com/listing/1545995785/gray-black-skulls-on-chain-halloween,YourFantasyLand,https://www.etsy.com/shop/YourFantasyLand,13.99,0,0,0,0,0,33 Mo.,5,0,36,Electronics & Accessories,75,0,0.0,5753,"rear view mirror,trucker,mirror hangers,skull hangers,gothic,bad boy,bad girl,car ornaments,skull figurines,skull decor,raiders,skull,las vegas raiders",rear view mirror,trucker,mirror hangers,skull hangers,gothic,bad boy,bad girl,car ornaments,skull figurines,skull decor,raiders,skull,las vegas raiders
"Personalized Truck Go Home for Christmas Ornament, Christmas Truck Flat Ornament, 2025 Xmas Gift For Truck Driver, Gift For Trucker Ornament",https://www.etsy.com/listing/4386698702/personalized-truck-go-home-for-christmas,TuanTuProDesigns,https://www.etsy.com/shop/TuanTuProDesigns,26.99,0,0,0,0,0,7 Mo.,0,0,1,Home & Living,16,0,0.0,881,"christmas gift,christmas ornament,hanging ornament,car mirror ornament,car mirror decor,christmas keepsake,food truck ornament,food truck gifts,food delivery,food lover ornament,custom food truck,food driver,acrylic ornament",christmas gift,christmas ornament,hanging ornament,car mirror ornament,car mirror decor,christmas keepsake,food truck ornament,food truck gifts,food delivery,food lover ornament,custom food truck,food driver,acrylic ornament
Lineman Christmas Gift Personalized Lineman  Christmas Ornament Gift For Lineman Lineman Bucket Truck Ornament Christmas,https://www.etsy.com/listing/1303531962/lineman-christmas-gift-personalized,HAVIBraidedBracelet,https://www.etsy.com/shop/HAVIBraidedBracelet,18.99,0,0,0,72,12,43 Mo.,38,0,1747,Home & Living,58,0,4.12,13349,"flat ornament,christmas,xmas gift,personalized,shaped ornament,christmas 2022,tractor,tractor driver,truck driver,trucker,tractor ornament,lineman",flat ornament,christmas,xmas gift,personalized,shaped ornament,christmas 2022,tractor,tractor driver,truck driver,trucker,tractor ornament,lineman,--
Ribs Political Hat Gift For Republican | Political Awareness Headwear Campaign Trail Hat | Political Statement Wear Hat For Political Rally,https://www.etsy.com/listing/1624891267/ribs-political-hat-gift-for-republican,TheDailyDadHat,https://www.etsy.com/shop/TheDailyDadHat,17.80,0,0,0,0,0,29 Mo.,0,0,52,Accessories,36,0,0.0,83,"campaign trail hat,ribs political hat,retro trucker caps,unique style,memorial gifts,family memorial,memorial father,memorial gift,memorial print,memorial box,memorial charm,memorial ornaments,memorial fathers day",campaign trail hat,ribs political hat,retro trucker caps,unique style,memorial gifts,family memorial,memorial father,memorial gift,memorial print,memorial box,memorial charm,memorial ornaments,memorial fathers day
Yee Haw - Western - Cheetah - Car Freshener,https://www.etsy.com/listing/4469716303/yee-haw-western-cheetah-car-freshener,CharmingSunflowerCo,https://www.etsy.com/shop/CharmingSunflowerCo,12.00,0,0,0,0,0,2 Mo.,0,0,7,Electronics & Accessories,174,0,0.0,21176,"yee haw western,western cheetah,handmade car freshie,western style air,car air freshener,animal print scent,cowboy car decor,vehicle air fresh,hanging car scent,rustic vehicle scent,gift for truckers,cheetah print decor,scented car ornament",yee haw western,western cheetah,handmade car freshie,western style air,car air freshener,animal print scent,cowboy car decor,vehicle air fresh,hanging car scent,rustic vehicle scent,gift for truckers,cheetah print decor,scented car ornament
"Personalized Trucker Christmas Ornament 2024, Custom Gifts For Trucker Ornament Tree Hanger, Truck Gift For Dad, Gift For Husband",https://www.etsy.com/listing/1799568073/personalized-trucker-christmas-ornament,CraftsInAsia,https://www.etsy.com/shop/CraftsInAsia,25.00,0,0,0,0,0,20 Mo.,6,0,198,Home & Living,33,0,0.0,4385,"christmas dad gift,custom ornament gift,funny ornament gift,ornaments gifts,christmas ornaments,gift for trucker,truck ornament,trucker ornament,truck gift for men,christmas truck,truck christmas,name truck ornament,truck driver tree",christmas dad gift,custom ornament gift,funny ornament gift,ornaments gifts,christmas ornaments,gift for trucker,truck ornament,trucker ornament,truck gift for men,christmas truck,truck christmas,name truck ornament,truck driver tree
18 Wheeler Tractor Trailer Truck Christmas Ornament | Truck Driver Gift | Ornament for Boy | Gift for Trucker | Big Rig Ornament,https://www.etsy.com/listing/1303036542/18-wheeler-tractor-trailer-truck,FromthePinesSupplyCo,https://www.etsy.com/shop/FromthePinesSupplyCo,13.00,0,0,0,0,0,43 Mo.,12,0,290,Home & Living,61,0,0.0,16313,"tractor trailer,truck driver gift,semi truck ornament,trucker ornament,big truck,driver ornament,truck driver,truckers,big rig,big rig driver,truck ornament,truck christmas,truck for boy",tractor trailer,truck driver gift,semi truck ornament,trucker ornament,big truck,driver ornament,truck driver,truckers,big rig,big rig driver,truck ornament,truck christmas,truck for boy
"Trucker Ornament Engraved on Wood – Rustic Semi Truck Christmas Decoration, Gift for Truck Drivers,  Best Trucking Dad Ornament",https://www.etsy.com/listing/4366514395/trucker-ornament-engraved-on-wood-rustic,engravino,https://www.etsy.com/shop/engravino,18.00,0,0,0,0,0,8 Mo.,0,0,6,Home & Living,12,0,0.0,2,"memorialgift,housewarminggift,birthdaygift,christmasgift,wedddinggift,anniversary gift,engravedornament,engravedwood,woodengraved,giftforwife,giftforhusband,gift,gifts",memorialgift,housewarminggift,birthdaygift,christmasgift,wedddinggift,anniversary gift,engravedornament,engravedwood,woodengraved,giftforwife,giftforhusband,gift,gifts
Personalized Construction Truck Driver Christmas Ornament: Custom Photo Acrylic Keepsake,https://www.etsy.com/listing/4367449659/personalized-construction-truck-driver,LeNovemberCreations,https://www.etsy.com/shop/LeNovemberCreations,17.32,0,0,0,0,0,8 Mo.,1,0,33,Home & Living,22,0,0.0,2505,"christmas ornament,xmas ornament,custom ornament,photo ornament,christmas tree decor,toy ornament,personalized,truck ornament,acrylic ornament,trucker christmas,baby ornament,christmas gift,christmas decor",christmas ornament,xmas ornament,custom ornament,photo ornament,christmas tree decor,toy ornament,personalized,truck ornament,acrylic ornament,trucker christmas,baby ornament,christmas gift,christmas decor
Boat Ornament trucker hat,https://www.etsy.com/listing/1883747326/boat-ornament-trucker-hat,UpstairsBoutiqueShop,https://www.etsy.com/shop/UpstairsBoutiqueShop,25.00,0,0,0,0,0,13 Mo.,6,0,64,Accessories,64,0,0.0,55,"trending,fun,vacation,popular,spring break,trip,beach,girls trip,summer,birthday,bright",trending,fun,vacation,popular,spring break,trip,beach,girls trip,summer,birthday,bright,--,--
"party captain funny sarcastic gift for boater and fishermen, boat lover gift, gift for Dad, boating hat gift for men, lake boat captain",https://www.etsy.com/listing/4313204427/party-captain-funny-sarcastic-gift-for,MillerengravingCo,https://www.etsy.com/shop/MillerengravingCo,30.00,0,0,0,0,0,12 Mo.,0,0,36,Accessories,29,0,0.0,338,"patch hat,dad hat,richardson 112 hat,richardson hat,trucker hat,patch trucker hat,dad gift,boat ornament,sarcastic hat,funny hat,party captian,party captain hat,lake har",patch hat,dad hat,richardson 112 hat,richardson hat,trucker hat,patch trucker hat,dad gift,boat ornament,sarcastic hat,funny hat,party captian,party captain hat,lake har
Truck Driver Ornament 2 Layer Wood Design - Theme Holiday Decor for Truck Driver - Christmas Tree Keepsake for Truck Driver,https://www.etsy.com/listing/4405812808/truck-driver-ornament-2-layer-wood,StephenDunnShop,https://www.etsy.com/shop/StephenDunnShop,18.74,0,0,0,0,0,6 Mo.,0,0,0,Home & Living,67,0,0.0,10245,"wooden ornament,trucker christmas,delivery driver gift,trucking decor,laser cut ornament,truck route design,professional driver,trucker pride,reliable driver,road map art,trucking life,truck driver badge,truck driver",wooden ornament,trucker christmas,delivery driver gift,trucking decor,laser cut ornament,truck route design,professional driver,trucker pride,reliable driver,road map art,trucking life,truck driver badge,truck driver
Santa&#39;s Favorite Truck Driver - Round Acrylic Ornament - Personalized Ornament Gift - Vintage Style - Christmas Decoration - Trucker Gift,https://www.etsy.com/listing/4342655304/santas-favorite-truck-driver-round,KristensVintageArt,https://www.etsy.com/shop/KristensVintageArt,24.94,0,0,0,0,0,10 Mo.,0,0,6,Home & Living,34,0,0.0,309,"acrylic ornament,seasonal decor,christmas ornament,personalized gift,holiday keepsake,festive decoration,vintage style,vintage christmas,custom ornament,ornament,truck driver,truck driver gift,trucker ornament",acrylic ornament,seasonal decor,christmas ornament,personalized gift,holiday keepsake,festive decoration,vintage style,vintage christmas,custom ornament,ornament,truck driver,truck driver gift,trucker ornament
"Personalized Truck Christmas Ornament, Custom Truck Christmas Acrylic Ornament, Christmas Gift For Truck Driver, Gift For Trucker Ornament",https://www.etsy.com/listing/4379769754/personalized-truck-christmas-ornament,SMartCatShop,https://www.etsy.com/shop/SMartCatShop,19.98,0,0,0,0,0,7 Mo.,0,0,123,Home & Living,26,0,0.0,802,"christmas ornament,personalized gift,christmas tree decor,christmas gift,personalize ornament,custom ornament,christmas decor,gift for trucker,truck ornament,trucker gift,trucker ornament,hanging ornament,christmas truck",christmas ornament,personalized gift,christmas tree decor,christmas gift,personalize ornament,custom ornament,christmas decor,gift for trucker,truck ornament,trucker gift,trucker ornament,hanging ornament,christmas truck
"Personalized Truck Driver Christmas Ornament – Gift for Female Truck Driver or Delivery Driver, Cdl Driver, Long Haul Driver Gift",https://www.etsy.com/listing/4405502023/personalized-truck-driver-christmas,WoodUnlimitedShop,https://www.etsy.com/shop/WoodUnlimitedShop,19.99,0,0,0,0,0,7 Mo.,1,0,2,Home & Living,53,0,0.0,27830,"christmas ornament,custom ornament,truck driver gift,truck driver christm,personalized truck d,truck driver holiday,delivery driver gift,cdl driver gift,female trucker gift,big rig driver gift,trucker gift,trucker ornament,trucking ornament",christmas ornament,custom ornament,truck driver gift,truck driver christm,personalized truck d,truck driver holiday,delivery driver gift,cdl driver gift,female trucker gift,big rig driver gift,trucker gift,trucker ornament,trucking ornament
Red Semi Truck - Trucker - Personalized Christmas Ornament - Free Shipping Eligible,https://www.etsy.com/listing/757192969/red-semi-truck-trucker-personalized,PersonalizedFree,https://www.etsy.com/shop/PersonalizedFree,15.95,0,0,0,15,3,79 Mo.,15,0,463,Home & Living,90,0,3.24,31317,"christmas ornaments,personalized gifts,firefighter",christmas ornaments,personalized gifts,firefighter,--,--,--,--,--,--,--,--,--,--
Christmas Convoy (Vehicle) Hallmark Keepsake Christmas Tree Ornament -  QGO1306 + 80s 90s One Vintage Ornament NIB New in Box,https://www.etsy.com/listing/4433398435/christmas-convoy-vehicle-hallmark,AlreadyChristmas,https://www.etsy.com/shop/AlreadyChristmas,34.99,0,0,0,0,0,3 Mo.,1,0,3,Home & Living,104,0,0.0,7933,"vehicle ornament,vehicle collectible,trucking,trucker holiday,truck,tree décor,series,semi truck ornament,qgo1306,qgo130-6,musical ornament,magic sound ornament,christmas ornament",vehicle ornament,vehicle collectible,trucking,trucker holiday,truck,tree décor,series,semi truck ornament,qgo1306,qgo130-6,musical ornament,magic sound ornament,christmas ornament
Personalized Wood Trucker Christmas Ornament: Engraved Maple,https://www.etsy.com/listing/1309279338/personalized-wood-trucker-christmas,ZAYTOONgiftstore,https://www.etsy.com/shop/ZAYTOONgiftstore,14.22,0,0,0,33,11,37 Mo.,21,0,761,Home & Living,44,0,4.34,756,"trucker,truck,truck ornament,engraved,laser cut,personlized trucker,truck gift,trucker gift,dad gift,uncle,grandpa,christmas 2023",trucker,truck,truck ornament,engraved,laser cut,personlized trucker,truck gift,trucker gift,dad gift,uncle,grandpa,christmas 2023,--
"Semi Truck Christmas Ornament, Decorations Best Christmas Gifts For Truck Drivers Truckers, Christmas Gift For Truck Driver,Gift For Trucker",https://www.etsy.com/listing/1789381708/semi-truck-christmas-ornament,MichaelDonofrioTee,https://www.etsy.com/shop/MichaelDonofrioTee,19.95,0,0,0,0,0,7 Mo.,0,0,67,Home & Living,10,0,0.0,5289,"christmas ornament,personalized gift,christmas tree decor,christmas gift,personalize ornament,custom ornament,christmas decor,gift for trucker,truck ornament,trucker gift,trucker ornament,hanging ornament,christmas truck",christmas ornament,personalized gift,christmas tree decor,christmas gift,personalize ornament,custom ornament,christmas decor,gift for trucker,truck ornament,trucker gift,trucker ornament,hanging ornament,christmas truck
"Forklift, crane or construction ornament. Great for builder, handy man or contractor. Add any custom message on back. 2.75 in round ceramic.",https://www.etsy.com/listing/1820534169/forklift-crane-or-construction-ornament,PendletonStreet,https://www.etsy.com/shop/PendletonStreet,14.99,0,0,0,0,0,4 Mo.,1,0,8,Home & Living,9,0,0.0,113,"friend gift,christmas ornament,top christmas gift,builder gift,contracter gift,handy man gift,boss coworker gift,road work,house building gift,trucker gift,forklift,tractor,agriculture",friend gift,christmas ornament,top christmas gift,builder gift,contracter gift,handy man gift,boss coworker gift,road work,house building gift,trucker gift,forklift,tractor,agriculture
"Custom Crane Truck Christmas Ornament, Personalized Construction Gift (2D Flat)",https://www.etsy.com/listing/4375787758/custom-crane-truck-christmas-ornament,BobbyFashion,https://www.etsy.com/shop/BobbyFashion,19.95,0,0,0,0,0,3 Mo.,0,0,12,Home & Living,23,0,0.0,1096,"christmas ornament,personalized gift,christmas tree decor,christmas gift,personalize ornament,custom ornament,christmas decor,gift for trucker,truck ornament,trucker 2025,trucker ornament,hanging ornament,christmas truck",christmas ornament,personalized gift,christmas tree decor,christmas gift,personalize ornament,custom ornament,christmas decor,gift for trucker,truck ornament,trucker 2025,trucker ornament,hanging ornament,christmas truck
Trucker Hat Ornament - Trucker Hat - Personalized Monogram Trucker Hat - Hat Ornament - Trucker Ornament - Monogram Ornament - Personalized,https://www.etsy.com/listing/1850786687/trucker-hat-ornament-trucker-hat,FiveLittleDisciples,https://www.etsy.com/shop/FiveLittleDisciples,18.00,0,0,0,0,0,17 Mo.,2,0,16,Home & Living,21,0,0.0,21,"trucker hat ornament,trucker hat,hat ornament,trucker ornament,monogram ornament,personalized,personalized trucker,personalized hat,personal ornament,ornament,christmas ornament,christmas,monogram trucker",trucker hat ornament,trucker hat,hat ornament,trucker ornament,monogram ornament,personalized,personalized trucker,personalized hat,personal ornament,ornament,christmas ornament,christmas,monogram trucker
Personalized Truck Christmas Ornament/Trucker Truck Excavator Truck Garbage Truck Christmas Light Ornament/Christmas Tree Decor OHXK25-4,https://www.etsy.com/listing/4402157232/personalized-truck-christmas,BeckHouseCo,https://www.etsy.com/shop/BeckHouseCo,23.98,0,0,0,0,0,6 Mo.,0,0,9,Home & Living,23,0,0.0,31103,"christmas tree decor,family xmas keepsake,ornament for kids,truck gift for dad,fire truck ornament,trucker christmas,truck lovers gift,merry christmas 2025,tractor christmas,tractor ornament,truck birthday boy,custom name ornament,family christmas",christmas tree decor,family xmas keepsake,ornament for kids,truck gift for dad,fire truck ornament,trucker christmas,truck lovers gift,merry christmas 2025,tractor christmas,tractor ornament,truck birthday boy,custom name ornament,family christmas
Lorry Driver Christmas Ornament | Trucker Christmas Tree Decoration | Personalised HGV Bauble | Trucker Gift |,https://www.etsy.com/listing/1100969816/lorry-driver-christmas-ornament-trucker,StudioFortyEightUK,https://www.etsy.com/shop/StudioFortyEightUK,11.87,0,0,0,36,6,53 Mo.,38,0,1566,Home & Living,87,0,2.3,62762,"christmas ornament,custom ornament,xmas ornament,personalised xmas,christmas gift,custom gift,hgv driver,lorry driver,trucker gift,lorry driver gift,personalised lorry,husband gift,personalised bauble",christmas ornament,custom ornament,xmas ornament,personalised xmas,christmas gift,custom gift,hgv driver,lorry driver,trucker gift,lorry driver gift,personalised lorry,husband gift,personalised bauble
PRE-ORDER: Monster Truck Glass Christmas Ornament,https://www.etsy.com/listing/1739186982/pre-order-monster-truck-glass-christmas,TinselHouse,https://www.etsy.com/shop/TinselHouse,24.00,0,0,0,0,0,9 Mo.,1,0,61,Home & Living,104,0,0.0,15494,"monster truck,monster truck gift,truck lover,truck ornament,truck gift,monster jam,monster jam gift,mudding gift,mens gift,mud tire,mud tires,dad gift,trucker gift",monster truck,monster truck gift,truck lover,truck ornament,truck gift,monster jam,monster jam gift,mudding gift,mens gift,mud tire,mud tires,dad gift,trucker gift
Softball SVG | #softballlife SVG | Softball Mom SVG | Softball Shirt | Softball Hat | Softball Jersey | Softball Sweatshirt | Softball Coach,https://www.etsy.com/listing/1384507536/softball-svg-softballlife-svg-softball,CassandraLeeGray,https://www.etsy.com/shop/CassandraLeeGray,3.33,0,0,0,0,0,26 Mo.,0,0,1,Craft Supplies & Tools,37,0,0.0,828,"softball png,softball coach,softball hat,softball cut file,softball vector,softball design,softball cap,softball trucker cap,softball ornament,softball print,custom softball hat,softball font,softball helmet",softball png,softball coach,softball hat,softball cut file,softball vector,softball design,softball cap,softball trucker cap,softball ornament,softball print,custom softball hat,softball font,softball helmet
"Personalized Trucker Truck Couple Custom 2D Flat Acrylic Ornament, Gift For Trucker, Truck Lovers, Him, Husband, Boyfriend",https://www.etsy.com/listing/4431556279/personalized-trucker-truck-couple-custom,GearCustomsDesign,https://www.etsy.com/shop/GearCustomsDesign,17.95,0,0,0,0,0,5 Mo.,0,0,1,Home & Living,65,0,0.0,14085,"white christmas gift,christmas ornament,gift for family,family christmas,family ornament,family name ornament,christmas family,christmas gift,truck driver gift,gift for trucker",white christmas gift,christmas ornament,gift for family,family christmas,family ornament,family name ornament,christmas family,christmas gift,truck driver gift,gift for trucker,--,--,--
Checkered Present Patch: Chenille Holiday Iron-On Patch,https://www.etsy.com/listing/1809461977/checkered-present-patch-chenille-holiday,ABLNco,https://www.etsy.com/shop/ABLNco,4.24,0,0,0,0,0,19 Mo.,56,0,203,Accessories,43,0,0.0,159811,"trucker hat patches,patches for hat,patches for jacket,preppy patch,iron on patch,holiday patch,christmas patches,small patches,santa patch,ornament patch,checkered patch,present patch,pink christmas patch",trucker hat patches,patches for hat,patches for jacket,preppy patch,iron on patch,holiday patch,christmas patches,small patches,santa patch,ornament patch,checkered patch,present patch,pink christmas patch
"Personalized Semi Truck Ornament, Truck Christmas Ornament, Gifts For Truck Driver, Colored Truck Ornament, Trucker Ornament Gift Thdso-1247",https://www.etsy.com/listing/4385550193/personalized-semi-truck-ornament-truck,Heemal,https://www.etsy.com/shop/Heemal,25.38,0,0,0,0,0,7 Mo.,0,0,42,Home & Living,8,0,0.0,661,"christmas ornament,ornament gift,christmas decor,christmas keepsake,christmas gift,family christmas,christmas tree decor,christmas hanging,ornament  gift,personalized gift,custom ornament,custom christmas,car ornament",christmas ornament,ornament gift,christmas decor,christmas keepsake,christmas gift,family christmas,christmas tree decor,christmas hanging,ornament  gift,personalized gift,custom ornament,custom christmas,car ornament
"Personalized Trucker Christmas Tree Acrylic Ornament, Christmas Gift For Trucker, Trucker Christmas, Trucker Gift, Truck Driver Gift",https://www.etsy.com/listing/4392313174/personalized-trucker-christmas-tree,LunaBloomStudioStore,https://www.etsy.com/shop/LunaBloomStudioStore,19.99,0,0,0,0,0,1 Mo.,0,0,0,Home & Living,11,0,0.0,383,"trucker christmas,christmas ornament,trucker gift,truck driver gift,semi truck ornament,custom name ornament,gift for trucker,holiday trucker gift,big rig christmas,truck driver or,christmas tree orn,acrylic tree or,personalized or",trucker christmas,christmas ornament,trucker gift,truck driver gift,semi truck ornament,custom name ornament,gift for trucker,holiday trucker gift,big rig christmas,truck driver or,christmas tree orn,acrylic tree or,personalized or
"Truck Driver Gift Big Truck Personalized Car Ornament, Unique Gifts For Truckers, Big Rigs Semi Trailer Truck Decor, Acrylic Ornament",https://www.etsy.com/listing/1194536004/truck-driver-gift-big-truck-personalized,KoolKoolCustomDesign,https://www.etsy.com/shop/KoolKoolCustomDesign,16.95,0,0,0,0,0,49 Mo.,15,0,352,Home & Living,65,0,0.0,14845,"gifs for trucker dad,trucker husband gift,trucker mom gifts,trucker grandpas,big truck driver,big rigs driver,tow truck driver,big truck racing,crazy trucker gift,funny truck driver,truck accessories,truck christmas tree,semi truck decor",gifs for trucker dad,trucker husband gift,trucker mom gifts,trucker grandpas,big truck driver,big rigs driver,tow truck driver,big truck racing,crazy trucker gift,funny truck driver,truck accessories,truck christmas tree,semi truck decor
"Personalized Truck Ornament - Semi Truck Ornament, Trucker Ornament, 4Wheeler Ornament, Truck Driver Gifts - Truck Side - Free Customization",https://www.etsy.com/listing/1085339603/personalized-truck-ornament-semi-truck,OrnamentsbyElves,https://www.etsy.com/shop/OrnamentsbyElves,27.95,0,0,0,4,1,56 Mo.,2,0,93,Home & Living,144,0,4.3,86613,"personalize ornament,custom ornament,christmas ornament,kids truck ornament,christmas truck,tonka truck,car ornaments,trucker ornament,semi truck ornament,4wheeler ornament,hot wheel ornament,moving truck,truck driver gifts",personalize ornament,custom ornament,christmas ornament,kids truck ornament,christmas truck,tonka truck,car ornaments,trucker ornament,semi truck ornament,4wheeler ornament,hot wheel ornament,moving truck,truck driver gifts
"Semi Truck Christmas Ornament, Decorations Best Christmas Gifts For Truck Drivers Truckers, 2D Xmas Ornament, Christmas Gift For Trucker",https://www.etsy.com/listing/4399030794/semi-truck-christmas-ornament,TaboadaFashionFunny,https://www.etsy.com/shop/TaboadaFashionFunny,19.95,0,0,0,0,0,1 Mo.,0,0,0,Home & Living,22,0,0.0,58,"christmas ornament,custom ornament,christmas gifts,christmas ornaments,xmas ornament,christmas keepsake,christmas gift,trucker ornament,truck ornament,trucker christmas,trucker truck,trucker gift,truckerchristmas",christmas ornament,custom ornament,christmas gifts,christmas ornaments,xmas ornament,christmas keepsake,christmas gift,trucker ornament,truck ornament,trucker christmas,trucker truck,trucker gift,truckerchristmas
"Personalized Snow Plow Truck Ornament 2025, Custom Trucker Gift, Construction Driver Christmas Decoration, Gift for Him",https://www.etsy.com/listing/4390021071/personalized-snow-plow-truck-ornament,RoxanneBischoffTee,https://www.etsy.com/shop/RoxanneBischoffTee,18.71,0,0,0,0,0,1 Mo.,0,0,9,Home & Living,5,0,0.0,610,"snow plow ornament,trucker ornament,truck driver gift,truck lover gift,custom name truck,gift for dad,gift for husband,plow driver ornament,truck ornament,construction gifts,driver xmas gift,heavy equipment gift,gift for him xmas",snow plow ornament,trucker ornament,truck driver gift,truck lover gift,custom name truck,gift for dad,gift for husband,plow driver ornament,truck ornament,construction gifts,driver xmas gift,heavy equipment gift,gift for him xmas
"Merry Truckin Christmas Classic Trucks Acrylic Ornament, Personalized Gifts For Truckers, Christmas Hanging Tree Decor, Gift For Men",https://www.etsy.com/listing/4374172610/merry-truckin-christmas-classic-trucks,BoldInkSupply,https://www.etsy.com/shop/BoldInkSupply,11.90,0,0,0,0,0,2 Mo.,0,0,11,Home & Living,3,0,0.0,712,"trucker gift,trucker ornament,gift for truckers,funny ornament gift,hanging ornament,gift for him,gift for men,christmas gift,personalized gift,christmas ornament,job gift,classic trucks,truckers gift",trucker gift,trucker ornament,gift for truckers,funny ornament gift,hanging ornament,gift for him,gift for men,christmas gift,personalized gift,christmas ornament,job gift,classic trucks,truckers gift
Trucker Mudflap Shape - Tree Ornament - Wood,https://www.etsy.com/listing/1361866771/trucker-mudflap-shape-tree-ornament-wood,EconomyOrnament,https://www.etsy.com/shop/EconomyOrnament,3.99,0,0,0,0,0,41 Mo.,0,0,14,Home & Living,103,0,0.0,4668,"economic ornament,white elephant,economy shape,simple ornament,cheap ornament,laser cut,wood cut,wood outline,paintable cut,cut shape,rustic shape,rustic theme,trucker mudflap",economic ornament,white elephant,economy shape,simple ornament,cheap ornament,laser cut,wood cut,wood outline,paintable cut,cut shape,rustic shape,rustic theme,trucker mudflap
"Custom Embroidered Yellowstone Trucker Hat, National Park Gift",https://www.etsy.com/listing/1878939245/custom-yellowstone-trucker-hat-national,ZephyrStreet,https://www.etsy.com/shop/ZephyrStreet,37.00,0,0,0,0,0,15 Mo.,2,0,23,Accessories,35,0,0.0,502,"us national parks,yellowstone national,park,yellowstone,yellowstone shirt,yellowstone ornament,wyoming,national park map,park shirt,yellowstone gifts,embroidered trucker,hat,custom trucker hat",us national parks,yellowstone national,park,yellowstone,yellowstone shirt,yellowstone ornament,wyoming,national park map,park shirt,yellowstone gifts,embroidered trucker,hat,custom trucker hat
Boat Ornament Trucker Hat | Neon Trucker Hat | Women’s Funny Trucker Hat | Beach Trucker Hat | Women’s Trucker Hat | Trendy Trucker Hat,https://www.etsy.com/listing/1503793582/boat-ornament-trucker-hat-o-neon-trucker,BusyBeesParty,https://www.etsy.com/shop/BusyBeesParty,24.00,0,0,0,15,4,22 Mo.,91,0,0,Accessories,72,30,0.0,139,"womens trucker hat,womens gift,trendy trucker hat,womens trends,spring break hat,bachelorette hat,bachelorette gift,summer hat,beach hat,funny trucker hat,funny wife gift,pink trucker hat,girly trucker hat",womens trucker hat,womens gift,trendy trucker hat,womens trends,spring break hat,bachelorette hat,bachelorette gift,summer hat,beach hat,funny trucker hat,funny wife gift,pink trucker hat,girly trucker hat
"Trucker Christmas Ornament, Personalized Acrylic Ornament, Funny Xmas Tree Hanging, Truck Novelty Christmas Decor, Holiday Gift",https://www.etsy.com/listing/4395101889/trucker-christmas-ornament-personalized,HessellundStore,https://www.etsy.com/shop/HessellundStore,15.11,0,0,0,0,0,3 Mo.,0,0,6,Home & Living,21,0,0.0,1650,"christmas ornament,xmas ornament,tree ornament,christmas decor,christmas gift,trucker ornament,personalized ornamen,funny ornament,holiday decor,truck ornament,novelty ornament,custom ornament",christmas ornament,xmas ornament,tree ornament,christmas decor,christmas gift,trucker ornament,personalized ornamen,funny ornament,holiday decor,truck ornament,novelty ornament,custom ornament,--
"Personalized Wheel Loader Christmas Ornament, Front Loader 2D Flat Acrylic, Construction Vehicle Tree Decor, Gift For Boys Holiday 2025",https://www.etsy.com/listing/4392321010/personalized-wheel-loader-christmas,TailoraShop,https://www.etsy.com/shop/TailoraShop,8.83,0,0,0,0,0,2 Mo.,0,0,1,Home & Living,11,0,0.0,580,"skid steer ornament,excavator ornament,construction gift,christmas ornament,custom name ornament,kids ornament,truck ornament,trucker gift,holiday keepsake,2025 christmas,personalizedornament,funnyloaderornament,wheel loaderornament",skid steer ornament,excavator ornament,construction gift,christmas ornament,custom name ornament,kids ornament,truck ornament,trucker gift,holiday keepsake,2025 christmas,personalizedornament,funnyloaderornament,wheel loaderornament
"Personalized Trucker 2D Flat Acrylic Ornament, Custom Name American Flag Semi Truck with Eagle Christmas Decor, Patriotic Gift for Driver",https://www.etsy.com/listing/4392869545/personalized-trucker-2d-flat-acrylic,BrianDevineShirt,https://www.etsy.com/shop/BrianDevineShirt,19.98,0,0,0,0,0,2 Mo.,1,0,18,Home & Living,16,0,0.0,9358,"trucker ornament,american flag,eagle truck,custom name,patriotic gift,usa truck,semi truck gift,christmas gift,driver ornament,2d flat ornament,truck driver gift,holiday decor,custom ornament",trucker ornament,american flag,eagle truck,custom name,patriotic gift,usa truck,semi truck gift,christmas gift,driver ornament,2d flat ornament,truck driver gift,holiday decor,custom ornament
"Personalized Truck Christmas Ornament, Custom Truck Christmas Acrylic Ornament, Christmas Gift For Truck Driver, Gift For Trucker Ornament",https://www.etsy.com/listing/4392465906/personalized-truck-christmas-ornament,DZineMonster,https://www.etsy.com/shop/DZineMonster,17.82,0,0,0,0,0,2 Mo.,0,0,8,Home & Living,38,0,0.0,645,"christmas ornament,personalized gift,christmas tree decor,christmas gift,personalize ornament,custom ornament,christmas decor,gift for trucker,truck ornament,trucker gift,trucker ornament,hanging ornament,christmas truck",christmas ornament,personalized gift,christmas tree decor,christmas gift,personalize ornament,custom ornament,christmas decor,gift for trucker,truck ornament,trucker gift,trucker ornament,hanging ornament,christmas truck
"Personalized Truck Christmas Ornament, Trucker Gift (2D Flat)",https://www.etsy.com/listing/4397853623/personalized-truck-christmas-ornament,LovelTreasures,https://www.etsy.com/shop/LovelTreasures,14.99,0,0,0,0,0,1 Mo.,0,0,1,Home & Living,10,0,0.0,982,"christmas 2025,boy ornament 2025,custom trash truck,trash truck fan,trash truck lovers,gifts for boys,christmas gifts,housewarming gifts,personalized gifts,kids ornament,trash truck ornament,truck ornament,gift for kids",christmas 2025,boy ornament 2025,custom trash truck,trash truck fan,trash truck lovers,gifts for boys,christmas gifts,housewarming gifts,personalized gifts,kids ornament,trash truck ornament,truck ornament,gift for kids
"3D Semi Truck Christmas Ornament Sublimation PNG, Round Christmas Ornament, Instant Digital Download 300 DPI, Christmas Trucker Ornament",https://www.etsy.com/listing/1596582218/3d-semi-truck-christmas-ornament,Patterly,https://www.etsy.com/shop/Patterly,5.92,0,0,0,0,0,28 Mo.,11,0,119,Art & Collectibles,36,0,0.0,16753,"ornament png,christmas ornament,christmas png,ornament digital,ornament download,ornament design,christmas digital,png for sublimation,christmas gifts,ornament sublimation,trucker ornament,truck ornament,winter ornament",ornament png,christmas ornament,christmas png,ornament digital,ornament download,ornament design,christmas digital,png for sublimation,christmas gifts,ornament sublimation,trucker ornament,truck ornament,winter ornament
"Hand Painted Trucker Girl, Mud Flap Christmas Tree Ornament",https://www.etsy.com/listing/4405150280/hand-painted-trucker-girl-mud-flap,DavidStasiakPhoto,https://www.etsy.com/shop/DavidStasiakPhoto,8.49,0,0,0,0,0,6 Mo.,2,0,5,Home & Living,78,0,0.0,2776,"round,clear,ornament,merry christmas,christmas,mud flap,trucker,girl,woman,truck,sexy,silhouette",round,clear,ornament,merry christmas,christmas,mud flap,trucker,girl,woman,truck,sexy,silhouette,--
"Trucker Chirstmas Truck Driver Family Gift for OTR Driver Ceramic Ornament, 4 Shapes",https://www.etsy.com/listing/1577650837/trucker-chirstmas-truck-driver-family,Truckerjunk,https://www.etsy.com/shop/Truckerjunk,14.99,0,0,0,0,0,32 Mo.,0,0,47,Home & Living,104,0,0.0,572,"christmas gift,xmas present,holiday decoration,christmas ornament,tree decor,santa truck,rudolph ornament,reindeer truck,christmas semi,xmas gift,santa big rig,peterbilt,kenworth",christmas gift,xmas present,holiday decoration,christmas ornament,tree decor,santa truck,rudolph ornament,reindeer truck,christmas semi,xmas gift,santa big rig,peterbilt,kenworth
"Personalized Wheel Loader Christmas Ornament, Wheel Loader Vehicles Equipment Ornament, Backhoe Loader Vehicles, Trucker Gift Thdso-2373",https://www.etsy.com/listing/4397500297/personalized-wheel-loader-christmas,PALMIU,https://www.etsy.com/shop/PALMIU,22.54,0,0,0,0,0,6 Mo.,0,0,9,Home & Living,13,0,0.0,1452,"christmas gift,christmas decor,christmas ornament,hanging ornament,family ornament,funny ornament gift,custom ornament gift,personalized gift,christmas keepsake,christmas in july,xmas ornament,car ornament,custom christmas",christmas gift,christmas decor,christmas ornament,hanging ornament,family ornament,funny ornament gift,custom ornament gift,personalized gift,christmas keepsake,christmas in july,xmas ornament,car ornament,custom christmas
"Personalized Bucket Truck Christmas Ornament, Lineman Truck Ornament, Utility Worker Ornament, Electrician Ornament, Trucker Gift Thdso-1307",https://www.etsy.com/listing/4385680284/personalized-bucket-truck-christmas,PALMIU,https://www.etsy.com/shop/PALMIU,22.54,0,0,0,0,0,7 Mo.,0,0,12,Home & Living,13,0,0.0,1452,"christmas gift,christmas decor,christmas ornament,hanging ornament,family ornament,funny ornament gift,custom ornament gift,personalized gift,christmas keepsake,christmas in july,xmas ornament,car ornament,custom christmas",christmas gift,christmas decor,christmas ornament,hanging ornament,family ornament,funny ornament gift,custom ornament gift,personalized gift,christmas keepsake,christmas in july,xmas ornament,car ornament,custom christmas
"Cap for Unisex, Dad Hat for Men and Women, Blue Dog Hat, Birthday & Anniversary Gifts for Him and Her",https://www.etsy.com/listing/1663618525/cap-for-unisex-dad-hat-for-men-and-women,CreativeCollabsCorp,https://www.etsy.com/shop/CreativeCollabsCorp,20.00,0,0,0,0,0,28 Mo.,0,0,40,Accessories,29,0,0.0,10,"cap for unisex,crochet cap,gifts for her,gifts for him,hockey ornament,valentines gift,black hat,sports hat,dad hat,blue dog hockey,graduation gift,anniversary gift,trucker hat",cap for unisex,crochet cap,gifts for her,gifts for him,hockey ornament,valentines gift,black hat,sports hat,dad hat,blue dog hockey,graduation gift,anniversary gift,trucker hat
"Personalized Wheel Loader Christmas Ornament, Wheel Loader Vehicles Equipment Ornament, Backhoe Loader Vehicles, Trucker Gift Thdso-1164",https://www.etsy.com/listing/4384694570/personalized-wheel-loader-christmas,PALMIU,https://www.etsy.com/shop/PALMIU,20.49,0,0,0,0,0,7 Mo.,0,0,16,Home & Living,13,0,0.0,1443,"christmas gift,christmas decor,christmas ornament,hanging ornament,family ornament,funny ornament gift,custom ornament gift,personalized gift,christmas keepsake,christmas in july,xmas ornament,car ornament,custom christmas",christmas gift,christmas decor,christmas ornament,hanging ornament,family ornament,funny ornament gift,custom ornament gift,personalized gift,christmas keepsake,christmas in july,xmas ornament,car ornament,custom christmas
"Manly Infused Car Charm, If You See Me Out There, Funny Scented Infused, Scented Wooden Charm, Truck Charms, Trucker",https://www.etsy.com/listing/1740420114/manly-infused-car-charm-if-you-see-me,GriswoldsGalore,https://www.etsy.com/shop/GriswoldsGalore,14.00,0,0,0,0,0,23 Mo.,0,0,24,Home & Living,128,0,0.0,5851,"white,ornament,name,unfinished,scented car charms,infused wooden charm,manly charm,fun scents,scented car charm,trucker,truck charm,man truck",white,ornament,name,unfinished,scented car charms,infused wooden charm,manly charm,fun scents,scented car charm,trucker,truck charm,man truck,--
"Adult Humor Ornament – Funny Christmas Glitter Bauble Decoration with “Sorry for the F-Bombs, This Year Was Crazy”",https://www.etsy.com/listing/1794498891/adult-humor-ornament-funny-christmas,JakenGemDesigns,https://www.etsy.com/shop/JakenGemDesigns,10.87,0,0,0,0,0,20 Mo.,1,0,31,Home & Living,99,0,0.0,3485,"glitter ornament,custom ornament,custom gift,personalized gift,glitter bauble,stocking stuffer,funny gift,funny ornament,dear santa,trucker mouth gift,fbombs,sorry santa",glitter ornament,custom ornament,custom gift,personalized gift,glitter bauble,stocking stuffer,funny gift,funny ornament,dear santa,trucker mouth gift,fbombs,sorry santa,--
"Farmer Tractor With Christmas Light Personalized Ornament, Custom Acrylic Christmas Decoration, Holiday Gift For Farmer",https://www.etsy.com/listing/4378044927/farmer-tractor-with-christmas-light,SMartCatShop,https://www.etsy.com/shop/SMartCatShop,19.98,0,0,0,0,0,8 Mo.,1,0,179,Home & Living,26,0,0.0,802,"christmas gift,christmas ornament,xmas gift,christmas tree decor,customized ornament,ornament,acrylic ornament,farm gift,truck gift,christmas truck,truck decor,trucker gift,truck",christmas gift,christmas ornament,xmas gift,christmas tree decor,customized ornament,ornament,acrylic ornament,farm gift,truck gift,christmas truck,truck decor,trucker gift,truck
Personalized Dump Truck Christmas Ornament | Glittered Elves Delivery  | Toddler or Child&#39;s Ornaments,https://www.etsy.com/listing/1268510876/personalized-dump-truck-christmas,OrnamentsAreForever,https://www.etsy.com/shop/OrnamentsAreForever,28.20,0,0,0,9,2,45 Mo.,6,0,234,Home & Living,103,0,3.85,29079,"christmas ornament,personalized,custom ornament,truck,truck ornament,gift for toddler boy,trucker ornament,gifts for truckers,trucker gifts,ornament for boys,garbage truck,dump truck,red truck",christmas ornament,personalized,custom ornament,truck,truck ornament,gift for toddler boy,trucker ornament,gifts for truckers,trucker gifts,ornament for boys,garbage truck,dump truck,red truck
"Bulldozers with Santa Hat Christmas Ornament, Truck Acrylic/Wooden Ornament, Christmas 2025 Gift Idea for Kids, Christmas Tree Hanging Decor",https://www.etsy.com/listing/4371030842/bulldozers-with-santa-hat-christmas,BlossomieWardrobe,https://www.etsy.com/shop/BlossomieWardrobe,17.76,0,0,0,0,0,8 Mo.,0,0,0,Home & Living,22,0,0.0,906,"custom ornament,2025 christmas,christmas decoration,2d ornament,christmas gift,christmas decor,personalized name,truck ornament,gift for kid,kid ornament,tractor ornament,truck christmas,trucker christmas",custom ornament,2025 christmas,christmas decoration,2d ornament,christmas gift,christmas decor,personalized name,truck ornament,gift for kid,kid ornament,tractor ornament,truck christmas,trucker christmas
"Yellow & Black Skulls on Chain / Halloween, Horror, Ghosts, Monsters, Zombies, Spooky, Scary, Boo, Car Charms, Trick or Treat, The Undead",https://www.etsy.com/listing/1531803602/yellow-black-skulls-on-chain-halloween,YourFantasyLand,https://www.etsy.com/shop/YourFantasyLand,13.99,0,0,0,0,0,33 Mo.,2,0,12,Electronics & Accessories,75,0,0.0,5753,"rear view mirror,trucker,mirror hangers,skull,skull hangers,gothic,bad boy,bad girl,car ornaments,skull figurines,skull decor,green bay packers,los angeles rams",rear view mirror,trucker,mirror hangers,skull,skull hangers,gothic,bad boy,bad girl,car ornaments,skull figurines,skull decor,green bay packers,los angeles rams
Real Brown Dice with Clear Bling Gems and Chain or Cord,https://www.etsy.com/listing/1058943209/real-brown-dice-with-clear-bling-gems,YourFantasyLand,https://www.etsy.com/shop/YourFantasyLand,21.99,0,0,0,0,0,58 Mo.,45,0,655,Electronics & Accessories,75,0,0.0,5753,"mirror dice,rear view mirror,car dice,dice,bling,made in usa,trucker,mirror hangers,clear,brown dice,car charm,car ornament,hanging dice",mirror dice,rear view mirror,car dice,dice,bling,made in usa,trucker,mirror hangers,clear,brown dice,car charm,car ornament,hanging dice
Handmade Chunky Crochet Gray Beanie: Cozy Winter Accessory with Braided Tassels.,https://www.etsy.com/listing/4381948390/handmade-chunky-crochet-gray-beanie-cozy,CloudBerryLoom,https://www.etsy.com/shop/CloudBerryLoom,99.46,0,0,0,0,0,7 Mo.,3,0,35,Accessories,9,0,0.0,365,"handmade ornament,crochet pattern hat,baby hat pattern,modern crochet,crochet winter hat,womens knit beanie,gray hat,friend gift,granny square hat,girl hat,hat band,trucker hat,christmas hat",handmade ornament,crochet pattern hat,baby hat pattern,modern crochet,crochet winter hat,womens knit beanie,gray hat,friend gift,granny square hat,girl hat,hat band,trucker hat,christmas hat
"Logging Truck Ornament, Personalized Custom Name Logger Gift, Trucker Xmas Decor, Heavy Equipment Holiday Keepsake UN5C25",https://www.etsy.com/listing/4415274256/logging-truck-ornament-personalized,LittleCraftGood,https://www.etsy.com/shop/LittleCraftGood,26.20,0,0,0,0,0,5 Mo.,0,0,10,Home & Living,13,0,0.0,5304,"logging truck,personalized gift,logger gift,trucker gift,acrylic ornament,custom name,heavy equipment,xmas keepsake,worker gift,truck decor,dad gift,unique gift",logging truck,personalized gift,logger gift,trucker gift,acrylic ornament,custom name,heavy equipment,xmas keepsake,worker gift,truck decor,dad gift,unique gift,--
"St. Patrick&#39;s Day Patches,Green Clover Shamrock Iron On Patch,Lucky Embroidered Patches",https://www.etsy.com/listing/1859644949/st-patricks-day-patchesgreen-clover,MORAGIO,https://www.etsy.com/shop/MORAGIO,3.90,0,0,0,14,1,17 Mo.,6,0,445,Accessories,48,0,3.15,43175,"applique and patch,shamrock ornament,green patches,patches for jacket,patches for bags,patches for hats,patches for jeans,trucker hat patches,diy patch,clothing patches,clover patch,lucky clover,shamrock patches",applique and patch,shamrock ornament,green patches,patches for jacket,patches for bags,patches for hats,patches for jeans,trucker hat patches,diy patch,clothing patches,clover patch,lucky clover,shamrock patches
"Personalized Semi Trucker Xmas Ornament For Trucker Driver, Flat Acrylic Truck Ornament For Dad, Semi Trucker Xmas Ornament, Semi KBT226",https://www.etsy.com/listing/1811546642/personalized-semi-trucker-xmas-ornament,SpringCityShopArt,https://www.etsy.com/shop/SpringCityShopArt,31.99,0,0,0,0,0,18 Mo.,0,0,17,Home & Living,52,0,0.0,15142,"semi truck christmas,semi truck ornament,ornament,christmas ornament,christmas ornaments,unique keepsake,company christmas,company gift,truck driver gift,christmas tree gift,christmas truck,gift for trucker,semi truck xmas",semi truck christmas,semi truck ornament,ornament,christmas ornament,christmas ornaments,unique keepsake,company christmas,company gift,truck driver gift,christmas tree gift,christmas truck,gift for trucker,semi truck xmas
"Personalized Truck Ornament, Truck Christmas Ornament, Truck Driver Ornament Gift, Trucker Gift, Truck Rearview Mirror Ornament TD-1018-QTH8",https://www.etsy.com/listing/1811847465/personalized-truck-ornament-truck,Huxyr,https://www.etsy.com/shop/Huxyr,21.58,0,0,0,0,0,20 Mo.,1,0,92,Home & Living,26,0,0.0,7332,"christmas gift,christmas decor,christmas ornament,hanging ornament,family ornament,funny ornament gift,custom ornament gift,personalized gift,christmas keepsake,christmas in july,xmas ornament,car ornament,custom christmas",christmas gift,christmas decor,christmas ornament,hanging ornament,family ornament,funny ornament gift,custom ornament gift,personalized gift,christmas keepsake,christmas in july,xmas ornament,car ornament,custom christmas
Copy of Facepalming Skull Trucker Cap | Christmas Ornaments Snowflakes,https://www.etsy.com/listing/4413893961/copy-of-facepalming-skull-trucker-cap,TrendsOnFleek,https://www.etsy.com/shop/TrendsOnFleek,28.00,0,0,0,0,0,1 Mo.,0,0,0,Accessories,0,0,0.0,0,"",--,--,--,--,--,--,--,--,--,--,--,--,--
"Personalized Logging Truck Ornament Custom Name Acrylic Christmas Decoration, Forestry Vehicle Ornament, Wood Hauler Trucker Gift",https://www.etsy.com/listing/4366836203/personalized-logging-truck-ornament,MarcBogieTee,https://www.etsy.com/shop/MarcBogieTee,23.88,0,0,0,0,0,1 Mo.,0,0,19,Home & Living,3,0,0.0,326,"logging truck,forestry gift,wood hauler,truck driver gift,custom truck,acrylic ornament,personalized gift,lumberjack gift,timber truck,heavy equipment,trucker gift,christmas truck,custom name",logging truck,forestry gift,wood hauler,truck driver gift,custom truck,acrylic ornament,personalized gift,lumberjack gift,timber truck,heavy equipment,trucker gift,christmas truck,custom name
FedEx Ornament (Our Favorite) DESIGN ONLY,https://www.etsy.com/listing/1042957814/fedex-ornament-our-favorite-design-only,FellyMayDesigns,https://www.etsy.com/shop/FellyMayDesigns,4.00,0,0,0,0,0,58 Mo.,2,0,60,Art & Collectibles,82,0,0.0,1031,"occupation,ornament,christmas,favorite,decoration,sublimation,printable,job,federal express,fedex,delivery,packages,trucker",occupation,ornament,christmas,favorite,decoration,sublimation,printable,job,federal express,fedex,delivery,packages,trucker
"Semi Truck Ornament, Personalized Truck Ornament, Truck Driver Gift, Trucker Favor, Custom Ornaments, Small Gifts, Truck Driver Ornament",https://www.etsy.com/listing/632542719/semi-truck-ornament-personalized-truck,OrnamentsbyElves,https://www.etsy.com/shop/OrnamentsbyElves,27.95,0,0,0,74,16,94 Mo.,52,0,2238,Home & Living,144,0,3.31,86613,"semi truck ornament,truck driver gift,trucker favor,custom ornaments,small gifts,personalize ornament,truck ornament,kids truck ornament,trucker ornament,4 wheeler ornament,18 wheeler ornament,truck gift,truck decor",semi truck ornament,truck driver gift,trucker favor,custom ornaments,small gifts,personalize ornament,truck ornament,kids truck ornament,trucker ornament,4 wheeler ornament,18 wheeler ornament,truck gift,truck decor
"Personalized Christmas Truck Ornament - Christmas Car, Pickup Decor, Automobile - Snowy Truck with Tree - Free Customization with Gift Box",https://www.etsy.com/listing/1315149817/personalized-christmas-truck-ornament,OrnamentsbyElves,https://www.etsy.com/shop/OrnamentsbyElves,27.95,0,0,0,0,0,44 Mo.,8,0,182,Home & Living,144,0,0.0,86613,"personalize ornament,custom ornament,christmas ornament,car ornament,station wagon,truck ornament,christmas tree,vehicle ornament,trucker ornament,car decor,holiday trucks,automobile ornament,holiday car",personalize ornament,custom ornament,christmas ornament,car ornament,station wagon,truck ornament,christmas tree,vehicle ornament,trucker ornament,car decor,holiday trucks,automobile ornament,holiday car
"Trucker Ornament Engraved on Wood – Rustic Semi Truck Christmas Decoration, Gift for Truck Drivers, Trucker Wife Ornament",https://www.etsy.com/listing/4365967246/trucker-ornament-engraved-on-wood-rustic,engravino,https://www.etsy.com/shop/engravino,18.00,0,0,0,0,0,8 Mo.,0,0,25,Home & Living,12,0,0.0,2,"memorialgift,housewarminggift,birthdaygift,christmasgift,wedddinggift,anniversary gift,engravedornament,engravedwood,woodengraved,giftforwife,giftforhusband,gift,gifts",memorialgift,housewarminggift,birthdaygift,christmasgift,wedddinggift,anniversary gift,engravedornament,engravedwood,woodengraved,giftforwife,giftforhusband,gift,gifts
"Nut and Bolt Truck, Scrap Metal Art Truck Sculpture, Metal Truck Figurine, Gift For Him, Recycled Metal Art, Welded Metal Art",https://www.etsy.com/listing/1886841638/nut-and-bolt-art-truck-scrap-metal-art,smallgarageworkshop,https://www.etsy.com/shop/smallgarageworkshop,32.01,0,0,0,3,1,13 Mo.,6,0,238,Art & Collectibles,62,0,1.26,299,"nut and bolt art,scrap metal art,nuts and bolts,welded art,metal figurine gift,truck sculpture,nut and bolt truck,truck figurine,metal truck,trucker gift,upcycling gift,traucker gift,scrap metal ornament",nut and bolt art,scrap metal art,nuts and bolts,welded art,metal figurine gift,truck sculpture,nut and bolt truck,truck figurine,metal truck,trucker gift,upcycling gift,traucker gift,scrap metal ornament
"Personalized Truck Ornament, Custom Name Semi Truck Christmas Decor, Trucker Gift, Holiday Tree Ornament, Big Rig Driver Custom Decoration",https://www.etsy.com/listing/4390036986/personalized-truck-ornament-custom-name,DanielFiStudio,https://www.etsy.com/shop/DanielFiStudio,19.95,0,0,0,0,0,1 Mo.,0,0,0,Home & Living,2,0,0.0,113,"truck ornament,trucker gift,semi truck decor,custom ornament,driver gift,holiday decor,xmas tree decor,personalized gift,custom name gift,big rig lover,truck driver,funny ornament,christmas decor",truck ornament,trucker gift,semi truck decor,custom ornament,driver gift,holiday decor,xmas tree decor,personalized gift,custom name gift,big rig lover,truck driver,funny ornament,christmas decor
Custom Truck Christmas Ornament/Ornament for Truck Driver/Truck Christmas Acrylic Ornament/Trucker Christmas Light/Truck Driver Christmas,https://www.etsy.com/listing/1793518858/custom-truck-christmas-ornamentornament,HandArtGiftShop,https://www.etsy.com/shop/HandArtGiftShop,38.34,0,0,0,8,2,14 Mo.,4,0,154,Home & Living,44,0,5.19,17844,"trucker christmas,trucker acrylic gift,trucker ornament,truck ornament gift,tractor ornaments,trucker gift,truck driver gift,gift for trucker,for trucker driver",trucker christmas,trucker acrylic gift,trucker ornament,truck ornament gift,tractor ornaments,trucker gift,truck driver gift,gift for trucker,for trucker driver,--,--,--,--
Embroidered Foam Trucker Hat: Christmas Ornament Chase,https://www.etsy.com/listing/4392670537/embroidered-foam-trucker-hat-christmas,LifeStyleCreation,https://www.etsy.com/shop/LifeStyleCreation,30.99,0,0,0,0,0,4 Mo.,0,0,4,Accessories,76,0,0.0,1204,"foam trucker hat,embroidered cap,holiday hat,festive accessories,casual outdoor wear,gift for him,gift for her,winter fashion,christmas apparel,seasonal headwear,trendy baseball cap,unique holiday gift,street style hat",foam trucker hat,embroidered cap,holiday hat,festive accessories,casual outdoor wear,gift for him,gift for her,winter fashion,christmas apparel,seasonal headwear,trendy baseball cap,unique holiday gift,street style hat
"LaserGram Faux Leather Tree Shape Christmas Ornament, Truck Cab, Personalized Engraving Included",https://www.etsy.com/listing/879248234/lasergram-faux-leather-tree-shape,LaserGramGifts,https://www.etsy.com/shop/LaserGramGifts,14.99,0,0,0,0,0,67 Mo.,0,0,11,Home & Living,75,0,0.0,48175,"custom,customized,glass,crystal,hanging,christmas tree,ornament,pendant,trucker,trucking,driver,bus,transportation",custom,customized,glass,crystal,hanging,christmas tree,ornament,pendant,trucker,trucking,driver,bus,transportation
Bucket Truck Christmas Ornament-Personalized Bucket Truck Driver Ornament Gift-Bucket Driver Bauble-Custom Bucket Truck Operator Gift-Bucket,https://www.etsy.com/listing/1800336175/bucket-truck-christmas-ornament,Dottie0123,https://www.etsy.com/shop/Dottie0123,24.98,0,0,0,0,0,20 Mo.,0,0,15,Home & Living,66,0,0.0,4027,"truck driver,tractor ornament,bucket truck driver,bucket driver bauble,gift for trucker,bucket truck gift,stocking stuffer,christmas gift,lineman truck gift,bucket truck,ceramic ornament,bucket truck bauble,arborist truck",truck driver,tractor ornament,bucket truck driver,bucket driver bauble,gift for trucker,bucket truck gift,stocking stuffer,christmas gift,lineman truck gift,bucket truck,ceramic ornament,bucket truck bauble,arborist truck
Personalized Skid Steer Loader Ornament: Christmas Trucker Gift,https://www.etsy.com/listing/4387826181/personalized-skid-steer-loader-ornament,DureyaSaulsstore,https://www.etsy.com/shop/DureyaSaulsstore,6.99,0,0,0,0,0,1 Mo.,0,0,4,Home & Living,5,0,0.0,205,"christmas ornament,christmas gift,christmas ornaments,xmas tree decor,personalized gift,custom ornament,tree hanging,christmas tree,skid steer loader,trucker gift,trucker ornament,trucker christmas,2025 xmas ornament",christmas ornament,christmas gift,christmas ornaments,xmas tree decor,personalized gift,custom ornament,tree hanging,christmas tree,skid steer loader,trucker gift,trucker ornament,trucker christmas,2025 xmas ornament
"Printed Dump Truck Christmas Tree Acrylic Ornament, Personalized Truck Driver Holiday Decoration, Construction Worker Gift for Men 2025",https://www.etsy.com/listing/4371057257/printed-dump-truck-christmas-tree,AoDaibyKimOanh,https://www.etsy.com/shop/AoDaibyKimOanh,22.87,0,0,0,0,0,1 Mo.,0,0,0,Home & Living,37,0,0.0,5989,"industry xmas gift,dump truck xmas,dump trucker,dump truck gift,xmas  dump truck,work truck ornament,xmas trucker gift,xmas work truck,builder trucker gift,xmas dump trucker",industry xmas gift,dump truck xmas,dump trucker,dump truck gift,xmas  dump truck,work truck ornament,xmas trucker gift,xmas work truck,builder trucker gift,xmas dump trucker,--,--,--
"Custom Yellowstone Trucker Hat, National Park, Yellowstone National Park, Wyoming Trucker Hat, Gold Embroidered Trucker Hat, Yellowstone",https://www.etsy.com/listing/1864746110/custom-yellowstone-trucker-hat-national,ZephyrStreet,https://www.etsy.com/shop/ZephyrStreet,37.00,0,0,0,0,0,15 Mo.,2,0,23,Accessories,35,0,0.0,502,"us national parks,yellowstone national,park,yellowstone,yellowstone shirt,yellowstone ornament,wyoming,national park map,park shirt,yellowstone gifts,embroidered trucker,hat,custom trucker hat",us national parks,yellowstone national,park,yellowstone,yellowstone shirt,yellowstone ornament,wyoming,national park map,park shirt,yellowstone gifts,embroidered trucker,hat,custom trucker hat
"Custom Truck Driver Mug: Funny Cartoon Trucker Coffee Cup, Personalized Gift for Dad, Brother, or Coworker, Highway Hero Big Rig Driver Mug",https://www.etsy.com/listing/4332614987/custom-truck-driver-mug-funny-cartoon,MakeMyLove,https://www.etsy.com/shop/MakeMyLove,21.99,0,0,0,6,1,10 Mo.,1,0,38,Home & Living,100,0,15.79,2248,"handcrafted mugs,custom portraits,holiday presents,nashville ornament,trucker mug,truck driver gift,big rig gift,semi truck gift,highway hero mug,trucker coffee cup,gift for dad,work mug,retirement gift",handcrafted mugs,custom portraits,holiday presents,nashville ornament,trucker mug,truck driver gift,big rig gift,semi truck gift,highway hero mug,trucker coffee cup,gift for dad,work mug,retirement gift
"Personalized Santa Claus Driving Ambulance Truck Ornament, Santa Claus Ornament, Trucker Ornament Xmas, Truck Driver Ornament Gift NN1-1103",https://www.etsy.com/listing/4404608726/personalized-santa-claus-driving,Zentati,https://www.etsy.com/shop/Zentati,23.36,0,0,0,0,0,6 Mo.,0,0,1,Home & Living,14,0,0.0,947,"christmas gift,christmas decor,christmas ornament,hanging ornament,family ornament,funny ornament gift,custom ornament gift,personalized gift,christmas keepsake,christmas in july,xmas ornament,car ornament,custom christmas",christmas gift,christmas decor,christmas ornament,hanging ornament,family ornament,funny ornament gift,custom ornament gift,personalized gift,christmas keepsake,christmas in july,xmas ornament,car ornament,custom christmas
"Santa’s Favorite Truck Driver – Personalized Christmas Ornament, Name & 2025, CDL Driver Gift",https://www.etsy.com/listing/4410176911/santas-favorite-truck-driver,CraftyMugUS,https://www.etsy.com/shop/CraftyMugUS,8.49,0,0,0,12,4,6 Mo.,3,1,265,Home & Living,25,0,4.53,1982,"truck driver,trucker,trucking,cdl driver,semi truck,personalized,custom name,name and year,2025 ornament,christmas ornament,tree ornament,holiday gift,ceramic ornament",truck driver,trucker,trucking,cdl driver,semi truck,personalized,custom name,name and year,2025 ornament,christmas ornament,tree ornament,holiday gift,ceramic ornament
"Christmas 2025 Red Semi Truck Ornament, Flat 2D Acrylic Custom Trucker Big Rig",https://www.etsy.com/listing/4404647766/christmas-2025-red-semi-truck-ornament,NostalgicPineLane,https://www.etsy.com/shop/NostalgicPineLane,24.99,0,0,0,0,0,6 Mo.,2,0,62,Home & Living,6,0,0.0,421,"truck ornament,semi truck gift,custom ornament,big rig ornament,christmas ornament,transportation decor,custom truck decor,long haul gift,diesel lover gift,freightliner xmas,truck driver gift,trucker xmas gift,driver holiday gift",truck ornament,semi truck gift,custom ornament,big rig ornament,christmas ornament,transportation decor,custom truck decor,long haul gift,diesel lover gift,freightliner xmas,truck driver gift,trucker xmas gift,driver holiday gift
"Personalized Fire Truck Christmas Ornament, Trucker Christmas Light Ornament, Customized 2024 Christmas Tree Decor Xmas Gift For Firefighter",https://www.etsy.com/listing/1787420320/personalized-fire-truck-christmas,EDesignShopUSA,https://www.etsy.com/shop/EDesignShopUSA,23.99,0,0,0,112,22,20 Mo.,40,1,2289,Home & Living,36,39,4.89,49842,"christmas tree decor,xmas ornament,family xmas keepsake,ceramic ornament,ornament for kids,truck gift for dad,children ornament,truck ornaments,fire truck,fire truck ornament,firefighter name,fighter lover gift,firefighter dad gift",christmas tree decor,xmas ornament,family xmas keepsake,ceramic ornament,ornament for kids,truck gift for dad,children ornament,truck ornaments,fire truck,fire truck ornament,firefighter name,fighter lover gift,firefighter dad gift
Personalized Mailman Ornament w/ FREE VELVET POUCH,https://www.etsy.com/listing/1079507111/personalized-mailman-ornament-w-free,SomethingSweetFavor2,https://www.etsy.com/shop/SomethingSweetFavor2,10.00,0,0,0,0,0,56 Mo.,1,0,34,Home & Living,81,0,0.0,5806,"christmas ornaments,christmas gifts,family christmas,family ornaments,trucker ornaments,christmas truck,country christmas,mailman ornament,mailman christmas,mail carrier gifts,delivery driver gift,delivery driver,driver ornament",christmas ornaments,christmas gifts,family christmas,family ornaments,trucker ornaments,christmas truck,country christmas,mailman ornament,mailman christmas,mail carrier gifts,delivery driver gift,delivery driver,driver ornament
SEMITRUCK ORNAMENT-Trucker-Long Hauler-18 Wheeler Ornament,https://www.etsy.com/listing/917178283/semitruck-ornament-trucker-long-hauler,TreeTrimmersShop,https://www.etsy.com/shop/TreeTrimmersShop,21.95,0,0,0,0,0,65 Mo.,3,0,58,Home & Living,104,0,0.0,21066,"trucks,trucker,18 wheeler ornament,truck ornament,tree trimmers,free personalizing,truck ornaments,christmas ornaments,christmas ornament,trucker ornament,trucker ornaments,christmas,personalized",trucks,trucker,18 wheeler ornament,truck ornament,tree trimmers,free personalizing,truck ornaments,christmas ornaments,christmas ornament,trucker ornament,trucker ornaments,christmas,personalized
"Personalized Logging Truck Ornament, Custom Name Logger Gift, Trucker Xmas Decor, Heavy Equipment Holiday Keepsake Umds-513",https://www.etsy.com/listing/4409630484/personalized-logging-truck-ornament,Zenyal,https://www.etsy.com/shop/Zenyal,25.38,0,0,0,0,0,6 Mo.,0,0,2,Home & Living,9,0,0.0,1327,"christmas ornament,ornament gift,christmas decor,christmas keepsake,christmas gift,family christmas,christmas tree decor,christmas hanging,ornament  gift,personalized gift,custom ornament,custom christmas,car ornament",christmas ornament,ornament gift,christmas decor,christmas keepsake,christmas gift,family christmas,christmas tree decor,christmas hanging,ornament  gift,personalized gift,custom ornament,custom christmas,car ornament
"Semi Trailer Big Truck Personalized Ornament, Unique Truckers Gifts, Cool Gifts For Truck Drivers, Big Rigs Xmas Decor, Acrylic Ornaments",https://www.etsy.com/listing/1079660221/semi-trailer-big-truck-personalized,KoolKoolCustomDesign,https://www.etsy.com/shop/KoolKoolCustomDesign,15.95,0,0,0,24,8,56 Mo.,55,0,1329,Home & Living,65,0,1.81,14845,"gifts for truckers,trucker husband gift,trucker mom gifts,trucker wife gifts,big rig racing gift,tow truck gifts,big truck xmas gift,truck drivers xmas,flatbed truck xmas,18 wheeler gift,heavy duty trucks,big truck ornament,semi truck ornament",gifts for truckers,trucker husband gift,trucker mom gifts,trucker wife gifts,big rig racing gift,tow truck gifts,big truck xmas gift,truck drivers xmas,flatbed truck xmas,18 wheeler gift,heavy duty trucks,big truck ornament,semi truck ornament
Peterbilt Trucker - In Loving Memory - Remembrance Keepsake Engraved Ornament - Personalized,https://www.etsy.com/listing/1111113641/peterbilt-trucker-in-loving-memory,AlpineEngraving,https://www.etsy.com/shop/AlpineEngraving,14.95,0,0,0,96,22,55 Mo.,28,0,904,Home & Living,165,0,10.62,17011,"custom ornament,in loving memory,remembrance ornament,peterbilt memorial,peterbilt ornament,peterbilt memory,peterbilt epitaph,peterbilt trucker,trucker memorial,trucker ornament,trucker epitaph,trucker remembrance,trucker driver death",custom ornament,in loving memory,remembrance ornament,peterbilt memorial,peterbilt ornament,peterbilt memory,peterbilt epitaph,peterbilt trucker,trucker memorial,trucker ornament,trucker epitaph,trucker remembrance,trucker driver death
"Christmas Fastfood Truck Ornament, Custom Fast Food Truck Christmas Acrylic Ornament, 2025 Xmas Gift For Truck Driver, Trucker Ornament",https://www.etsy.com/listing/4386712273/christmas-fastfood-truck-ornament-custom,TuanTuProDesigns,https://www.etsy.com/shop/TuanTuProDesigns,26.99,0,0,0,0,0,7 Mo.,0,0,22,Home & Living,16,0,0.0,881,"christmas gift,christmas ornament,hanging ornament,car mirror ornament,car mirror decor,christmas keepsake,food truck ornament,food truck gifts,food delivery,food lover ornament,custom food truck,food driver,acrylic ornament",christmas gift,christmas ornament,hanging ornament,car mirror ornament,car mirror decor,christmas keepsake,food truck ornament,food truck gifts,food delivery,food lover ornament,custom food truck,food driver,acrylic ornament
"Christmas Embroidery Patch,Christmas Tree Patch,Snowman,Santa Claus,Gingerbread Man Patch, Iron On Patch",https://www.etsy.com/listing/4347309598/christmas-embroidery-patchchristmas-tree,MORAGIO,https://www.etsy.com/shop/MORAGIO,2.00,0,0,0,0,0,10 Mo.,5,0,170,Accessories,48,0,0.0,43175,"christmas applique,christmas patch,applique patches,christmas gifts,winter decor,christmas ornament,patches for jacket,patches for bags,patches for hats,patches for jeans,trucker hat patches,patches clothes,diy patches",christmas applique,christmas patch,applique patches,christmas gifts,winter decor,christmas ornament,patches for jacket,patches for bags,patches for hats,patches for jeans,trucker hat patches,patches clothes,diy patches
"Christmas Patch,Christmas Balls,Santa Claus Patch,Christmas Tree Patch,Snowman,Elk Patch,Christmas Embroidery Patch,Iron On Patch",https://www.etsy.com/listing/4344333008/christmas-patchchristmas-ballssanta,MORAGIO,https://www.etsy.com/shop/MORAGIO,2.14,0,0,0,14,1,11 Mo.,6,0,126,Accessories,48,0,11.11,43175,"christmas gift,applique patch,patches for jacket,patches for bags,patches for hats,patches for jeans,clothing patches,christmas applique,winter decor,diy patches,holiday ornament,trucker hat patches,christmas embellish",christmas gift,applique patch,patches for jacket,patches for bags,patches for hats,patches for jeans,clothing patches,christmas applique,winter decor,diy patches,holiday ornament,trucker hat patches,christmas embellish
"Personalized Truck Ornament, Truck Christmas Ornament, Truck Driver Ornament Gift, Trucker Gift, Truck Rearview Mirror Ornament TD-1111-QWJG",https://www.etsy.com/listing/1811049714/personalized-truck-ornament-truck,Huxyr,https://www.etsy.com/shop/Huxyr,21.58,0,0,0,0,0,19 Mo.,1,0,35,Home & Living,26,0,0.0,7332,"christmas gift,christmas decor,christmas ornament,hanging ornament,family ornament,funny ornament gift,custom ornament gift,personalized gift,christmas keepsake,christmas in july,xmas ornament,car ornament,custom christmas",christmas gift,christmas decor,christmas ornament,hanging ornament,family ornament,funny ornament gift,custom ornament gift,personalized gift,christmas keepsake,christmas in july,xmas ornament,car ornament,custom christmas
"Personalized Fire Truck Christmas Ornament, Trucker Christmas Light Ornament, 2025 Christmas Tree Decor Xmas Gift For Firefighter NFX217",https://www.etsy.com/listing/4399097076/personalized-fire-truck-christmas,ReboundSevicesShop,https://www.etsy.com/shop/ReboundSevicesShop,21.98,0,0,0,0,0,7 Mo.,0,0,0,Home & Living,13,0,0.0,7108,"christmas tree decor,xmas ornament,family xmas keepsake,ceramic ornament,ornament for kids,truck gift for dad,children ornament,truck ornaments,fire truck,fire truck ornament,firefighter name,fighter lover gift,firefighter dad gift",christmas tree decor,xmas ornament,family xmas keepsake,ceramic ornament,ornament for kids,truck gift for dad,children ornament,truck ornaments,fire truck,fire truck ornament,firefighter name,fighter lover gift,firefighter dad gift
Baseball Junkie | Baseball SVG | Baseball PNG | Baseball Shirt | Baseball Hat | Baseball Mom | Baseball Mom SVG | Baseball Mom Shirt,https://www.etsy.com/listing/1379673656/baseball-junkie-baseball-svg-baseball,CassandraLeeGray,https://www.etsy.com/shop/CassandraLeeGray,3.33,0,0,0,0,0,26 Mo.,0,0,2,Craft Supplies & Tools,37,0,0.0,828,"baseball png,baseball coach,baseball hat,baseball cut file,baseball vector,baseball design,baseball cap,baseball trucker cap,baseball ornament,baseball print,custom baseball hat,baseball font,baseball helmet",baseball png,baseball coach,baseball hat,baseball cut file,baseball vector,baseball design,baseball cap,baseball trucker cap,baseball ornament,baseball print,custom baseball hat,baseball font,baseball helmet
"Trucker Ornaments Set of 9 Engraved on Wood – Rustic Semi Truck Christmas Decoration, Gift for Truck Drivers, Bundle of 9 Ornament",https://www.etsy.com/listing/4366519646/trucker-ornaments-set-of-9-engraved-on,engravino,https://www.etsy.com/shop/engravino,18.00,0,0,0,0,0,8 Mo.,5,0,102,Home & Living,12,0,0.0,2,"memorialgift,housewarminggift,birthdaygift,christmasgift,wedddinggift,anniversary gift,engravedornament,engravedwood,woodengraved,giftforwife,giftforhusband,gift,gifts",memorialgift,housewarminggift,birthdaygift,christmasgift,wedddinggift,anniversary gift,engravedornament,engravedwood,woodengraved,giftforwife,giftforhusband,gift,gifts
Trucker Christmas Ornament  Christmas Gift For Trucker Wooden Ornament Christmas Gift For Truck Lover 2024 Ornament Gift Christmas Decor,https://www.etsy.com/listing/1810660685/trucker-christmas-ornament-christmas,LalibeeCrochet,https://www.etsy.com/shop/LalibeeCrochet,16.00,0,0,0,0,0,7 Mo.,0,0,0,Home & Living,32,0,0.0,1266,"ornament,keepsake ornament,christmas ornament,plywood ornament,hanging ornament,halloween ornament,gift for lover,christmas gift,personalized gift,wood ornament,hanging wood,keepsake gift",ornament,keepsake ornament,christmas ornament,plywood ornament,hanging ornament,halloween ornament,gift for lover,christmas gift,personalized gift,wood ornament,hanging wood,keepsake gift,--
"Personalized White Trucks Custom Name Shaped Ornament Acrylic Flat 2D, Christmas Gift For Truck Driver, Gift For Trucker Ornament",https://www.etsy.com/listing/1810948998/personalized-white-trucks-custom-name,ZelosAudioLLC,https://www.etsy.com/shop/ZelosAudioLLC,19.95,0,0,0,0,0,5 Mo.,0,0,33,Home & Living,8,0,0.0,4046,"christmas ornament,christmas gift,xmas gift,custom ornament,hanging chirstmas,hanging ornament,2024 ornament,xmas tree hanging,white trucks gift,trucks keepsake,truck  ornament,gift for driver,truck lover",christmas ornament,christmas gift,xmas gift,custom ornament,hanging chirstmas,hanging ornament,2024 ornament,xmas tree hanging,white trucks gift,trucks keepsake,truck  ornament,gift for driver,truck lover
"Semi Truck Christmas Ornament Acrylic Flat 2D, Decorations Best Christmas Gifts For Truck Drivers Truckers, Christmas Gift For Truck Driver",https://www.etsy.com/listing/1810949710/semi-truck-christmas-ornament-acrylic,ZelosAudioLLC,https://www.etsy.com/shop/ZelosAudioLLC,19.95,0,0,0,0,0,5 Mo.,0,0,98,Home & Living,8,0,0.0,4046,"christmas ornament,personalized gift,christmas tree decor,christmas gift,personalize ornament,custom ornament,christmas decor,gift for trucker,truck ornament,trucker gift,trucker ornament,hanging ornament,christmas truck",christmas ornament,personalized gift,christmas tree decor,christmas gift,personalize ornament,custom ornament,christmas decor,gift for trucker,truck ornament,trucker gift,trucker ornament,hanging ornament,christmas truck
"Custom Yellowstone Dad Hat, National Park, Yellowstone National Park, Wyoming Baseball Hat, Black Embroidered Dad Hat, Yellowstone",https://www.etsy.com/listing/1866471188/custom-yellowstone-dad-hat-national-park,ZephyrStreet,https://www.etsy.com/shop/ZephyrStreet,37.00,0,0,0,0,0,15 Mo.,0,0,11,Accessories,35,0,0.0,502,"us national parks,yellowstone national,park,yellowstone,yellowstone shirt,yellowstone ornament,wyoming,national park map,park shirt,yellowstone gifts,embroidered trucker,hat,custom trucker hat",us national parks,yellowstone national,park,yellowstone,yellowstone shirt,yellowstone ornament,wyoming,national park map,park shirt,yellowstone gifts,embroidered trucker,hat,custom trucker hat
Die Hard Christmas Ornament- yippee ki-yay mother trucker (TV edit vesion),https://www.etsy.com/listing/1648103352/die-hard-christmas-ornament-yippee-ki,drockpress,https://www.etsy.com/shop/drockpress,12.50,0,0,0,0,0,28 Mo.,5,0,79,Home & Living,195,0,0.0,2887,"christmas movie,christmas tree,christmas ornament,gag gift,bruce willis,holiday decoration,john mcclain,funny christmas,stocking stuffer,christmas party,die hard,gifts for him,air duct",christmas movie,christmas tree,christmas ornament,gag gift,bruce willis,holiday decoration,john mcclain,funny christmas,stocking stuffer,christmas party,die hard,gifts for him,air duct
Fat Guy Trucker Stripper Shape Ornament - Plastic (White) (Laser Cut Acrylic),https://www.etsy.com/listing/1068636976/fat-guy-trucker-stripper-shape-ornament,EconomyOrnament,https://www.etsy.com/shop/EconomyOrnament,3.99,0,0,0,5,1,56 Mo.,13,0,224,Home & Living,103,0,2.23,4668,"economy ornament,cheap ornament,flat ornament,christmas ornament,secret santa,white elephant,fat dude,fat stripper,stripper shape,funny stripper,joke ornament,bachelor party,drunk ornament",economy ornament,cheap ornament,flat ornament,christmas ornament,secret santa,white elephant,fat dude,fat stripper,stripper shape,funny stripper,joke ornament,bachelor party,drunk ornament
Personalized Monster Truck Christmas Ornament | Demolition Derby | Ornament for Boy | Gift for Trucker | Boys Truck Ornament | Truck Lover,https://www.etsy.com/listing/1516510178/personalized-monster-truck-christmas,FromthePinesSupplyCo,https://www.etsy.com/shop/FromthePinesSupplyCo,13.00,0,0,0,228,55,34 Mo.,220,2,4455,Home & Living,61,42,5.12,16313,"big truck,truck driver,truck ornament,truck christmas,personalized truck,monster truck,demolition derby,county fair,monster truck gift,truck,monster truck rally,monster jam,pick up truck",big truck,truck driver,truck ornament,truck christmas,personalized truck,monster truck,demolition derby,county fair,monster truck gift,truck,monster truck rally,monster jam,pick up truck
"Personalized Trucker Christmas Ornament: 2D Acrylic, Double-Sided",https://www.etsy.com/listing/4375130366/personalized-trucker-christmas-ornament,HandmadeChristineLtd,https://www.etsy.com/shop/HandmadeChristineLtd,24.20,0,0,0,0,0,2 Mo.,0,0,1,Home & Living,4,0,0.0,344,"flat ornament,christmas,xmas gift,personalized,shaped ornament,tractor,tractor driver,truck driver,trucker,tractor ornament,lineman,for trucker driver,christmas 2025",flat ornament,christmas,xmas gift,personalized,shaped ornament,tractor,tractor driver,truck driver,trucker,tractor ornament,lineman,for trucker driver,christmas 2025
"Lineman Bucket Truck Ornament, Personalized Xmas Decor, Gift for Dad, Custom Name Tree Ornament, Utility Worker Gift, Electrician Ornament",https://www.etsy.com/listing/4398710915/lineman-bucket-truck-ornament,TaboadaFashionFunny,https://www.etsy.com/shop/TaboadaFashionFunny,19.95,0,0,0,0,0,1 Mo.,1,0,14,Home & Living,22,0,0.0,105,"christmas ornament,personalized gift,christmas tree decor,christmas gift,custom ornament,christmas decor,gift for trucker,truck ornament,trucker gift,trucker ornament,christmas truck,bucket truck,lineman gift",christmas ornament,personalized gift,christmas tree decor,christmas gift,custom ornament,christmas decor,gift for trucker,truck ornament,trucker gift,trucker ornament,christmas truck,bucket truck,lineman gift
"Personalized Semi Truck Ornament, Truck Driver Gift , 2D Flat Christmas Decoration, Big Rig Ornament, Trucker Christmas Gift 2025",https://www.etsy.com/listing/4388428914/personalized-semi-truck-ornament-truck,BobbyFashion,https://www.etsy.com/shop/BobbyFashion,19.95,0,0,0,0,0,2 Mo.,0,0,119,Home & Living,23,25,0.0,1096,"truck ornament,semi truck gift,custom ornament,big rig ornament,christmas ornament,transportation decor,custom truck decor,long haul gift,diesel lover gift,freightliner xmas,truck driver gift,trucker xmas gift,driver holiday gift",truck ornament,semi truck gift,custom ornament,big rig ornament,christmas ornament,transportation decor,custom truck decor,long haul gift,diesel lover gift,freightliner xmas,truck driver gift,trucker xmas gift,driver holiday gift
"Personalized Concrete Mixer Truck Ornament, Custom 2D Flat Acrylic Christmas Decoration, Truck Keepsake 2025",https://www.etsy.com/listing/4370436790/personalized-concrete-mixer-truck,PersonalizedPaperBR,https://www.etsy.com/shop/PersonalizedPaperBR,17.32,0,0,0,0,0,5 Mo.,0,0,22,Home & Living,10,0,0.0,1756,"christmas gift,christmas ornament,xmas gift,acrylic ornament,christmas tree decor,customized ornament,gift for him,truck christmas,truck gift,christmas truck,truck decor,trucker gift,truck",christmas gift,christmas ornament,xmas gift,acrylic ornament,christmas tree decor,customized ornament,gift for him,truck christmas,truck gift,christmas truck,truck decor,trucker gift,truck
"Personalized Christmas Firefighter Ornament, Christmas Gift for Firefighter, Firetruck Ornament, Fireman Gift, Fireman Dad Gift Trucker Gift",https://www.etsy.com/listing/4403342956/personalized-christmas-firefighter,Lomaskind,https://www.etsy.com/shop/Lomaskind,6.03,0,0,0,0,0,1 Mo.,0,0,3,Home & Living,19,0,0.0,269,"custom ornament,christmas ornaments,christmas decor,firefighter ornament,firefighter gift,xmas fireman gift,holiday decor,gift for firefighter,firefighter uniform,gift for fireman,gift for dad,fire truck gift,christmas car decor",custom ornament,christmas ornaments,christmas decor,firefighter ornament,firefighter gift,xmas fireman gift,holiday decor,gift for firefighter,firefighter uniform,gift for fireman,gift for dad,fire truck gift,christmas car decor
"Personalized Fire Truck Christmas Ornament 2025, Custom Xmas Tree Decoration, Firefighter Holiday Gift, Trucker Christmas Light Ornament",https://www.etsy.com/listing/4370659604/personalized-fire-truck-christmas,BlissfulBoutiqueSGMX,https://www.etsy.com/shop/BlissfulBoutiqueSGMX,21.80,0,0,0,0,0,1 Mo.,0,0,11,Home & Living,3,0,0.0,155,"christmas ornament,christmas 2025,custom ornament,truck gift for dad,children ornament,truck ornaments,fire truck,fire truck ornament,firefighter name,fighter lover gift,firefighter dad gift,grandson ornament,firetruck gift",christmas ornament,christmas 2025,custom ornament,truck gift for dad,children ornament,truck ornaments,fire truck,fire truck ornament,firefighter name,fighter lover gift,firefighter dad gift,grandson ornament,firetruck gift
"Retro Truck Christmas Ornament, Snowman Bootleg Style Acrylic Ornament, Vintage Hauler Holiday Decor, Rustic Truck Xmas Gift",https://www.etsy.com/listing/4406362915/retro-truck-christmas-ornament-snowman,P1TROnex,https://www.etsy.com/shop/P1TROnex,24.49,0,0,0,0,0,2 Mo.,0,0,3,Home & Living,8,0,0.0,273,"retro truck ornament,xmas truck decor,acrylic holiday,vintage trucking,rustic xmas ornament,trucker xmas decor,retro hauler,holiday tree,rustic cabin xmas,winter truck,acrylic xmas decor,unique xmas ornament,driver gift ornament",retro truck ornament,xmas truck decor,acrylic holiday,vintage trucking,rustic xmas ornament,trucker xmas decor,retro hauler,holiday tree,rustic cabin xmas,winter truck,acrylic xmas decor,unique xmas ornament,driver gift ornament
Deck the Halls Ornament Sequins Iron On Patch - Trucker Hat Patch - Christmas Patch- Holiday Appliqué - DIY Patch,https://www.etsy.com/listing/4403848386/deck-the-halls-ornament-sequins-iron-on,ABLNco,https://www.etsy.com/shop/ABLNco,4.75,0,0,0,29,2,6 Mo.,8,0,109,Accessories,43,0,26.61,159811,"patches for jacket,iron on patch,holiday patch,christmas patches,trucker hat patch,sequin patch,christmas patch,trendy patch,diy patch,pink christmas patch,deck the halls patch,santa patch,ornament patch",patches for jacket,iron on patch,holiday patch,christmas patches,trucker hat patch,sequin patch,christmas patch,trendy patch,diy patch,pink christmas patch,deck the halls patch,santa patch,ornament patch
Christmas Ornaments Chenille Patch: Holiday Iron-On Applique (3.35” x 3.1”),https://www.etsy.com/listing/1809460599/christmas-ornaments-chenille-patch,ABLNco,https://www.etsy.com/shop/ABLNco,4.75,0,0,0,14,1,19 Mo.,58,0,372,Accessories,43,0,3.76,159811,"trucker hat patches,patches for hat,patches for jacket,preppy patch,iron on patch,holiday patch,christmas patches,small patches,santa patch,ornament patch,western patch,cow print patch,trendy patch",trucker hat patches,patches for hat,patches for jacket,preppy patch,iron on patch,holiday patch,christmas patches,small patches,santa patch,ornament patch,western patch,cow print patch,trendy patch
PICKUP TRUCK with Crown made of Rustic Rusty Rusted Recycled Metal Custom PERSONALIZED Crowned Glam Pick Up Truck Ornament or Magnet,https://www.etsy.com/listing/173234302/pickup-truck-with-crown-made-of-rustic,BlessingMercantile,https://www.etsy.com/shop/BlessingMercantile,16.25,0,0,0,3,1,149 Mo.,16,0,106,Home & Living,159,0,2.83,23462,"personalized,custom,stamped tag,travel trailer,trailer,camping trailer,girl trucker,glamper,crown,truck ornament,pick up truck",personalized,custom,stamped tag,travel trailer,trailer,camping trailer,girl trucker,glamper,crown,truck ornament,pick up truck,--,--
"Custom Name Garbage Truck Christmas Ornament, 2D Flat Ornament, Gift For Him, Garbage Truck Ornament, Gift For Trucker Ornament",https://www.etsy.com/listing/4391177141/custom-name-garbage-truck-christmas,DZineMonster,https://www.etsy.com/shop/DZineMonster,28.30,0,0,0,0,0,2 Mo.,0,0,21,Home & Living,38,0,0.0,645,"garbage truck,trash truck,sanitation worker,gift for cleaner,garbage truck gifts,trash truck gift,gift for garbage ma,garbage man,dump truck,custom dump truck,sanitation man,trash truck ornamen",garbage truck,trash truck,sanitation worker,gift for cleaner,garbage truck gifts,trash truck gift,gift for garbage ma,garbage man,dump truck,custom dump truck,sanitation man,trash truck ornamen,--
"Delivery Man Ornament, 2D Flat Ornament, Funny Courier Gift | Personalized Delivery Driver Christmas Ornament, Mailman Holiday Decor",https://www.etsy.com/listing/4415311619/delivery-man-ornament-2d-flat-ornament,LovelTreasures,https://www.etsy.com/shop/LovelTreasures,14.99,0,0,0,0,0,1 Mo.,0,0,3,Home & Living,10,0,0.0,982,"christmas ornament,tree decoration,personalized gift,christmas gift,stocking stuffer,christmas decoration,gift for coworker,delivery driver gift,mail delivery gift,delivery gift,trucker decor,brown truck,package delivery",christmas ornament,tree decoration,personalized gift,christmas gift,stocking stuffer,christmas decoration,gift for coworker,delivery driver gift,mail delivery gift,delivery gift,trucker decor,brown truck,package delivery
"Halloween Trucker Cap, Halloween Faces Embroidered Hat, Special Halloween Faces Trucker Hat, Funny Halloween Hat, Party Trucker Hat",https://www.etsy.com/listing/1597450047/halloween-trucker-cap-halloween-faces,RoyaLuxeStyle,https://www.etsy.com/shop/RoyaLuxeStyle,24.50,0,0,0,0,0,18 Mo.,0,0,2,Accessories,23,0,0.0,13,"halloween,halloween spookie,halloween party,halloween trucker,caps trucker,halloween decoration,vintage halloween,diy halloween,pumpkins,halloween ornaments,halloween customes,merry halloween",halloween,halloween spookie,halloween party,halloween trucker,caps trucker,halloween decoration,vintage halloween,diy halloween,pumpkins,halloween ornaments,halloween customes,merry halloween,--
"Custom Excavator Christmas Glass Ornament, Excavator Christmas tree hanging decor, Truck Excavator Glass Christmas Ornament, Gift For Kids",https://www.etsy.com/listing/1804086718/custom-excavator-christmas-glass,LullabyMall,https://www.etsy.com/shop/LullabyMall,28.95,0,0,0,0,0,19 Mo.,4,0,41,Home & Living,65,0,0.0,17357,"xmas gift,golf car,excavator,gift for kids,heavy equipment,excavator gift,construction,excavator xmas,road roller truck,truck ornament,christmas 2024,glass ornament,trucker ornament",xmas gift,golf car,excavator,gift for kids,heavy equipment,excavator gift,construction,excavator xmas,road roller truck,truck ornament,christmas 2024,glass ornament,trucker ornament
Upcycled Beer Can Star Ornament: Catawba Brewing Decor,https://www.etsy.com/listing/478031161/upcycled-beer-can-star-ornament-catawba,FoldedAluminumStars,https://www.etsy.com/shop/FoldedAluminumStars,9.99,0,0,0,10,2,116 Mo.,6,0,110,Home & Living,202,0,9.09,12294,"upcycled,recycled,beer lovers,gift for him,under 15,craft beer ornament,mother trucker,catawba brewing,blue white,hopness monster,farmer teds,cream ale,firewater",upcycled,recycled,beer lovers,gift for him,under 15,craft beer ornament,mother trucker,catawba brewing,blue white,hopness monster,farmer teds,cream ale,firewater
Personalized Grandpa Trucker Ornament – Drive Safe Christmas Gift,https://www.etsy.com/listing/4337820709/personalized-grandpa-trucker-ornament,LJWDesignsStore,https://www.etsy.com/shop/LJWDesignsStore,16.95,0,0,0,0,0,10 Mo.,0,0,2,Home & Living,31,0,0.0,155,"driving safety,custom ornament,ceramic keepsake,personal dedication,unique father gift,gift with name,ornament with name,new driver ornament,christmas gift,holiday ornament,license keepsake,driving milestone,new drivers keepsake",driving safety,custom ornament,ceramic keepsake,personal dedication,unique father gift,gift with name,ornament with name,new driver ornament,christmas gift,holiday ornament,license keepsake,driving milestone,new drivers keepsake
Semi Truck With Trailer Metal Ornament,https://www.etsy.com/listing/800123737/semi-truck-with-trailer-metal-ornament,BurkeMetalWork,https://www.etsy.com/shop/BurkeMetalWork,15.00,0,0,0,78,15,70 Mo.,83,0,2138,Home & Living,96,0,3.65,20265,"burke metal work,stocking stuffer,personalize ornament,custom ornament,semi truck ornament,semi truck decor,trucker christmas,18 wheeler decor,18 wheeler ornament,trucker thank you,semi truck gift,truck and trailer,farm truck",burke metal work,stocking stuffer,personalize ornament,custom ornament,semi truck ornament,semi truck decor,trucker christmas,18 wheeler decor,18 wheeler ornament,trucker thank you,semi truck gift,truck and trailer,farm truck
Crochet black cat initial hanging car mirror decor,https://www.etsy.com/listing/1794910389/crochet-black-cat-initial-hanging-car,FairyToysWorld,https://www.etsy.com/shop/FairyToysWorld,21.00,0,0,0,6,2,15 Mo.,12,0,201,Electronics & Accessories,110,0,2.99,9979,"crochet black cat,initial hanging,car mirror decor,mom sentimental gift,cute kitty,rear view accessory,distance grandma,pet memory gift,amigurumi cat,four-legged friends,letter car ornament,commemorative gift,trucker accessories",crochet black cat,initial hanging,car mirror decor,mom sentimental gift,cute kitty,rear view accessory,distance grandma,pet memory gift,amigurumi cat,four-legged friends,letter car ornament,commemorative gift,trucker accessories
Personalized Trucker Ornament Sleeper Cab Diorama Big Rig Driver Keepsake,https://www.etsy.com/listing/4404656490/personalized-trucker-ornament-sleeper,TimothyShops99,https://www.etsy.com/shop/TimothyShops99,43.99,0,0,0,0,0,6 Mo.,0,0,1,Home & Living,7,0,0.0,301,"hiking ornament,hiking christmas,hiking lover gift,hiking gift,camping lover gift,camping ornaments,camping suncatcher,travel lovers gift,mountain hiking,hiking lover decor,gift for hiker,wild adventure gifts,camping lover decor",hiking ornament,hiking christmas,hiking lover gift,hiking gift,camping lover gift,camping ornaments,camping suncatcher,travel lovers gift,mountain hiking,hiking lover decor,gift for hiker,wild adventure gifts,camping lover decor
"Personalized Crane Vehicles Christmas Ornament, Truck Ornament Christmas, Crane Christmas Decor, Gift Heavy Equipment Lovers, Truck Lovers",https://www.etsy.com/listing/4379787043/personalized-crane-vehicles-christmas,HAVIBraidedBracelet,https://www.etsy.com/shop/HAVIBraidedBracelet,18.99,0,0,0,0,0,7 Mo.,12,0,551,Home & Living,58,33,0.0,13349,"christmas,xmas gift,personalized,shaped ornament,tractor,tractor driver,truck driver,tractor ornament,for trucker driver,heavy equipment,gift truck lovers,bulldozer ornament,crane vehicles",christmas,xmas gift,personalized,shaped ornament,tractor,tractor driver,truck driver,tractor ornament,for trucker driver,heavy equipment,gift truck lovers,bulldozer ornament,crane vehicles
"Truck Christmas Ornament, Personalized Truck Christmas Ornament Christmas Gift For Truck Driver, Truck Ornament Christmas",https://www.etsy.com/listing/1322123743/truck-christmas-ornament-personalized,HAVIBraidedBracelet,https://www.etsy.com/shop/HAVIBraidedBracelet,18.99,0,0,0,12,2,43 Mo.,12,0,415,Home & Living,58,0,2.89,13349,"flat ornament,christmas,xmas gift,personalized,shaped ornament,christmas 2022,tractor,tractor driver,truck driver,trucker,tractor ornament,lineman,for trucker driver",flat ornament,christmas,xmas gift,personalized,shaped ornament,christmas 2022,tractor,tractor driver,truck driver,trucker,tractor ornament,lineman,for trucker driver
"Personalized Tractor Christmas Ornament, Tractor Christmas Flat Ornament Christmas Gift For Farmer, For Farmer Tractor Driver",https://www.etsy.com/listing/1303531550/personalized-tractor-christmas-ornament,HAVIBraidedBracelet,https://www.etsy.com/shop/HAVIBraidedBracelet,18.99,0,0,0,90,15,43 Mo.,24,0,2956,Home & Living,58,30,3.04,13349,"flat ornament,christmas,xmas gift,personalized,shaped ornament,christmas 2022,tractor,tractor driver,truck driver,trucker,tractor ornament",flat ornament,christmas,xmas gift,personalized,shaped ornament,christmas 2022,tractor,tractor driver,truck driver,trucker,tractor ornament,--,--
"Heavy Equipment Operator Safety Vest Ornament ,Personalized Heavy Equipment Operator Safety Vest Christmas Ornament",https://www.etsy.com/listing/1330447980/heavy-equipment-operator-safety-vest,HAVIBraidedBracelet,https://www.etsy.com/shop/HAVIBraidedBracelet,18.99,0,0,0,36,6,42 Mo.,21,0,838,Home & Living,58,0,4.3,13349,"flat ornament,christmas,xmas gift,personalized,shaped ornament,christmas 2022,tractor,tractor driver,truck driver,trucker,tractor ornament,lineman,lineman's uniform",flat ornament,christmas,xmas gift,personalized,shaped ornament,christmas 2022,tractor,tractor driver,truck driver,trucker,tractor ornament,lineman,lineman's uniform
Trucker Ornament | Truck Driver Gift | Truck Ornament | Truck Driver | Personalized Ornament | Name Ornament | Big Rig Gift,https://www.etsy.com/listing/994820492/trucker-ornament-truck-driver-gift-truck,TemeculaStudioArt,https://www.etsy.com/shop/TemeculaStudioArt,9.99,0,0,0,4,1,61 Mo.,11,0,207,Home & Living,217,0,1.93,89568,"big truck,truckers,big rig driver,big rig gift,big rig ornament,driver ornament,truck driver,trucker ornament,truck driver gift,calligraphy,personalized gift,name ornament",big truck,truckers,big rig driver,big rig gift,big rig ornament,driver ornament,truck driver,trucker ornament,truck driver gift,calligraphy,personalized gift,name ornament,--
"Octopus Embroidered Corduroy Dad Hat, Nautical Beachwear Cap, Distressed Vintage Style, Ocean Animal",https://www.etsy.com/listing/4343049139/octopus-embroidered-corduroy-dad-hat,HeyBuddyMadeStudio,https://www.etsy.com/shop/HeyBuddyMadeStudio,28.39,0,0,0,0,0,10 Mo.,0,0,5,Accessories,13,0,0.0,12,"vintage cap,corduroy hat,embroidered cap,ocean animal,distressed cap,trucker cap,hipster hat,gift for her,octopus print,octopus ornament,sea creatures,thinking cap,wool cap",vintage cap,corduroy hat,embroidered cap,ocean animal,distressed cap,trucker cap,hipster hat,gift for her,octopus print,octopus ornament,sea creatures,thinking cap,wool cap
"Fringe Minority Gift, Canadian Truckers Gift, Canada Truck Driver, Trucker Canada Gift, Canadian Trucker Gift, Canada Truck Driving Gift",https://www.etsy.com/listing/1588700506/fringe-minority-gift-canadian-truckers,GracieGraceStudio,https://www.etsy.com/shop/GracieGraceStudio,18.99,0,0,0,0,0,30 Mo.,0,0,5,Home & Living,52,0,0.0,162,"canadian trucker,canadian truckers,canada trucker gift,canada truck driver,fringe minority gift,canada truck driving,canadian trucking,canada trucking,trucker ornament,xmas canada trucker,canada xmas trucker,canada xmas trucking,trucking ornament",canadian trucker,canadian truckers,canada trucker gift,canada truck driver,fringe minority gift,canada truck driving,canadian trucking,canada trucking,trucker ornament,xmas canada trucker,canada xmas trucker,canada xmas trucking,trucking ornament
"Silver & Black Skulls on Chain / Halloween, Horror, Ghosts, Monsters, Zombies, Spooky, Scary, Boo, Car Charms, Trick or Treat, The Undead",https://www.etsy.com/listing/1115621687/silver-black-skulls-on-chain-halloween,YourFantasyLand,https://www.etsy.com/shop/YourFantasyLand,13.99,0,0,0,14,4,54 Mo.,67,0,635,Electronics & Accessories,75,0,2.2,5753,"rear view mirror,made in usa,trucker,mirror hangers,skull,skull hangers,gothic,bad boy,bad girl,silver and black,oakland raiders,car ornaments,skull figurines",rear view mirror,made in usa,trucker,mirror hangers,skull,skull hangers,gothic,bad boy,bad girl,silver and black,oakland raiders,car ornaments,skull figurines
"Custom Name Truck Merry Tree Christmas Personalized Ornament, Christmas Tree Hanging Decor, Flat 2D Ornament Acrylic/ Wooden, Trucker Gift",https://www.etsy.com/listing/1789377644/custom-name-truck-merry-tree-christmas,BrightZolo,https://www.etsy.com/shop/BrightZolo,17.36,0,0,0,6,1,19 Mo.,3,0,132,Home & Living,33,0,4.55,11201,"custom ornament,2024 christmas,christmas decoration,2d ornament,acrylic ornament,wooden ornament,christmas gift,christmas decor,personalized name,xmas decor,truck ornament,christmas truck,truck driver gift",custom ornament,2024 christmas,christmas decoration,2d ornament,acrylic ornament,wooden ornament,christmas gift,christmas decor,personalized name,xmas decor,truck ornament,christmas truck,truck driver gift
"Engraved Wood Canada Truckers Ornament, Freedom Convoy 2022",https://www.etsy.com/listing/1168904088/engraved-wood-canada-truckers-ornament,GreatAmericanFlagCo,https://www.etsy.com/shop/GreatAmericanFlagCo,14.00,0,0,0,2,1,51 Mo.,4,0,214,Home & Living,85,0,0.93,1928,"christmas ornament,patriotic ornament,keepsake ornament,freedom convoy,canada gift,canadian gift,canadian freedom,wood ornament,personalized gift,custom ornament,veteran gift,trucker gift,driver gift",christmas ornament,patriotic ornament,keepsake ornament,freedom convoy,canada gift,canadian gift,canadian freedom,wood ornament,personalized gift,custom ornament,veteran gift,trucker gift,driver gift
"Personalized Truck Merry Tree Christmas Ornament for Truck Driver, Flat Acrylic Ornament for Dad, Truck Ornament Christmas G5NY07",https://www.etsy.com/listing/4371158685/personalized-truck-merry-tree-christmas,SpringCityShopArt,https://www.etsy.com/shop/SpringCityShopArt,29.98,0,0,0,0,0,8 Mo.,1,0,13,Home & Living,52,0,0.0,15142,"flat ornament,christmas,xmas gift,personalized,shaped ornament,christmas 2022,tractor,tractor driver,truck driver,trucker,tractor ornament,lineman,for trucker driver",flat ornament,christmas,xmas gift,personalized,shaped ornament,christmas 2022,tractor,tractor driver,truck driver,trucker,tractor ornament,lineman,for trucker driver
"Personalized Trucker Truck Christmas Ornament,Trucker Ornament,Trucker Christmas Light,Personalized Truck Ornament SHARQ17",https://www.etsy.com/listing/1825054313/personalized-trucker-truck-christmas,SpringCityShopArt,https://www.etsy.com/shop/SpringCityShopArt,31.99,0,0,0,0,0,18 Mo.,0,0,10,Home & Living,52,0,0.0,15142,"christmas gift,christmas ornament,trucker ornament,truck ornament,trucker christmas,trucker gift,christmas ornaments,tractor ornament,truck christmas,acrylic ornament,christmas gifts,personalized gift,trucker truck",christmas gift,christmas ornament,trucker ornament,truck ornament,trucker christmas,trucker gift,christmas ornaments,tractor ornament,truck christmas,acrylic ornament,christmas gifts,personalized gift,trucker truck
"Personalized Truck Ornament, Truck Christmas Ornament, Truck Driver Ornament Gift, Trucker Gift, Truck Rearview Mirror Ornament TD-1111-Y8YB",https://www.etsy.com/listing/1825247587/personalized-truck-ornament-truck,Huxyr,https://www.etsy.com/shop/Huxyr,21.58,0,0,0,0,0,19 Mo.,0,0,22,Home & Living,26,0,0.0,7332,"christmas gift,christmas decor,christmas ornament,hanging ornament,family ornament,funny ornament gift,custom ornament gift,personalized gift,christmas keepsake,christmas in july,xmas ornament,car ornament,custom christmas",christmas gift,christmas decor,christmas ornament,hanging ornament,family ornament,funny ornament gift,custom ornament gift,personalized gift,christmas keepsake,christmas in july,xmas ornament,car ornament,custom christmas
"Personalized Monster Truck Layered Wood Ornament, Custom Truck Christmas Tree Ornament, Truck Christmas Home Decor, Xmas Gift for Boys, Kids",https://www.etsy.com/listing/4372884270/personalized-monster-truck-layered-wood,Thomashandmade1978,https://www.etsy.com/shop/Thomashandmade1978,17.86,0,0,0,0,0,4 Mo.,1,0,76,Home & Living,6,0,0.0,1702,"christmas ornament,christmas tree decor,christmas gift,christmas home decor,wood ornament,custom ornament,monster truck,truck ornament,monster truck decor,offroad car ornament,gift for kid,monster truck gift,gift for trucker",christmas ornament,christmas tree decor,christmas gift,christmas home decor,wood ornament,custom ornament,monster truck,truck ornament,monster truck decor,offroad car ornament,gift for kid,monster truck gift,gift for trucker
"Truck Driver Ornament, Trucker Ornament, Trucker Gift, Funny Trucker, Gift for Boyfriend",https://www.etsy.com/listing/1859040939/truck-driver-ornament-trucker-ornament,ColossalU,https://www.etsy.com/shop/ColossalU,19.95,0,0,0,0,0,8 Mo.,0,0,0,Home & Living,32,0,0.0,14,"truck driv,er ornament,trucker ornament,trucker gift,funny trucker,gift f,or boyfriend",truck driv,er ornament,trucker ornament,trucker gift,funny trucker,gift f,or boyfriend,--,--,--,--,--,--
"Personalized Semi Truck Ornament, Custom Name Big Rig Keepsake, Truck Driver Gift, Unique Transport Christmas Decor",https://www.etsy.com/listing/4408384594/personalized-semi-truck-ornament-custom,MarcKinghamFinds,https://www.etsy.com/shop/MarcKinghamFinds,24.01,0,0,0,0,0,1 Mo.,1,0,14,Home & Living,16,0,0.0,772,"semi truck ornament,big rig,truck driver,unique vehicle gift,acrylic ornament,christmas keepsake,custom profession,long haul,custom hobby,truck owner,transport decor,custom name,personalized trucker",semi truck ornament,big rig,truck driver,unique vehicle gift,acrylic ornament,christmas keepsake,custom profession,long haul,custom hobby,truck owner,transport decor,custom name,personalized trucker
"Personalized 2D Truck Christmas Ornament: Custom Name, Driver Gift",https://www.etsy.com/listing/4375140259/personalized-2d-truck-christmas-ornament,HandmadeChristineLtd,https://www.etsy.com/shop/HandmadeChristineLtd,24.20,0,0,0,0,0,2 Mo.,0,0,6,Home & Living,4,0,0.0,344,"acrylic ornament,flat ornament,truck ornament,semi truck gift,trucker ornament,driver ornament,custom name gift,personalized gift,holiday ornament,funny ornament,xmas tree decor,unique xmas gift,custom holiday gift",acrylic ornament,flat ornament,truck ornament,semi truck gift,trucker ornament,driver ornament,custom name gift,personalized gift,holiday ornament,funny ornament,xmas tree decor,unique xmas gift,custom holiday gift
"Personalized Monster Truck Ornament, Custom Name Flat 2D Christmas Tree Decoration, Boys Truck Lover Gift, Festive Off-Road Car Christmas",https://www.etsy.com/listing/4402663922/personalized-monster-truck-ornament,Ashmorenmore,https://www.etsy.com/shop/Ashmorenmore,35.00,0,0,0,0,0,1 Mo.,0,0,0,Home & Living,1,0,0.0,1,"christmas ornament,personalized gift,christmas tree decor,christmas gift,personalize ornament,custom ornament,christmas decor,gift for trucker,truck ornament,trucker gift,trucker ornament,hanging ornament,christmas truck",christmas ornament,personalized gift,christmas tree decor,christmas gift,personalize ornament,custom ornament,christmas decor,gift for trucker,truck ornament,trucker gift,trucker ornament,hanging ornament,christmas truck
"Personalized Big Truck Ornament 2D Flat, Red Semi Truck Christmas Decoration, Gift for Truck Driver Dad, Husband, Xmas Trucker Family Gift",https://www.etsy.com/listing/4367481988/personalized-big-truck-ornament-2d-flat,AoDaibyKimOanh,https://www.etsy.com/shop/AoDaibyKimOanh,22.87,0,0,0,0,0,1 Mo.,0,0,0,Art & Collectibles,37,0,0.0,5989,"truck ornament,semi truck ornament,xmas tree trucker,xmas trucker decor,truck christmas gift,trucker family gift,semi truck christmas,truck driver gift,semi truck gift,truck ornament 2025,truck driver",truck ornament,semi truck ornament,xmas tree trucker,xmas trucker decor,truck christmas gift,trucker family gift,semi truck christmas,truck driver gift,semi truck gift,truck ornament 2025,truck driver,--,--
"Personalized Red Truck Acrylic Ornament, Custom Name Flat 2D Christmas Tree Decoration, Vintage Pickup Holiday Decor",https://www.etsy.com/listing/4403367509/personalized-red-truck-acrylic-ornament,Ashmorenmore,https://www.etsy.com/shop/Ashmorenmore,35.00,0,0,0,0,0,1 Mo.,0,0,2,Home & Living,1,0,0.0,77,"custom ornament,2025 christmas,christmas decoration,2d ornament,acrylic ornament,wooden ornament,christmas gift,christmas decor,personalized name,truck ornament,trucker gift,baby ornament,boy gift",custom ornament,2025 christmas,christmas decoration,2d ornament,acrylic ornament,wooden ornament,christmas gift,christmas decor,personalized name,truck ornament,trucker gift,baby ornament,boy gift
Trucker | Diesel | King Lefty | OTR | Personalized | Ornament,https://www.etsy.com/listing/1379606255/trucker-diesel-king-lefty-otr,Made2Hang,https://www.etsy.com/shop/Made2Hang,20.00,0,0,0,0,0,41 Mo.,0,0,7,Home & Living,83,0,0.0,142,"ornament,christmas,gifting,trucker,otr,driver,over the road,diesel,roadie,king lefty,shorty trucker,angry bull,witty xpert",ornament,christmas,gifting,trucker,otr,driver,over the road,diesel,roadie,king lefty,shorty trucker,angry bull,witty xpert
"Bachelor Party Trucker Caps  Custom Hat with 67 Ornament, Groom Squad Party Hats",https://www.etsy.com/listing/4468304444/bachelor-party-trucker-caps-custom-hat,Tigloo,https://www.etsy.com/shop/Tigloo,26.28,0,0,0,0,0,2 Mo.,0,0,0,Accessories,5,0,0.0,0,"67 ornament,custom hat,100 days of school,custom trucker hat,bachelor party hats,custom beanie,gift for him,six seven,corduroy hat,67 days of school,santa hat,basketball ornament,67 wrapping paper",67 ornament,custom hat,100 days of school,custom trucker hat,bachelor party hats,custom beanie,gift for him,six seven,corduroy hat,67 days of school,santa hat,basketball ornament,67 wrapping paper
Truck Driver Christmas Ornament - Trucker Holiday Decoration Gift for Semi Big Rig Operator,https://www.etsy.com/listing/4409429250/truck-driver-christmas-ornament-trucker,ShadowCreekEmporium2,https://www.etsy.com/shop/ShadowCreekEmporium2,18.00,0,0,0,4,1,6 Mo.,0,0,18,Home & Living,32,0,22.22,1599,"transportation long,professional vehicle,commercial trucking,industry logistic,transport delivery,eighteen shipping,masculine freight,highway warrior haul,boyfriend wheeler,carrier working over,retirement husband,graduation present,promotion brother",transportation long,professional vehicle,commercial trucking,industry logistic,transport delivery,eighteen shipping,masculine freight,highway warrior haul,boyfriend wheeler,carrier working over,retirement husband,graduation present,promotion brother
Personalized Snow Plow Ornament: Custom Name Trucker Gift,https://www.etsy.com/listing/4373949288/personalized-snow-plow-ornament-custom,LovelTreasures,https://www.etsy.com/shop/LovelTreasures,14.99,0,0,0,0,0,3 Mo.,0,0,0,Home & Living,10,0,0.0,982,"snow plow ornament,dump truck gift,trucker gift,heavy equipment gift,christmas tree decor,personalize ornament,custom name ornament,truck lover gift,construction truck,christmas decor,snow truck,snowplow truck,construction gift",snow plow ornament,dump truck gift,trucker gift,heavy equipment gift,christmas tree decor,personalize ornament,custom name ornament,truck lover gift,construction truck,christmas decor,snow truck,snowplow truck,construction gift
Peace Love Baseball | Baseball SVG | Baseball PNG | Baseball Shirt | Baseball Hat | Baseball Mom | Baseball Mom SVG | Baseball Mom Shirt,https://www.etsy.com/listing/1379640120/peace-love-baseball-baseball-svg,CassandraLeeGray,https://www.etsy.com/shop/CassandraLeeGray,3.33,0,0,0,0,0,26 Mo.,1,0,1,Craft Supplies & Tools,37,0,0.0,828,"baseball png,baseball hat,baseball cut file,baseball vector,baseball design,baseball cap,baseball trucker cap,baseball ornament,baseball print,custom baseball hat,baseball font,baseball helmet,baseball coach",baseball png,baseball hat,baseball cut file,baseball vector,baseball design,baseball cap,baseball trucker cap,baseball ornament,baseball print,custom baseball hat,baseball font,baseball helmet,baseball coach
Santa Belt Ornament | Embroidered Iron On Patch | Ready To Ship | Fast Shipping,https://www.etsy.com/listing/1805748075/santa-belt-ornament-embroidered-iron-on,Fancy4Fabric,https://www.etsy.com/shop/Fancy4Fabric,6.00,0,0,0,0,0,6 Mo.,1,0,6,Craft Supplies & Tools,41,0,0.0,9113,"patch,patches,embroidery,trucker hats,embroidered patch,iron on,heat press,embroidery patch,winter,christmas,ornament,santa,belt",patch,patches,embroidery,trucker hats,embroidered patch,iron on,heat press,embroidery patch,winter,christmas,ornament,santa,belt
Personalized Truck Driver Christmas Ornament • Custom Ceramic Semi Truck Ornament • Gift for Trucker • Keepsake Holiday Gift,https://www.etsy.com/listing/4359309867/personalized-truck-driver-christmas,TwigandTinselCo,https://www.etsy.com/shop/TwigandTinselCo,24.98,0,0,0,0,0,4 Mo.,1,0,3,Home & Living,7,0,0.0,98,"gifts personalized,personalized gift,christmas ornament,gift for dad,gift for him,trucker gift,gift for trucker,trucker ornament,ornament trucker,gift truck driver,truck driver,truck driver gift",gifts personalized,personalized gift,christmas ornament,gift for dad,gift for him,trucker gift,gift for trucker,trucker ornament,ornament trucker,gift truck driver,truck driver,truck driver gift,--
Personalized Truck Christmas Ornament: Custom Acrylic Trucker Gift,https://www.etsy.com/listing/4408328321/personalized-truck-christmas-ornament,BuifQuanxCraft,https://www.etsy.com/shop/BuifQuanxCraft,24.60,0,0,0,0,0,1 Mo.,0,0,10,Home & Living,4,0,0.0,269,"truck ornament,personalized truck,trucker gift,christmas truck,holiday truck gift,truck keepsake,trucker ornament,truck holiday decor,custom trucker gift,truck lover gift,christmas keychain,truck holiday gift,truck keychain",truck ornament,personalized truck,trucker gift,christmas truck,holiday truck gift,truck keepsake,trucker ornament,truck holiday decor,custom trucker gift,truck lover gift,christmas keychain,truck holiday gift,truck keychain
Embroidered Christmas Patch Ornament: Vintage Holiday Appliqué,https://www.etsy.com/listing/4353242177/embroidered-christmas-patch-ornament,IrkaStudioCo,https://www.etsy.com/shop/IrkaStudioCo,10.98,0,0,0,0,0,4 Mo.,2,0,26,Accessories,5,0,0.0,98,"iron on patch,trucker hat patches,game day patch,retro patch,small patches,custom patch,christmas patch,holiday patches,vintage ornament,gift tag patch,sew on applique,festive decor patch,christmas sewing",iron on patch,trucker hat patches,game day patch,retro patch,small patches,custom patch,christmas patch,holiday patches,vintage ornament,gift tag patch,sew on applique,festive decor patch,christmas sewing
"Personalized Truck Driver 2D Flat Acrylic Ornament, Custom Trucker Christmas Decor, Semi Truck Holiday Acrylic Ornament, Gift for Driver",https://www.etsy.com/listing/4377935006/personalized-truck-driver-2d-flat,HandmadeHabibaLtd,https://www.etsy.com/shop/HandmadeHabibaLtd,19.51,0,0,0,0,0,2 Mo.,0,0,5,Home & Living,4,0,0.0,353,"truck driver gift,trucker ornament,semi truck ornament,personalized trucker,big rig ornament,custom name ornament,trucking gift idea,tree ornament truck,driver xmas gift,custom truck decor,holiday ornament,acrylic xmas decor,xmas trucker gift",truck driver gift,trucker ornament,semi truck ornament,personalized trucker,big rig ornament,custom name ornament,trucking gift idea,tree ornament truck,driver xmas gift,custom truck decor,holiday ornament,acrylic xmas decor,xmas trucker gift
Facepalming Skull Trucker Cap | Christmas Ornaments Snowflakes,https://www.etsy.com/listing/4413893855/facepalming-skull-trucker-cap-christmas,TrendsOnFleek,https://www.etsy.com/shop/TrendsOnFleek,28.00,0,0,0,0,0,1 Mo.,0,0,0,Accessories,0,0,0.0,0,"trucker caps,black trucker,christmas cap,funny trucker,skull trucker,holiday hat,mesh back cap,casual trucker,rocker hat,goth holiday,unisex trucker,stocking stuffer,concert cap",trucker caps,black trucker,christmas cap,funny trucker,skull trucker,holiday hat,mesh back cap,casual trucker,rocker hat,goth holiday,unisex trucker,stocking stuffer,concert cap
Copy of Copy of Facepalming Skull Trucker Cap | Christmas Ornaments Snowflakes,https://www.etsy.com/listing/4413887068/copy-of-copy-of-facepalming-skull,TrendsOnFleek,https://www.etsy.com/shop/TrendsOnFleek,28.00,0,0,0,0,0,1 Mo.,0,0,0,Accessories,0,0,0.0,0,"",--,--,--,--,--,--,--,--,--,--,--,--,--
Personalized Truck Christmas Ornament Customized Truck Ornaments Truckers Gift for Trucker Christmas Ornament Christmas Truck Ornaments,https://www.etsy.com/listing/4375949167/personalized-truck-christmas-ornament,Luxphora,https://www.etsy.com/shop/Luxphora,29.98,0,0,0,0,0,2 Mo.,0,0,14,Home & Living,5,0,0.0,345,"truck ornament,truck driver ornamen,truck christmas,trucker gift,semi truck,semi truck gifts,gift for trucker,custom truck gift,personalized truck,trucker christmas,truckers gift,christmas truck,christmas trucks",truck ornament,truck driver ornamen,truck christmas,trucker gift,semi truck,semi truck gifts,gift for trucker,custom truck gift,personalized truck,trucker christmas,truckers gift,christmas truck,christmas trucks
"Personalized American Trucker Ornament 2D with Custom Name, Patriotic Eagle and Flag Design, Christmas Gift for Truck Drivers and USA Lovers",https://www.etsy.com/listing/1810290914/personalized-american-trucker-ornament,BrianDevineShirt,https://www.etsy.com/shop/BrianDevineShirt,19.98,0,0,0,0,0,6 Mo.,0,0,2,Home & Living,9,0,0.0,3361,"trucker ornament,custom name,american flag,xmas decor,personalized,patriot gift,tree ornament,holiday gift,truck driver,unique decor,christmas tree,usa pride,eagle design",trucker ornament,custom name,american flag,xmas decor,personalized,patriot gift,tree ornament,holiday gift,truck driver,unique decor,christmas tree,usa pride,eagle design
Tiny Green Clay Cargo Truck Desk Topper Tarot Charm Stocking Stuffer,https://www.etsy.com/listing/1323768536/tiny-green-clay-cargo-truck-desk-topper,ConfuseboxStudios,https://www.etsy.com/shop/ConfuseboxStudios,36.00,0,0,0,0,0,32 Mo.,0,0,31,Art & Collectibles,33,0,0.0,0,"figurine,clay,truck,trucker,ornament,ceramic,pottery,porcelain,cartoon,funny,tiny,knick knack,tarot",figurine,clay,truck,trucker,ornament,ceramic,pottery,porcelain,cartoon,funny,tiny,knick knack,tarot
Put it on Santa’s tab iron on patches,https://www.etsy.com/listing/1812664712/put-it-on-santas-tab-iron-on-patches,MadsTeeParty,https://www.etsy.com/shop/MadsTeeParty,10.00,0,0,0,0,0,4 Mo.,11,0,176,Accessories,151,0,0.0,3219,"sew on,patch,iron on,trucker hat,dad hat,christmas,santa claus,mistletoe,holidays,ornament,gift,stocking stuffer,funny",sew on,patch,iron on,trucker hat,dad hat,christmas,santa claus,mistletoe,holidays,ornament,gift,stocking stuffer,funny
Softball | Softball SVG | Softball Grandma SVG | Softball Shirt | Softball Hat | Softball Jersey | Softball Sweatshirt | Softball Coach,https://www.etsy.com/listing/1381363716/softball-softball-svg-softball-grandma,CassandraLeeGray,https://www.etsy.com/shop/CassandraLeeGray,3.33,0,0,0,0,0,26 Mo.,0,0,0,Craft Supplies & Tools,37,0,0.0,828,"softball png,softball coach,softball hat,softball cut file,softball vector,softball design,softball cap,softball trucker cap,softball ornament,softball print,custom softball hat,softball font,softball helmet",softball png,softball coach,softball hat,softball cut file,softball vector,softball design,softball cap,softball trucker cap,softball ornament,softball print,custom softball hat,softball font,softball helmet
Personalized Truck Driver 1st Christmas Ornament: Custom New Career Milestone Keepsake,https://www.etsy.com/listing/4381707332/personalized-truck-driver-1st-christmas,BRKeepsakes,https://www.etsy.com/shop/BRKeepsakes,22.00,0,0,0,0,0,7 Mo.,1,0,13,Home & Living,19,0,0.0,107,"first job as,my first ornament,keepsake ornament,career keepsake,career ornament,xmas grad gift,job milestone,transportation gift,trucker ornament,new truck driver,truck driver gift,christmas ornament,new transporter gift",first job as,my first ornament,keepsake ornament,career keepsake,career ornament,xmas grad gift,job milestone,transportation gift,trucker ornament,new truck driver,truck driver gift,christmas ornament,new transporter gift
"Semi Truck Ornament, Personalized Christmas Ornament Gift for Him, Big Rig Truck Driver Gift, Memorial Gift, Appreciation Gift, Trucker Gift",https://www.etsy.com/listing/1787263667/semi-truck-ornament-personalized,EngravedGiftStudio,https://www.etsy.com/shop/EngravedGiftStudio,13.99,0,0,0,0,0,20 Mo.,6,0,136,Home & Living,45,0,0.0,2384,"semi truck ornament,christmas ornament,gift for him,big rig ornament,truck driver gift,appreciation gift,trucker ornament,trucker gift,female truck driver,trucker gift for men,personalized gift,memorial gift,truck ornament",semi truck ornament,christmas ornament,gift for him,big rig ornament,truck driver gift,appreciation gift,trucker ornament,trucker gift,female truck driver,trucker gift for men,personalized gift,memorial gift,truck ornament
"Personalized Baby Drive Fire Truck Christmas Ornament, Trucker Christmas Ornament, Custom Kid Photo Christmas Ornament, Gift For Firefighter",https://www.etsy.com/listing/1816046806/personalized-baby-drive-fire-truck,Millenag,https://www.etsy.com/shop/Millenag,19.96,0,0,0,8,1,18 Mo.,3,0,130,Home & Living,39,0,6.15,7093,"photo ornament,christmas ornaments,baby photo ornament,custom photo gifts,baby ornament,baby christmas gift,custom baby gift,baby first christmas,grandchild ornament,firefighter ornament,fire truck ornament,gift for firefighter,truck ornaments",photo ornament,christmas ornaments,baby photo ornament,custom photo gifts,baby ornament,baby christmas gift,custom baby gift,baby first christmas,grandchild ornament,firefighter ornament,fire truck ornament,gift for firefighter,truck ornaments
"Personalized Big Rig Ornament, Trucker Ornament, Trucker Christmas Ornaments, Big Rig Ornaments, Gift Idea for Trucker, Trucker Driver Gifts",https://www.etsy.com/listing/230826026/personalized-big-rig-ornament-trucker,PalmettoEngraving,https://www.etsy.com/shop/PalmettoEngraving,10.99,0,0,0,186,40,133 Mo.,103,0,2051,Home & Living,148,0,9.07,48098,"big rig ornament,trucker ornament,trucker custom gift,custom trucker gift,trucker ornaments,trucker gifts,truck driver gift,semi truck ornament,gift for trucker,big rig truck,tractor trailer,personalized truck,christmas ornaments",big rig ornament,trucker ornament,trucker custom gift,custom trucker gift,trucker ornaments,trucker gifts,truck driver gift,semi truck ornament,gift for trucker,big rig truck,tractor trailer,personalized truck,christmas ornaments
"Personalized Truck Driver Ornament, Trucker Christmas Gift, Custom Name Rig Keepsake",https://www.etsy.com/listing/895268503/personalized-truck-driver-ornament,ChristmasShoppeUS,https://www.etsy.com/shop/ChristmasShoppeUS,17.27,0,0,0,0,0,67 Mo.,9,0,293,Home & Living,78,0,0.0,86084,"truck driver,trucker gift,rig driver,freight hauler,18 wheeler,over the road,custom name gift,road warrior,cargo truck,driver pride,transport hero,highway life,rig ornament",truck driver,trucker gift,rig driver,freight hauler,18 wheeler,over the road,custom name gift,road warrior,cargo truck,driver pride,transport hero,highway life,rig ornament
"boat ornament funny sarcastic gift for boater and fishermen, boat lover gift, gift for Dad, boating hat gift for men, sarcastic hat",https://www.etsy.com/listing/1876626700/boat-ornament-funny-sarcastic-gift-for,MillerengravingCo,https://www.etsy.com/shop/MillerengravingCo,32.00,0,0,0,3,1,14 Mo.,2,0,55,Accessories,29,0,5.45,338,"patch hat,dad hat,richardson 112 hat,richardson hat,trucker hat,patch trucker hat,patch cap,dad gift,logo hat,boat ornament,sarcastic hat,funny hat,funny gift for dad",patch hat,dad hat,richardson 112 hat,richardson hat,trucker hat,patch trucker hat,patch cap,dad gift,logo hat,boat ornament,sarcastic hat,funny hat,funny gift for dad
Little Girl Christmas Ornament: Personalized Aluminum Holiday Decor,https://www.etsy.com/listing/866814870/little-girl-christmas-ornament,SomethingSweetFavor2,https://www.etsy.com/shop/SomethingSweetFavor2,13.00,0,0,0,0,0,67 Mo.,1,0,107,Home & Living,81,0,0.0,5806,"christmas ornaments,christmas gifts,family christmas,family ornaments,trucker ornaments,red truck ornament,red christmas truck,christmas truck,red truck theme,country christmas,country ornament",christmas ornaments,christmas gifts,family christmas,family ornaments,trucker ornaments,red truck ornament,red christmas truck,christmas truck,red truck theme,country christmas,country ornament,--,--
Black Skulls with Red Eyes on Chain,https://www.etsy.com/listing/1076801536/black-skulls-with-red-eyes-on-chain,YourFantasyLand,https://www.etsy.com/shop/YourFantasyLand,13.99,0,0,0,127,34,56 Mo.,648,1,6861,Electronics & Accessories,75,42,1.85,5753,"rear view mirror,trucker,mirror hangers,made in america,skull,skull hangers,gothic,bad boy,bad girl,chain,black skull,skull figurines,car ornament",rear view mirror,trucker,mirror hangers,made in america,skull,skull hangers,gothic,bad boy,bad girl,chain,black skull,skull figurines,car ornament
Truck Driver Snowman Christmas Ornament SVG File - Glowforge Laser Cut File,https://www.etsy.com/listing/4378676880/truck-driver-snowman-christmas-ornament,GiddyUpsStudio,https://www.etsy.com/shop/GiddyUpsStudio,6.99,0,0,0,35,2,8 Mo.,30,0,259,Craft Supplies & Tools,42,0,13.51,125183,"snowman ornament svg,christmas tree decor,giddyupsstudio,snowman clip art,snowman ornament,snowman interchange,snowman design svg,snowman door hanger,interchangeable svg,trucker ornament,trucker snowman,laser cutting file,christmas tree svg",snowman ornament svg,christmas tree decor,giddyupsstudio,snowman clip art,snowman ornament,snowman interchange,snowman design svg,snowman door hanger,interchangeable svg,trucker ornament,trucker snowman,laser cutting file,christmas tree svg
Trucker Hat or Baseball Cap Silicone Freshie Mold - Silicone Mold - Car Freshie Mold - Resin Mold - Wax Mold - Soap Mold - Aroma Bead Mold,https://www.etsy.com/listing/1073872191/trucker-hat-or-baseball-cap-silicone,MichellesCreationsTX,https://www.etsy.com/shop/MichellesCreationsTX,20.00,0,0,0,254,45,57 Mo.,531,1,12424,Craft Supplies & Tools,83,60,2.04,30701,"car freshie mold,silicone mold,resin mold,soap mold,chocolate mold,candle mold,custom freshie mold,craft mold,trucker hat mold,baseball cap mold,hat mold,ornament mold,freshie molds",car freshie mold,silicone mold,resin mold,soap mold,chocolate mold,candle mold,custom freshie mold,craft mold,trucker hat mold,baseball cap mold,hat mold,ornament mold,freshie molds
"Trucker’s Prayer Personalized Upload Photo Aluminum Ornament, Christmas Family Gift for Trucker, Custom Family Photo Ornament, Truck Driver",https://www.etsy.com/listing/1122814430/truckers-prayer-personalized-upload,GearCustomsDesign,https://www.etsy.com/shop/GearCustomsDesign,17.95,0,0,0,4,1,53 Mo.,6,0,233,Home & Living,65,0,1.72,14085,"christmas ornament,truck driver,semi truck ornament,truck ornament,christmas gift,custom family photo,gift for trucker",christmas ornament,truck driver,semi truck ornament,truck ornament,christmas gift,custom family photo,gift for trucker,--,--,--,--,--,--
"Bonsai Tree Enso Circle Trucker Hat | Custom Printed Hat | Bonsai Tree in Enso Circle - Buddhist Zen Calligraphy Gift | Love, Peace and Art",https://www.etsy.com/listing/1391006716/bonsai-tree-enso-circle-trucker-hat,11StudioPrints,https://www.etsy.com/shop/11StudioPrints,16.00,0,0,0,0,0,40 Mo.,4,0,128,Accessories,79,0,0.0,371,"trucker hat,foam front hat,baseball hat,bonsai tree cap,wildlife embroidery,embroidered tree hat,hats caps men,women gift,hat ornamental,tree japanese,tree cap,mom dad gift,bonsai art",trucker hat,foam front hat,baseball hat,bonsai tree cap,wildlife embroidery,embroidered tree hat,hats caps men,women gift,hat ornamental,tree japanese,tree cap,mom dad gift,bonsai art
"Santa Truck Christmas Ornament, Santa Claus Driving Truck Ornament, Trucker Ornament Xmas Gift, Truck Driver Ornament Gift TD-1127-MYBW",https://www.etsy.com/listing/1819178432/santa-truck-christmas-ornament-santa,LizzHome,https://www.etsy.com/shop/LizzHome,21.58,0,0,0,0,0,18 Mo.,0,0,41,Home & Living,24,0,0.0,7491,"christmas gift,christmas decor,christmas ornament,hanging ornament,family ornament,funny ornament gift,custom ornament gift,personalized gift,christmas keepsake,christmas in july,xmas ornament,car ornament,custom christmas",christmas gift,christmas decor,christmas ornament,hanging ornament,family ornament,funny ornament gift,custom ornament gift,personalized gift,christmas keepsake,christmas in july,xmas ornament,car ornament,custom christmas
"Personalized Truck Merry Tree Christmas Ornament for Truck Driver, Flat Acrylic Ornament for Dad, Truck Ornament Christmas G5NY07",https://www.etsy.com/listing/4380369319/personalized-truck-merry-tree-christmas,SpringCityShopArt,https://www.etsy.com/shop/SpringCityShopArt,32.98,0,0,0,0,0,7 Mo.,0,0,3,Home & Living,52,0,0.0,15142,"flat ornament,christmas,xmas gift,personalized,shaped ornament,tractor,tractor driver,truck driver,trucker,tractor ornament,lineman,for trucker driver,christmas 2025",flat ornament,christmas,xmas gift,personalized,shaped ornament,tractor,tractor driver,truck driver,trucker,tractor ornament,lineman,for trucker driver,christmas 2025
"Personalized Fire Truck Xmas Ornament, Fire Truck Ornament, Trucker Xmas Light, Personalized Truck Ornament, Gift For Firefighter BXLW13",https://www.etsy.com/listing/1808282480/personalized-fire-truck-xmas-ornament,SpringCityShopArt,https://www.etsy.com/shop/SpringCityShopArt,31.99,0,0,0,0,0,18 Mo.,0,0,25,Home & Living,52,0,0.0,15142,"gift for firefighter,fire truck christmas,firefighter trucker,firefighter ornament,fire truck gift,trucker gift,dad firefighter,mom firefighter,trucker christmas,personalized trucker,firefighter christma,gifts for dad,gifts for husband",gift for firefighter,fire truck christmas,firefighter trucker,firefighter ornament,fire truck gift,trucker gift,dad firefighter,mom firefighter,trucker christmas,personalized trucker,firefighter christma,gifts for dad,gifts for husband
"Truck Christmas Ornament, Gift for Truck Lovers, Unique Gifts for Kids, Truck Driver Gifts, Personalized Trucker Gift, Trucker Keychain",https://www.etsy.com/listing/1801697748/truck-christmas-ornament-gift-for-truck,JovannyGaliano,https://www.etsy.com/shop/JovannyGaliano,30.35,0,0,0,20,3,20 Mo.,6,0,232,Art & Collectibles,29,0,8.62,6248,"trucker gift,truck driver,gifts for him,custom truck decor,unique trucker gift,trucking accessories,personalized gift,funny trucker mug,trucker ornament,truck lover gift,holiday truck decor,custom truck,truck husband",trucker gift,truck driver,gifts for him,custom truck decor,unique trucker gift,trucking accessories,personalized gift,funny trucker mug,trucker ornament,truck lover gift,holiday truck decor,custom truck,truck husband
"Personalized Loader Ornament, Skid Steer Loader Christmas Ornament, Truck Driver Ornament Gift, Trucker Holiday Ornament Decor TD-1026-PKLF",https://www.etsy.com/listing/1815884407/personalized-loader-ornament-skid-steer,Huxyr,https://www.etsy.com/shop/Huxyr,21.58,0,0,0,0,0,20 Mo.,0,0,50,Home & Living,26,0,0.0,7332,"christmas gift,christmas decor,christmas ornament,hanging ornament,family ornament,funny ornament gift,custom ornament gift,personalized gift,christmas keepsake,christmas in july,xmas ornament,car ornament,custom christmas",christmas gift,christmas decor,christmas ornament,hanging ornament,family ornament,funny ornament gift,custom ornament gift,personalized gift,christmas keepsake,christmas in july,xmas ornament,car ornament,custom christmas
"Flat 2D Custom Name Storage Container Ornament, Trucker, Importer, Exporter Gift, Variety of Colors",https://www.etsy.com/listing/4404703882/flat-2d-custom-name-storage-container,Dat2002,https://www.etsy.com/shop/Dat2002,24.46,0,0,0,7,1,7 Mo.,1,0,113,Home & Living,14,0,6.19,2282,"shipping container,logistics gift,supply chain,warehouse decor,importer gift,personalized gift,custom ornament,industrial,christmas ornament",shipping container,logistics gift,supply chain,warehouse decor,importer gift,personalized gift,custom ornament,industrial,christmas ornament,--,--,--,--
"Personalized Truck Christmas Ornament, Custom Truck Christmas Acrylic Ornament, Christmas Gift For Truck Driver, Gift For Trucker Ornament",https://www.etsy.com/listing/4360445501/personalized-truck-christmas-ornament,JUSTINANDERSONCrafts,https://www.etsy.com/shop/JUSTINANDERSONCrafts,20.70,0,0,0,0,0,4 Mo.,1,0,8,Home & Living,13,0,0.0,200,"christmas ornament,personalized gift,christmas tree decor,christmas gift,personalize ornament,custom ornament,christmas decor,gift for trucker,truck ornament,trucker gift,trucker ornament,hanging ornament,christmas truck",christmas ornament,personalized gift,christmas tree decor,christmas gift,personalize ornament,custom ornament,christmas decor,gift for trucker,truck ornament,trucker gift,trucker ornament,hanging ornament,christmas truck
"Personalized Red Truck Christmas Ornament, Flat 2D Ornament, Gifts For Truck Lovers, Christmas Trucker Gift",https://www.etsy.com/listing/4398525991/personalized-red-truck-christmas,YarnInnovation,https://www.etsy.com/shop/YarnInnovation,10.88,0,0,0,0,0,2 Mo.,0,0,3,Home & Living,25,0,0.0,654,"christmas ornament,personalized gift,christmas tree decor,christmas gift,personalize ornament,custom ornament,christmas decor,gift for trucker,truck ornament,trucker gift,trucker ornament,hanging ornament,christmas truck",christmas ornament,personalized gift,christmas tree decor,christmas gift,personalize ornament,custom ornament,christmas decor,gift for trucker,truck ornament,trucker gift,trucker ornament,hanging ornament,christmas truck
"Personalized Bucket Truck Ornament, Lineman Bucket Truck Christmas Ornament, Christmas Gift For Lineman, Gift For Trucker Ornament",https://www.etsy.com/listing/4390661760/personalized-bucket-truck-ornament,VanSonStudioGifts,https://www.etsy.com/shop/VanSonStudioGifts,30.32,0,0,0,0,0,4 Mo.,0,0,8,Home & Living,7,0,0.0,256,"christmas gift,personalized gift,christmas ornament,christmas decor,custom ornament,christmas tree decor,christmas truck,truck ornament,lineman gift,trucker gift,tree hanging decor,gift for lineman,trucker",christmas gift,personalized gift,christmas ornament,christmas decor,custom ornament,christmas tree decor,christmas truck,truck ornament,lineman gift,trucker gift,tree hanging decor,gift for lineman,trucker
"Personalized Truck Driver Ornament, Trucker Christmas Gift, Red Plaid Ornament, Flannel Shirt Ornament, Truck Driver Locker Decor",https://www.etsy.com/listing/4394521987/personalized-truck-driver-ornament,VanSonStudioGifts,https://www.etsy.com/shop/VanSonStudioGifts,30.32,0,0,0,0,0,4 Mo.,0,0,31,Home & Living,7,0,0.0,256,"christmas gift,christmas ornament,christmas decor,christmas keepsake,hanging ornament,christmas truck,truck ornament,lineman gift,tree hanging decor,truck christmas,truck,work truck,truck driver gift",christmas gift,christmas ornament,christmas decor,christmas keepsake,hanging ornament,christmas truck,truck ornament,lineman gift,tree hanging decor,truck christmas,truck,work truck,truck driver gift
"Personalized Tractor Christmas Ornament 2D, Tractor Christmas Flat Ornament Christmas Gift For Farmer, For Farmer Tractor Driver",https://www.etsy.com/listing/1789373542/personalized-tractor-christmas-ornament,MichaelDonofrioTee,https://www.etsy.com/shop/MichaelDonofrioTee,19.95,0,0,0,0,0,7 Mo.,0,0,38,Home & Living,10,0,0.0,5329,"flat ornament,christmas,xmas gift,personalized,shaped ornament,christmas 2024,tractor,tractor driver,truck driver,trucker,tractor ornament,gift for christmas,gift for son",flat ornament,christmas,xmas gift,personalized,shaped ornament,christmas 2024,tractor,tractor driver,truck driver,trucker,tractor ornament,gift for christmas,gift for son
"Santa big rigger Ceramic Ornament, truck driver gift, Christmas ornament, Holiday gift, funny truck gift, truck driving Santa",https://www.etsy.com/listing/1613498430/santa-big-rigger-ceramic-ornament-truck,EveryBODtees,https://www.etsy.com/shop/EveryBODtees,11.52,0,0,0,0,0,15 Mo.,0,0,0,Home & Living,28,0,0.0,52,"santa big rigger,christmas ornament,holiday ornament,santa trucker gift,truck driver gift,funny santa ornament,circle and snowflake,ceramic ornament,funny gift idea,santa trucker",santa big rigger,christmas ornament,holiday ornament,santa trucker gift,truck driver gift,funny santa ornament,circle and snowflake,ceramic ornament,funny gift idea,santa trucker,--,--,--
"Trucker Christmas With Flag Personalized Christmas Ornament Acrylic Flat 2D, Christmas gift for Trucker, Flat Acrylic Ornament for Dad",https://www.etsy.com/listing/1810952416/trucker-christmas-with-flag-personalized,ZelosAudioLLC,https://www.etsy.com/shop/ZelosAudioLLC,19.95,0,0,0,0,0,5 Mo.,0,0,10,Home & Living,8,0,0.0,4046,"flat ornament,christmas,xmas gift,personalized,shaped ornament,christmas 2024,tractor,tractor driver,truck driver,trucker,tractor ornament,lineman,for trucker driver",flat ornament,christmas,xmas gift,personalized,shaped ornament,christmas 2024,tractor,tractor driver,truck driver,trucker,tractor ornament,lineman,for trucker driver
"Custom White Semi Truck Ornament, Personalized Xmas Gift for Trucker Dad Husband",https://www.etsy.com/listing/4374549136/custom-white-semi-truck-ornament,StoreSimonGifts,https://www.etsy.com/shop/StoreSimonGifts,21.89,0,0,0,0,0,1 Mo.,0,0,1,Home & Living,7,0,0.0,492,"christmas ornament,trucker ornament,truck ornament,trucker christmas,trucker truck,trucker gift,christmas ornaments,tractor ornament,truck christmas,christmas gifts,christmas gift,semi truck gift,driver dad gift",christmas ornament,trucker ornament,truck ornament,trucker christmas,trucker truck,trucker gift,christmas ornaments,tractor ornament,truck christmas,christmas gifts,christmas gift,semi truck gift,driver dad gift
"Custom Semi Truck Ornament with Christmas Tree Personalized Name, 2D Flat Big Rig Holiday Decoration Gift for Trucker Driver,Christmas Decor",https://www.etsy.com/listing/4397966352/custom-semi-truck-ornament-with,TaboadaFashionFunny,https://www.etsy.com/shop/TaboadaFashionFunny,19.95,0,0,0,0,0,1 Mo.,0,0,1,Home & Living,22,0,0.0,105,"personalize ornament,custom ornament,christmas decor,gift for trucker,truck ornament,trucker gift,trucker ornament,hanging ornament,christmas truck,christmas ornament,personalized gift,christmas tree decor,christmas gift",personalize ornament,custom ornament,christmas decor,gift for trucker,truck ornament,trucker gift,trucker ornament,hanging ornament,christmas truck,christmas ornament,personalized gift,christmas tree decor,christmas gift
Baseball | Baseball SVG | Baseball PNG | Baseball Shirt | Baseball Hat | Baseball Nana | Baseball Nana SVG | Baseball Nana Shirt | Cut File,https://www.etsy.com/listing/1243142999/baseball-baseball-svg-baseball-png,CassandraLeeGray,https://www.etsy.com/shop/CassandraLeeGray,3.33,0,0,0,0,0,33 Mo.,1,0,2,Craft Supplies & Tools,37,0,0.0,828,"baseball png,baseball jpg,baseball hat,baseball cut file,baseball vector,baseball design,baseball cap,baseball trucker cap,baseball ornament,baseball print,custom baseball hat,baseball font,baseball helmet",baseball png,baseball jpg,baseball hat,baseball cut file,baseball vector,baseball design,baseball cap,baseball trucker cap,baseball ornament,baseball print,custom baseball hat,baseball font,baseball helmet
"Personalized Trucker Truck Christmas Ornament, Trucker Ornament, Trucker Christmas Light, Personalized Truck Ornament",https://www.etsy.com/listing/4364663633/personalized-trucker-truck-christmas,StarNightTreasures,https://www.etsy.com/shop/StarNightTreasures,12.87,0,0,0,0,0,2 Mo.,0,0,5,Home & Living,28,0,0.0,913,"christmas gift,christmas ornament,trucker ornament,truck ornament,trucker christmas,trucker truck,trucker gift,christmas ornaments,tractor ornament,truck christmas,acrylic ornament,christmas gifts,tractor ornaments",christmas gift,christmas ornament,trucker ornament,truck ornament,trucker christmas,trucker truck,trucker gift,christmas ornaments,tractor ornament,truck christmas,acrylic ornament,christmas gifts,tractor ornaments
More time with my trucker,https://www.etsy.com/listing/1142143421/more-time-with-my-trucker,CupsofLoveStudios,https://www.etsy.com/shop/CupsofLoveStudios,8.78,0,0,0,0,0,48 Mo.,0,0,13,Home & Living,63,0,0.0,1148,"christmas,ornament,trucker,semi,2022",christmas,ornament,trucker,semi,2022,--,--,--,--,--,--,--,--
"Personalized Log Truck Christmas Ornament, Truck Driver Ornament Gift, Big Rig Xmas Decor, Trucker Keepsake, Transportation Gift Thdso-3209",https://www.etsy.com/listing/4409924010/personalized-log-truck-christmas,Zentati,https://www.etsy.com/shop/Zentati,23.36,0,0,0,0,0,6 Mo.,0,0,19,Home & Living,14,0,0.0,947,"christmas gift,christmas decor,christmas ornament,hanging ornament,family ornament,funny ornament gift,custom ornament gift,personalized gift,christmas keepsake,christmas in july,xmas ornament,car ornament,custom christmas",christmas gift,christmas decor,christmas ornament,hanging ornament,family ornament,funny ornament gift,custom ornament gift,personalized gift,christmas keepsake,christmas in july,xmas ornament,car ornament,custom christmas
Custom Trucker Christmas Name Personalized Trucker Name Ornament Christmas Trucker Name Ornament Personalized Wooden Ornament,https://www.etsy.com/listing/1796462760/custom-trucker-christmas-name,LalibeeCrochet,https://www.etsy.com/shop/LalibeeCrochet,16.00,0,0,0,0,0,7 Mo.,0,0,1,Home & Living,32,0,0.0,1275,"ornament,keepsake ornament,christmas ornament,plywood ornament,hanging ornament,halloween ornament,gift for lover,christmas gift,personalized gift,wood ornament,hanging wood,keepsake gift",ornament,keepsake ornament,christmas ornament,plywood ornament,hanging ornament,halloween ornament,gift for lover,christmas gift,personalized gift,wood ornament,hanging wood,keepsake gift,--
"Funny Custom Face Truck Driver Dad Ornament, Personalized Mini Figure Father’s Day Gift from Kids, Unique Hero Keepsake, Cute Gift for Him",https://www.etsy.com/listing/4306229760/funny-custom-face-truck-driver-dad,VictoriaTrendy,https://www.etsy.com/shop/VictoriaTrendy,25.99,0,0,0,0,0,1 Mo.,2,0,56,Home & Living,5,0,0.0,282,"truck driver dad,trucker dad gift,custom face ornament,gift from kids,hero on the road,daddy truck gift,papa truck figure,long haul dad,mini truck driver,dad big rig gift,personalized trucker,funny driver,father day trucker",truck driver dad,trucker dad gift,custom face ornament,gift from kids,hero on the road,daddy truck gift,papa truck figure,long haul dad,mini truck driver,dad big rig gift,personalized trucker,funny driver,father day trucker
personalized hand painted Semi truck ornament,https://www.etsy.com/listing/1240013274/personalized-hand-painted-semi-truck,debithewizardofart,https://www.etsy.com/shop/debithewizardofart,12.00,0,0,0,0,0,41 Mo.,0,0,13,Home & Living,134,0,0.0,3075,"semi truck,semi trucker,semi truck ornament,christmas ornament,tree decor,tree ornament,ornament,gift,trucker gift,cross country hauler,trucker driver,truck driver ornie,rig trailer truck",semi truck,semi trucker,semi truck ornament,christmas ornament,tree decor,tree ornament,ornament,gift,trucker gift,cross country hauler,trucker driver,truck driver ornie,rig trailer truck
Personalized Acrylic Truck Christmas Ornament: Custom Name Trucker Gift,https://www.etsy.com/listing/4369755423/personalized-acrylic-truck-christmas,SamanthaVividAttire,https://www.etsy.com/shop/SamanthaVividAttire,23.88,0,0,0,0,0,3 Mo.,0,0,14,Home & Living,5,0,0.0,862,"2d acrylic ornament,truck christmas gift,semi truck ornament,custom truck decor,big rig ornament,truck driver gift,custom name ornament,holiday ornament,truck gift,christmas decor,trucker decor,acrylic ornament,christmas gift",2d acrylic ornament,truck christmas gift,semi truck ornament,custom truck decor,big rig ornament,truck driver gift,custom name ornament,holiday ornament,truck gift,christmas decor,trucker decor,acrylic ornament,christmas gift
"Custom Bucket Truck Ornament, Personalized Utility Truck Christmas Ornament, Truck Christmas Ornament, Truck Xmas Tree, Lineman Dad Gift",https://www.etsy.com/listing/4379184181/custom-bucket-truck-ornament,TatyanaStyleStore,https://www.etsy.com/shop/TatyanaStyleStore,24.99,0,0,0,0,0,3 Mo.,0,0,8,Home & Living,18,0,0.0,5002,"christmas gift,christmas ornament,custom ornament,truck christmas,truck ornament,lineman bucker truck,gift for lineman,ornament 2025,truck driver gift,christmas tree decor,lineman him gift,christmas decor,gift for trucker",christmas gift,christmas ornament,custom ornament,truck christmas,truck ornament,lineman bucker truck,gift for lineman,ornament 2025,truck driver gift,christmas tree decor,lineman him gift,christmas decor,gift for trucker
Crochet raccoon initial car ornament first car gifts,https://www.etsy.com/listing/4379301950/crochet-raccoon-initial-car-ornament,FairyToysWorld,https://www.etsy.com/shop/FairyToysWorld,25.90,0,0,0,0,0,3 Mo.,0,0,5,Electronics & Accessories,107,0,0.0,9952,"crochet raccoon,initial car ornament,first car gifts,new year amigurumi,trucker accessories,office gift exchange,personalized raccoon,auto decoration,driving gift,custom zoo animal,cute car pendant,stocking filler idea,christmas plush gift",crochet raccoon,initial car ornament,first car gifts,new year amigurumi,trucker accessories,office gift exchange,personalized raccoon,auto decoration,driving gift,custom zoo animal,cute car pendant,stocking filler idea,christmas plush gift
Yellow labrador retriever crochet initial car ornament,https://www.etsy.com/listing/1556447595/yellow-labrador-retriever-crochet,FairyToysWorld,https://www.etsy.com/shop/FairyToysWorld,20.50,0,0,0,3,1,21 Mo.,18,0,205,Electronics & Accessories,110,0,1.46,9979,"yellow labrador,retriever crochet,initial car ornament,pet passing gift,golden lab,personalized rear,view mirror charm,commemorative gift,amigurumi dog,four-legged friends,cute car pendant,pet sympathy gift,trucker accessories",yellow labrador,retriever crochet,initial car ornament,pet passing gift,golden lab,personalized rear,view mirror charm,commemorative gift,amigurumi dog,four-legged friends,cute car pendant,pet sympathy gift,trucker accessories
"Personalized Truck Ornament - Trucker Ornament, 4Wheeler Ornament, Semi Truck Driver Gifts - Truck Eyes - Free Customization with Gift Box",https://www.etsy.com/listing/987079464/personalized-truck-ornament-trucker,OrnamentsbyElves,https://www.etsy.com/shop/OrnamentsbyElves,27.95,0,0,0,9,2,61 Mo.,5,0,146,Home & Living,144,0,6.16,86613,"personalize ornament,custom ornament,christmas ornament,kids truck ornament,christmas truck,tonka truck,car ornaments,trucker ornament,semi truck ornament,4wheeler ornament,hot wheel ornament,moving truck,truck driver gifts",personalize ornament,custom ornament,christmas ornament,kids truck ornament,christmas truck,tonka truck,car ornaments,trucker ornament,semi truck ornament,4wheeler ornament,hot wheel ornament,moving truck,truck driver gifts
"Semi Truck Drivers Big Truck Gifts Truck Personalized Car Mirror Decor, Unique Gifts For Truckers, Cool Truck Driver Dad, Acrylic Ornament",https://www.etsy.com/listing/1304534483/semi-truck-drivers-big-truck-gifts-truck,KoolKoolCustomDesign,https://www.etsy.com/shop/KoolKoolCustomDesign,16.95,0,0,0,0,0,44 Mo.,5,0,345,Home & Living,65,0,0.0,14845,"gifs for trucker dad,big rigs driver,tow truck driver,big truck racing,crazy trucker gift,funny truck driver,funny truck papa,truck driver mom,truck accessories,heavy duty trucks,flatbed truck gifts,semi truck decor,gift for truck guys",gifs for trucker dad,big rigs driver,tow truck driver,big truck racing,crazy trucker gift,funny truck driver,funny truck papa,truck driver mom,truck accessories,heavy duty trucks,flatbed truck gifts,semi truck decor,gift for truck guys
Trucker Semi Truck Driver - In Loving Memory - Remembrance Keepsake Engraved Ornament - Personalized,https://www.etsy.com/listing/1069653424/trucker-semi-truck-driver-in-loving,AlpineEngraving,https://www.etsy.com/shop/AlpineEngraving,14.95,0,0,0,70,16,56 Mo.,39,0,1104,Home & Living,165,0,6.34,17011,"in loving memory,remembrance ornament,peterbilt memorial,peterbilt ornament,peterbilt memory,peterbilt epitaph,peterbilt trucker,trucker memorial,trucker ornament,trucker epitaph,trucker remembrance,trucker driver death,semi truck driver",in loving memory,remembrance ornament,peterbilt memorial,peterbilt ornament,peterbilt memory,peterbilt epitaph,peterbilt trucker,trucker memorial,trucker ornament,trucker epitaph,trucker remembrance,trucker driver death,semi truck driver
Black Dice with Clear Bling Gems and Chain or Cord Car Rear View Mirror Ornament Charm Decor,https://www.etsy.com/listing/1030564658/black-dice-with-clear-bling-gems-and,YourFantasyLand,https://www.etsy.com/shop/YourFantasyLand,21.99,0,0,0,14,4,59 Mo.,16,0,361,Electronics & Accessories,75,0,3.88,5753,"mirror dice,rear view mirror,car dice,dice,bling,made in usa,trucker,mirror hangers,leather,car ornament,car charm,charms,dice for mirror",mirror dice,rear view mirror,car dice,dice,bling,made in usa,trucker,mirror hangers,leather,car ornament,car charm,charms,dice for mirror
"Personalized Truck Christmas Ornament, Funny Trucker Gift",https://www.etsy.com/listing/4372998160/custom-truck-ornament-for-husband,DeepSouthCustomCo,https://www.etsy.com/shop/DeepSouthCustomCo,17.48,0,0,0,3,1,8 Mo.,0,0,18,Home & Living,9,0,16.67,48,"personalized,truck girl gift,trucker gifts,truck ornament,gift for husband,truck christmas,ornament for boy,funny ornament,funny christmas gift,lovers car gifted,gift for truckers,ornament for son,funny boy keepsake",personalized,truck girl gift,trucker gifts,truck ornament,gift for husband,truck christmas,ornament for boy,funny ornament,funny christmas gift,lovers car gifted,gift for truckers,ornament for son,funny boy keepsake
"Trucker Ornament Engraved on Wood – Rustic Semi Truck Christmas Decoration, Gift for Truck Drivers, I Still Play With Trucks Ornament",https://www.etsy.com/listing/4365970240/trucker-ornament-engraved-on-wood-rustic,engravino,https://www.etsy.com/shop/engravino,18.00,0,0,0,0,0,8 Mo.,1,0,15,Home & Living,12,0,0.0,2,"memorialgift,housewarminggift,birthdaygift,christmasgift,wedddinggift,anniversary gift,engravedornament,engravedwood,woodengraved,giftforwife,giftforhusband,gift,gifts",memorialgift,housewarminggift,birthdaygift,christmasgift,wedddinggift,anniversary gift,engravedornament,engravedwood,woodengraved,giftforwife,giftforhusband,gift,gifts
"Christmas Food Truck Ornament, Custom Name Food Truck Christmas Acrylic Ornament, 2025 Xmas Gift For Truck Driver, Gift For Trucker Ornament",https://www.etsy.com/listing/4386709851/christmas-food-truck-ornament-custom,TuanTuProDesigns,https://www.etsy.com/shop/TuanTuProDesigns,26.99,0,0,0,0,0,7 Mo.,0,0,15,Home & Living,16,0,0.0,881,"christmas gift,christmas ornament,hanging ornament,car mirror ornament,car mirror decor,christmas keepsake,food truck ornament,food truck gifts,food delivery,food lover ornament,custom food truck,food driver,acrylic ornament",christmas gift,christmas ornament,hanging ornament,car mirror ornament,car mirror decor,christmas keepsake,food truck ornament,food truck gifts,food delivery,food lover ornament,custom food truck,food driver,acrylic ornament
"LaserGram Christmas Ornament, Truck Cab, Personalized Engraving Included (Oval Shape)",https://www.etsy.com/listing/850853202/lasergram-christmas-ornament-truck-cab,LaserGramGifts,https://www.etsy.com/shop/LaserGramGifts,24.99,0,0,0,0,0,68 Mo.,1,0,32,Home & Living,75,0,0.0,48175,"custom,customized,glass,crystal,hanging,christmas tree,ornament,xmas ornament,trucker,trucking,driver,bus,transportation",custom,customized,glass,crystal,hanging,christmas tree,ornament,xmas ornament,trucker,trucking,driver,bus,transportation
"Personalized Best Trucker Ornament 2024, Custom Truck Driver Gift, Personalize Christmas Tree Decoration, Unique Holiday Keepsake for Driver",https://www.etsy.com/listing/1804293501/personalized-best-trucker-ornament-2024,GratefulGestures,https://www.etsy.com/shop/GratefulGestures,10.39,0,0,0,0,0,19 Mo.,0,0,12,Home & Living,31,0,0.0,1128,"trucker ornament,best trucker gift,custom tree decor,2024 ornament,holiday decoration,christmas ornament,unique holiday gift,road warrior gift,appreciation gift,long haul trucker,trucking family gift,festive truck decor,truck lover gift",trucker ornament,best trucker gift,custom tree decor,2024 ornament,holiday decoration,christmas ornament,unique holiday gift,road warrior gift,appreciation gift,long haul trucker,trucking family gift,festive truck decor,truck lover gift
"Edgy Skull Car Coaster: Unique Halloween Auto Accessory, Funny Gift for Drivers & Vehicle Enthusiasts",https://www.etsy.com/listing/4334783224/edgy-skull-car-coaster-unique-halloween,PineRowGifts,https://www.etsy.com/shop/PineRowGifts,18.00,0,0,0,0,0,10 Mo.,0,0,10,Electronics & Accessories,60,0,0.0,288,"handmade playful art,humorou ceramic home,novelty decor lover,item decoration bone,automotive dashboard,protective absorbent,skeleton interior,sarcastic ornament,alternative macabre,conversation trucker,icebreaker console,seasonal stylish,starter spooky metal",handmade playful art,humorou ceramic home,novelty decor lover,item decoration bone,automotive dashboard,protective absorbent,skeleton interior,sarcastic ornament,alternative macabre,conversation trucker,icebreaker console,seasonal stylish,starter spooky metal
"Custom Embroidered Yellowstone Trucker Hat, National Park Gift",https://www.etsy.com/listing/1878904763/custom-yellowstone-trucker-hat-national,ZephyrStreet,https://www.etsy.com/shop/ZephyrStreet,37.00,0,0,0,0,0,15 Mo.,0,0,2,Accessories,35,0,0.0,502,"us national parks,yellowstone national,park,yellowstone,yellowstone shirt,yellowstone ornament,wyoming,national park map,park shirt,yellowstone gifts,embroidered trucker,hat,custom trucker hat",us national parks,yellowstone national,park,yellowstone,yellowstone shirt,yellowstone ornament,wyoming,national park map,park shirt,yellowstone gifts,embroidered trucker,hat,custom trucker hat
Custom Owner Operator Christmas Ornament gift new trucker gift new owner operator business anniversary Christmas ornament gift trucker,https://www.etsy.com/listing/1775287664/custom-owner-operator-christmas-ornament,LuxNLovely,https://www.etsy.com/shop/LuxNLovely,20.76,0,0,0,0,0,20 Mo.,0,0,15,Home & Living,177,0,0.0,933,"owner operator gift,trucker gift idea,gift trucker,trucking business,gift cdl graduate,gift owner operator,gift truck driver,custom trucker gift,gift trucker hubby,trucking company,gift trucking,gift woman trucker,gift truck driving",owner operator gift,trucker gift idea,gift trucker,trucking business,gift cdl graduate,gift owner operator,gift truck driver,custom trucker gift,gift trucker hubby,trucking company,gift trucking,gift woman trucker,gift truck driving
"Personalized Truck Merry Tree Christmas Ornament for Truck Driver, Flat Acrylic Ornament for Dad, Truck Ornament Christmas",https://www.etsy.com/listing/1308099576/personalized-truck-merry-tree-christmas,HAVIBraidedBracelet,https://www.etsy.com/shop/HAVIBraidedBracelet,18.99,0,0,0,12,2,43 Mo.,3,0,149,Home & Living,58,0,8.05,13349,"flat ornament,christmas,xmas gift,personalized,shaped ornament,christmas 2022,tractor,tractor driver,truck driver,trucker,tractor ornament,lineman,for trucker driver",flat ornament,christmas,xmas gift,personalized,shaped ornament,christmas 2022,tractor,tractor driver,truck driver,trucker,tractor ornament,lineman,for trucker driver
"Custom Name Truck Tree Ornament, Personalized Truck Christmas Ornament, Gift For Truck Driver, Truck Lovers, Him, Husband, Boyfriend",https://www.etsy.com/listing/1836565585/custom-name-truck-tree-ornament,GearCustomsDesign,https://www.etsy.com/shop/GearCustomsDesign,17.95,0,0,0,0,0,17 Mo.,0,0,22,Home & Living,65,0,0.0,14085,"white christmas gift,christmas ornament,christmas parent,gift for family,parents gift,family christmas,family ornament,family name ornament,christmas family,christmas gift,truck driver gift,gift for trucker",white christmas gift,christmas ornament,christmas parent,gift for family,parents gift,family christmas,family ornament,family name ornament,christmas family,christmas gift,truck driver gift,gift for trucker,--
"Custom Name Truck Christmas Ornament, Christmas Gift For Truck Driver, Baby&#39;s First Christmas , Christmas Keepsake, Christmas Tree Decor",https://www.etsy.com/listing/4390123469/custom-name-truck-christmas-ornament,SunsetCustomArt,https://www.etsy.com/shop/SunsetCustomArt,16.94,0,0,0,0,0,7 Mo.,1,0,3,Home & Living,17,0,0.0,452,"christmas tree decor,christmas disney,our 1st christmas,first christmas gift,disney xmas gifts,baby disney ornament,hook truck,breakdown truck,tractor ornament,custom name truck,trucker christmas,driver ornament",christmas tree decor,christmas disney,our 1st christmas,first christmas gift,disney xmas gifts,baby disney ornament,hook truck,breakdown truck,tractor ornament,custom name truck,trucker christmas,driver ornament,--
"Ice Cream Truck Christmas Ornament, Ice Cream Truck Xmas Ornament, Ice Cream Truck Driver Ornament Gift, Trucker Ornament Gift TD-1122-TQDA",https://www.etsy.com/listing/1817257402/ice-cream-truck-christmas-ornament-ice,LizzHome,https://www.etsy.com/shop/LizzHome,21.58,0,0,0,0,0,18 Mo.,1,0,21,Home & Living,24,0,0.0,7491,"christmas gift,christmas decor,christmas ornament,hanging ornament,family ornament,funny ornament gift,custom ornament gift,personalized gift,christmas keepsake,christmas in july,xmas ornament,car ornament,custom christmas",christmas gift,christmas decor,christmas ornament,hanging ornament,family ornament,funny ornament gift,custom ornament gift,personalized gift,christmas keepsake,christmas in july,xmas ornament,car ornament,custom christmas
"Watercolor Christmas Truck Clipart, 15 JPG Green Pick Up Truck, Christmas Tree Decor, Winter Decor, Christmas Scrapbook, Christmas Cards",https://www.etsy.com/listing/4392046508/watercolor-christmas-truck-clipart-15,TinyBitsTreasures,https://www.etsy.com/shop/TinyBitsTreasures,4.59,0,0,0,0,0,7 Mo.,1,0,67,Craft Supplies & Tools,23,0,0.0,533,"festive decor,christmas clipart,vintage trucker,christmas car decor,christmas ornament,winter trucks,winter card,winter clipart,holiday decor,holiday cards,kids christmas,xmas trucks,christmas sublimatio",festive decor,christmas clipart,vintage trucker,christmas car decor,christmas ornament,winter trucks,winter card,winter clipart,holiday decor,holiday cards,kids christmas,xmas trucks,christmas sublimatio
"Dachshund Patch,Dogs Puppy Applique Patch,Animal Embroidery Patch, Self Adhesive Patch",https://www.etsy.com/listing/1825756660/dachshund-patchdogs-puppy-applique,MORAGIO,https://www.etsy.com/shop/MORAGIO,2.67,0,0,0,28,2,18 Mo.,17,0,462,Accessories,48,0,6.06,43175,"dachshund gift,dachshund christmas,dachshund ornament,dog patch,applique and patch,trucker hat patches,patches for jeans,patches for bags,patches for backpack,diy patch,patches for jacket,patches for hats,animal ornaments",dachshund gift,dachshund christmas,dachshund ornament,dog patch,applique and patch,trucker hat patches,patches for jeans,patches for bags,patches for backpack,diy patch,patches for jacket,patches for hats,animal ornaments
Santa’s Favorite Ho Christmas Trucker Hat with Optional Hat Chain,https://www.etsy.com/listing/4397564502/santas-favorite-ho-christmas-trucker-hat,RainbowEmporiumGifts,https://www.etsy.com/shop/RainbowEmporiumGifts,30.00,0,0,0,0,0,7 Mo.,4,0,87,Accessories,25,0,0.0,3235,"custom,trucker,hat,christmas,santa,ho,ornaments,chain,patch,ugly,sweater,gift,favorite",custom,trucker,hat,christmas,santa,ho,ornaments,chain,patch,ugly,sweater,gift,favorite
