Product Name,Product Link,Shop Name,Shop Link,Price,Est. Sales,Est. Revenue,Growth Rate,Est. Total Sales,Total Reviews,Listing Age,Total Favorites,Avg. Reviews,Total Views,Category,Shop Age,Visibility Score,Conversion Rate,Total Shop Sales,Tags,Tag 1,Tag 2,Tag 3,Tag 4,Tag 5,Tag 6,Tag 7,Tag 8,Tag 9,Tag 10,Tag 11,Tag 12,Tag 13
"50 Vintage Hot Rod Stickers, Custom Classic Car Doodle Decals, Retro Waterproof Vinyl Stickers for Garage, Toolbox, Laptop, Mechanic Gift",https://www.etsy.com/listing/4464424000/50-vintage-hot-rod-stickers-custom,TheGildedLaef,https://www.etsy.com/shop/TheGildedLaef,3.70,39,144,0,39,1,3 Mo.,42,0,754,Paper & Party Supplies,4,63,5.17,39,"vintage car stickers,hot rod stickers,classic car stickers,custom car decals,retro car stickers,mechanic stickers,garage stickers,toolbox stickers,waterproof stickers,lowrider stickers,rat rod stickers,car guy gift,sticker pack",vintage car stickers,hot rod stickers,classic car stickers,custom car decals,retro car stickers,mechanic stickers,garage stickers,toolbox stickers,waterproof stickers,lowrider stickers,rat rod stickers,car guy gift,sticker pack
100 pcs &quot;Hard Hat&quot; Sticker Pack | Powerline | Welding | Stripper | Beard Gifts | Mechanic | Gorilla | Essential Worker | Construction Gifts,https://www.etsy.com/listing/1301311151/100-pcs-hard-hat-sticker-pack-powerline,ToySushi,https://www.etsy.com/shop/ToySushi,13.78,7,96,0,207,33,44 Mo.,363,1,19203,Accessories,56,99,1.08,7117,"gift for electrician,hard hat stickers,beard,stripper,essential worker,construction decals,safety stickers,electrical engineer,funny stickers,lineman,skull sticker,welding,mechanic",gift for electrician,hard hat stickers,beard,stripper,essential worker,construction decals,safety stickers,electrical engineer,funny stickers,lineman,skull sticker,welding,mechanic
"Funny Construction Sticker/Magnet: &quot;Can We Fix It? No, It&#39;s F***ed&quot; - Toolbox Humor",https://www.etsy.com/listing/4326423806/funny-construction-stickermagnet-can-we,MadhouseDecorDesign,https://www.etsy.com/shop/MadhouseDecorDesign,5.73,15,86,0,409,82,11 Mo.,1011,7,9979,Home & Living,11,100,4.1,2530,"tradesman giftlabore,sarcastic sticker,blue collar gift,construction magnet,builder humor decal,mechanic sticker,contractor gift,jobsite decal,gag gift for workers,worksite humor,toolbox sticker,funny construction,laborer humor",tradesman giftlabore,sarcastic sticker,blue collar gift,construction magnet,builder humor decal,mechanic sticker,contractor gift,jobsite decal,gag gift for workers,worksite humor,toolbox sticker,funny construction,laborer humor
Mech Holographic Sticker | Exhaust | Sci-Fi Gaming Decal | 4x5” | Glossy or Matte | 0167,https://www.etsy.com/listing/4360171993/mech-holographic-vinyl-sticker-exhaust,vizerall,https://www.etsy.com/shop/vizerall,9.99,4,40,0,37,9,9 Mo.,259,1,1157,Paper & Party Supplies,43,42,3.2,4969,"gaming sticker,sci-fi sticker,bottle sticker,laptop sticker,gift for boyfriend,gaming decor,cool sticker for men,gamer gear,geek gift,futuristic sticker,dystopian sticker,mech sticker,mechanical sticker",gaming sticker,sci-fi sticker,bottle sticker,laptop sticker,gift for boyfriend,gaming decor,cool sticker for men,gamer gear,geek gift,futuristic sticker,dystopian sticker,mech sticker,mechanical sticker
Mech Holographic Sticker | Jet Intake | Sci-Fi Gaming Decal | 3.7x6” | Glossy or Matte | 0169,https://www.etsy.com/listing/4360171215/mech-holographic-vinyl-sticker-jet,vizerall,https://www.etsy.com/shop/vizerall,9.99,4,40,0,12,3,9 Mo.,69,0,332,Paper & Party Supplies,43,0,3.61,4969,"gaming sticker,sci-fi sticker,bottle sticker,laptop sticker,gift for boyfriend,gaming decor,cool sticker for men,gamer gear,geek gift,futuristic sticker,dystopian sticker,mech sticker,mechanical sticker",gaming sticker,sci-fi sticker,bottle sticker,laptop sticker,gift for boyfriend,gaming decor,cool sticker for men,gamer gear,geek gift,futuristic sticker,dystopian sticker,mech sticker,mechanical sticker
"Ford Mustang 5.0 Coyote Engine Sticker - V8 GT Decal - Mechanic Gift, Laptop & Toolbox Sticker - Waterproof Vinyl for S550 S197",https://www.etsy.com/listing/4436889515/ford-mustang-50-coyote-engine-sticker-v8,EliteStickerPros,https://www.etsy.com/shop/EliteStickerPros,8.99,4,36,0,1,2,4 Mo.,9,1,108,Paper & Party Supplies,9,0,0.93,15,"mustang gt,ford v8,muscle car,coyote engine,mechanic gift,car guy gift,s550 mustang,s197 mustang,toolbox sticker,engine decal,laptop sticker,waterproof vinyl,ford racing",mustang gt,ford v8,muscle car,coyote engine,mechanic gift,car guy gift,s550 mustang,s197 mustang,toolbox sticker,engine decal,laptop sticker,waterproof vinyl,ford racing
Waiting for Parts Stickers or Magnets: Gift for mechanic,https://www.etsy.com/listing/4434677995/waiting-for-parts-stickers-or-magnets,HarkGraphics,https://www.etsy.com/shop/HarkGraphics,3.99,9,36,-100,27,6,5 Mo.,153,1,682,Home & Living,45,45,3.96,5812,"sarcastic stickers,saracastic magnets,funny gifts,funny stickers,funny magnets,gift for friend,birthday gift,gear head,mechanic,mechanic gift,car guy,parts guy",sarcastic stickers,saracastic magnets,funny gifts,funny stickers,funny magnets,gift for friend,birthday gift,gear head,mechanic,mechanic gift,car guy,parts guy,--
"I Can Fix Stupid But It&#39;s Gonna Hurt Sticker, Retro Funny Mechanic Quote Dark Humor Vinyl Die Cute Stickers for Kindle, Laptop, Water Bottle",https://www.etsy.com/listing/4438088576/i-can-fix-stupid-but-its-gonna-hurt,Patstina,https://www.etsy.com/shop/Patstina,3.99,9,36,0,9,1,4 Mo.,9,0,120,Paper & Party Supplies,8,0,7.5,3062,"mechanic sticker,sarcastic sticker,work humor sticker,blue collar sticker,pin up sticker,garage sticker,tool box sticker,laptop sticker,waterproof sticker,vinyl sticker,gift for mechanics,funny mechanic,retro mechanic",mechanic sticker,sarcastic sticker,work humor sticker,blue collar sticker,pin up sticker,garage sticker,tool box sticker,laptop sticker,waterproof sticker,vinyl sticker,gift for mechanics,funny mechanic,retro mechanic
Funny Mechanic Hourly Rate Vinyl Sticker - Toolbox Garage Decal,https://www.etsy.com/listing/4306967544/funny-mechanic-hourly-rate-vinyl-sticker,UpstateDigitalDecor,https://www.etsy.com/shop/UpstateDigitalDecor,4.50,7,32,0,14,2,12 Mo.,10,0,180,Paper & Party Supplies,14,0,7.78,734,"mechanic sticker,mechanic hourly rate,garage sticker,mechanic life,car repair humor,auto tech gifts,gifts for him,toolbox sticker,funny mechanic decal,auto shop humor,gifts for her,funny fathers day,fixer upper humor",mechanic sticker,mechanic hourly rate,garage sticker,mechanic life,car repair humor,auto tech gifts,gifts for him,toolbox sticker,funny mechanic decal,auto shop humor,gifts for her,funny fathers day,fixer upper humor
Toolbox Sticker for men funny gift for husband mechanic,https://www.etsy.com/listing/1842524155/toolbox-sticker-for-men-funny-gift-for,PaddleSmackApparel,https://www.etsy.com/shop/PaddleSmackApparel,6.25,5,31,0,19,4,17 Mo.,131,0,590,Paper & Party Supplies,44,0,3.22,1608,"funnycarsticker,nsfwsticker,men'scarsticker,adulthumorsticker,funnymensticker,carpunsticker,nsfwcardecal,funnydecalformen,carstickerhumor,gift for dad,funny mechanic,mechanic humor,ment funny sticker",funnycarsticker,nsfwsticker,men'scarsticker,adulthumorsticker,funnymensticker,carpunsticker,nsfwcardecal,funnydecalformen,carstickerhumor,gift for dad,funny mechanic,mechanic humor,ment funny sticker
MapleStory OG Emote Keycaps for MX Switches,https://www.etsy.com/listing/1528516464/maplestory-og-emote-keycaps-for-mx,Deez3Ds,https://www.etsy.com/shop/Deez3Ds,5.99,5,30,0,53,16,33 Mo.,188,0,3318,Electronics & Accessories,34,36,1.6,405,"maplestory keycaps,og maplestory keycap,cute custom keycaps,gifts for gamers,oldschool maplestory,personalized keycaps,artisan game keycaps,cute pokemon keycaps,cherry mx keycaps,mechanical keycaps,cute anime keycaps,oem profile keycaps,maplestory stickers",maplestory keycaps,og maplestory keycap,cute custom keycaps,gifts for gamers,oldschool maplestory,personalized keycaps,artisan game keycaps,cute pokemon keycaps,cherry mx keycaps,mechanical keycaps,cute anime keycaps,oem profile keycaps,maplestory stickers
"Safety Third Sticker | Funny Sticker | Sarcastic Sticker | Hard Hat Sticker | Welder Sticker | Construction, Mechanic, Car Guy Sticker",https://www.etsy.com/listing/1664956623/safety-third-sticker-funny-sticker,TheeStickerShop,https://www.etsy.com/shop/TheeStickerShop,5.29,5,26,0,16,3,28 Mo.,23,0,181,Paper & Party Supplies,57,0,8.84,11240,"safety third sticker,safety second decal,funny sticker,sarcastic sticker,construction sticker,mechanic sticker,hard hat sticker,welder sticker,guy sticker,gifts for him,stickers for him,water bottle sticker,vinyl decal",safety third sticker,safety second decal,funny sticker,sarcastic sticker,construction sticker,mechanic sticker,hard hat sticker,welder sticker,guy sticker,gifts for him,stickers for him,water bottle sticker,vinyl decal
"Shift Pattern Vinyl Decal - Stick Shift Sticker, Gear Shift Water Bottle Decal, Fathers Day Gift, Automotive Decor, Mechanic Car Decal",https://www.etsy.com/listing/495790961/shift-pattern-vinyl-decal-stick-shift,MountainsideVinyl,https://www.etsy.com/shop/MountainsideVinyl,5.00,5,25,0,91,17,113 Mo.,149,0,3593,Electronics & Accessories,113,0,2.53,19355,"laptop stickers,mechanic gifts,gear shift knob,gift for him,car guy gift,save the manuals,stick shift decal,shift knob,manual car decal,gifts for boyfriend,gear shift,bumper sticker,gear head",laptop stickers,mechanic gifts,gear shift knob,gift for him,car guy gift,save the manuals,stick shift decal,shift knob,manual car decal,gifts for boyfriend,gear shift,bumper sticker,gear head
"Funny Mechanic Sticker: I Fix Cars, Blue Collar Humor, Waterproof Vinyl",https://www.etsy.com/listing/4422743265/funny-mechanic-sticker-i-fix-cars-blue,CreationsbyKekeCo,https://www.etsy.com/shop/CreationsbyKekeCo,3.99,5,22,0,20,3,5 Mo.,93,1,459,Paper & Party Supplies,23,33,4.36,577,"vinyl stickers,water bottle sticker,perfect gift idea,gifts for coworkers,mechanic tools,mechanic shop humor,mechanic gifts,gifts for mechanics,mechanic sticker,laptop sticker,blue collar sticker,bookish stickers,stocking stuffers",vinyl stickers,water bottle sticker,perfect gift idea,gifts for coworkers,mechanic tools,mechanic shop humor,mechanic gifts,gifts for mechanics,mechanic sticker,laptop sticker,blue collar sticker,bookish stickers,stocking stuffers
Ford Girl sticker | pink automotive logo kiss-cut sticker,https://www.etsy.com/listing/4444994709/ford-girl-sticker-pink-automotive-logo,SydsShpDesigns,https://www.etsy.com/shop/SydsShpDesigns,3.63,6,22,-100,5,1,4 Mo.,1,0,83,Paper & Party Supplies,5,0,6.02,45,"kiss cut,kiss cut stickers,car girl,ford girl,pink decal,laptop sticker,auto enthusiast,girly sticker,truck decal,vehicle decal,gift for her,mechanic gift,girls who drive",kiss cut,kiss cut stickers,car girl,ford girl,pink decal,laptop sticker,auto enthusiast,girly sticker,truck decal,vehicle decal,gift for her,mechanic gift,girls who drive
"Mechanic Hourly Rate sticker, mechanic gift, mechanic gag gift, gifts for mechanics, waterproof sticker, auto mechanic, christmas gift",https://www.etsy.com/listing/1130902539/mechanic-hourly-rate-sticker-mechanic,DrawingABlankCo,https://www.etsy.com/shop/DrawingABlankCo,4.00,5,20,0,38,8,54 Mo.,61,0,619,Paper & Party Supplies,117,0,6.14,1042,"mechanic,mechanic sticker,mechanic gift,mechanic hourly,hourly rate,mechanic jokes,mechanic gear,gift for mechanic,gifts for men,gift for guys,funny gift,auto mechanic,waterproof sticker",mechanic,mechanic sticker,mechanic gift,mechanic hourly,hourly rate,mechanic jokes,mechanic gear,gift for mechanic,gifts for men,gift for guys,funny gift,auto mechanic,waterproof sticker
Meowalkee Cat Tool Box Waterproof Sticker,https://www.etsy.com/listing/1713072705/meowalkee-cat-tool-box-waterproof,ThingsPaperNInk,https://www.etsy.com/shop/ThingsPaperNInk,5.00,4,20,100,16,4,25 Mo.,85,0,577,Electronics & Accessories,138,0,2.77,7119,"tool box stickers,funny stickers,cat stickers,gifts for,mechanic,hvac tech,husband,boyfriend,co-worker,cat lovers,waterproof stickers,meowaukee,valentines gift",tool box stickers,funny stickers,cat stickers,gifts for,mechanic,hvac tech,husband,boyfriend,co-worker,cat lovers,waterproof stickers,meowaukee,valentines gift
Nobody Cares Work Harder Stickers or Magnets: Gift for mechanic,https://www.etsy.com/listing/4459739896/nobody-cares-work-harder-stickers-or,HarkGraphics,https://www.etsy.com/shop/HarkGraphics,3.99,5,20,0,4,1,4 Mo.,4,0,16,Home & Living,45,0,25.0,5812,"sarcastic stickers,saracastic magnets,funny gifts,funny stickers,funny magnets,gift for friend,birthday gift,gear head,mechanic,mechanic gift,car guy,parts guy,father's day",sarcastic stickers,saracastic magnets,funny gifts,funny stickers,funny magnets,gift for friend,birthday gift,gear head,mechanic,mechanic gift,car guy,parts guy,father's day
"Funny Mechanic Kiss-Cut Stickers, Gag Gift for Dad and Boyfriend, Toolbox Decals, Husband Present, Funny Automotive Stickers, Prank Stickers",https://www.etsy.com/listing/1666246502/funny-mechanic-kiss-cut-stickers-gag,ZinoDesignsCo,https://www.etsy.com/shop/ZinoDesignsCo,3.50,5,18,0,15,3,27 Mo.,82,0,613,Paper & Party Supplies,27,0,2.45,21,"funny stickers,gag gift,husband gift,boyfriend gift,funny decals,meme stickers,prank stickers,joke gift,workshop decor,toolbox sticker,mechanic,gift for dad,gift for brother",funny stickers,gag gift,husband gift,boyfriend gift,funny decals,meme stickers,prank stickers,joke gift,workshop decor,toolbox sticker,mechanic,gift for dad,gift for brother
"Custom Welder Name Sticker, Personalized Welding Blue Collar Worker Dad Papa Mechanic Sticker For Laptop Water Bottle Gift Laptop Helmet",https://www.etsy.com/listing/4471241915/custom-welder-name-sticker-personalized,husiiiLLC,https://www.etsy.com/shop/husiiiLLC,3.99,3,12,-100,8,1,2 Mo.,0,1,20,Paper & Party Supplies,35,0,40.0,30684,"welder name sticker,welding name decal,welder dad sticker,blue collar decal,welding gift idea,welder helmet decal,custom trade sticker,welding laptop decal,worker name decal,welder water bottle,papa welder sticker,welder sticker,mechanic name",welder name sticker,welding name decal,welder dad sticker,blue collar decal,welding gift idea,welder helmet decal,custom trade sticker,welding laptop decal,worker name decal,welder water bottle,papa welder sticker,welder sticker,mechanic name
"Land Rover Defender 1948 2016 sticker, vinyl decal, off road, 4x4",https://www.etsy.com/listing/1706659722/land-rover-defender-1948-2016-sticker,ApocalypseArtifacts,https://www.etsy.com/shop/ApocalypseArtifacts,2.35,4,9,-100,5,1,25 Mo.,2,0,140,Paper & Party Supplies,70,0,3.57,2673,"vinyl sticker,car sticker,farmers,gift for farmer,land rover,land rover gifts,landrover,4x4,off road,jeep,mechanic,british,defender",vinyl sticker,car sticker,farmers,gift for farmer,land rover,land rover gifts,landrover,4x4,off road,jeep,mechanic,british,defender
"25 Construction Humor SVG PNG Image Bundle, dxf eps files, Welding, Funny, Drills, Tools, Roofer, Wire Strippers, Hammer, Cricut, Silhouette",https://www.etsy.com/listing/4406863613/25-construction-humor-svg-png-image,ColorVoidShop,https://www.etsy.com/shop/ColorVoidShop,3.70,2,7,0,48,0,6 Mo.,67,0,1325,Craft Supplies & Tools,44,60,3.62,8636,"mechanical engineer,construction worker,gift for engineer,blue collar workers,blue collar humor,welding stickers,construction joke,sarcastic funny,funny builder,construction svg,carpenter quote,sarcastic svg,construction humour",mechanical engineer,construction worker,gift for engineer,blue collar workers,blue collar humor,welding stickers,construction joke,sarcastic funny,funny builder,construction svg,carpenter quote,sarcastic svg,construction humour
"Funny Car Leak Sticker - “It’s Not a Leak, It’s Marking Its Territory” - Mechanic Humor Sticker for Mechanics, Toolboxes, Garages, Auto Gift",https://www.etsy.com/listing/4327385088/funny-car-leak-sticker-its-not-a-leak,MinnieMadeDesigns,https://www.etsy.com/shop/MinnieMadeDesigns,3.00,1,3,100,31,6,11 Mo.,44,1,216,Paper & Party Supplies,13,0,14.35,669,"laptop sticker,funny gift,funny sticker,engineer sticker,mechanic humor,mechanic gift,garage sticker,car enthusiast gift,funny car sticker,mechanic sticker,shop sticker,off-road sticker,project car sticker",laptop sticker,funny gift,funny sticker,engineer sticker,mechanic humor,mechanic gift,garage sticker,car enthusiast gift,funny car sticker,mechanic sticker,shop sticker,off-road sticker,project car sticker
Warning Don&#39;t Touch Tools Sticker | Mechanic Sticker | Warning Tools Stickers | Sticker For Mechanics | Funny Mechanic | Glossy Sticker,https://www.etsy.com/listing/1741020714/warning-dont-touch-tools-sticker,LazyPandaCreations,https://www.etsy.com/shop/LazyPandaCreations,3.00,0,0,0,0,0,9 Mo.,5,0,12,Paper & Party Supplies,66,0,0.0,284,"mechanic,mechanic sticker,glossy sticker,gift for mechanic,gift for him,mechanic tools,warning do not touch",mechanic,mechanic sticker,glossy sticker,gift for mechanic,gift for him,mechanic tools,warning do not touch,--,--,--,--,--,--
Auto Techs & Snap On Funny Sticker: Water Resistant Tool Box Decal,https://www.etsy.com/listing/1806919698/auto-techs-snap-on-funny-sticker-water,StanceCompany,https://www.etsy.com/shop/StanceCompany,3.00,0,0,0,89,19,12 Mo.,246,2,4327,Paper & Party Supplies,28,87,2.06,1386,"car sticker,car stickers,die cut stickers,water resistant,car lover gift,mens gift,gift for guys,car accessories,cricut stickers,vinyl sticker,mechanic gift,snap on,snap on tools",car sticker,car stickers,die cut stickers,water resistant,car lover gift,mens gift,gift for guys,car accessories,cricut stickers,vinyl sticker,mechanic gift,snap on,snap on tools
99 Sockets Sticker | Missing 10mm Sticker | Mechanic Sticker | Sticker For Mechanics | Funny Mechanic Sticker | Glossy Sticker,https://www.etsy.com/listing/1741021416/99-sockets-sticker-missing-10mm-sticker,LazyPandaCreations,https://www.etsy.com/shop/LazyPandaCreations,3.00,0,0,0,2,1,9 Mo.,13,0,36,Paper & Party Supplies,78,0,5.56,284,"mechanic,mechanic sticker,glossy sticker,gift for mechanic,gift for him,10mm socket,missing sockets",mechanic,mechanic sticker,glossy sticker,gift for mechanic,gift for him,10mm socket,missing sockets,--,--,--,--,--,--
"Refrigeration Mechanic Vinyl Decal: Laptop, Tumbler, Car Sticker",https://www.etsy.com/listing/4308527541/refrigeration-mechanic-vinyl-decal,FlowerArtSVG,https://www.etsy.com/shop/FlowerArtSVG,4.01,0,0,0,0,0,10 Mo.,1,0,53,Paper & Party Supplies,18,0,0.0,582,"vinyl sticker,gift for,decal,vinyl decal,refrigeration,mechanic,refrigeration tech,hvac r tech,cooling systems tech,refrigerator,cold storage,fridge guy,fridge technician",vinyl sticker,gift for,decal,vinyl decal,refrigeration,mechanic,refrigeration tech,hvac r tech,cooling systems tech,refrigerator,cold storage,fridge guy,fridge technician
"Funny &quot;Wash Your Wheels&quot; Car Sticker - Laptop, Tumbler, Toolbox",https://www.etsy.com/listing/4348782108/funny-wash-your-wheels-car-sticker,StanceCompany,https://www.etsy.com/shop/StanceCompany,3.00,0,0,0,0,0,3 Mo.,0,0,3,Paper & Party Supplies,23,0,0.0,1342,"car sticker,car stickers,die cut stickers,water resistant,car lover gift,mens gift,gift for guys,car accessories,cricut stickers,vinyl sticker,mechanic gift,modified car sticker,funny car sticker",car sticker,car stickers,die cut stickers,water resistant,car lover gift,mens gift,gift for guys,car accessories,cricut stickers,vinyl sticker,mechanic gift,modified car sticker,funny car sticker
"Funny Car Oil Leak Sticker: Water Resistant Decal for Laptop, Tumbler",https://www.etsy.com/listing/4348784132/funny-car-oil-leak-sticker-water,StanceCompany,https://www.etsy.com/shop/StanceCompany,3.00,0,0,0,0,0,3 Mo.,0,0,5,Paper & Party Supplies,23,0,0.0,1342,"car sticker,car stickers,die cut stickers,water resistant,car lover gift,mens gift,gift for guys,car accessories,cricut stickers,vinyl sticker,mechanic gift,car spoiler sticker,modified car sticker",car sticker,car stickers,die cut stickers,water resistant,car lover gift,mens gift,gift for guys,car accessories,cricut stickers,vinyl sticker,mechanic gift,car spoiler sticker,modified car sticker
"Waiting On Parts Sticker, Funny Skeleton Blue Collar Mechanic Truck- Vinyl Die Cut Waterproof Stickers for Water Bottle, Laptop Gifts Him",https://www.etsy.com/listing/4477495538/waiting-on-parts-sticker-funny-skeleton,MadeMeCrazy,https://www.etsy.com/shop/MadeMeCrazy,3.99,0,0,0,0,0,1 Mo.,0,0,17,Paper & Party Supplies,2,0,0.0,2,"waiting on parts,skeleton sticker,mechanic humor,blue collar,truck sticker,garage life,funny mechanic,skeleton meme,car repair,shop humor,worker gift,auto tech,wrench life",waiting on parts,skeleton sticker,mechanic humor,blue collar,truck sticker,garage life,funny mechanic,skeleton meme,car repair,shop humor,worker gift,auto tech,wrench life
"Sorry Im Late I Didnt Want To Come, Funny Hard Hat Sticker; Great Decal For Mechanics, Linemen, Electricians",https://www.etsy.com/listing/1338354769/sorry-im-late-i-didnt-want-to-come-funny,LeadBellyBenny,https://www.etsy.com/shop/LeadBellyBenny,3.25,0,0,0,25,6,29 Mo.,53,0,198,Paper & Party Supplies,58,0,12.63,14753,"sorry im late,hard hat sticker,hardhat sticker,hard hat stickers,hardhat stickers,funny car stickers,gift for best friend,mechanic sticker,linemen sticker,electrician sticker,cooler sticker,job sticker,anti social sticker",sorry im late,hard hat sticker,hardhat sticker,hard hat stickers,hardhat stickers,funny car stickers,gift for best friend,mechanic sticker,linemen sticker,electrician sticker,cooler sticker,job sticker,anti social sticker
"Suck, Squeeze, Bang, Blow, Bumper Stickers",https://www.etsy.com/listing/1366867352/suck-squeeze-bang-blow-bumper-stickers,MECHANICLIFE,https://www.etsy.com/shop/MECHANICLIFE,6.74,0,0,0,0,1,32 Mo.,10,0,78,Paper & Party Supplies,32,0,0.67,11,"sticker,bumper sticker,viny,indoor,outdoor,custom,printed,mechanic,gift for him,gift for her",sticker,bumper sticker,viny,indoor,outdoor,custom,printed,mechanic,gift for him,gift for her,--,--,--
Just Use a Bigger Hammer Bumper Stickers,https://www.etsy.com/listing/1366867418/just-use-a-bigger-hammer-bumper-stickers,MECHANICLIFE,https://www.etsy.com/shop/MECHANICLIFE,6.74,0,0,0,0,0,32 Mo.,0,0,8,Paper & Party Supplies,32,0,0.0,11,"sticker,bumper sticker,viny,indoor,outdoor,custom,printed,mechanic,gift for him,gift for her",sticker,bumper sticker,viny,indoor,outdoor,custom,printed,mechanic,gift for him,gift for her,--,--,--
Car Sticker - Rover - Set of 4 - 75mm Rectangle - Graphic Accuracy,https://www.etsy.com/listing/1807070570/car-sticker-rover-set-of-2-75mm,EchoesOfThePastSigns,https://www.etsy.com/shop/EchoesOfThePastSigns,4.29,0,0,0,9,1,18 Mo.,8,0,480,Electronics & Accessories,62,0,1.88,2638,"garage,decal,sticker,diorama,for him,dad,husband,gift,stocking stuffer,british cars,rover lover,viking ship,mechanic workshop",garage,decal,sticker,diorama,for him,dad,husband,gift,stocking stuffer,british cars,rover lover,viking ship,mechanic workshop
"Burnt Out But Optimistic Sticker, Hard Hat, Tool Box Funny Work Stickers, Mechanics, Welders, Gifts For Mom, Dads Birthday Gift, Funny Work",https://www.etsy.com/listing/1788722814/burnt-out-but-optimistic-sticker-hard,HardHatLife,https://www.etsy.com/shop/HardHatLife,4.00,0,0,0,66,11,19 Mo.,189,1,1486,Paper & Party Supplies,31,33,4.44,2244,"construction,heavy equipment,stickers for men,funny stickers,hardhatsticker,mybackhurts sticker,work stickers funny,sticker mybackhurts,hard hat stickers,livelaughlove,lifelaughtoasterbath,gifts for him,birthday gifts",construction,heavy equipment,stickers for men,funny stickers,hardhatsticker,mybackhurts sticker,work stickers funny,sticker mybackhurts,hard hat stickers,livelaughlove,lifelaughtoasterbath,gifts for him,birthday gifts
"Funny Mechanic Stickers, Car Lover Gifts, Automotive Decor, Humorous Office Accessories, Mechanic Humor, Laptop Stickers, Mini Gifts",https://www.etsy.com/listing/4366644643/funny-mechanic-stickers-car-lover-gifts,ColleensHiddenCloset,https://www.etsy.com/shop/ColleensHiddenCloset,3.99,0,0,0,0,0,8 Mo.,1,0,14,Paper & Party Supplies,39,0,0.0,2601,"kiss-cut stickers,funny stickers,mechanic humor,car lover gift,custom stickers,gifts for him,automotive decor,sticker for laptop,cute car stickers,funny car quotes,crafty stickers,decorative stickers,unique sticker gift",kiss-cut stickers,funny stickers,mechanic humor,car lover gift,custom stickers,gifts for him,automotive decor,sticker for laptop,cute car stickers,funny car quotes,crafty stickers,decorative stickers,unique sticker gift
"Devil&#39;s Garage Kiss-Cut Stickers, Car Decal, Satan Sticker, Laptop Decal, Bumper Sticker, Evil Sticker",https://www.etsy.com/listing/1829466329/devils-garage-kiss-cut-stickers-car,PsychobillyArts,https://www.etsy.com/shop/PsychobillyArts,3.50,0,0,0,0,0,18 Mo.,1,0,20,Paper & Party Supplies,18,0,0.0,119,"devil's garage,garage sticker,car,sticker pack,laptop decor,automotive theme,satanic art,cool stickers,vehicle enthusiast,gift for mechanic,demonic design,unique decals,auto decoration",devil's garage,garage sticker,car,sticker pack,laptop decor,automotive theme,satanic art,cool stickers,vehicle enthusiast,gift for mechanic,demonic design,unique decals,auto decoration
"Funny Sticker - mechanic culture | Unique Gift for Car Enthusiasts, UV-Resistant, Made in USA, Weatherproof Vinyl, Car Culture, Vinyl Decal",https://www.etsy.com/listing/4324525987/funny-car-guy-sticker-if-parts-stay-on,CheckOutMyEngine,https://www.etsy.com/shop/CheckOutMyEngine,9.99,0,0,0,0,0,11 Mo.,1,0,15,Electronics & Accessories,84,0,0.0,8495,"garage life sticker,vinyl car sticker,mechanic humor decal,garage humor decal,gearhead gift,funny car sticker,funny tool sticker,automotive humor,car enthusiast gift,shop life decal,diy car builder gift,car humor decal,wrench monkey gift",garage life sticker,vinyl car sticker,mechanic humor decal,garage humor decal,gearhead gift,funny car sticker,funny tool sticker,automotive humor,car enthusiast gift,shop life decal,diy car builder gift,car humor decal,wrench monkey gift
"Crank It &#39;Til She Purrs Sticker - car guy life | Funny Gift for Him or Dad, Weatherproof Vinyl, Car Culture, Made in USA, Outdoor Rated",https://www.etsy.com/listing/4404471957/crank-it-til-she-purrs-sticker-ideal-for,CheckOutMyEngine,https://www.etsy.com/shop/CheckOutMyEngine,9.99,0,0,0,0,0,6 Mo.,0,0,5,Paper & Party Supplies,84,0,0.0,8495,"funny car decal,car humor decal,car dad gift,gift for him,gearhead gift,vinyl car sticker,funny car sticker,car culture gift,automotive humor,car guy gift,bumper sticker,funny bumper sticker,mechanic gift",funny car decal,car humor decal,car dad gift,gift for him,gearhead gift,vinyl car sticker,funny car sticker,car culture gift,automotive humor,car guy gift,bumper sticker,funny bumper sticker,mechanic gift
"Engineering Major University Sticker | STEM Student Gift | Mechanical Engineer Decal for Laptops, Water Bottles, Notebooks",https://www.etsy.com/listing/1870238898/engineering-major-university-sticker,PixelPointStickers,https://www.etsy.com/shop/PixelPointStickers,5.00,0,0,0,0,0,14 Mo.,18,0,263,Paper & Party Supplies,15,0,0.0,291,"engineering sticker,stem decal,mechanical engineer,laptop sticker,water bottle sticker,science sticker,university sticker,tech sticker,student gift,woodcut sticker,gear,drafting,compass",engineering sticker,stem decal,mechanical engineer,laptop sticker,water bottle sticker,science sticker,university sticker,tech sticker,student gift,woodcut sticker,gear,drafting,compass
6 Speed Gear (Reverse Top Right) - Stick Shift - Manual Car Gear Shift Diagram - Car/Truck/Laptop/Computer/Phone/Home Decor/Bumper Sticker,https://www.etsy.com/listing/683804509/6-speed-gear-reverse-top-right-stick,DecalPhanatics,https://www.etsy.com/shop/DecalPhanatics,1.99,0,0,0,33,6,87 Mo.,32,0,2286,Art & Collectibles,146,0,1.44,87553,"car decal,bumper sticker,computer decal,macbook decal,mechanic gift,gift for dad,fathers day gift,gear shift,shift diagram,stick shift,manual car,6 speed,yeti decal",car decal,bumper sticker,computer decal,macbook decal,mechanic gift,gift for dad,fathers day gift,gear shift,shift diagram,stick shift,manual car,6 speed,yeti decal
Strap-On Sticker - Snap-On Tools Style Funny Blue Collar Stickers - Mechanic Toolbox Sticker - Die-Cut Sticker - Gift for Men - Tradesman,https://www.etsy.com/listing/4469344140/strap-on-sticker-snap-on-tools-style,StanDotPrints,https://www.etsy.com/shop/StanDotPrints,5.99,0,0,0,0,0,2 Mo.,23,0,206,Paper & Party Supplies,18,33,0.0,46,"blue collar,hard hat,electrician,hvac,mechanic,construction,mechanic gifts,tradesman,vinyl stickers,funny stickers,gifts for him,gifts for men,appreciation gifts",blue collar,hard hat,electrician,hvac,mechanic,construction,mechanic gifts,tradesman,vinyl stickers,funny stickers,gifts for him,gifts for men,appreciation gifts
OSHA Kinda Approved Sticker -  Funny Blue Collar Stickers - Toolbox Sticker - Die-Cut Sticker - Gift for Men - Tradesman - Hard Hat Sticker,https://www.etsy.com/listing/4471089436/osha-kinda-approved-sticker-funny-blue,StanDotPrints,https://www.etsy.com/shop/StanDotPrints,5.99,0,0,0,0,0,2 Mo.,2,0,33,Paper & Party Supplies,18,0,0.0,46,"blue collar,hard hat,electrician,hvac,construction,mechanic gifts,tradesman,vinyl stickers,funny stickers,gifts for him,gifts for men,appreciation gifts,osha approved",blue collar,hard hat,electrician,hvac,construction,mechanic gifts,tradesman,vinyl stickers,funny stickers,gifts for him,gifts for men,appreciation gifts,osha approved
Steampunk Gear Heart Sticker: Glossy Laptop Decal,https://www.etsy.com/listing/1882017285/steampunk-gear-heart-sticker-glossy,WanderlustWayStore,https://www.etsy.com/shop/WanderlustWayStore,10.24,0,0,0,0,0,14 Mo.,2,0,19,Paper & Party Supplies,18,0,0.0,33,"steampunk art,gears heart,unique stickers,industrial decor,laptop accessories,quirky stickers,mechanical design,gift for him,creative art,home office decor,artistic stickers,modern vintage,heart shaped gear",steampunk art,gears heart,unique stickers,industrial decor,laptop accessories,quirky stickers,mechanical design,gift for him,creative art,home office decor,artistic stickers,modern vintage,heart shaped gear
Custom Mechanic Sticker 6-Pack | Funny Gifts for Auto Repair Heavy Duty Mechanic,https://www.etsy.com/listing/4499838120/custom-mechanic-sticker-6-pack-funny,ShiftCrewCo,https://www.etsy.com/shop/ShiftCrewCo,22.00,0,0,0,0,0,1 Mo.,0,0,1,Paper & Party Supplies,12,0,0.0,28,"toolbox stickers,engine enthusiast,car guy,truck decal,father's day,vinyl decal,auto mechanic,heavy duty,personalization,trades blue collar,diesel mechanic,man cave garage,gifts for him",toolbox stickers,engine enthusiast,car guy,truck decal,father's day,vinyl decal,auto mechanic,heavy duty,personalization,trades blue collar,diesel mechanic,man cave garage,gifts for him
Floral Skull Builder Woman PNG | Funny DIY Design (Digital Download),https://www.etsy.com/listing/4400574763/floral-skull-builder-woman-png-funny-diy,SweetBirchellas,https://www.etsy.com/shop/SweetBirchellas,2.75,0,0,0,0,0,6 Mo.,0,0,2,Art & Collectibles,47,0,0.0,4,"dfy digital products,digital top sellers,gift for her,galentine day,valentine diy png,lineman,bluecollar stickers,wood working,funny women shirt,female mechanic,birthday gift,garage wall art,womens clothing",dfy digital products,digital top sellers,gift for her,galentine day,valentine diy png,lineman,bluecollar stickers,wood working,funny women shirt,female mechanic,birthday gift,garage wall art,womens clothing
"Mechanic Shop Sign, Funny Mechanic Price List Sign",https://www.etsy.com/listing/1627188202/mechanic-shop-sign-funny-mechanic-price,RealCoolStickers,https://www.etsy.com/shop/RealCoolStickers,27.99,0,0,0,0,0,29 Mo.,5,0,613,Home & Living,69,0,0.0,10584,"mechanic shop sign,mechanic price list,funny mechanic sign,gift for dad,car repair shop sign,funny garage sign,car repair sign,mechanic sign,funny car repair,mechanic sticker,mechanic shop magnet,mechanic price sign,funny shop sign",mechanic shop sign,mechanic price list,funny mechanic sign,gift for dad,car repair shop sign,funny garage sign,car repair sign,mechanic sign,funny car repair,mechanic sticker,mechanic shop magnet,mechanic price sign,funny shop sign
I Work the Graveyard Shift | Night Shift Stickers,https://www.etsy.com/listing/1472987397/i-work-the-graveyard-shift-night-shift,RaysHotStickers,https://www.etsy.com/shop/RaysHotStickers,3.50,0,0,0,3,1,36 Mo.,24,0,238,Paper & Party Supplies,42,0,1.26,1447,"nightshift stickers,graveyard shift,night shift,funny work stickers,stickers for work,mechanic stickers,shop decals,garage stickers,mechanic gift,waterproof sticker,night shift mechanic,mechanic toolbox,blue collar gift",nightshift stickers,graveyard shift,night shift,funny work stickers,stickers for work,mechanic stickers,shop decals,garage stickers,mechanic gift,waterproof sticker,night shift mechanic,mechanic toolbox,blue collar gift
HVAC Gauge Sticker: Refrigerant Manifold Vinyl Decal,https://www.etsy.com/listing/1801921074/hvac-gauge-sticker-refrigerant-manifold,HyperfixedCo,https://www.etsy.com/shop/HyperfixedCo,4.75,0,0,0,25,6,19 Mo.,68,0,774,Paper & Party Supplies,34,0,3.23,1280,"hvac guage sticker,hvac technician gift,tool box sticker,mechanic laptop deca,manifold guage art,hvac trade sticker,tech toolbox sticker,gift ideas for him,hvac apprentice gift,refrigerant manifold,cooler sticker,air conditioning,blue collar gifts",hvac guage sticker,hvac technician gift,tool box sticker,mechanic laptop deca,manifold guage art,hvac trade sticker,tech toolbox sticker,gift ideas for him,hvac apprentice gift,refrigerant manifold,cooler sticker,air conditioning,blue collar gifts
"Waiting on Parts Sticker, Funny Sarcastic Skeleton Mechanic Construction Blue Collar Work Humor Waterproof Sticker for Water Bottle Gift",https://www.etsy.com/listing/4467481742/waiting-on-parts-sticker-funny-sarcastic,Patstina,https://www.etsy.com/shop/Patstina,3.99,0,0,0,0,0,2 Mo.,0,0,9,Paper & Party Supplies,8,0,0.0,3062,"funny mechanic tag,mechanic humor decal,blue collar gift tag,shop humor sticker,mechanic tool decal,waiting parts tag,skeleton mechanic,sarcastic work decal,waiting part sticker,construction humor,skeleton work decal,funny work sticker,mechanic sticker",funny mechanic tag,mechanic humor decal,blue collar gift tag,shop humor sticker,mechanic tool decal,waiting parts tag,skeleton mechanic,sarcastic work decal,waiting part sticker,construction humor,skeleton work decal,funny work sticker,mechanic sticker
"Crochet Is My Coping Mechanism Sticker, Mental Health Crochet Sticker for Yarn Lovers, Maker Gift, Funny Waterproof Vinyl Decal",https://www.etsy.com/listing/4318393412/crochet-is-my-coping-mechanism-sticker,MoopAndMooDesigns,https://www.etsy.com/shop/MoopAndMooDesigns,4.98,0,0,0,6,2,11 Mo.,19,0,33,Electronics & Accessories,96,0,18.18,214,"crochet sticker,yarn vinyl decal,coping sticker,crochet humor,yarn therapy,funny maker gift,mental health art,fiber arts gift,maker sticker,crocheter gift,yarn lover sticker,crafting sticker,crochet is life",crochet sticker,yarn vinyl decal,coping sticker,crochet humor,yarn therapy,funny maker gift,mental health art,fiber arts gift,maker sticker,crocheter gift,yarn lover sticker,crafting sticker,crochet is life
"One Mental Breakdown Later  Sticker for Hard Hat, Tool Box, Mechanics, Welders, Gifts For Him or her, Dads Christmas Gift, Funny Work Gifts",https://www.etsy.com/listing/1863971346/one-mental-breakdown-later-sticker-for,chrisandcinstudio,https://www.etsy.com/shop/chrisandcinstudio,3.99,0,0,0,0,0,15 Mo.,0,0,7,Paper & Party Supplies,40,0,0.0,5431,"gifts for boyfriend,gifts for him,hydro flask stickers,water bottle sticker,one mental breakdown,later,sarcastic stickers,hard hat stickers,funny stickers,mental health day,cute stickers,work stickers funny,one eternity later",gifts for boyfriend,gifts for him,hydro flask stickers,water bottle sticker,one mental breakdown,later,sarcastic stickers,hard hat stickers,funny stickers,mental health day,cute stickers,work stickers funny,one eternity later
Can&#39;t Fix Stupid: Corporate Chaos Cat (Qu.2) ||  Corporate humor + engineer + work meme + office sarcasm + late stage capitalism sticker,https://www.etsy.com/listing/4384869321/cant-fix-stupid-corporate-chaos-cat-qu2,FeelingLowRes,https://www.etsy.com/shop/FeelingLowRes,4.00,0,0,0,0,0,7 Mo.,2,0,9,Paper & Party Supplies,116,0,0.0,1185,"funny work sticker,cat mechanic,cant fix stupid,sarcastic sticker,corporate humor,engineer gift,work meme,funny vinyl decal,tech humor,sticker for laptop,toolbox sticker,office sarcasm,repair humor",funny work sticker,cat mechanic,cant fix stupid,sarcastic sticker,corporate humor,engineer gift,work meme,funny vinyl decal,tech humor,sticker for laptop,toolbox sticker,office sarcasm,repair humor
LS7 7.0L 427 V8 Engine Sticker - Corvette C6 Z06 & Camaro Z/28 Decal - Chevy Mechanic Gift - Waterproof Vinyl for Laptop,https://www.etsy.com/listing/4436927101/ls7-70l-427-v8-engine-sticker-corvette,EliteStickerPros,https://www.etsy.com/shop/EliteStickerPros,8.99,0,0,0,0,0,4 Mo.,1,0,32,Paper & Party Supplies,9,0,0.0,15,"corvette z06,ls7 engine,427 v8,c6 corvette,camaro z28,naturally aspirated,track day gift,mechanic gift,chevy racing,engine decal,laptop sticker,toolbox sticker,gm performance",corvette z06,ls7 engine,427 v8,c6 corvette,camaro z28,naturally aspirated,track day gift,mechanic gift,chevy racing,engine decal,laptop sticker,toolbox sticker,gm performance
Duct Tape - Sticker | Funny Sticker | Sarcastic Sticker | Duct Tape Fixes Everything | Mechanic Sticker | Adult Humor Sticker | Gift For Him,https://www.etsy.com/listing/1771349685/duct-tape-sticker-funny-sticker,TheeStickerShop,https://www.etsy.com/shop/TheeStickerShop,5.29,0,0,0,16,3,21 Mo.,33,0,227,Paper & Party Supplies,57,0,7.05,11240,"adult humor sticker,funny sticker,sarcastic sticker,quote sticker,water bottle sticker,waterproof sticker,duct tape sticker,duct tape,fixed sticker,mechanic sticker,gift for him,construction worker,hard hat sticker",adult humor sticker,funny sticker,sarcastic sticker,quote sticker,water bottle sticker,waterproof sticker,duct tape sticker,duct tape,fixed sticker,mechanic sticker,gift for him,construction worker,hard hat sticker
"Funny Hard Hat Sticker (3x3), Great Gift For Mechanics & Electricians, Manly Sticker Decal For Tool Box  ZS",https://www.etsy.com/listing/1568094899/funny-hard-hat-sticker-3x3-great-gift,LeadBellyBenny,https://www.etsy.com/shop/LeadBellyBenny,3.00,0,0,0,0,0,19 Mo.,41,0,177,Paper & Party Supplies,46,0,0.0,14710,"hardhat sticker,hard hat sticker,hardhat stickers,hard hat stickers,tool box stickers,lunch box sticker,lunchbox decal,hard hat decal,cooler sticker,cooler decal,hardhat decal,mechanic sticker,tumblr sticker",hardhat sticker,hard hat sticker,hardhat stickers,hard hat stickers,tool box stickers,lunch box sticker,lunchbox decal,hard hat decal,cooler sticker,cooler decal,hardhat decal,mechanic sticker,tumblr sticker
Car Sticker - Fiat 600 with Mona Lisa - Set of 4 - 100mm Rectangle- Outdoor,https://www.etsy.com/listing/1590956942/car-sticker-fiat-600-with-mona-lisa-set,EchoesOfThePastSigns,https://www.etsy.com/shop/EchoesOfThePastSigns,6.80,0,0,0,0,0,30 Mo.,0,0,68,Electronics & Accessories,62,0,0.0,2638,"garage,decal,school book labels,toolbox decal,bar fridge decal,gift for dad,gift for husband,funny sticker,love italian cars,italian pride,mechanic workshop,boys bedroom decor,ferrari",garage,decal,school book labels,toolbox decal,bar fridge decal,gift for dad,gift for husband,funny sticker,love italian cars,italian pride,mechanic workshop,boys bedroom decor,ferrari
Garage Sign - Ford Racing Performance - Easy to Hang - Size 15.75&quot; - Décor Wall Art Auto Personal Mancave,https://www.etsy.com/listing/4348894551/garage-sign-ford-racing-performance-easy,EchoesOfThePastSigns,https://www.etsy.com/shop/EchoesOfThePastSigns,10.74,0,0,0,0,0,9 Mo.,1,0,107,Home & Living,62,0,0.0,2638,"for him,sticker,decal,gift for dad,gift for husband,gift car enthusiast,car restoration,racing,affordable gift,american pride,usa cars,mechanic workshop,boys bedroom decor",for him,sticker,decal,gift for dad,gift for husband,gift car enthusiast,car restoration,racing,affordable gift,american pride,usa cars,mechanic workshop,boys bedroom decor
Garage Sign - Vespa Servizio - Circle 15.5&quot; - Easy to Hang | Personal Mancave,https://www.etsy.com/listing/1557051651/garage-sign-vespa-servizio-circle-155,EchoesOfThePastSigns,https://www.etsy.com/shop/EchoesOfThePastSigns,35.79,0,0,0,9,1,32 Mo.,8,0,1746,Home & Living,62,25,0.52,2638,"for him,sticker,decal,personal mancave,gift for dad,gift for husband,gift car enthusiast,love italian cars,scooter owner,italian pride,mechanic workshop,boys bedroom decor",for him,sticker,decal,personal mancave,gift for dad,gift for husband,gift car enthusiast,love italian cars,scooter owner,italian pride,mechanic workshop,boys bedroom decor,--
Garage Sign - Abarth Scorpion - 15.75&quot; x 15.75&quot; - Easy to Hang | Personal Mancave,https://www.etsy.com/listing/1558379071/garage-sign-abarth-scorpion-155-x-155,EchoesOfThePastSigns,https://www.etsy.com/shop/EchoesOfThePastSigns,32.21,0,0,0,0,0,32 Mo.,0,0,145,Home & Living,62,0,0.0,2638,"for him,fiat,scorpion,sticker,decal,gift for dad,gift for husband,gift car enthusiast,love italian cars,italian pride,car racing,ferrari,mechanic workshop",for him,fiat,scorpion,sticker,decal,gift for dad,gift for husband,gift car enthusiast,love italian cars,italian pride,car racing,ferrari,mechanic workshop
Garage Sign - Bertone - Easy to Hang - Size 16.5&quot; - Décor Wall Art Auto Personal Mancave,https://www.etsy.com/listing/1530936795/garage-sign-bertone-easy-to-hang-size,EchoesOfThePastSigns,https://www.etsy.com/shop/EchoesOfThePastSigns,15.03,0,0,0,0,0,34 Mo.,4,0,135,Home & Living,62,0,0.0,2638,"for him,sticker,decal,personal mancave,gift for dad,gift for husband,gift car enthusiast,love italian cars,italian pride,mechanic workshop,italian car style",for him,sticker,decal,personal mancave,gift for dad,gift for husband,gift car enthusiast,love italian cars,italian pride,mechanic workshop,italian car style,--,--
"This Is Fine, Fire Hard Hat, 4&quot; Tool Box, Water Bottle, Car Window, Funny Work Stickers, Mechanics, Welders, Gifts For Him Dads Work Gifts",https://www.etsy.com/listing/1788728392/this-is-fine-fire-hard-hat-4-tool-box,HardHatLife,https://www.etsy.com/shop/HardHatLife,4.75,0,0,0,72,12,19 Mo.,225,1,1746,Paper & Party Supplies,31,36,4.12,2244,"anxiety relief,dumpster fire,everything is fine,funny dog sticker,im fine sticker,meme sticker,mental health,mental health art,mental health gift,self love,this is fine,vinyl sticker,business sticker",anxiety relief,dumpster fire,everything is fine,funny dog sticker,im fine sticker,meme sticker,mental health,mental health art,mental health gift,self love,this is fine,vinyl sticker,business sticker
PONY Bumper Stickers,https://www.etsy.com/listing/4309690182/pony-bumper-stickers,FinalFlashco,https://www.etsy.com/shop/FinalFlashco,10.77,0,0,0,0,0,10 Mo.,0,0,7,Paper & Party Supplies,17,0,0.0,24,"bumper stickers,car accessories,funny stickers,vinyl decals,colorful designs,vehicle decor,kawaii stickers,road trip gifts,gift for friends,custom car stickers,mechanic gifts,auto decoration,pop culture art",bumper stickers,car accessories,funny stickers,vinyl decals,colorful designs,vehicle decor,kawaii stickers,road trip gifts,gift for friends,custom car stickers,mechanic gifts,auto decoration,pop culture art
Let There Be Nitrous Bumper Stickers,https://www.etsy.com/listing/1366867274/let-there-be-nitrous-bumper-stickers,MECHANICLIFE,https://www.etsy.com/shop/MECHANICLIFE,6.74,0,0,0,0,0,32 Mo.,5,0,99,Paper & Party Supplies,32,0,0.0,11,"sticker,bumper sticker,vinyl,indoor,outdoor,custom,printed,mechanic,gift for him,gift for her",sticker,bumper sticker,vinyl,indoor,outdoor,custom,printed,mechanic,gift for him,gift for her,--,--,--
"Women in Stem Vinyl Stickers, Pink Mechanical Engineering Sticker, STEM Decal for Women Engineers, Science Laptop Decal, Engineer Gift",https://www.etsy.com/listing/1858070353/women-in-stem-vinyl-stickers-pink,EngineeredByTimbre,https://www.etsy.com/shop/EngineeredByTimbre,3.76,0,0,0,0,0,4 Mo.,0,0,15,Paper & Party Supplies,4,0,0.0,49,"round stickers,vinyl stickers,pink sticker,women engineering,women in stem,engineering gift,stem decal,tech lover,laptop sticker,feminine design,girl power,cute decal,engineering student",round stickers,vinyl stickers,pink sticker,women engineering,women in stem,engineering gift,stem decal,tech lover,laptop sticker,feminine design,girl power,cute decal,engineering student
"Dibs On The Mechanic Sticker – Funny Mechanic Girlfriend Sticker, Decal for Car, Water Bottle, and Laptop Mechanic Gifts [INF-B-01-01-06]",https://www.etsy.com/listing/1875207481/dibs-on-the-mechanic-sticker-funny,StickerPeopleInc,https://www.etsy.com/shop/StickerPeopleInc,3.75,0,0,0,0,0,2 Mo.,2,0,11,Paper & Party Supplies,17,0,0.0,378,"mechanic sticker,mechanic gifts,mechanic wife decal,dating a mechanic,dibs on the mechanic,sticker,funny mechanic,mechanic girlfriend,mechanic wife,stickers,not a control freak",mechanic sticker,mechanic gifts,mechanic wife decal,dating a mechanic,dibs on the mechanic,sticker,funny mechanic,mechanic girlfriend,mechanic wife,stickers,not a control freak,--,--
"Certified Wrench Turner Sticker, Transparent Outdoor Sticker, Die-Cut Decal, Garage Decor, Car Stickers, Mechanic Gift",https://www.etsy.com/listing/4347484158/certified-wrench-turner-sticker,TheCreativeHI,https://www.etsy.com/shop/TheCreativeHI,6.50,0,0,0,0,0,1 Mo.,1,0,4,Paper & Party Supplies,6,0,0.0,0,"outdoor stickers,die-cut stickers,car decals,tool themed,wrench design,mechanic gift,hobby stickers,outdoor gear,funny sticker,custom stickers,gift for him,motorcycle sticker,home office decor",outdoor stickers,die-cut stickers,car decals,tool themed,wrench design,mechanic gift,hobby stickers,outdoor gear,funny sticker,custom stickers,gift for him,motorcycle sticker,home office decor
Vintage Bicycle Restorer Decal: Classic Bike Repair Sticker,https://www.etsy.com/listing/4309066870/vintage-bicycle-restorer-decal-classic,FlowerArtSVG,https://www.etsy.com/shop/FlowerArtSVG,3.99,0,0,0,0,0,4 Mo.,0,0,5,Paper & Party Supplies,12,0,0.0,271,"vinyl sticker,gift for,decal,vinyl decal,vintage bicycle,restorer,bike restorer,bike repair,cycle technician,vintage bike,cycle mechanic,restoration mehcanic,retro bike builder",vinyl sticker,gift for,decal,vinyl decal,vintage bicycle,restorer,bike restorer,bike repair,cycle technician,vintage bike,cycle mechanic,restoration mehcanic,retro bike builder
"Handmade Kir.by Artisan Keycap: Cherry MX, 1U, Resin ESC Key",https://www.etsy.com/listing/1319804918/handmade-kirby-artisan-keycap-cherry-mx,MidArtisan,https://www.etsy.com/shop/MidArtisan,21.00,0,0,0,9,3,40 Mo.,29,0,314,Electronics & Accessories,43,0,2.87,1435,"kirby keycaps,sword keycap,keycaps anime,gift for women,kirby emote,kirby plush,kirby sticker,resin keycap,artisan keycaps,custom keycap,gift ideas,mechanical keyboard,resin art",kirby keycaps,sword keycap,keycaps anime,gift for women,kirby emote,kirby plush,kirby sticker,resin keycap,artisan keycaps,custom keycap,gift ideas,mechanical keyboard,resin art
R2-D2 WD-40 Parody Sticker - Funny Star Wars Mechanic Gift - Father&#39;s Day Droid Decal - Astromech Lubricant Meme - Garage & Toolbox Decor,https://www.etsy.com/listing/4435439249/r2-d2-wd-40-parody-sticker-funny-star,printalm,https://www.etsy.com/shop/printalm,4.19,0,0,0,0,0,1 Mo.,0,0,0,Paper & Party Supplies,9,0,0.0,53,"star wars sticker,r2-d2 parody,father's day gift,mechanic sticker,garage decor,funny droid decal,tool box sticker,astromech art,sci-fi workshop,gift for dad,engineer meme,wd-40 parody,galaxy maintenance",star wars sticker,r2-d2 parody,father's day gift,mechanic sticker,garage decor,funny droid decal,tool box sticker,astromech art,sci-fi workshop,gift for dad,engineer meme,wd-40 parody,galaxy maintenance
"50pc Mechanic Life Stickers, Fix It Decals, Tool Lover Designs",https://www.etsy.com/listing/4486466942/50pc-mechanic-life-stickers-fix-it,BibiRushy,https://www.etsy.com/shop/BibiRushy,2.00,0,0,0,0,0,1 Mo.,0,0,0,Paper & Party Supplies,3,0,0.0,104,"mechanic pride decal,easy peel stickers,car repair stickers,gift for mechanics,engine repair decals,mechanic pride badge,mechanic life decals,repair shop stickers,tool lover stickers,mechanics gift pack,3 inch vinyl sticker,auto shop decor gift,proud mechanic",mechanic pride decal,easy peel stickers,car repair stickers,gift for mechanics,engine repair decals,mechanic pride badge,mechanic life decals,repair shop stickers,tool lover stickers,mechanics gift pack,3 inch vinyl sticker,auto shop decor gift,proud mechanic
"Funny Offensive Sticker For Hard Hats, Decal For Men/ Women Great For Electricians & Linemen Dark Humor, HardHat Decal Gift For Her LY",https://www.etsy.com/listing/1790117821/funny-offensive-sticker-for-hard-hats,LeadBellyBenny,https://www.etsy.com/shop/LeadBellyBenny,3.50,0,0,0,0,0,7 Mo.,2,0,1,Paper & Party Supplies,46,0,0.0,14710,"funny car decal,mechanic sticker,sarcastic sticker,hardhat sticker,hardhat decal,hard hat sticker,hard hat decal,cooler sticker,tool box sticker,offensive gift,adult gift,gift for her",funny car decal,mechanic sticker,sarcastic sticker,hardhat sticker,hardhat decal,hard hat sticker,hard hat decal,cooler sticker,tool box sticker,offensive gift,adult gift,gift for her,--
Torque First Ask Later Sticker: Auto Enthusiast Decal,https://www.etsy.com/listing/4380113422/torque-first-ask-later-sticker-auto,BiCoastalCustoms4All,https://www.etsy.com/shop/BiCoastalCustoms4All,11.99,0,0,0,0,0,2 Mo.,0,0,2,Paper & Party Supplies,4,0,0.0,16,"funny mechanic gift,gifts for him,toolbox accessories,home office decor,auto related gifts,motor repair art,vinyl decal for car,unique wall decor,custom car stickers,mechanic quote art,engine lover gift,laptop decal sticker,expressive stickers",funny mechanic gift,gifts for him,toolbox accessories,home office decor,auto related gifts,motor repair art,vinyl decal for car,unique wall decor,custom car stickers,mechanic quote art,engine lover gift,laptop decal sticker,expressive stickers
"Watch Out For Gremlins Sticker, WWII Nose Art Aviation Sticker, Vintage Warbird Decal, Pilot Gift, Aircraft Mechanic Sticker",https://www.etsy.com/listing/4495081732/watch-out-for-gremlins-sticker-wwii-nose,ShopSunSpunCreations,https://www.etsy.com/shop/ShopSunSpunCreations,6.99,0,0,0,0,0,1 Mo.,0,0,42,Paper & Party Supplies,10,0,0.0,106,"kiss cut,vinyl sticker,plane decal,aviation gift,retro aircraft,gremlin art,bomber sticker,pilot laptop,cute gremlins,airplane decal,military plane,nostalgic gift,gift for pilots",kiss cut,vinyl sticker,plane decal,aviation gift,retro aircraft,gremlin art,bomber sticker,pilot laptop,cute gremlins,airplane decal,military plane,nostalgic gift,gift for pilots
"Mechanic Hourly Rate, Sticker, Mechanic Sticker, Funny Mechanic, Auto Repair Decal, Car Lover Gift, Mechanic Humor, Automotive Sticker",https://www.etsy.com/listing/1335025791/mechanic-hourly-rate-sticker-mechanic,RocketMonkeyTees,https://www.etsy.com/shop/RocketMonkeyTees,5.95,0,0,0,16,3,43 Mo.,43,0,333,Electronics & Accessories,90,0,4.8,15893,"mechanic sticker,mechanic shirt funny,car mechanic shirt,funny mechanic shirt,funny mechanic gift,car mechanic gift,mechanic t-shirt,mechanic gift shirt,gift for mechanic,funny mechanic decal,auto mechanic shirt,dad mechanic shirt,mechanic hourly rate",mechanic sticker,mechanic shirt funny,car mechanic shirt,funny mechanic shirt,funny mechanic gift,car mechanic gift,mechanic t-shirt,mechanic gift shirt,gift for mechanic,funny mechanic decal,auto mechanic shirt,dad mechanic shirt,mechanic hourly rate
Custom Laptop Skin Lenovo Accessories Vinyl Decal Technology Gift Sticker Mechanical Cat Pattern For Legion Yoga Thinkpad Thinkbook Ideapad,https://www.etsy.com/listing/1768813065/custom-laptop-skin-lenovo-accessories,MEIDEAHAN,https://www.etsy.com/shop/MEIDEAHAN,25.52,0,0,0,0,0,22 Mo.,3,0,71,Electronics & Accessories,40,0,0.0,17489,"lenovo ideapad 3,lenovo yoga skin,laptop decals,laptop skin protect,laptop skin,vinyl decals,gifts for her,stickers for laptop,custom laptop skins,lenovo accessories,yoga 7 16iah7,ideapad flex 5,custom gift",lenovo ideapad 3,lenovo yoga skin,laptop decals,laptop skin protect,laptop skin,vinyl decals,gifts for her,stickers for laptop,custom laptop skins,lenovo accessories,yoga 7 16iah7,ideapad flex 5,custom gift
"Just Aura Farming Sticker - garage rat humor | Birthday Present for Car Guys, Made in USA, Vinyl Decal, Outdoor Rated, Weatherproof Vinyl",https://www.etsy.com/listing/4432240677/just-aura-farming-holographic-sticker,CheckOutMyEngine,https://www.etsy.com/shop/CheckOutMyEngine,10.99,0,0,0,0,0,5 Mo.,1,0,2,Paper & Party Supplies,84,0,0.0,8495,"car guy decal,vinyl car sticker,funny bumper sticker,car lover gift,gearhead gift,car dad gift,gift for him,car humor decal,mechanic gift,project car sticker,funny car decal,car culture gift,car guy gift",car guy decal,vinyl car sticker,funny bumper sticker,car lover gift,gearhead gift,car dad gift,gift for him,car humor decal,mechanic gift,project car sticker,funny car decal,car culture gift,car guy gift
"Looks Worse Up Close Sticker - mechanic culture | Affordable Gift for Him or Dad, Car Culture, UV-Resistant, Outdoor Rated, Made in USA",https://www.etsy.com/listing/4437863932/looks-worse-up-close-sticker-hilarious,CheckOutMyEngine,https://www.etsy.com/shop/CheckOutMyEngine,7.99,0,0,0,0,0,4 Mo.,4,0,3,Paper & Party Supplies,84,0,0.0,8495,"funny car decal,mechanic humor decal,mechanic gift,car humor decal,car dad gift,car guy gift,car enthusiast gift,garage humor decal,shop life decal,funny tool sticker,automotive humor,diy car builder gift,garage life sticker",funny car decal,mechanic humor decal,mechanic gift,car humor decal,car dad gift,car guy gift,car enthusiast gift,garage humor decal,shop life decal,funny tool sticker,automotive humor,diy car builder gift,garage life sticker
"4PCS “Will Dance for Truck Parts” Stickers – Funny Trucker, Mechanic & Blue Collar Humor Gift Set",https://www.etsy.com/listing/4417738015/4pcs-will-dance-for-truck-parts-stickers,Stickbae,https://www.etsy.com/shop/Stickbae,6.99,0,0,0,0,0,5 Mo.,0,0,9,Paper & Party Supplies,17,0,0.0,3418,"trucker humor,mechanic joke,blue collar fun,truck parts,garage humor,shop worker,waterproof vinyl,diesel tech,funny decal set,toolbox sticker,truck driver gift,mechanic life,sarcastic quote",trucker humor,mechanic joke,blue collar fun,truck parts,garage humor,shop worker,waterproof vinyl,diesel tech,funny decal set,toolbox sticker,truck driver gift,mechanic life,sarcastic quote
"Just Your Local Weirdo Sticker - garage rat humor | Affordable Gift for Him or Dad, Vinyl Decal, Made in USA, Outdoor Rated, UV-Resistant",https://www.etsy.com/listing/4346875547/just-your-local-weirdo-sticker-quirky,CheckOutMyEngine,https://www.etsy.com/shop/CheckOutMyEngine,9.99,0,0,0,0,0,9 Mo.,1,0,3,Electronics & Accessories,84,0,0.0,8495,"funny car decal,car humor decal,car lover gift,garage rat gift,car culture gift,automotive humor,mechanic gift,funny bumper sticker,project car sticker,gift for him,car humor sticker,gearhead gift,toolbox decal",funny car decal,car humor decal,car lover gift,garage rat gift,car culture gift,automotive humor,mechanic gift,funny bumper sticker,project car sticker,gift for him,car humor sticker,gearhead gift,toolbox decal
"NOTICE If Parts Fall Off, They Weren&#39;t Essential Bumper Sticker Vinyl Decal",https://www.etsy.com/listing/4378729041/notice-if-parts-fall-off-they-werent,BighornGraphics,https://www.etsy.com/shop/BighornGraphics,6.50,0,0,0,0,0,8 Mo.,0,0,1,Paper & Party Supplies,10,0,0.0,15,"truck,decal,gift for him,black,humor,mechanic,funny,builder,bumper sticker,vehicle,tool box sticker,notice,stocking stuffer",truck,decal,gift for him,black,humor,mechanic,funny,builder,bumper sticker,vehicle,tool box sticker,notice,stocking stuffer
Funny Mechanic Sticker - The Expert Is Here Hold My Beer - Sarcastic Toolbox Sticker,https://www.etsy.com/listing/4489639666/funny-mechanic-sticker-the-expert-is,CozyNorthernDesigns,https://www.etsy.com/shop/CozyNorthernDesigns,4.25,0,0,0,0,0,1 Mo.,0,0,1,Paper & Party Supplies,4,0,0.0,11,"vinyl decal,waterbottle sticker,mechanic sticker,toolbox sticker,garage art,garage sticker,mechanic gift,husband gift,dad gift,wrench sticker,gift for handyman,mechanic meme,hold my beer",vinyl decal,waterbottle sticker,mechanic sticker,toolbox sticker,garage art,garage sticker,mechanic gift,husband gift,dad gift,wrench sticker,gift for handyman,mechanic meme,hold my beer
"6 Oil & Gas Can Label Stickers, Gift Set, Colorful Car Enthusiast Decals for Party Decor, Car Journals, Tool Boxes, Garages and More, S25",https://www.etsy.com/listing/659829789/6-oil-gas-can-label-stickers-gift-set,RarePaperDetective,https://www.etsy.com/shop/RarePaperDetective,12.95,0,0,0,10,2,90 Mo.,27,0,641,Craft Supplies & Tools,195,0,1.56,20936,"oil can labels,gas can labels,motor oil can,oil stickers,car stickers,holiday gift set,gift for men,car party sticker,car journal sticker,garage sticker,tool box sticker,mechanic's sticker,automotive decor",oil can labels,gas can labels,motor oil can,oil stickers,car stickers,holiday gift set,gift for men,car party sticker,car journal sticker,garage sticker,tool box sticker,mechanic's sticker,automotive decor
"Mechanic skull car decal, mechanic gifts, laptop decal, tumbler decal, skull and crossbones, skull decal, skeleton decal, car decal for men",https://www.etsy.com/listing/482059570/mechanic-skull-car-decal-mechanic-gifts,ValdonImages,https://www.etsy.com/shop/ValdonImages,3.99,0,0,0,8,2,114 Mo.,31,0,510,Electronics & Accessories,147,0,1.57,10586,"mechanic skull decal,laptop decal,decal,car decal,skull decal,auto mechanic,pirate decal,tumbler decal,mechanic gift,skeleton decal,skull and crossbones,vinyl stickers,gifts for men",mechanic skull decal,laptop decal,decal,car decal,skull decal,auto mechanic,pirate decal,tumbler decal,mechanic gift,skeleton decal,skull and crossbones,vinyl stickers,gifts for men
Funny Mechanic Stickers or Magnets: Gift for mechanic,https://www.etsy.com/listing/4458271407/funny-mechanic-stickers-or-magnets-gift,HarkGraphics,https://www.etsy.com/shop/HarkGraphics,12.99,0,0,0,0,0,4 Mo.,4,0,61,Home & Living,45,0,0.0,5812,"sarcastic stickers,saracastic magnets,funny gifts,funny stickers,funny magnets,gift for friend,birthday gift,gear head,mechanic,mechanic gift,car guy,parts guy",sarcastic stickers,saracastic magnets,funny gifts,funny stickers,funny magnets,gift for friend,birthday gift,gear head,mechanic,mechanic gift,car guy,parts guy,--
Not all Heroes Stickers or Magnets: Gift for mechanic,https://www.etsy.com/listing/4459739330/not-all-heroes-stickers-or-magnets-gift,HarkGraphics,https://www.etsy.com/shop/HarkGraphics,3.99,0,0,0,0,0,4 Mo.,2,0,6,Home & Living,45,0,0.0,5812,"sarcastic stickers,saracastic magnets,funny gifts,funny stickers,funny magnets,gift for friend,birthday gift,gear head,mechanic,mechanic gift,car guy,parts guy,father's day",sarcastic stickers,saracastic magnets,funny gifts,funny stickers,funny magnets,gift for friend,birthday gift,gear head,mechanic,mechanic gift,car guy,parts guy,father's day
Funny Mechanic Decal | Waterproof Sticker | Toolbox Sticker | Truck Decal | Sticker For Guy | Gift For Mechanics | Sarcastic Decal | Tools,https://www.etsy.com/listing/1176895118/funny-mechanic-decal-waterproof-sticker,5AcreCreations,https://www.etsy.com/shop/5AcreCreations,5.50,0,0,0,9,2,51 Mo.,47,0,270,Paper & Party Supplies,87,0,3.33,24919,"sticker for mechanic,mechanic decal,flying tools sticker,toolbox sticker,truck decal,funny stickers,sarcastic decals,gift for mechanic,waterproof sticker,weatherproof decals,window stickers,laptop decal,computer sticker",sticker for mechanic,mechanic decal,flying tools sticker,toolbox sticker,truck decal,funny stickers,sarcastic decals,gift for mechanic,waterproof sticker,weatherproof decals,window stickers,laptop decal,computer sticker
"Suck, Squeeze, Bang, Blow Transparent Outdoor Stickers, Die-Cut, 1pcs",https://www.etsy.com/listing/1377887227/suck-squeeze-bang-blow-transparent,MECHANICLIFE,https://www.etsy.com/shop/MECHANICLIFE,5.40,0,0,0,0,0,32 Mo.,11,0,132,Home & Living,32,0,0.0,11,"sticker,bumper sticker,viny,indoor,outdoor,custom,printed,mechanic,gift for him,gift for her",sticker,bumper sticker,viny,indoor,outdoor,custom,printed,mechanic,gift for him,gift for her,--,--,--
"It Gets Worse (3x3) Funny Hard Hat Sticker For Mechanics, Linemen, & Electricians Great Decal Sticker Gift Dark Humor Welding Vinyl",https://www.etsy.com/listing/1512834859/it-gets-worse-3x3-funny-hard-hat-sticker,LeadBellyBenny,https://www.etsy.com/shop/LeadBellyBenny,3.50,0,0,0,58,14,22 Mo.,165,1,958,Paper & Party Supplies,58,0,6.05,14753,"sticker,funny stickers,hard hat sticker,hardhat sticker,gift for,hard hat stickers,hardhat stickers,funny decal,funny gift,car stickers,cooler sticker,toolbox sticker",sticker,funny stickers,hard hat sticker,hardhat sticker,gift for,hard hat stickers,hardhat stickers,funny decal,funny gift,car stickers,cooler sticker,toolbox sticker,--
Staying Home Don&#39;t Save Money Sticker - Shopping Sticker - BOGO - 2 For The Price of 1!,https://www.etsy.com/listing/1505791202/staying-home-dont-save-money-sticker,SaintMarlo,https://www.etsy.com/shop/SaintMarlo,3.99,0,0,0,0,0,24 Mo.,2,0,11,Electronics & Accessories,31,0,0.0,3545,"funny sticker,hydroflask sticker,computer sticker,yeti sticker,laptop sticker,laptop decal,my wife says,husband sticker,gift for husband,mechanic sticker,tool box sticker,helmet sticker,shopping sticker",funny sticker,hydroflask sticker,computer sticker,yeti sticker,laptop sticker,laptop decal,my wife says,husband sticker,gift for husband,mechanic sticker,tool box sticker,helmet sticker,shopping sticker
"New Driver Sticker: Funny Car Decal for Laptop, Tumbler",https://www.etsy.com/listing/4348779795/new-driver-sticker-funny-car-decal-for,StanceCompany,https://www.etsy.com/shop/StanceCompany,3.00,0,0,0,0,0,3 Mo.,1,0,9,Paper & Party Supplies,23,0,0.0,1342,"car sticker,car stickers,die cut stickers,water resistant,car lover gift,mens gift,gift for guys,car accessories,cricut stickers,vinyl sticker,mechanic gift,modified car sticker,new driver sticker",car sticker,car stickers,die cut stickers,water resistant,car lover gift,mens gift,gift for guys,car accessories,cricut stickers,vinyl sticker,mechanic gift,modified car sticker,new driver sticker
Blue Stripe Skyline GT-R car decal Sticker | Vinyl Kiss-Cut,https://www.etsy.com/listing/4456719527/blue-stripe-skyline-gt-r-car-decal,designesbyfaris,https://www.etsy.com/shop/designesbyfaris,5.30,0,0,0,0,0,3 Mo.,0,0,5,Electronics & Accessories,10,0,0.0,2,"car sticker,vinyl decal,kiss cut,racing car,sports car,car lover,window decal,laptop decal,jdm sticker,auto decal,car accessory,gifts for him,mechanic gift",car sticker,vinyl decal,kiss cut,racing car,sports car,car lover,window decal,laptop decal,jdm sticker,auto decal,car accessory,gifts for him,mechanic gift
6 Speed Gear - Stick Shift - Manual Car Gear Shift Diagram - Car/Truck/Laptop/Computer/Phone/Home Decor/Bumper Sticker - Vinyl Decal,https://www.etsy.com/listing/663857674/6-speed-gear-stick-shift-manual-car-gear,DecalPhanatics,https://www.etsy.com/shop/DecalPhanatics,1.99,0,0,0,227,41,88 Mo.,87,0,5348,Art & Collectibles,146,30,4.24,87553,"car decal,bumper sticker,computer decal,macbook decal,mechanic gift,gift for dad,fathers day gift,gear shift,shift diagram,stick shift,manual car,6 speed,yeti decal",car decal,bumper sticker,computer decal,macbook decal,mechanic gift,gift for dad,fathers day gift,gear shift,shift diagram,stick shift,manual car,6 speed,yeti decal
"Dad Decal, Garage Decal,Workshop Decals,Dad Can Fix It Sticker, Fathers Day Decals,Gifts For Him,Dad Stickers,Workshop Decor,Man Cave",https://www.etsy.com/listing/673649414/dad-decal-garage-decalworkshop-decalsdad,NYDecals,https://www.etsy.com/shop/NYDecals,2.99,0,0,0,4,1,86 Mo.,10,0,173,Home & Living,124,0,2.31,23210,"i'll be in,the garage,decal,dad decals,stickers,gifts for him,fathers day gifts,best dad,garage decals,handyman,woodworker,mechanic,dad vinyl decals",i'll be in,the garage,decal,dad decals,stickers,gifts for him,fathers day gifts,best dad,garage decals,handyman,woodworker,mechanic,dad vinyl decals
Classic Performance Cars Illustration Die-Cut Magnet | Car Sticker,https://www.etsy.com/listing/4478046189/classic-performance-cars-illustration,IrishPatch,https://www.etsy.com/shop/IrishPatch,11.91,0,0,0,0,0,2 Mo.,0,0,0,Home & Living,30,0,0.0,141,"car magnets,vintage car,sports car,911 magnet,die cut magnet,car enthusiast,auto lover,gifts for him,fridge magnet,mechanic gift,racing sticker,father's day,office gift",car magnets,vintage car,sports car,911 magnet,die cut magnet,car enthusiast,auto lover,gifts for him,fridge magnet,mechanic gift,racing sticker,father's day,office gift
School Science Wall Vinyl Decal Education Sticker Office Interior Home Classroom Decor (53nr),https://www.etsy.com/listing/608505707/school-science-wall-vinyl-decal,Rossstickers,https://www.etsy.com/shop/Rossstickers,23.99,0,0,0,14,2,97 Mo.,17,0,195,Home & Living,137,0,7.18,4569,"wall vinyl decal,wall art decals,ideas for home,large vinyl sticker,best gifts,office ideas,gear mechanism,engineering,science,classroom decor,school laboratory,education,school subjects",wall vinyl decal,wall art decals,ideas for home,large vinyl sticker,best gifts,office ideas,gear mechanism,engineering,science,classroom decor,school laboratory,education,school subjects
"Ford Bronco Off-Road Truck Stars and Stripes Bubble-free stickers, Gift for Dad",https://www.etsy.com/listing/843741837/ford-bronco-off-road-truck-stars-and,ZoomiesShop,https://www.etsy.com/shop/ZoomiesShop,15.95,0,0,0,0,0,70 Mo.,28,0,425,Paper & Party Supplies,100,0,0.0,11980,"gift for dad,gift for husband,gift for son,ford bronco sticker,1974 bronco sticker,bronco truck sticker,bronco gift,vintage truck art,bronco gifts,truck lover gift,gift for boyfriend,gift for mechanic,gift for guys",gift for dad,gift for husband,gift for son,ford bronco sticker,1974 bronco sticker,bronco truck sticker,bronco gift,vintage truck art,bronco gifts,truck lover gift,gift for boyfriend,gift for mechanic,gift for guys
Hard Hat Reaper Sticker – Skull Construction Worker Tool Art Decal,https://www.etsy.com/listing/4458747565/hard-hat-reaper-sticker-skull,SunnyCityStickers,https://www.etsy.com/shop/SunnyCityStickers,4.00,0,0,0,0,0,3 Mo.,1,0,3,Electronics & Accessories,29,0,0.0,1674,"construction skull,hard hat skull,tradesman art,blue collar pride,mechanic skull,tool skull art,construction gift,skull sticker art,rugged design,worker humor,industrial style,skull decor,gift for builders",construction skull,hard hat skull,tradesman art,blue collar pride,mechanic skull,tool skull art,construction gift,skull sticker art,rugged design,worker humor,industrial style,skull decor,gift for builders
"Dad Bass Fishing Sticker, Waterproof Camo Vinyl Decal",https://www.etsy.com/listing/4486804411/dad-bass-fishing-sticker-waterproof-camo,ThirteenTheoryCo,https://www.etsy.com/shop/ThirteenTheoryCo,3.49,0,0,0,0,0,1 Mo.,0,0,1,Paper & Party Supplies,2,0,0.0,32,"hard hat sticker,blue collar decal,mechanic sticker,forklift operator,fathers day gift,bottle sticker,hard hat stickers,vinyl sticker,gifts for him,blue collar sticker,waterproof stickers,holographic stickers,manly stickers",hard hat sticker,blue collar decal,mechanic sticker,forklift operator,fathers day gift,bottle sticker,hard hat stickers,vinyl sticker,gifts for him,blue collar sticker,waterproof stickers,holographic stickers,manly stickers
Mekanik Vinyl Sticker: Funny Car Guy Gift,https://www.etsy.com/listing/1442765101/mekanik-vinyl-sticker-funny-car-guy-gift,TheOldLadyZ,https://www.etsy.com/shop/TheOldLadyZ,5.25,0,0,0,14,3,38 Mo.,49,0,306,Paper & Party Supplies,51,0,4.58,1393,"funny sticker,laptop sticker,water bottle decal,car guy sticker,funny car sticker,stick shift sticker,car guy gift,stick shift car,car decal,funny car guy gift,gift for car guy,mechanic sticker,funny mechanic decal",funny sticker,laptop sticker,water bottle decal,car guy sticker,funny car sticker,stick shift sticker,car guy gift,stick shift car,car decal,funny car guy gift,gift for car guy,mechanic sticker,funny mechanic decal
"Warning To Avoid Injury Don’t Tell Me How To Do My Job PNG – Funny Mechanic Humor Design, Stick Figure Wrench Joke for Shirt, Sticker & Gift",https://www.etsy.com/listing/4489251233/warning-to-avoid-injury-dont-tell-me-how,Totutayo,https://www.etsy.com/shop/Totutayo,2.99,0,0,0,0,0,1 Mo.,0,0,2,Art & Collectibles,10,0,0.0,339,"mechanic humor png,wrench throw joke,funny work warning,blue collar humor,job attitude design,mechanic life quote,workshop humor art,tool guy joke,sarcastic job quote,stick figure meme,christmas mechanic,mechanic shirt,coworker design",mechanic humor png,wrench throw joke,funny work warning,blue collar humor,job attitude design,mechanic life quote,workshop humor art,tool guy joke,sarcastic job quote,stick figure meme,christmas mechanic,mechanic shirt,coworker design
"C7 Corvette Stingray LT1 Engine Sticker - 6.2L V8 Decal - Chevy Mechanic Gift, Grand Sport Z51 Accessories - Waterproof Vinyl for Laptop",https://www.etsy.com/listing/4436912204/c7-corvette-stingray-lt1-engine-sticker,EliteStickerPros,https://www.etsy.com/shop/EliteStickerPros,8.99,0,0,0,0,0,4 Mo.,1,0,13,Paper & Party Supplies,9,0,0.0,15,"corvette c7,stingray gift,chevy lt1,grande sport,corvette decal,v8 engine art,mechanic gift,dad gift,ls swap,american muscle,laptop sticker,toolbox decal,cheverolet racing",corvette c7,stingray gift,chevy lt1,grande sport,corvette decal,v8 engine art,mechanic gift,dad gift,ls swap,american muscle,laptop sticker,toolbox decal,cheverolet racing
Skull Wrench Vinyl Decal: Mechanic Toolbox Sticker,https://www.etsy.com/listing/1469917037/skull-wrench-vinyl-decal-mechanic,TheDecalDynasty,https://www.etsy.com/shop/TheDecalDynasty,5.25,0,0,0,3,1,37 Mo.,14,0,136,Electronics & Accessories,59,0,2.21,1767,"skull decal,mechanic gift ideas,automotive decals,car guy decals,gearhead gift ideas,car lover stickers,garage art stickers,toolbox decals,tool stickers,car accessories,gifts for him,tools sticker,mechanic decal",skull decal,mechanic gift ideas,automotive decals,car guy decals,gearhead gift ideas,car lover stickers,garage art stickers,toolbox decals,tool stickers,car accessories,gifts for him,tools sticker,mechanic decal
"Blue Collar Working Class Sticker, Skull and Tools Vinyl Decal, Hard Working Man Sticker for Laptop & Toolbox, Construction Mechanic Gift",https://www.etsy.com/listing/4491491708/blue-collar-working-class-sticker-skull,TruongNHNam,https://www.etsy.com/shop/TruongNHNam,5.91,0,0,0,0,0,1 Mo.,0,0,2,Paper & Party Supplies,12,0,0.0,88,"blue collar,working class,skull sticker,tradesman decal,construction art,mechanic gift,toolbox sticker,hard work decal,vinyl sticker,laptop decal,union worker,industrial art,rugged sticker",blue collar,working class,skull sticker,tradesman decal,construction art,mechanic gift,toolbox sticker,hard work decal,vinyl sticker,laptop decal,union worker,industrial art,rugged sticker
"Mechanic Vinyl Decal:  Tradesman Sticker, Union Worker, Blue Collar Pride",https://www.etsy.com/listing/1867535103/mechanic-vinyl-decal-tool-font-tradesman,CedarHillDesignsShop,https://www.etsy.com/shop/CedarHillDesignsShop,5.50,0,0,0,4,1,16 Mo.,1,0,57,Paper & Party Supplies,50,0,7.02,157,"car window sticker,mechanic gift,durable decal,tradesman vinyl,toolbox decal,hard hat decal,gift for dad,gift for him,blue collar,tradesman decal,tradesman sticker,mechanic decal",car window sticker,mechanic gift,durable decal,tradesman vinyl,toolbox decal,hard hat decal,gift for dad,gift for him,blue collar,tradesman decal,tradesman sticker,mechanic decal,--
"3 PCS Work Ethic Takes No Talent, Its a Decision, Hard Hat, Tool Box Funny Work Sticker, Mechanic, Gifts For Him, Dads Gift, Funny Work Gift",https://www.etsy.com/listing/4359705814/3-pcs-work-ethic-takes-no-talent-its-a,Ramenwashabi,https://www.etsy.com/shop/Ramenwashabi,12.88,0,0,0,25,3,9 Mo.,89,0,647,Paper & Party Supplies,11,30,3.86,2285,"blue collar,blue collar life,blue collar gear,blue collar worker,construction worker,skilled labor,working class,blue collar sticker,hardhat sticker,holographic sticker,tradesmen sticker,tradeswomen sticker,american blue collar",blue collar,blue collar life,blue collar gear,blue collar worker,construction worker,skilled labor,working class,blue collar sticker,hardhat sticker,holographic sticker,tradesmen sticker,tradeswomen sticker,american blue collar
Manual Transmission Pedals sticker | Die-Cut Sticker,https://www.etsy.com/listing/4449101685/manual-transmission-pedals-sticker-die,PrintabLabStudio,https://www.etsy.com/shop/PrintabLabStudio,11.18,0,0,0,0,0,4 Mo.,0,0,11,Paper & Party Supplies,48,0,0.0,164,"car stickers,die cut,man pedal,pedal decal,car accessory,car lover,auto decal,window sticker,vinyl sticker,car interior,gifts for him,mechanic gift,car enthusiast",car stickers,die cut,man pedal,pedal decal,car accessory,car lover,auto decal,window sticker,vinyl sticker,car interior,gifts for him,mechanic gift,car enthusiast
"I Tailgate Priests Sticker, Mechanic Gift for Men, Car Guy Birthday Present, Bumper Sticker, Laptop Vinyl Decal, Humorous Religious Sticker",https://www.etsy.com/listing/4504388578/i-tailgate-priests-sticker-mechanic-gift,CheckOutMyEngine,https://www.etsy.com/shop/CheckOutMyEngine,7.99,0,0,0,0,0,1 Mo.,0,0,2,Paper & Party Supplies,84,0,0.0,8495,"car sticker,vinyl decal,auto accessory,jdm style,mechanic gift,toolbox decor,custom sticker",car sticker,vinyl decal,auto accessory,jdm style,mechanic gift,toolbox decor,custom sticker,--,--,--,--,--,--
"Exhausted Graffiti Style Sticker - garage life humor | Birthday Gift for Car Guys, Outdoor Rated, UV-Resistant, Vinyl Decal, Car Culture",https://www.etsy.com/listing/4346883919/exhausted-graffiti-style-sticker-chrome,CheckOutMyEngine,https://www.etsy.com/shop/CheckOutMyEngine,9.99,0,0,0,0,0,9 Mo.,1,0,18,Electronics & Accessories,84,0,0.0,8495,"vinyl car sticker,garage life sticker,car humor decal,wrench monkey gift,car dad gift,funny tool sticker,gift for him,gearhead gift,bumper sticker,diy car builder gift,mechanic humor decal,car guy gift,funny car decal",vinyl car sticker,garage life sticker,car humor decal,wrench monkey gift,car dad gift,funny tool sticker,gift for him,gearhead gift,bumper sticker,diy car builder gift,mechanic humor decal,car guy gift,funny car decal
"Relish Every Moment Sticker - Hot Dog enthusiast energy | Birthday Gift for Him or Dad, Outdoor Rated, Made in USA, Car Culture, Vinyl Decal",https://www.etsy.com/listing/4463226507/relish-every-moment-sticker-hot-dog,CheckOutMyEngine,https://www.etsy.com/shop/CheckOutMyEngine,7.99,0,0,0,0,0,3 Mo.,0,0,1,Paper & Party Supplies,84,0,0.0,8495,"funny car sticker,project car sticker,gift for him,funny car decal,automotive humor,car culture gift,bumper sticker,mechanic gift,car humor sticker,car humor decal,car lover gift,funny bumper sticker,garage rat gift",funny car sticker,project car sticker,gift for him,funny car decal,automotive humor,car culture gift,bumper sticker,mechanic gift,car humor sticker,car humor decal,car lover gift,funny bumper sticker,garage rat gift
"Funny Chevy Truck Sticker Set, Adult Humor Waterproof Vinyl Decals",https://www.etsy.com/listing/4450078409/3pc-funny-chevy-sticker-set-oh-you-drive,NineOneHandmade,https://www.etsy.com/shop/NineOneHandmade,6.99,0,0,0,0,0,4 Mo.,0,0,5,Paper & Party Supplies,41,0,0.0,61,"chevy sticker,funny chevy,truck lover gift,car humor sticker,bumper sticker,gag gift for men,adult humor,toolbox sticker,mechanic gift,waterproof vinyl,laptop sticker,decal sticker,chevrolet parody",chevy sticker,funny chevy,truck lover gift,car humor sticker,bumper sticker,gag gift for men,adult humor,toolbox sticker,mechanic gift,waterproof vinyl,laptop sticker,decal sticker,chevrolet parody
"Dirty Boots Clean Money sticker | Kiss-Cut Vinyl Sticker, Farm Work Quote",https://www.etsy.com/listing/4452926108/dirty-boots-clean-money-sticker-kiss-cut,NuevaNovaCreations,https://www.etsy.com/shop/NuevaNovaCreations,19.62,0,0,0,0,0,3 Mo.,0,0,0,Paper & Party Supplies,4,0,0.0,139,"kiss cut,dirt work sticker,dirty boots,clean money,workwear decal,laptop sticker,outdoor sticker,rugged sticker,farm life,construction gift,mechanic decal,gift for him,country sticker",kiss cut,dirt work sticker,dirty boots,clean money,workwear decal,laptop sticker,outdoor sticker,rugged sticker,farm life,construction gift,mechanic decal,gift for him,country sticker
Garage Sign - Abarth Badge - 15.5&quot; OR 23.5&quot; | Easy to Hang,https://www.etsy.com/listing/1558381381/garage-sign-abarth-badge-155-or-235-easy,EchoesOfThePastSigns,https://www.etsy.com/shop/EchoesOfThePastSigns,32.21,0,0,0,0,0,32 Mo.,5,0,600,Home & Living,62,0,0.0,2638,"gift car enthusiast,love italian cars,italian pride,mancave decor,personal mancave,hang in garage,dad birthday,husband anniversary,for him brother son,fiat lovers,scorpion design,available as sticker,mechanic workshop",gift car enthusiast,love italian cars,italian pride,mancave decor,personal mancave,hang in garage,dad birthday,husband anniversary,for him brother son,fiat lovers,scorpion design,available as sticker,mechanic workshop
Garage Sign - Abarth - Easy to Hang - Size 16.5&quot; - Décor Wall Art Auto Personal Mancave,https://www.etsy.com/listing/1510633472/garage-sign-abarth-easy-to-hang-size-165,EchoesOfThePastSigns,https://www.etsy.com/shop/EchoesOfThePastSigns,10.74,0,0,0,0,0,34 Mo.,3,0,278,Home & Living,62,0,0.0,2638,"for him,sticker,decal,gift for dad,gift for husband,gift car enthusiast,love italian cars,italian pride,mechanic workshop,fiat,ferrari f1",for him,sticker,decal,gift for dad,gift for husband,gift car enthusiast,love italian cars,italian pride,mechanic workshop,fiat,ferrari f1,--,--
Garage Sign - Maserati - Easy to Hang - Size 16.5&quot; - Décor Wall Art Auto Personal Mancave,https://www.etsy.com/listing/1510702344/garage-sign-maserati-easy-to-hang-size,EchoesOfThePastSigns,https://www.etsy.com/shop/EchoesOfThePastSigns,10.74,0,0,0,0,0,34 Mo.,3,0,234,Home & Living,62,0,0.0,2638,"for him,sticker,decal,gift for dad,gift for husband,gift car enthusiast,love italian cars,italian pride,trident,mechanic workshop,boys bedroom decor,car racing",for him,sticker,decal,gift for dad,gift for husband,gift car enthusiast,love italian cars,italian pride,trident,mechanic workshop,boys bedroom decor,car racing,--
Garage Sign - Magneti Marelli - 15.5&quot; x 15.5&quot; - Easy to Hang | Personal Mancave,https://www.etsy.com/listing/1718588350/garage-sign-magneti-marelli-155-x-155,EchoesOfThePastSigns,https://www.etsy.com/shop/EchoesOfThePastSigns,32.21,0,0,0,0,0,24 Mo.,2,0,59,Home & Living,62,0,0.0,2638,"for him,fiat,sticker,decal,gift for dad,gift for husband,gift car enthusiast,love italian cars,italian pride,ferrari,alfa romeo,mechanic workshop,boys bedroom decor",for him,fiat,sticker,decal,gift for dad,gift for husband,gift car enthusiast,love italian cars,italian pride,ferrari,alfa romeo,mechanic workshop,boys bedroom decor
"Mechanic decal, mechanic flag car decal, gift for mechanic, gift idea for mechanic, tool wrench American flag decal, gift for him",https://www.etsy.com/listing/1163324901/mechanic-decal-mechanic-flag-car-decal,MoonbeamsVisions,https://www.etsy.com/shop/MoonbeamsVisions,13.50,0,0,0,0,0,52 Mo.,2,0,43,Home & Living,115,0,0.0,1592,"car decal,gift for her,window decal,custom decal,gift idea,mechanic decal,mechanic car decal,mechanic gift idea,gift idea for him,gift for him,american flag,tool wrench flag,mechanic sticker",car decal,gift for her,window decal,custom decal,gift idea,mechanic decal,mechanic car decal,mechanic gift idea,gift idea for him,gift for him,american flag,tool wrench flag,mechanic sticker
"Financial Mistake in Progress Mechanic Shirt, Car Lover Tuning SVG (Digital Download)",https://www.etsy.com/listing/4479238682/financial-mistake-in-progress-mechanic,josForsvg,https://www.etsy.com/shop/josForsvg,2.17,0,0,0,0,0,2 Mo.,0,0,1,Art & Collectibles,4,0,0.0,60,"financial mistake,funny mechanic svg,car enthusiast png,project car design,automotive tuning,gift for car guy,garage humor svg,mechanic shirt file,toolbox sticker png,car lover gift,cricut cut files,sublimation design,digital download",financial mistake,funny mechanic svg,car enthusiast png,project car design,automotive tuning,gift for car guy,garage humor svg,mechanic shirt file,toolbox sticker png,car lover gift,cricut cut files,sublimation design,digital download
"Nobody Cares Work Harder Sticker, Skull Mechanic Motivation Decal, Blue Collar Hustle Vinyl for Laptop Water Bottle Mug Kindle Gift Idea",https://www.etsy.com/listing/4509201908/nobody-cares-work-harder-sticker-skull,OddiSticker,https://www.etsy.com/shop/OddiSticker,1.99,0,0,0,0,0,1 Mo.,0,0,1,Paper & Party Supplies,9,0,0.0,4359,"work harder sticker,nobody cares quote,mechanic decal,blue collar,skull sticker,hard work quote,engineer humor,hustle mindset,laptop sticker,water bottle,garage humor,waterproof vinyl,motivation meme",work harder sticker,nobody cares quote,mechanic decal,blue collar,skull sticker,hard work quote,engineer humor,hustle mindset,laptop sticker,water bottle,garage humor,waterproof vinyl,motivation meme
"Funny Hard Hat Sticker (3x3), Great Gift For Laptops; Tumblers Also For Mechanics & Electricians YO",https://www.etsy.com/listing/1567403079/funny-hard-hat-sticker-3x3-great-gift,LeadBellyBenny,https://www.etsy.com/shop/LeadBellyBenny,3.52,0,0,0,0,0,19 Mo.,34,0,146,Paper & Party Supplies,46,0,0.0,14710,"hardhat sticker,hard hat sticker,hardhat stickers,hard hat stickers,tool box stickers,lunchbox sticker,waterbottle sticker,laptop decal,laptop sticker,cooler sticker,tumbler sticker,funny sticker,funny decal",hardhat sticker,hard hat sticker,hardhat stickers,hard hat stickers,tool box stickers,lunchbox sticker,waterbottle sticker,laptop decal,laptop sticker,cooler sticker,tumbler sticker,funny sticker,funny decal
"Built Not Bought Decal for Cars, Stickers for Trucks, Decals for Windows, Stickers for Cups, Wrench Decal, Mechanic Gift, Car Lover Sticker",https://www.etsy.com/listing/1761116865/built-not-bought-decal-for-cars-stickers,Bonnieblueent,https://www.etsy.com/shop/Bonnieblueent,4.00,0,0,0,0,0,15 Mo.,5,0,78,Electronics & Accessories,18,0,0.0,177,"stickers,stickers for cars,stickers for cups,vinyl decals for car,vinyl sticker,vinyl decal,gifts for him,gifts for her,decals",stickers,stickers for cars,stickers for cups,vinyl decals for car,vinyl sticker,vinyl decal,gifts for him,gifts for her,decals,--,--,--,--
Trendy &quot;Sponsored by mom n dad&quot; drag racing race car svg/bumper sticker/racing png printable sublimation/unique gift/funny mechanic svg png,https://www.etsy.com/listing/1532075664/trendy-sponsored-by-mom-n-dad-drag,VenzAvenue,https://www.etsy.com/shop/VenzAvenue,1.90,0,0,0,0,0,33 Mo.,0,0,17,Craft Supplies & Tools,76,0,0.0,7,"drag racing svg png,gift for car lovers,race car printable,race day sweatshirt,mechanic unique gift,car sticker images,race car sublimation,dragrace vinyl decal,car window decal svg,trendy drag racing,trendy race car png,funny car show svg,funny bumper sticker",drag racing svg png,gift for car lovers,race car printable,race day sweatshirt,mechanic unique gift,car sticker images,race car sublimation,dragrace vinyl decal,car window decal svg,trendy drag racing,trendy race car png,funny car show svg,funny bumper sticker
Trendy &quot;Sponsored by hard work&quot; car drag racing svg/racing printable sublimation png/mechanic unique gift/race day sweatshirt/bumper sticker,https://www.etsy.com/listing/1532081228/trendy-sponsored-by-hard-work-car-drag,VenzAvenue,https://www.etsy.com/shop/VenzAvenue,1.90,0,0,0,0,0,33 Mo.,2,0,8,Craft Supplies & Tools,76,0,0.0,7,"drag racing svg png,gift for car lovers,race car printable,race day sweatshirt,mechanic unique gift,car sticker images,race car sublimation,dragrace vinyl decal,car window decal svg,trendy drag racing,trendy race car png,car show sticker png,auto mechanic svg",drag racing svg png,gift for car lovers,race car printable,race day sweatshirt,mechanic unique gift,car sticker images,race car sublimation,dragrace vinyl decal,car window decal svg,trendy drag racing,trendy race car png,car show sticker png,auto mechanic svg
"Dirty Man Hands Sticker - garage life humor | Affordable Gift for Him or Dad, Car Culture, Weatherproof Vinyl, UV-Resistant, Made in USA",https://www.etsy.com/listing/4453019601/dirty-man-hands-sticker-humorous-sticker,CheckOutMyEngine,https://www.etsy.com/shop/CheckOutMyEngine,7.99,0,0,0,0,0,3 Mo.,1,0,0,Paper & Party Supplies,84,0,0.0,8495,"car dad gift,shop life decal,car guy gift,gearhead gift,bumper sticker,car enthusiast gift,funny car decal,vinyl car sticker,mechanic humor decal,garage humor decal,toolbox sticker,funny car sticker,gift for him",car dad gift,shop life decal,car guy gift,gearhead gift,bumper sticker,car enthusiast gift,funny car decal,vinyl car sticker,mechanic humor decal,garage humor decal,toolbox sticker,funny car sticker,gift for him
"Hand-Tight & Full of Hope Sticker - DIY builder pride | Great Gift for Him, Dad or Boyfriend, Made in USA, Car Culture, Outdoor Rated",https://www.etsy.com/listing/4326220826/hand-tight-full-of-hope-sticker-funny,CheckOutMyEngine,https://www.etsy.com/shop/CheckOutMyEngine,9.99,0,0,0,0,0,11 Mo.,3,0,18,Paper & Party Supplies,84,0,0.0,8495,"automotive humor,car enthusiast gift,funny car decal,garage humor decal,mechanic gift,gift for him,mechanic humor decal,wrench monkey gift,funny car sticker,diy car builder gift,garage life sticker,vinyl car sticker,bumper sticker",automotive humor,car enthusiast gift,funny car decal,garage humor decal,mechanic gift,gift for him,mechanic humor decal,wrench monkey gift,funny car sticker,diy car builder gift,garage life sticker,vinyl car sticker,bumper sticker
Lady Aviators Heart Sticker,https://www.etsy.com/listing/1659168757/lady-aviators-heart-sticker,LadyAviatorsInc,https://www.etsy.com/shop/LadyAviatorsInc,5.00,0,0,0,62,11,20 Mo.,69,1,1024,Paper & Party Supplies,65,25,6.05,1488,"sticker,air traffic control,aviation mechanic,flight attendant,female pilot,future pilot,first solo,aviation gift,girls in aviation,aviation,gift for pilot,women in aviation,lady aviators",sticker,air traffic control,aviation mechanic,flight attendant,female pilot,future pilot,first solo,aviation gift,girls in aviation,aviation,gift for pilot,women in aviation,lady aviators
"Money Gun Hard Hat Sticker Lineman, Mechanic, Blue Collar Sarcastic Waterproof Vinyl Sticker For Laptop Water Bottle Phone Tumbler Hard Hat",https://www.etsy.com/listing/1856571176/money-gun-hard-hat-sticker-lineman,Imprintifyllc,https://www.etsy.com/shop/Imprintifyllc,3.99,0,0,0,0,0,1 Mo.,0,0,3,Paper & Party Supplies,4,0,0.0,515,"meme sticker,sarcastic sticker,water bottle sticker,laptop tumbler,funny gift,hart hat sticker,quote sticker,cute sticker,gifts for friends,tumbler sticker,blue collar sticker,lineman sticker,mechanic sticker",meme sticker,sarcastic sticker,water bottle sticker,laptop tumbler,funny gift,hart hat sticker,quote sticker,cute sticker,gifts for friends,tumbler sticker,blue collar sticker,lineman sticker,mechanic sticker
"Funny Hard Hat Sticker (3x3), Great Gift For Mechanics & Electricians , For Laptops; Coolers YT",https://www.etsy.com/listing/1567404787/funny-hard-hat-sticker-3x3-great-gift,LeadBellyBenny,https://www.etsy.com/shop/LeadBellyBenny,3.52,0,0,0,0,0,19 Mo.,6,0,20,Paper & Party Supplies,46,0,0.0,14710,"hardhat sticker,hard hat sticker,hardhat stickers,hard hat stickers,tool box stickers,lunchbox sticker,waterbottle sticker,laptop decal,laptop sticker,cooler sticker,tumbler sticker,funny sticker,funny decal",hardhat sticker,hard hat sticker,hardhat stickers,hard hat stickers,tool box stickers,lunchbox sticker,waterbottle sticker,laptop decal,laptop sticker,cooler sticker,tumbler sticker,funny sticker,funny decal
"Toy Figure Car Squirtle Ornament Will Spray Water Squirtle Manual Remore Anime, gift Christmas, Black Friday",https://www.etsy.com/listing/1829845519/toy-figure-car-squirtle-ornament-will,NEVADAAQ,https://www.etsy.com/shop/NEVADAAQ,76.14,0,0,0,0,0,1 Mo.,0,0,0,Electronics & Accessories,0,0,0.0,0,"sim racing,game room,car garage,gaming decor,car tuning,motorcycle,mechanic,racing,car accessoires,car sticker,car gift,gift for men,turbocharger",sim racing,game room,car garage,gaming decor,car tuning,motorcycle,mechanic,racing,car accessoires,car sticker,car gift,gift for men,turbocharger
Weekends Are For Riding Bumper Sticker Vinyl Decal,https://www.etsy.com/listing/4383398804/weekends-are-for-riding-bumper-sticker,BighornGraphics,https://www.etsy.com/shop/BighornGraphics,6.50,0,0,0,0,0,7 Mo.,0,0,0,Paper & Party Supplies,10,0,0.0,15,"gift for him,mechanic,builder,bumper sticker,vehicle,tool box sticker,4 wheeling,vinyl decal,stocking stuffer,rocks,monster truck,gearhead,tumbler sticker",gift for him,mechanic,builder,bumper sticker,vehicle,tool box sticker,4 wheeling,vinyl decal,stocking stuffer,rocks,monster truck,gearhead,tumbler sticker
It&#39;s Boost O&#39;clock Vinyl Sticker: Funny Car Supercharger Decal,https://www.etsy.com/listing/1428926598/its-boost-oclock-vinyl-sticker-funny-car,TheOldLadyZ,https://www.etsy.com/shop/TheOldLadyZ,5.25,0,0,0,0,0,38 Mo.,2,0,23,Paper & Party Supplies,51,0,0.0,1393,"funny sticker,stocking stuffer,water bottle decal,car guy sticker,funny car sticker,car guy gift,gift for car guy,funny race sticker,gift for men,supercharger sticker,boost o'clock,funny mechanic decal,mechanic gifts",funny sticker,stocking stuffer,water bottle decal,car guy sticker,funny car sticker,car guy gift,gift for car guy,funny race sticker,gift for men,supercharger sticker,boost o'clock,funny mechanic decal,mechanic gifts
"Distressed American Flag Rifle Sticker, Tactical USA Decal, Waterproof Vinyl Laptop Cooler Patriotic Gift",https://www.etsy.com/listing/4486808060/distressed-american-flag-rifle-sticker,ThirteenTheoryCo,https://www.etsy.com/shop/ThirteenTheoryCo,3.49,0,0,0,0,0,1 Mo.,0,0,6,Paper & Party Supplies,2,0,0.0,32,"hard hat sticker,blue collar decal,mechanic sticker,forklift operator,fathers day gift,bottle sticker,hard hat stickers,vinyl sticker,gifts for him,blue collar sticker,waterproof stickers,holographic stickers,manly stickers",hard hat sticker,blue collar decal,mechanic sticker,forklift operator,fathers day gift,bottle sticker,hard hat stickers,vinyl sticker,gifts for him,blue collar sticker,waterproof stickers,holographic stickers,manly stickers
"Caution I Talk About Cars Vinyl Decal, Funny Car Lover Gift",https://www.etsy.com/listing/1538574157/caution-i-talk-about-cars-for-hours,OceanVinylDesigns,https://www.etsy.com/shop/OceanVinylDesigns,5.35,0,0,0,0,0,33 Mo.,2,0,8,Paper & Party Supplies,34,0,0.0,30,"toolbox decal,mechanic sticker,shop decal,funny quotes,gift for guys,gift for her,humorous sayings,decals for guys,men decal,vinyl decal,talker,grandpa decal,vinyl window decal",toolbox decal,mechanic sticker,shop decal,funny quotes,gift for guys,gift for her,humorous sayings,decals for guys,men decal,vinyl decal,talker,grandpa decal,vinyl window decal
I Watched A YouTube Video SVG Funny DIY Quote PNG for Handyman Mechanic Dad Gift Cricut File for Garage Sign Laser Art Glowforge Design,https://www.etsy.com/listing/4387278633/i-watched-a-youtube-video-svg-funny-diy,SunbeamPressStore,https://www.etsy.com/shop/SunbeamPressStore,4.50,0,0,0,0,0,7 Mo.,5,0,36,Craft Supplies & Tools,10,0,0.0,2721,"i watched a yt video,funny diy quote svg,gift for handyman,mechanic dad husband,sarcastic workshop,blue collar life,dad fix it all gift,glowforge xtool art,funny skeleton shirt,i got this,garage humor png,toolbox sticker,laser engraved",i watched a yt video,funny diy quote svg,gift for handyman,mechanic dad husband,sarcastic workshop,blue collar life,dad fix it all gift,glowforge xtool art,funny skeleton shirt,i got this,garage humor png,toolbox sticker,laser engraved
Engineer Sticker | Engineering Laptop Sticker | Gift for Engineers | Engineering Major | Future Engineer | Engineering Student | Engineer,https://www.etsy.com/listing/1427758255/engineer-sticker-engineering-laptop,TheConfidentEngineer,https://www.etsy.com/shop/TheConfidentEngineer,3.25,0,0,0,16,4,39 Mo.,15,0,119,Paper & Party Supplies,45,0,13.45,1551,"engineer,engineering sticker,sticker for engineer,engineering gifts,gifts for engineers,civil engineer,mechanical engineer,chemical engineer,software engineer,steminist,stem stickers,aerospace engineer,engineering stem",engineer,engineering sticker,sticker for engineer,engineering gifts,gifts for engineers,civil engineer,mechanical engineer,chemical engineer,software engineer,steminist,stem stickers,aerospace engineer,engineering stem
These Boots are Made for Working Sticker | Engineering Stickers | Women in Construction | Work Boots,https://www.etsy.com/listing/1861682166/these-boots-are-made-for-working-sticker,TheConfidentEngineer,https://www.etsy.com/shop/TheConfidentEngineer,3.50,0,0,0,4,1,15 Mo.,11,0,61,Paper & Party Supplies,45,0,6.56,1551,"laptop sticker,princess engineer,gifts for engineers,engineering sticker,women in stem,waterproof sticker,stem sticker,engineering,civil engineer,mechanical engineer,work boots,construction,women in constructio",laptop sticker,princess engineer,gifts for engineers,engineering sticker,women in stem,waterproof sticker,stem sticker,engineering,civil engineer,mechanical engineer,work boots,construction,women in constructio
"Diesel Bumper Sticker, Cummins Decal for Truck, Car Window, Laptop, Toolbox, Gear, Mechanic Gift",https://www.etsy.com/listing/1853246583/diesel-bumper-sticker-cummins-decal-for,EnglishRedneck,https://www.etsy.com/shop/EnglishRedneck,9.25,0,0,0,7,1,7 Mo.,6,0,147,Paper & Party Supplies,17,0,4.76,87,"truck decals,diesel gifts,car accessories,automotive decals,vehicle stickers,funny bumper sticker,truck lover gift,car enthusiast,vehicle decoration,unique truck decal,diesel truck owner,cummins fan gift,custom bumper decal",truck decals,diesel gifts,car accessories,automotive decals,vehicle stickers,funny bumper sticker,truck lover gift,car enthusiast,vehicle decoration,unique truck decal,diesel truck owner,cummins fan gift,custom bumper decal
Elevator Mechanic Hard Hat Sticker Gift for Husband Boyfriend Crew Union Jobsite,https://www.etsy.com/listing/4329980886/elevator-mechanic-hard-hat-sticker-gift,Stickers4Trades,https://www.etsy.com/shop/Stickers4Trades,4.85,0,0,0,22,4,10 Mo.,1,0,93,Paper & Party Supplies,73,0,23.66,8514,"elevator operator,hard hat sticker,blue collar badge,union certified,helmet decal,skilled trades,waterproof outdoor,tool box label,water bottle emblem,laptop tablet phone,car bumper tag,lunch box adhesive,mechanic vinyl",elevator operator,hard hat sticker,blue collar badge,union certified,helmet decal,skilled trades,waterproof outdoor,tool box label,water bottle emblem,laptop tablet phone,car bumper tag,lunch box adhesive,mechanic vinyl
"Waiting On Parts Sticker, Funny Blue Collar Mechanic Skeleton Sticker, Waterproof Vinyl Die-Cut Decal for Laptop Toolbox Truck",https://www.etsy.com/listing/4487928883/waiting-on-parts-sticker-funny-blue,MHEcomHome,https://www.etsy.com/shop/MHEcomHome,1.33,0,0,0,0,0,1 Mo.,0,0,6,Paper & Party Supplies,46,0,0.0,8842,"funny adhd sticker,hocus pocus cant focus,adhd humor decal,neurodivergent sticker,adhd laptop sticker,adhd water bottle decal,mental health humor,adhd gift for friends,focus struggle sticker,waiting on parts,mechanic skeleton,funny mechanic decal,toolbox truck sticker",funny adhd sticker,hocus pocus cant focus,adhd humor decal,neurodivergent sticker,adhd laptop sticker,adhd water bottle decal,mental health humor,adhd gift for friends,focus struggle sticker,waiting on parts,mechanic skeleton,funny mechanic decal,toolbox truck sticker
Holographic Sticker ~ Mechanic Cat Sticker UV/WEATHERPROOF & WATERPROOF outdoor/indoor,https://www.etsy.com/listing/4425037158/mechanic-cat-sticker-uvweatherproof,KawaiiSmall,https://www.etsy.com/shop/KawaiiSmall,2.99,0,0,0,0,0,5 Mo.,3,0,11,Paper & Party Supplies,35,0,0.0,372,"funny stickers,vinyl stickers,water bottle sticker,funny car stickers,whimsical stickers,cute laptop stickers,cute vinyl stickers,teacher gifts,gifts for him,mechanic funny decal,funny cat stickers,cat planner stickers,cat art prints",funny stickers,vinyl stickers,water bottle sticker,funny car stickers,whimsical stickers,cute laptop stickers,cute vinyl stickers,teacher gifts,gifts for him,mechanic funny decal,funny cat stickers,cat planner stickers,cat art prints
Garage Sign - Abarth Servizio - Easy to Hang - Size 16&quot; - Décor Wall Art Auto Personal Mancave,https://www.etsy.com/listing/1803519963/garage-sign-abarth-servizio-easy-to-hang,EchoesOfThePastSigns,https://www.etsy.com/shop/EchoesOfThePastSigns,25.05,0,0,0,0,0,19 Mo.,7,0,276,Home & Living,62,0,0.0,2638,"for him,sticker,decal,gift for dad,gift for husband,gift car enthusiast,love italian cars,italian pride,garage decor,scorpion,mechanic workshop,fiat enthusiast",for him,sticker,decal,gift for dad,gift for husband,gift car enthusiast,love italian cars,italian pride,garage decor,scorpion,mechanic workshop,fiat enthusiast,--
Funny Car Check Engine Light Decal: This Little Light of Mine,https://www.etsy.com/listing/4319738070/funny-car-check-engine-light-decal-this,Minimemakesit,https://www.etsy.com/shop/Minimemakesit,10.99,0,0,0,0,0,11 Mo.,5,0,67,Paper & Party Supplies,72,0,0.0,4006,"decal,gift,bumper decal,sale,funny decal,tumbler decal,for him,gift for guy,this little light,check engine decal,funny sticker,gift for her,mechanic gift",decal,gift,bumper decal,sale,funny decal,tumbler decal,for him,gift for guy,this little light,check engine decal,funny sticker,gift for her,mechanic gift
"Custom Die Cut Stickers, Waterproof Vinyl | Personalized Label | Custom Logo Decal for Toolbox, Garage Branding, Mechanic Gifts, Laptop Gear",https://www.etsy.com/listing/4485613948/custom-die-cut-stickers-waterproof-vinyl,ArtistryNookAU,https://www.etsy.com/shop/ArtistryNookAU,0.94,0,0,0,0,0,1 Mo.,0,0,1,Paper & Party Supplies,10,0,0.0,182,"custom stickers,die cut stickers,custom logo sticker,custom logo decal,vinyl stickers,waterproof stickers,toolbox sticker,garage sticker,mechanic gift,business logo,branding sticker,custom labels,tool chest decal",custom stickers,die cut stickers,custom logo sticker,custom logo decal,vinyl stickers,waterproof stickers,toolbox sticker,garage sticker,mechanic gift,business logo,branding sticker,custom labels,tool chest decal
"Funny Work Humor Sticker Set, Waterproof Vinyl Decal for Toolbox Laptop",https://www.etsy.com/listing/4467363872/funny-work-humor-sticker-set-waterproof,TrendyfitArt,https://www.etsy.com/shop/TrendyfitArt,6.99,0,0,0,0,0,2 Mo.,0,0,0,Paper & Party Supplies,9,0,0.0,6,"will strip for money,funny work sticker,blue collar humor,electrician gift,mechanic gift,construction worker,coworker gag gift,toolbox sticker,jobsite humor,sarcastic sticker,waterproof vinyl,car decal,laptop sticker",will strip for money,funny work sticker,blue collar humor,electrician gift,mechanic gift,construction worker,coworker gag gift,toolbox sticker,jobsite humor,sarcastic sticker,waterproof vinyl,car decal,laptop sticker
Certified Expert Mechanic Sticker - Funny Wrench & Fist Decal for Toolboxes etc.,https://www.etsy.com/listing/4489346836/certified-expert-mechanic-sticker-funny,CozyNorthernDesigns,https://www.etsy.com/shop/CozyNorthernDesigns,4.25,0,0,0,0,0,1 Mo.,1,0,15,Paper & Party Supplies,4,0,0.0,11,"vinyl decal,waterbottle sticker,laptop decal,mechanic sticker,toolbox sticker,garage art,garage sticker,mechanic gift,husband gift,dad gift,wrench sticker,gift for handyman,mechanic meme",vinyl decal,waterbottle sticker,laptop decal,mechanic sticker,toolbox sticker,garage art,garage sticker,mechanic gift,husband gift,dad gift,wrench sticker,gift for handyman,mechanic meme
"Sticker for Mechanics, Round Mechanic Badge Decal, Auto Shop Toolbox Sticker, Garage Decor Gift for Car Repair Techs and Grease Monkey Fans",https://www.etsy.com/listing/4414115275/sticker-for-mechanics-round-mechanic,ModularRecreations,https://www.etsy.com/shop/ModularRecreations,4.64,0,0,0,0,0,7 Mo.,2,0,54,Paper & Party Supplies,37,0,0.0,3122,"mechanic sticker,auto shop gift,garage decor,car repair tech,tradesman badge,tool lover decal,blue collar pride,grease monkey art,husband present,boyfriend surprise,coworker thanks,toolbox label,round emblem",mechanic sticker,auto shop gift,garage decor,car repair tech,tradesman badge,tool lover decal,blue collar pride,grease monkey art,husband present,boyfriend surprise,coworker thanks,toolbox label,round emblem
"Sticker for Aviation Fans, CH-47 Chinook Helicopter Decal, Tandem-Rotor Airlift Art, Rotorcraft Gift for Pilots, Crew Chiefs, Mechanics",https://www.etsy.com/listing/4429615566/sticker-for-aviation-fans-ch-47-chinook,ModularRecreations,https://www.etsy.com/shop/ModularRecreations,4.67,0,0,0,0,0,6 Mo.,3,0,41,Paper & Party Supplies,37,0,0.0,3122,"ch47 chinook,helicopter sticker,aviation gift,army decal,rotorcraft art,flight crew,airlift fan,pilot vibes,mechanic pride,military aircraft,veteran merch,tactical humor,cargo heli",ch47 chinook,helicopter sticker,aviation gift,army decal,rotorcraft art,flight crew,airlift fan,pilot vibes,mechanic pride,military aircraft,veteran merch,tactical humor,cargo heli
"Funny Jet Fuel Sticker for POL, Aircraft Maintainers, Airplane Mechanic Humor Decal, Flightline Fuels Specialist Joke Gift for Men",https://www.etsy.com/listing/4377979270/funny-jet-fuel-sticker-for-pol-aircraft,ModularRecreations,https://www.etsy.com/shop/ModularRecreations,4.68,0,0,0,0,0,9 Mo.,11,0,97,Paper & Party Supplies,37,0,0.0,3122,"aircraft maintainer,airplane mechanic,funny aviation,jet fuel joke humor,flightline sticker,fuels specialist,aviation toolbox,military decal,maintenance,flightline morale,jet engine lover,aviation crew,aircraft pol",aircraft maintainer,airplane mechanic,funny aviation,jet fuel joke humor,flightline sticker,fuels specialist,aviation toolbox,military decal,maintenance,flightline morale,jet engine lover,aviation crew,aircraft pol
Certified &quot;Chit&quot; Box License Plate Technician Vinyl Decal – Funny Mechanic Sticker | Car Window/Toolbox | Garage Humor Gift for Him,https://www.etsy.com/listing/1752292039/certified-chit-box-license-plate,Bonnieblueent,https://www.etsy.com/shop/Bonnieblueent,5.00,0,0,0,0,0,16 Mo.,1,0,36,Electronics & Accessories,18,0,0.0,177,"zip tie certified,funny mechanic decal,garage humor sticker,car toolbox sticker,mechanic gift idea,vinyl decals for car,funny tumbler decal,diy tech sticker,auto shop humor,technician sticker,car window decal,vinyl decal for men,fix it with zip ties",zip tie certified,funny mechanic decal,garage humor sticker,car toolbox sticker,mechanic gift idea,vinyl decals for car,funny tumbler decal,diy tech sticker,auto shop humor,technician sticker,car window decal,vinyl decal for men,fix it with zip ties
Mechanic Hourly Rate Sticker | Mechanic Sticker | Sticker For Mechanics | Glossy Sticker,https://www.etsy.com/listing/1741020060/mechanic-hourly-rate-sticker-mechanic,LazyPandaCreations,https://www.etsy.com/shop/LazyPandaCreations,3.00,0,0,0,0,0,9 Mo.,1,0,16,Paper & Party Supplies,66,0,0.0,284,"mechanic,mechanic sticker,glossy sticker,gift for mechanic,gift for him,mechanic rates,wrenches",mechanic,mechanic sticker,glossy sticker,gift for mechanic,gift for him,mechanic rates,wrenches,--,--,--,--,--,--
My Wife Says I Only Have Two Faults Sticker - BOGO - 2 For The Price of 1!,https://www.etsy.com/listing/1504788694/my-wife-says-i-only-have-two-faults,SaintMarlo,https://www.etsy.com/shop/SaintMarlo,3.99,0,0,0,0,0,24 Mo.,4,0,31,Electronics & Accessories,31,0,0.0,3545,"funny sticker,hydroflask sticker,computer sticker,yeti sticker,laptop sticker,laptop decal,my wife says,husband sticker,gift for husband,dad sticker,mechanic sticker,tool box sticker,helmet sticker",funny sticker,hydroflask sticker,computer sticker,yeti sticker,laptop sticker,laptop decal,my wife says,husband sticker,gift for husband,dad sticker,mechanic sticker,tool box sticker,helmet sticker
I Am A Mechanic But I Can&#39;t Fix Stupid Sticker | Mechanic Sticker | Sticker For Mechanics | Funny Mechanic Sticker | Glossy Sticker,https://www.etsy.com/listing/1755215473/i-am-a-mechanic-but-i-cant-fix-stupid,LazyPandaCreations,https://www.etsy.com/shop/LazyPandaCreations,3.00,0,0,0,0,0,9 Mo.,2,0,15,Paper & Party Supplies,66,0,0.0,284,"mechanic,mechanic sticker,glossy sticker,gift for mechanic,gift for him,can't fix stupid",mechanic,mechanic sticker,glossy sticker,gift for mechanic,gift for him,can't fix stupid,--,--,--,--,--,--,--
"Cute Pocket Kitty Sticker, Geek Cat for Gamers and Nerds, Steampunk Mechanical Kitty, Perfect Gift for Cat Lovers and Fans",https://www.etsy.com/listing/1873008775/cute-pocket-kitty-sticker-geek-cat-for,Enodata,https://www.etsy.com/shop/Enodata,3.77,0,0,0,0,0,4 Mo.,0,0,13,Paper & Party Supplies,5,0,0.0,0,"pocket kitty sticker,geek cat sticker,cat lover gift,gamer sticker,steampunk sticker,mechanical kitty,vinyl cat sticker,nerdy cat sticker,cute cat sticker,steampunk decor,sticker for gamers,glossy vinyl sticker",pocket kitty sticker,geek cat sticker,cat lover gift,gamer sticker,steampunk sticker,mechanical kitty,vinyl cat sticker,nerdy cat sticker,cute cat sticker,steampunk decor,sticker for gamers,glossy vinyl sticker,--
Adult Supervision Not Required Bumper Stickers,https://www.etsy.com/listing/1366867324/adult-supervision-not-required-bumper,MECHANICLIFE,https://www.etsy.com/shop/MECHANICLIFE,6.74,0,0,0,0,0,32 Mo.,4,0,49,Paper & Party Supplies,32,0,0.0,11,"sticker,bumper sticker,vinyl,indoor,outdoor,custom,printed,mechanic,gift for him,gift for her",sticker,bumper sticker,vinyl,indoor,outdoor,custom,printed,mechanic,gift for him,gift for her,--,--,--
"I Void Warranties Transparent Outdoor Stickers, Die-Cut, 1pcs",https://www.etsy.com/listing/1363892088/i-void-warranties-transparent-outdoor,MECHANICLIFE,https://www.etsy.com/shop/MECHANICLIFE,5.40,0,0,0,0,0,32 Mo.,0,0,16,Home & Living,32,0,0.0,11,"sticker,bumper sticker,vinyl,indoor,outdoor,custom,printed,mechanic,gift for him,gift for her",sticker,bumper sticker,vinyl,indoor,outdoor,custom,printed,mechanic,gift for him,gift for her,--,--,--
Trendy &quot;Stay fearless drift&quot; race car drag racing svg/bumper sticker/unique gift/racing printable sublimation png/race day sweatshirt hoodie,https://www.etsy.com/listing/1546255451/trendy-stay-fearless-drift-race-car-drag,VenzAvenue,https://www.etsy.com/shop/VenzAvenue,1.90,0,0,0,0,0,33 Mo.,4,0,16,Craft Supplies & Tools,76,0,0.0,7,"drag racing svg png,car drifting png svg,gift for car lovers,race car printable,race day sweatshirt,mechanic unique gift,car sticker images,race car sublimation,dragrace vinyl decal,car window decal svg,trendy drag racing,trendy race car png,car show drift png",drag racing svg png,car drifting png svg,gift for car lovers,race car printable,race day sweatshirt,mechanic unique gift,car sticker images,race car sublimation,dragrace vinyl decal,car window decal svg,trendy drag racing,trendy race car png,car show drift png
Junkyard Collectable Vinyl Sticker: Funny Car Guy Gift,https://www.etsy.com/listing/1443125489/junkyard-collectable-vinyl-sticker-funny,TheOldLadyZ,https://www.etsy.com/shop/TheOldLadyZ,5.25,0,0,0,4,1,38 Mo.,17,0,87,Paper & Party Supplies,51,0,4.6,1393,"funny sticker,stocking stuffer,water bottle decal,car guy sticker,funny car sticker,car guy gift,gift for car guy,mechanic sticker,junkyard collectable,junkyard car,funny car guy,funny decal for cars,old car sticker",funny sticker,stocking stuffer,water bottle decal,car guy sticker,funny car sticker,car guy gift,gift for car guy,mechanic sticker,junkyard collectable,junkyard car,funny car guy,funny decal for cars,old car sticker
Caution Will Talk About Cars For Hours Kiss-Cut Stickers,https://www.etsy.com/listing/1240309645/caution-will-talk-about-cars-for-hours,TronicTees,https://www.etsy.com/shop/TronicTees,8.25,0,0,0,0,0,48 Mo.,2,0,22,Paper & Party Supplies,104,0,0.0,1702,"racing team,diesel punk,laptop stickers,sticker board,car tumbler sticker,mechanic sticker,auto repair gift,grease monkey,truck mechanics,funny caution tape,christmas gift,birthday present,gifts for her",racing team,diesel punk,laptop stickers,sticker board,car tumbler sticker,mechanic sticker,auto repair gift,grease monkey,truck mechanics,funny caution tape,christmas gift,birthday present,gifts for her
This Vehicle is built with Recycled parts Bumper Sticker Vinyl Decal,https://www.etsy.com/listing/4339173388/this-vehicle-is-built-with-recycled,BighornGraphics,https://www.etsy.com/shop/BighornGraphics,6.50,0,0,0,0,1,10 Mo.,1,0,27,Paper & Party Supplies,10,0,0.0,15,"recycled,round,sticker,bumper sticker,gift for him,truck lover,gearhead,humor,truck,mechanic,tool box,vinyl decal,stocking stuffer",recycled,round,sticker,bumper sticker,gift for him,truck lover,gearhead,humor,truck,mechanic,tool box,vinyl decal,stocking stuffer
"Wrench is Essential for Mechanic, Handyman, Worker Decal/Sticker. Customizable for hard hat, helmet, toolbox, construction hat, or parties!",https://www.etsy.com/listing/817730549/wrench-is-essential-for-mechanic,CraftylooShop,https://www.etsy.com/shop/CraftylooShop,2.50,0,0,0,14,3,72 Mo.,26,0,505,Paper & Party Supplies,76,0,2.77,5904,"wrench decal,mechanic sticker,covid decal,fathers day decal,essential worker,mechanic decal,handyman dad decal,truck car sticker,gift for dad,hard hat decal,construction hat,helmet sticker,father's day gift",wrench decal,mechanic sticker,covid decal,fathers day decal,essential worker,mechanic decal,handyman dad decal,truck car sticker,gift for dad,hard hat decal,construction hat,helmet sticker,father's day gift
"Certified Shitbox, funny trades toolbox decal gift for him blue collar mechanics hardhat vinyl garage humor sarcastic badge joke sticker",https://www.etsy.com/listing/4438651283/certified-shitbox-funny-trades-toolbox,SweetNSaltyDesignss,https://www.etsy.com/shop/SweetNSaltyDesignss,2.99,0,0,0,0,0,4 Mo.,2,0,4,Paper & Party Supplies,32,0,0.0,147,"tumbler,laptop,toolbox,hardhat,waterproof,truck,shop,sticker,water bottle,unique,car,trades,jobsite",tumbler,laptop,toolbox,hardhat,waterproof,truck,shop,sticker,water bottle,unique,car,trades,jobsite
"Zip tie certified funny mechanic builder sticker,  holographic stars sticker for laptop,computer, house, office - give as gift/ present.",https://www.etsy.com/listing/4388576966/zip-tie-certified-funny-mechanic-builder,StudioShopUK,https://www.etsy.com/shop/StudioShopUK,3.32,0,0,0,0,0,7 Mo.,2,0,22,Paper & Party Supplies,24,0,0.0,1347,"iconic,sticker,cute,stickers,decoration,holographic,iridescent,gift,present,mechanic,builder,cable tie,zip tie",iconic,sticker,cute,stickers,decoration,holographic,iridescent,gift,present,mechanic,builder,cable tie,zip tie
"YWNBM Robot Fist Car Decal, Lightning Power Vinyl Sticker for Car Window, Cool Mechanical Hand Auto Decal, Car Accessories Gift",https://www.etsy.com/listing/4493254166/ywnbm-robot-fist-car-decal-lightning,BriannaTrendprints,https://www.etsy.com/shop/BriannaTrendprints,17.88,0,0,0,0,0,1 Mo.,4,0,36,Paper & Party Supplies,5,0,0.0,120,"dungeon crawler carl,dcc sticker,bookish gift,bookworm gift,sci fi book merch,sci fi reader gift,nerdy car decal,dcc car decal,crawler carl decal,dcc car,you will not break,princess donut,will not break me",dungeon crawler carl,dcc sticker,bookish gift,bookworm gift,sci fi book merch,sci fi reader gift,nerdy car decal,dcc car decal,crawler carl decal,dcc car,you will not break,princess donut,will not break me
"Typewriter Sticker, Retro Drawing Vinyl Decal, Classic Vintage Mechanical Stenographer Sticker, Gift for Writers, Poets and Bibliophiles",https://www.etsy.com/listing/1717836567/typewriter-sticker-retro-drawing-vinyl,ArtsByNomads,https://www.etsy.com/shop/ArtsByNomads,8.95,0,0,0,3,1,25 Mo.,19,0,65,Paper & Party Supplies,33,0,4.62,420,"retro typewriter,typewriter sticker,antique typewriter,aesthetic sticker,laptop decal,water bottle sticker,present for poets,bibliophile gift,accessory for writer,classic stenographer,taylor swift torture,ttpd merch,swiftie present",retro typewriter,typewriter sticker,antique typewriter,aesthetic sticker,laptop decal,water bottle sticker,present for poets,bibliophile gift,accessory for writer,classic stenographer,taylor swift torture,ttpd merch,swiftie present
"Blue Collar Dollar Decal, Work Pride Vinyl Sticker",https://www.etsy.com/listing/4476948548/blue-collar-dollar-decal-work-pride,hlvinylcreation,https://www.etsy.com/shop/hlvinylcreation,11.00,0,0,0,0,0,2 Mo.,0,0,22,Paper & Party Supplies,59,0,0.0,3949,"vinyl decal stickers,custom car decal,holographic decal,car decal,blue collar,bumper sticker,window decal,mechanic,lineman,union,truck,blue collar gift,gift for him",vinyl decal stickers,custom car decal,holographic decal,car decal,blue collar,bumper sticker,window decal,mechanic,lineman,union,truck,blue collar gift,gift for him
"Sticker for Aircraft Mechanics Plane Doctor Aviation Maintenance Tech Gift, Funny Jet Airplane A&P Toolbox Laptop Decal",https://www.etsy.com/listing/4420777472/sticker-for-aircraft-mechanics-plane,ModularRecreations,https://www.etsy.com/shop/ModularRecreations,4.64,0,0,0,6,1,5 Mo.,25,0,263,Paper & Party Supplies,36,25,2.28,2959,"plane doctor decal,aircraft mechanic,aviation maintenance,jet repair tech,hangar toolbox art,flightline sticker,ramp rat humor,ap license pride,runway crew life,avionics engineer,airport worker gift,pilot toolkit flair,aviator partner",plane doctor decal,aircraft mechanic,aviation maintenance,jet repair tech,hangar toolbox art,flightline sticker,ramp rat humor,ap license pride,runway crew life,avionics engineer,airport worker gift,pilot toolkit flair,aviator partner
"Certified Problem Solver Die Cut Sticker | Wrench Badge, Mechanic Decal",https://www.etsy.com/listing/4421286923/certified-problem-solver-die-cut-sticker,BackyardCreators,https://www.etsy.com/shop/BackyardCreators,5.17,0,0,0,0,0,5 Mo.,4,0,24,Paper & Party Supplies,40,0,0.0,48,"problem solver,certified sticker,tech repair,mechanic gift,funny laptop,workshop decor,engineer gift,die cut sticker,office humor,gadget lover,toolbox sticker,gift for him,boss present",problem solver,certified sticker,tech repair,mechanic gift,funny laptop,workshop decor,engineer gift,die cut sticker,office humor,gadget lover,toolbox sticker,gift for him,boss present
"Goes Fast Breaks Down Faster Sticker - wrench monkey energy | Birthday Present for Car Guys, Made in USA, Car Culture, Weatherproof Vinyl",https://www.etsy.com/listing/4346868546/goes-fast-breaks-down-faster-sticker-old,CheckOutMyEngine,https://www.etsy.com/shop/CheckOutMyEngine,9.99,0,0,0,0,0,9 Mo.,0,0,4,Paper & Party Supplies,84,0,0.0,8495,"funny tool sticker,vinyl car sticker,automotive humor,shop life decal,gift for him,diy car builder gift,wrench monkey gift,funny car sticker,mechanic humor decal,toolbox sticker,car guy gift,car dad gift,garage humor decal",funny tool sticker,vinyl car sticker,automotive humor,shop life decal,gift for him,diy car builder gift,wrench monkey gift,funny car sticker,mechanic humor decal,toolbox sticker,car guy gift,car dad gift,garage humor decal
"Just Aura Farming Sticker - gearhead culture | Birthday Present for Car Guys, Car Culture, Weatherproof Vinyl, UV-Resistant, Made in USA",https://www.etsy.com/listing/4432242763/just-aura-farming-whimsical-sticker,CheckOutMyEngine,https://www.etsy.com/shop/CheckOutMyEngine,9.99,0,0,0,0,0,5 Mo.,1,0,2,Paper & Party Supplies,84,0,0.0,8495,"car enthusiast gift,car lover gift,car guy decal,garage rat gift,project car sticker,gift for him,car culture gift,vinyl car sticker,mechanic gift,car humor decal,toolbox decal,funny car sticker,bumper sticker",car enthusiast gift,car lover gift,car guy decal,garage rat gift,project car sticker,gift for him,car culture gift,vinyl car sticker,mechanic gift,car humor decal,toolbox decal,funny car sticker,bumper sticker
"Our Weekend Ride Sticker - car enthusiast energy | Perfect Gift for Him or Dad, Car Culture, Outdoor Rated, UV-Resistant, Vinyl Decal",https://www.etsy.com/listing/4431633950/our-weekend-ride-sticker-capture-the-joy,CheckOutMyEngine,https://www.etsy.com/shop/CheckOutMyEngine,9.99,0,0,0,0,0,5 Mo.,0,0,2,Paper & Party Supplies,84,0,0.0,8495,"car humor decal,car humor sticker,mechanic gift,automotive humor,car dad gift,car enthusiast gift,funny bumper sticker,funny car sticker,toolbox decal,garage rat gift,vinyl car sticker,project car sticker,gift for him",car humor decal,car humor sticker,mechanic gift,automotive humor,car dad gift,car enthusiast gift,funny bumper sticker,funny car sticker,toolbox decal,garage rat gift,vinyl car sticker,project car sticker,gift for him
Excavator wall decal Bulldozer decor Boy room sticker Construction art Mechanism print Heavy machinery Childrens room art Print for playroom,https://www.etsy.com/listing/1029167584/excavator-wall-decal-bulldozer-decor-boy,ArtStoreDecal,https://www.etsy.com/shop/ArtStoreDecal,23.13,0,0,0,10,2,59 Mo.,49,0,8233,Home & Living,77,45,0.12,873,"excavator wall decal,bulldozer décor,boy room sticker,construction art,mechanism print,heavy machinery,childrens room art,print for playroom,transport wall vinyl,excavator wall art,gift for boy,kids print art,tractor vinyl",excavator wall decal,bulldozer décor,boy room sticker,construction art,mechanism print,heavy machinery,childrens room art,print for playroom,transport wall vinyl,excavator wall art,gift for boy,kids print art,tractor vinyl
Bulldozer decal Boy room sticker Construction art Mechanism décor Heavy machinery Children&#39;s room art Print for playroom Transport vinyl,https://www.etsy.com/listing/1029165836/bulldozer-decal-boy-room-sticker,ArtStoreDecal,https://www.etsy.com/shop/ArtStoreDecal,26.00,0,0,0,5,1,59 Mo.,9,0,160,Home & Living,77,0,3.13,873,"bulldozer decal,boy room sticker,construction art,mechanism décor,heavy machinery,children's room art,print for playroom,transport vinyl,garage wall art,gift for boy,kids wall art,tractor decal,yellow kids decor",bulldozer decal,boy room sticker,construction art,mechanism décor,heavy machinery,children's room art,print for playroom,transport vinyl,garage wall art,gift for boy,kids wall art,tractor decal,yellow kids decor
Breathe - Celeste Feather Line Art Sticker - Video Game Minimalist Decor - Modern Feather Decal,https://www.etsy.com/listing/1665499901/breathe-celeste-feather-line-art-sticker,WhatsMyLineArt,https://www.etsy.com/shop/WhatsMyLineArt,3.99,0,0,0,0,0,28 Mo.,3,0,32,Paper & Party Supplies,28,0,0.0,19,"gifts for gamers,gifts for geeks,feather art,minimalist decor,celeste art,feather sticker,video game art,gamer art,celeste video game,feather mechanic,celeste sticker,whatsmylineart,modern line art",gifts for gamers,gifts for geeks,feather art,minimalist decor,celeste art,feather sticker,video game art,gamer art,celeste video game,feather mechanic,celeste sticker,whatsmylineart,modern line art
Personalized Waiting On Parts Sticker|Truck Car Mechanic Gift|Skeleton Funny Laptop|Tool Box,https://www.etsy.com/listing/4418725778/personalized-waiting-on-parts,RusticDesignsBySusan,https://www.etsy.com/shop/RusticDesignsBySusan,3.00,0,0,0,3,1,5 Mo.,7,0,164,Paper & Party Supplies,48,0,1.83,8829,"tool box sticker,stocking stuffer,dad father sticker,blue collar sticker,husband gift,mechanic sticker,garage sticker,hard hat sticker,custom name sticker,christmas gift,birthday gift,gift for him,lunch cooler sticker",tool box sticker,stocking stuffer,dad father sticker,blue collar sticker,husband gift,mechanic sticker,garage sticker,hard hat sticker,custom name sticker,christmas gift,birthday gift,gift for him,lunch cooler sticker
Civil Engineer Sticker | Engineering Stickers | Civil Engineers | Engineering Gifts,https://www.etsy.com/listing/1601996883/civil-engineer-sticker-engineering,TheConfidentEngineer,https://www.etsy.com/shop/TheConfidentEngineer,3.25,0,0,0,28,7,30 Mo.,51,0,389,Paper & Party Supplies,45,0,7.2,1551,"sticker,laptop sticker,princess engineer,gifts for engineers,engineering sticker,women in stem,stem girl,mechanical engineer,cute sticker,waterproof sticker,stem sticker,mechanical eng,engineering",sticker,laptop sticker,princess engineer,gifts for engineers,engineering sticker,women in stem,stem girl,mechanical engineer,cute sticker,waterproof sticker,stem sticker,mechanical eng,engineering
Still Plays With Blocks Sticker: Car Enthusiast Mechanic Gift,https://www.etsy.com/listing/4297549436/still-plays-with-blocks-sticker-car,UpstateDigitalDecor,https://www.etsy.com/shop/UpstateDigitalDecor,4.50,0,0,0,10,2,13 Mo.,71,0,579,Paper & Party Supplies,14,0,1.73,734,"still plays blocks,engine block sticker,mechanic sticker,mechanic gift,automotive decal,gifts for him,gifts for her,laptop sticker,waterproof sticker,water bottle sticker,car builder sticker,funny mechanic,garage sticker",still plays blocks,engine block sticker,mechanic sticker,mechanic gift,automotive decal,gifts for him,gifts for her,laptop sticker,waterproof sticker,water bottle sticker,car builder sticker,funny mechanic,garage sticker
Garage Sign - Ford Genuine Parts - Oval 15&quot; - Easy to Hang | Décor Wall Auto Personal Mancave,https://www.etsy.com/listing/1565719768/garage-sign-ford-genuine-parts-oval-15,EchoesOfThePastSigns,https://www.etsy.com/shop/EchoesOfThePastSigns,35.79,0,0,0,0,0,31 Mo.,2,0,178,Home & Living,62,0,0.0,2638,"sticker,decal,personal mancave,gift for dad,gift for husband,gift car enthusiast,love american cars,gift for him,ford pride,old ford,usa pride,mechanic workshop,boys bedroom decor",sticker,decal,personal mancave,gift for dad,gift for husband,gift car enthusiast,love american cars,gift for him,ford pride,old ford,usa pride,mechanic workshop,boys bedroom decor
Garage Sign - Fiat Badge - Easy to Hang - Circle 15.5&quot; Personal Mancave,https://www.etsy.com/listing/1511834913/garage-sign-fiat-badge-easy-to-hang,EchoesOfThePastSigns,https://www.etsy.com/shop/EchoesOfThePastSigns,35.79,0,0,0,0,0,35 Mo.,5,0,1218,Home & Living,62,0,0.0,2638,"personal mancave,gift for dad,gift for husband,gift car enthusiast,love italian cars,italian pride,gift for him,ferrari fan,car sticker,outdoor decal,fiat 500,mechanic workshop,boys bedroom decor",personal mancave,gift for dad,gift for husband,gift car enthusiast,love italian cars,italian pride,gift for him,ferrari fan,car sticker,outdoor decal,fiat 500,mechanic workshop,boys bedroom decor
Mustache Radio Kiss-Cut Stickers | Funny Retro Radio Illustration,https://www.etsy.com/listing/4467652321/mustache-radio-kiss-cut-stickers-funny,LittleLadsCreations,https://www.etsy.com/shop/LittleLadsCreations,8.99,0,0,0,0,0,2 Mo.,0,0,10,Paper & Party Supplies,10,0,0.0,11,"mustache radio,funny radio sticker,blue collar gift,retro radio decal,humorous sticker,mechanic decal,vintage radio art,worker appreciation,novelty tool sticker,mustache decal,funny work sticker,radio lover decal,gift for trades",mustache radio,funny radio sticker,blue collar gift,retro radio decal,humorous sticker,mechanic decal,vintage radio art,worker appreciation,novelty tool sticker,mustache decal,funny work sticker,radio lover decal,gift for trades
"Meme Vinyl Sticker, Funny Hamster Laptop Sticker, Passive Aggressive Work Humor, Fixing Your Mess, Mechanic Humor Decal, Water Bottle Decor",https://www.etsy.com/listing/4466846347/meme-vinyl-sticker-funny-hamster-laptop,NotAtAllShop,https://www.etsy.com/shop/NotAtAllShop,3.19,0,0,0,0,0,2 Mo.,0,0,5,Paper & Party Supplies,3,0,0.0,0,"funny hamster,customer service,kiss cut vinyl,gift for mechanic,coworker present,toolbox decor,office humor,dad joke humor,funny laptop sticker,water bottle decal,cute animal sticker,car guy gift,gift ideas for men",funny hamster,customer service,kiss cut vinyl,gift for mechanic,coworker present,toolbox decor,office humor,dad joke humor,funny laptop sticker,water bottle decal,cute animal sticker,car guy gift,gift ideas for men
Coping Mechanism Vibes Sticker - Funny Mental Health Gift,https://www.etsy.com/listing/1887701480/coping-mechanism-vibes-sticker-funny,UnhingedAdhesive,https://www.etsy.com/shop/UnhingedAdhesive,4.99,0,0,0,1,1,13 Mo.,0,0,10,Electronics & Accessories,120,0,10.0,54,"vinyl decals,colorful stickers,cute wall art,positive vibes,funny quotes,office decor,home accessories,gift for friends,cute home decor,rainbow design,self-care gifts,coping mechanism,cheerful decor",vinyl decals,colorful stickers,cute wall art,positive vibes,funny quotes,office decor,home accessories,gift for friends,cute home decor,rainbow design,self-care gifts,coping mechanism,cheerful decor
6 Speed Gear - Stick Shift - Manual Car Gear Shift Diagram - Car/Truck/Laptop/Computer/Phone/Home Decor/Bumper Sticker - Vinyl Decal,https://www.etsy.com/listing/507608785/6-speed-gear-stick-shift-manual-car-gear,DecalPhanatics,https://www.etsy.com/shop/DecalPhanatics,1.99,0,0,0,327,59,112 Mo.,155,1,19542,Art & Collectibles,146,51,1.67,87597,"car decal,bumper sticker,computer decal,macbook decal,mechanic gift,gift for dad,fathers day gift,gear shift,shift diagram,stick shift,manual car,6 speed,yeti decal",car decal,bumper sticker,computer decal,macbook decal,mechanic gift,gift for dad,fathers day gift,gear shift,shift diagram,stick shift,manual car,6 speed,yeti decal
"Sticker for Aircraft Mechanics, Aviation Maintenance Tech Gift, Plane Engine Tools Decal for Toolbox, Hardhat, Laptop, Hangar Grease Monkey",https://www.etsy.com/listing/4414096521/sticker-for-aircraft-mechanics-aviation,ModularRecreations,https://www.etsy.com/shop/ModularRecreations,4.44,0,0,0,0,0,7 Mo.,2,0,29,Paper & Party Supplies,37,0,0.0,3122,"aircraft mechanic,aviation tech gift,plane engine decal,toolbox sticker,hangar laptop,ap license,runway crew gear,jet fuel humor,pilot dad present,aviator workspace,grease monkey art,blue collar pride,trade school grad",aircraft mechanic,aviation tech gift,plane engine decal,toolbox sticker,hangar laptop,ap license,runway crew gear,jet fuel humor,pilot dad present,aviator workspace,grease monkey art,blue collar pride,trade school grad
Built Not Bought Sticker Set of 3/5/10 Mechanic Vinyl Stickers Car Motorcycle Decal Garage Gift Water Bottle Laptop Aesthetic Cool Decor,https://www.etsy.com/listing/4514416051/built-not-bought-sticker-set-of-3510,StickerSnuggle369,https://www.etsy.com/shop/StickerSnuggle369,3.98,0,0,0,0,0,1 Mo.,0,0,0,Paper & Party Supplies,6,0,0.0,138,"built not bought,mechanic stickers,car sticker pack,motorcycle decal,garage stickers,cool vinyl decals,laptop stickers,waterbottle decal,aesthetic stickers,tool sticker set,biker sticker pack,gift for car guy,vinyl sticker pack",built not bought,mechanic stickers,car sticker pack,motorcycle decal,garage stickers,cool vinyl decals,laptop stickers,waterbottle decal,aesthetic stickers,tool sticker set,biker sticker pack,gift for car guy,vinyl sticker pack
"loose nut Behind Wheel sticker, sarcastic sticker,obnoxious stickers,funny bumper sticker,rude sticksr,mechanic sticker,cute sticker,",https://www.etsy.com/listing/1323397039/loose-nut-behind-wheel-sticker-sarcastic,JayEllenCreations,https://www.etsy.com/shop/JayEllenCreations,8.00,0,0,0,0,0,29 Mo.,0,0,13,Paper & Party Supplies,30,0,0.0,65,"mechanic sticker,truck sticker,rude  sticker,funny vinyl sticker,gift for dad,gift,window sticker,naughty sticker,car sticker,trendy sticksr,co worker gift,funny mechanic gift,cute sticker",mechanic sticker,truck sticker,rude  sticker,funny vinyl sticker,gift for dad,gift,window sticker,naughty sticker,car sticker,trendy sticksr,co worker gift,funny mechanic gift,cute sticker
"Car Magnet - &quot;FUCK YOUR TESLA&quot; - Anti Elon,  Anti Tesla car accessories",https://www.etsy.com/listing/1871712964/car-magnet-fuck-your-tesla-anti-elon,HoserWear,https://www.etsy.com/shop/HoserWear,10.19,0,0,0,0,0,12 Mo.,1,0,40,Home & Living,13,0,0.0,48,"tesla owner gift,quirky kitchen decor,funny office decor,magnet for fridge,magnetic car emblem,gift for mechanics,metal car magnet,fuck elon,fuck tesla,anti elon musk,fuck musk,fuck tesla sticker",tesla owner gift,quirky kitchen decor,funny office decor,magnet for fridge,magnetic car emblem,gift for mechanics,metal car magnet,fuck elon,fuck tesla,anti elon musk,fuck musk,fuck tesla sticker,--
"Motorcycle Mechanic Vinyl Decal: Powersports Tech, Car Window Sticker",https://www.etsy.com/listing/4308092618/motorcycle-mechanic-vinyl-decal,FlowerArtSVG,https://www.etsy.com/shop/FlowerArtSVG,4.01,0,0,0,0,0,10 Mo.,0,0,18,Paper & Party Supplies,18,0,0.0,582,"vinyl sticker,gift for,decal,vinyl decal,motorcycle mechanic,motorcycle tech,motorcycle repair,motorcycle,service technician,motorbike tech,motorbike doc,motorbike repair,two wheel mechanic",vinyl sticker,gift for,decal,vinyl decal,motorcycle mechanic,motorcycle tech,motorcycle repair,motorcycle,service technician,motorbike tech,motorbike doc,motorbike repair,two wheel mechanic
working man blues sticker decal,https://www.etsy.com/listing/1889975184/working-man-blues-sticker-decal,StricklandDesignTees,https://www.etsy.com/shop/StricklandDesignTees,3.75,0,0,0,0,0,5 Mo.,1,0,13,Paper & Party Supplies,28,0,0.0,935,"blue collar sticker,working man sticker,lineman sticker,mechanic sticker,gift for husband,toolbox sticker",blue collar sticker,working man sticker,lineman sticker,mechanic sticker,gift for husband,toolbox sticker,--,--,--,--,--,--,--
"Funny 10mm Socket Sticker: Tool Box, Laptop, Car Lover Gift",https://www.etsy.com/listing/4348787907/funny-10mm-socket-sticker-tool-box,StanceCompany,https://www.etsy.com/shop/StanceCompany,3.00,0,0,0,0,0,3 Mo.,2,0,14,Paper & Party Supplies,23,0,0.0,1342,"car sticker,car stickers,die cut stickers,water resistant,car lover gift,mens gift,gift for guys,car accessories,cricut stickers,vinyl sticker,mechanic gift,modified car sticker,10mm socket sticker",car sticker,car stickers,die cut stickers,water resistant,car lover gift,mens gift,gift for guys,car accessories,cricut stickers,vinyl sticker,mechanic gift,modified car sticker,10mm socket sticker
Lady Aviators Snowglobe Sticker,https://www.etsy.com/listing/1825605583/lady-aviators-snowglobe-sticker,LadyAviatorsInc,https://www.etsy.com/shop/LadyAviatorsInc,5.00,0,0,0,5,1,10 Mo.,6,0,171,Paper & Party Supplies,65,0,2.92,1488,"sticker,air traffic control,aviation mechanic,flight attendant,female pilot,future pilot,first solo,aviation gift,girls in aviation,aviation,gift for pilot,women in aviation,lady aviators",sticker,air traffic control,aviation mechanic,flight attendant,female pilot,future pilot,first solo,aviation gift,girls in aviation,aviation,gift for pilot,women in aviation,lady aviators
Hard hat sticker Impact drill funny stickers for hard hats,https://www.etsy.com/listing/1600527725/hard-hat-sticker-impact-drill-funny,HarloStickers,https://www.etsy.com/shop/HarloStickers,2.86,0,0,0,43,6,13 Mo.,71,0,656,Paper & Party Supplies,30,25,6.55,521,"hard hat stickers,stickers,blue collar,blue collar sticker,gift for dad,mechanic joke,blue collar joke,pipeline,hard hat,sticker,stocking stuffer,gift for him,construction gift",hard hat stickers,stickers,blue collar,blue collar sticker,gift for dad,mechanic joke,blue collar joke,pipeline,hard hat,sticker,stocking stuffer,gift for him,construction gift
3&quot; Die-Cut Vinyl Car Sticker | Gift for Him,https://www.etsy.com/listing/4377760495/3-die-cut-vinyl-car-sticker-gift-for-him,TTopVibes,https://www.etsy.com/shop/TTopVibes,3.14,0,0,0,0,0,8 Mo.,0,0,10,Paper & Party Supplies,8,0,0.0,179,"car culture,tool box decal,stocking stuffer,car enthusiast gift,bumper sticker,car sticker,dad gift,man cave decor,mechanic gift,vinyl sticker,gift for him,corvette,car accessories",car culture,tool box decal,stocking stuffer,car enthusiast gift,bumper sticker,car sticker,dad gift,man cave decor,mechanic gift,vinyl sticker,gift for him,corvette,car accessories
"Built During Nap Time Sticker - wrench monkey energy | Gift for Him, Dad or Boyfriend, Outdoor Rated, Weatherproof Vinyl, Car Culture",https://www.etsy.com/listing/4450409122/built-during-nap-time-sticker-fun-and,CheckOutMyEngine,https://www.etsy.com/shop/CheckOutMyEngine,7.99,0,0,0,0,0,4 Mo.,0,0,5,Paper & Party Supplies,84,0,0.0,8495,"toolbox decal,funny car sticker,vinyl car sticker,gift for him,garage humor decal,mechanic humor decal,toolbox sticker,funny car decal,automotive humor,wrench monkey gift,car enthusiast gift,garage life sticker,car humor decal",toolbox decal,funny car sticker,vinyl car sticker,gift for him,garage humor decal,mechanic humor decal,toolbox sticker,funny car decal,automotive humor,wrench monkey gift,car enthusiast gift,garage life sticker,car humor decal
"Road Warrior Sticker - car guy life | Affordable Gift for Him or Dad, Car Culture, Made in USA, UV-Resistant, Outdoor Rated, Vinyl Decal",https://www.etsy.com/listing/4326219596/road-warrior-sticker-wasteland-machine,CheckOutMyEngine,https://www.etsy.com/shop/CheckOutMyEngine,9.99,0,0,0,0,0,11 Mo.,2,0,23,Paper & Party Supplies,84,0,0.0,8495,"car humor sticker,car lover gift,automotive humor,car guy gift,funny bumper sticker,gift for him,car culture gift,funny car sticker,funny car decal,vinyl car sticker,project car sticker,garage rat gift,mechanic gift",car humor sticker,car lover gift,automotive humor,car guy gift,funny bumper sticker,gift for him,car culture gift,funny car sticker,funny car decal,vinyl car sticker,project car sticker,garage rat gift,mechanic gift
"Zip Tie Certified Sticker - garage life humor | Funny Gift for Him or Dad, Made in USA, Weatherproof Vinyl, Vinyl Decal, Car Culture",https://www.etsy.com/listing/4326217002/zip-tie-certified-sticker-funny-mechanic,CheckOutMyEngine,https://www.etsy.com/shop/CheckOutMyEngine,9.99,0,0,0,0,0,11 Mo.,2,0,11,Paper & Party Supplies,84,0,0.0,8495,"funny tool sticker,garage life sticker,gift for him,vinyl car sticker,automotive humor,toolbox sticker,car guy gift,garage humor decal,funny car sticker,mechanic humor decal,funny car decal,gearhead gift,toolbox decal",funny tool sticker,garage life sticker,gift for him,vinyl car sticker,automotive humor,toolbox sticker,car guy gift,garage humor decal,funny car sticker,mechanic humor decal,funny car decal,gearhead gift,toolbox decal
Built For Rocks Bumper Sticker Vinyl Decal,https://www.etsy.com/listing/4383387938/built-for-rocks-bumper-sticker-vinyl,BighornGraphics,https://www.etsy.com/shop/BighornGraphics,6.50,0,0,0,0,0,7 Mo.,1,0,18,Paper & Party Supplies,10,0,0.0,15,"gift for him,mechanic,builder,bumper sticker,vehicle,tool box sticker,4 wheeling,vinyl decal,stocking stuffer,rocks,monster truck,gearhead,tumbler sticker",gift for him,mechanic,builder,bumper sticker,vehicle,tool box sticker,4 wheeling,vinyl decal,stocking stuffer,rocks,monster truck,gearhead,tumbler sticker
Certified Automotive Technician Bumper Sticker Vinyl Decal,https://www.etsy.com/listing/4462622762/certified-automotive-technician-bumper,BighornGraphics,https://www.etsy.com/shop/BighornGraphics,6.50,0,0,0,0,0,3 Mo.,1,0,2,Paper & Party Supplies,10,0,0.0,15,"truck,sticker,pickup,gift for him,vinyl decal,funny,auto tech,gearhead,mechanic,certified,auto technician,humor",truck,sticker,pickup,gift for him,vinyl decal,funny,auto tech,gearhead,mechanic,certified,auto technician,humor,--
1930 Ford Hotrod Sticker | Vintage Yellow Hot Rod Car Kiss-Cut Sticker,https://www.etsy.com/listing/4474105630/1930-ford-hotrod-sticker-vintage-yellow,MonkeyWrenchPhotos,https://www.etsy.com/shop/MonkeyWrenchPhotos,3.75,0,0,0,0,0,2 Mo.,0,0,1,Paper & Party Supplies,38,0,0.0,27,"kiss cut,car sticker,hot rod,vintage car,classic auto,yellow coupe,car lover,retro vehicle,laptop decal,sunset drive,automotive art,gift for him,mechanic gift",kiss cut,car sticker,hot rod,vintage car,classic auto,yellow coupe,car lover,retro vehicle,laptop decal,sunset drive,automotive art,gift for him,mechanic gift
"Dust Code  Off-road Racing Sticker -- Trophy Truck Desert Line Art, 9 PNG Decals for Journals, Laptops and Toolboxes",https://www.etsy.com/listing/4295553601/dust-code-off-road-racing-sticker-trophy,VaslikyLara,https://www.etsy.com/shop/VaslikyLara,4.18,0,0,0,0,0,13 Mo.,5,0,83,Paper & Party Supplies,19,0,0.0,6,"off road truck art,vintage truck sticker,racing truck design,desert truck illustration,classic off road style,industrial drawing,mechanical line drawing,retro industrial art,workshop aesthetic,man cave wall art,garage decor printable,automotive art print,gift for car lover",off road truck art,vintage truck sticker,racing truck design,desert truck illustration,classic off road style,industrial drawing,mechanical line drawing,retro industrial art,workshop aesthetic,man cave wall art,garage decor printable,automotive art print,gift for car lover
Funny Engineer Sticker: The H in Engineering Stands for Happiness,https://www.etsy.com/listing/4352732892/funny-engineer-sticker-the-h-in,MinnieMadeDesigns,https://www.etsy.com/shop/MinnieMadeDesigns,3.00,0,0,0,20,4,9 Mo.,82,0,451,Paper & Party Supplies,13,25,4.43,669,"laptop sticker,funny gift,funny sticker,engineering sticker,engineer sticker,engineer gift,women in stem,mechanical engineer,gifts for engineers,engineering memes,engineering jokes,civil engineering,electrical engineer",laptop sticker,funny gift,funny sticker,engineering sticker,engineer sticker,engineer gift,women in stem,mechanical engineer,gifts for engineers,engineering memes,engineering jokes,civil engineering,electrical engineer
Funny Mr. Fix It Sticker or Magnet: Mechanic gift,https://www.etsy.com/listing/4431803607/funny-mr-fix-it-sticker-or-magnet,HarkGraphics,https://www.etsy.com/shop/HarkGraphics,3.99,0,0,0,0,0,6 Mo.,4,0,20,Home & Living,45,0,0.0,5812,"funny stickers,sarcastic magnets,birthday gift,sarcastic stickers,mr fix it,mechanic,husband gift,gift for him,toolman",funny stickers,sarcastic magnets,birthday gift,sarcastic stickers,mr fix it,mechanic,husband gift,gift for him,toolman,--,--,--,--
"I Am The Warranty Sticker, Funny Mechanic Wrench Vinyl Decal, Sarcastic Handyman Tool Box Decor, DIY Repair Humor Gift for Garage Cooler",https://www.etsy.com/listing/4430540630/i-am-the-warranty-sticker-funny-mechanic,YamasakisCreations,https://www.etsy.com/shop/YamasakisCreations,2.90,0,0,0,0,0,5 Mo.,21,0,73,Paper & Party Supplies,11,0,0.0,2070,"i am the warranty,mechanic sticker,funny tool decal,wrench art,handyman gift,garage decor,tool box sticker,sarcastic mechanic,diy repair life,vinyl decal,car enthusiast gift,maintenance humor,construction sticker",i am the warranty,mechanic sticker,funny tool decal,wrench art,handyman gift,garage decor,tool box sticker,sarcastic mechanic,diy repair life,vinyl decal,car enthusiast gift,maintenance humor,construction sticker
Certified Zip Tie Technician Car Decal - Vinyl Sticker,https://www.etsy.com/listing/1800496063/certified-zip-tie-technician-car-decal,Minimemakesit,https://www.etsy.com/shop/Minimemakesit,10.99,0,0,0,0,0,20 Mo.,11,0,61,Paper & Party Supplies,72,0,0.0,4006,"decal,gift,sale,for her,funny decal,tumbler decal,ziptie tech sticker,sticker for men,window decal,mechanic gift,trucker sticker,trucker decal,funny adult decal",decal,gift,sale,for her,funny decal,tumbler decal,ziptie tech sticker,sticker for men,window decal,mechanic gift,trucker sticker,trucker decal,funny adult decal
Aerobatic Biplane Sticker | Kiss-Cut Vinyl Plane Decal,https://www.etsy.com/listing/4416095574/vintage-biplane-sticker-kiss-cut-vinyl,SantorellyAviation,https://www.etsy.com/shop/SantorellyAviation,4.43,0,0,0,0,0,5 Mo.,0,0,96,Paper & Party Supplies,132,0,0.0,31,"vintage plane,biplane sticker,aviation decal,pilot gift,airplane art,flight enthusiast,retro aircraft,plane lovers,aviator decal,gift for pilots,mechanic gift,pitts biplane,aerobatic airplane",vintage plane,biplane sticker,aviation decal,pilot gift,airplane art,flight enthusiast,retro aircraft,plane lovers,aviator decal,gift for pilots,mechanic gift,pitts biplane,aerobatic airplane
5 Speed Gear - Roll Back Zone - Stick Shift - Manual Shift Diagram - Car/Truck/Laptop/Computer/Phone/Home Decor/Bumper Sticker - Vinyl Decal,https://www.etsy.com/listing/767519281/5-speed-gear-roll-back-zone-stick-shift,DecalPhanatics,https://www.etsy.com/shop/DecalPhanatics,2.99,0,0,0,138,25,76 Mo.,95,0,1872,Art & Collectibles,146,0,7.37,87553,"car decal,bumper sticker,computer decal,mechanic gift,gift for dad,fathers day gift,gear shift,shift diagram,stick shift,manual car,6 speed,roll back zone,5 speed",car decal,bumper sticker,computer decal,mechanic gift,gift for dad,fathers day gift,gear shift,shift diagram,stick shift,manual car,6 speed,roll back zone,5 speed
THE MECHANIC -  heat press vinyl decal Sticker on black beanie warm winter hat ideal gift for motorbike racer,https://www.etsy.com/listing/879330026/the-mechanic-heat-press-vinyl-decal,Crazydecalsshop,https://www.etsy.com/shop/Crazydecalsshop,18.77,0,0,0,17,3,67 Mo.,18,0,330,Accessories,68,0,5.15,2827,"motorcycle,christmas,birthday,valentines,fathers day,personalised beanie,custom beanie,gift for him,gift for grandad,gift for dad,bobble hat,novelty gift,motorcycle clothing",motorcycle,christmas,birthday,valentines,fathers day,personalised beanie,custom beanie,gift for him,gift for grandad,gift for dad,bobble hat,novelty gift,motorcycle clothing
"Will fix airplanes, for beer, aircraft mechanic sticker, aviation sticker, aircraft maintenance, gift for mechanic, water resistant sticker",https://www.etsy.com/listing/1169038507/will-fix-airplanes-for-beer-aircraft,Flygirlcraft,https://www.etsy.com/shop/Flygirlcraft,4.50,0,0,0,15,5,52 Mo.,25,0,234,Paper & Party Supplies,62,0,6.41,522,"cabin crew,gift for mechanic,travel stickers,aircraft mtx,fix planes,mechanic,aviation maintenance,aircraft mechanic,aviation sticker,aviation love,airplane sticker,crew life,travel life",cabin crew,gift for mechanic,travel stickers,aircraft mtx,fix planes,mechanic,aviation maintenance,aircraft mechanic,aviation sticker,aviation love,airplane sticker,crew life,travel life
Never Underestimate An Old Man Who Still Turns Wrenches In His Seventies Sticker Mechanic Garage Decal for Laptop Water Bottle Gift,https://www.etsy.com/listing/4477903783/never-underestimate-an-old-man-who-still,Stitchescenter,https://www.etsy.com/shop/Stitchescenter,3.99,0,0,0,0,0,2 Mo.,0,0,52,Electronics & Accessories,4,0,0.0,1160,"old man gift,mechanic,wrench life,garage decal,car repair,tool lover,handyman,workshop art,auto sticker,blue collar,repair shop,vintage vibe,funny mechanic",old man gift,mechanic,wrench life,garage decal,car repair,tool lover,handyman,workshop art,auto sticker,blue collar,repair shop,vintage vibe,funny mechanic
"Mechanic Hourly Rate Sticker, Funny Worker Mechanical Engineer Plumber Sarcastic Sticker For Water Bottle Car Gift Laptop Helmet",https://www.etsy.com/listing/4471261498/mechanic-hourly-rate-sticker-funny,husiiiLLC,https://www.etsy.com/shop/husiiiLLC,3.99,0,0,0,0,0,2 Mo.,1,0,10,Paper & Party Supplies,35,0,0.0,30684,"mechanic rate decal,mechanic meme decal,worker humor sticker,plumber joke decal,engineer humor art,blue collar humor,trade worker decal,mechanic gift idea,shop humor sticker,mechanic humor,funny mechanic,sarcastic work,mechanic quote",mechanic rate decal,mechanic meme decal,worker humor sticker,plumber joke decal,engineer humor art,blue collar humor,trade worker decal,mechanic gift idea,shop humor sticker,mechanic humor,funny mechanic,sarcastic work,mechanic quote
"10PCS Funny Mechanic Sticker Pack Tool Worker Humor Vinyl Decals for Laptop, Toolbox, Car, Water Bottle, Gift for Mechanics, Technicians",https://www.etsy.com/listing/4492132225/10pcs-funny-mechanic-sticker-pack-tool,Huyenbestgiftshop,https://www.etsy.com/shop/Huyenbestgiftshop,22.88,0,0,0,0,0,2 Mo.,5,0,156,Paper & Party Supplies,8,33,0.0,749,"mechanic stickers,fun mechanic decals,tool worker sticker,garage stickers,automotive decal,repair worker decal,blue collar stickers,technician sticker,car mechanic decals,workshopsticker set,trade worker  decals,mechanic life,tool themed stickers",mechanic stickers,fun mechanic decals,tool worker sticker,garage stickers,automotive decal,repair worker decal,blue collar stickers,technician sticker,car mechanic decals,workshopsticker set,trade worker  decals,mechanic life,tool themed stickers
"Chameleon Mechanic Sticker – Lizard on Wrench Vinyl Decal, Gift for Gearheads or Techs",https://www.etsy.com/listing/4328482189/chameleon-mechanic-sticker-lizard-on,SquishyFishStickerCo,https://www.etsy.com/shop/SquishyFishStickerCo,2.89,0,0,0,0,0,1 Mo.,0,0,3,Paper & Party Supplies,2,0,0.0,4,"lizards,wrenching,pets,laptopdecal,chameleonsticker,wrenchsticker,gearheadgift,funnyvinylsticker,carpun,mechanicgift,toolbox,animalsticker,animalpun",lizards,wrenching,pets,laptopdecal,chameleonsticker,wrenchsticker,gearheadgift,funnyvinylsticker,carpun,mechanicgift,toolbox,animalsticker,animalpun
my mechanic era tool box sticker -gift-decals-for dad,https://www.etsy.com/listing/1711454797/my-mechanic-era-tool-box-sticker-gift,AzkerArt,https://www.etsy.com/shop/AzkerArt,4.00,0,0,0,0,0,13 Mo.,3,0,10,Paper & Party Supplies,23,0,0.0,1902,"grease monkey,mechanich tools,mechanic gift,tool box,decals,stickers,funny decals,laptop sticker,stickers for dad,decals for dads car,tool box stickers,sticker for him,wedding gift",grease monkey,mechanich tools,mechanic gift,tool box,decals,stickers,funny decals,laptop sticker,stickers for dad,decals for dads car,tool box stickers,sticker for him,wedding gift
Trendy &quot;It&#39;s not a hobby it&#39;s a lifestyle&quot; car png/Drag racing png/racecar png/bumper sticker/window decal/sublimation/unique gift printable,https://www.etsy.com/listing/1546942983/trendy-its-not-a-hobby-its-a-lifestyle,VenzAvenue,https://www.etsy.com/shop/VenzAvenue,1.90,0,0,0,0,0,33 Mo.,0,0,14,Craft Supplies & Tools,76,0,0.0,7,"drag racing png,gift for car lovers,race car printable,race day sweatshirt,car show hoodie png,mechanic unique gift,car sticker images,race car sublimation,drag racing decal,car window decal png,trendy drag racing,trendy race car png,bumper sticker png",drag racing png,gift for car lovers,race car printable,race day sweatshirt,car show hoodie png,mechanic unique gift,car sticker images,race car sublimation,drag racing decal,car window decal png,trendy drag racing,trendy race car png,bumper sticker png
Lady Aviators Logo Sticker - Pink,https://www.etsy.com/listing/890283852/lady-aviators-logo-sticker-pink,LadyAviatorsInc,https://www.etsy.com/shop/LadyAviatorsInc,5.00,0,0,0,5,1,58 Mo.,23,0,305,Paper & Party Supplies,65,0,1.64,1488,"sticker,air traffic control,aviation mechanic,flight attendant,female pilot,future pilot,first solo,aviation gift,girls in aviation,gift for pilot,aviation,women in aviation,lady aviators",sticker,air traffic control,aviation mechanic,flight attendant,female pilot,future pilot,first solo,aviation gift,girls in aviation,gift for pilot,aviation,women in aviation,lady aviators
Funny Mechanic Sticker: I Can&#39;t Fix Stupid - Waterproof Vinyl Decal,https://www.etsy.com/listing/4298321886/funny-mechanic-sticker-i-cant-fix-stupid,UpstateDigitalDecor,https://www.etsy.com/shop/UpstateDigitalDecor,4.50,0,0,0,14,2,13 Mo.,33,0,253,Paper & Party Supplies,14,0,5.53,734,"mechanic sticker,funny mechanic gift,gifts for him,gifts for her,laptop sticker,water bottle sticker,tool box sticker,sarcastic mechanic,blue collar humor,waterproof sticker,office decor,funny job sticker,can't fix stupid",mechanic sticker,funny mechanic gift,gifts for him,gifts for her,laptop sticker,water bottle sticker,tool box sticker,sarcastic mechanic,blue collar humor,waterproof sticker,office decor,funny job sticker,can't fix stupid
"Ugga Dugga - Rattle Gun Sticker - Mechanic Sticker, Toolbox Sticker, Mechanic Decal, Tradesman Sticker, Mechanic Gift, Car Decal",https://www.etsy.com/listing/1397958941/ugga-dugga-rattle-gun-sticker-mechanic,VinylVisionariesAU,https://www.etsy.com/shop/VinylVisionariesAU,3.54,0,0,0,0,2,40 Mo.,23,0,283,Paper & Party Supplies,40,0,0.0,12,"mechanic sticker,toolbox sticker,mechanic decal,tradesman sticker,tradesman decal,car decal,vinyl,decal,car,car lover,mechanic,fathers day,gift for dad",mechanic sticker,toolbox sticker,mechanic decal,tradesman sticker,tradesman decal,car decal,vinyl,decal,car,car lover,mechanic,fathers day,gift for dad
"Subaru STI Engine Sticker, EJ20 EJ25 Boxer Engine Decal, JDM Car Sticker, wrx STI Gift, Waterproof Vinyl Laptop Sticker, Subie Gift for Him",https://www.etsy.com/listing/4496411556/subaru-sti-engine-sticker-ej20-ej25,EliteStickerPros,https://www.etsy.com/shop/EliteStickerPros,8.99,0,0,0,0,0,1 Mo.,1,0,6,Paper & Party Supplies,9,0,0.0,15,"mechanic gift,gearhead gift,car enthusiast,toolbox sticker,laptop sticker,vinyl decal,car guy gift,subaru sti sticker,ej25 engine sticker,ej20 boxer decal,wrx sti gift,subie gift for him,boxer engine decal",mechanic gift,gearhead gift,car enthusiast,toolbox sticker,laptop sticker,vinyl decal,car guy gift,subaru sti sticker,ej25 engine sticker,ej20 boxer decal,wrx sti gift,subie gift for him,boxer engine decal
Four Wheeling With A Chance Of Mud Bumper Sticker Vinyl Decal,https://www.etsy.com/listing/4386289601/four-wheeling-with-a-chance-of-mud,BighornGraphics,https://www.etsy.com/shop/BighornGraphics,6.50,0,0,0,0,0,7 Mo.,0,0,0,Paper & Party Supplies,10,0,0.0,15,"gift for him,mechanic,builder,bumper sticker,vehicle,tool box sticker,4 wheeling,vinyl decal,stocking stuffer,monster truck,gearhead,tumbler sticker,mud",gift for him,mechanic,builder,bumper sticker,vehicle,tool box sticker,4 wheeling,vinyl decal,stocking stuffer,monster truck,gearhead,tumbler sticker,mud
Warning Selective Hearing Joke Meme Prank Gag Gift Funny Sticker Decal Mechanic Garage Shop Tool Box White Elephant For Him For Her,https://www.etsy.com/listing/4421602396/warning-selective-hearing-joke-meme,StickerGeek,https://www.etsy.com/shop/StickerGeek,3.95,0,0,0,0,0,5 Mo.,1,0,0,Paper & Party Supplies,86,0,0.0,397,"vinyl sticker,waterproof sticker,funny sticker,warning sticker,osha,toolbox sticker,hard hat sticker,garage shop,tool box,construction sticker,mechanic sticker,prank sticker,gag gift",vinyl sticker,waterproof sticker,funny sticker,warning sticker,osha,toolbox sticker,hard hat sticker,garage shop,tool box,construction sticker,mechanic sticker,prank sticker,gag gift
I Can Fly A Heading Sticker: Blue & White Graphic Decal,https://www.etsy.com/listing/1771801161/i-can-fly-a-heading-sticker-blue-white,AirspeedJunkie,https://www.etsy.com/shop/AirspeedJunkie,2.99,0,0,0,0,0,21 Mo.,2,0,41,Electronics & Accessories,102,0,0.0,2214,"airplane stickers,aviation stickers,aviation decals,pilot stickers,pilot decals,flying gifts,gifts for pilots,flying stickers,flight bag sticker,tool box sticker,mechanics sticker,aviation enthusiasts,airplane gifts",airplane stickers,aviation stickers,aviation decals,pilot stickers,pilot decals,flying gifts,gifts for pilots,flying stickers,flight bag sticker,tool box sticker,mechanics sticker,aviation enthusiasts,airplane gifts
5 x Joke Workshop/Garage Danger Stickers - 10 x 7.5 cm,https://www.etsy.com/listing/4452922504/5-x-joke-workshopgarage-danger-stickers,BestStickers,https://www.etsy.com/shop/BestStickers,3.99,0,0,0,7,1,3 Mo.,3,0,26,Home & Living,159,0,26.92,48334,"machine warning,machine sticker,funny workshop joke,funny workshop,garage sticker,mechanic gift,garage joke,gift for husband,tools sticker,joke fun gift,workshop sticker,machine label,danger sticker",machine warning,machine sticker,funny workshop joke,funny workshop,garage sticker,mechanic gift,garage joke,gift for husband,tools sticker,joke fun gift,workshop sticker,machine label,danger sticker
I can fix stupid but it&#39;s gonna hurt Stickers or Magnets: Gift for mechanic,https://www.etsy.com/listing/4505690703/i-can-fix-stupid-but-its-gonna-hurt,HarkGraphics,https://www.etsy.com/shop/HarkGraphics,3.99,0,0,0,0,0,1 Mo.,0,0,1,Home & Living,45,0,0.0,5812,"sarcastic stickers,saracastic magnets,funny gifts,funny stickers,funny magnets,gift for friend,birthday gift,gear head,mechanic,mechanic gift,car guy,parts guy,father's day",sarcastic stickers,saracastic magnets,funny gifts,funny stickers,funny magnets,gift for friend,birthday gift,gear head,mechanic,mechanic gift,car guy,parts guy,father's day
"Sticker for Tank Lovers, M1A1 Abrams Patch Style Decal, Desert Sunset Mechanized Armor Art, Armored Crew Humor Gift for US Military Veterans",https://www.etsy.com/listing/4430109061/sticker-for-tank-lovers-m1a1-abrams,ModularRecreations,https://www.etsy.com/shop/ModularRecreations,4.67,0,0,0,0,0,6 Mo.,1,0,35,Paper & Party Supplies,37,0,0.0,3122,"m1a1 abrams,tank sticker,armored crew,military army marine,veteran gift,main battle,desert sunset,mechanized art,collector decal,armor branch,soldier humor,vehicle vinyl,cavalry",m1a1 abrams,tank sticker,armored crew,military army marine,veteran gift,main battle,desert sunset,mechanized art,collector decal,armor branch,soldier humor,vehicle vinyl,cavalry
3000GT key holder | key wall organizer | Entryway Organizer | Keychain holder | keyrack | Gift for him | Gift for Car Lover,https://www.etsy.com/listing/1657505862/3000gt-key-holder-key-wall-organizer,PNW3DDesignz,https://www.etsy.com/shop/PNW3DDesignz,35.00,0,0,0,9,2,27 Mo.,23,0,243,Home & Living,31,0,3.7,1170,"dsm,mitsubishi stickers,mitsubishi,3000gt,mitsubishi 3000gt,car key organizer,father gifts,mechanic car guy,gifts for friends,dsm sticker,key fob holder,gift for him,key organizer",dsm,mitsubishi stickers,mitsubishi,3000gt,mitsubishi 3000gt,car key organizer,father gifts,mechanic car guy,gifts for friends,dsm sticker,key fob holder,gift for him,key organizer
"Official Notice Overtake In Progress Car Magnet | Funny Slow Car Sticker, Broke Student Driver Meme, Gift for Him/Her, Anti Tailgating Sign",https://www.etsy.com/listing/4459772221/official-notice-overtake-in-progress-car,TheOddityLab,https://www.etsy.com/shop/TheOddityLab,12.99,0,0,0,0,0,3 Mo.,3,0,21,Electronics & Accessories,5,0,0.0,16,"funny car magnet,slow car club,student driver meme,jdm shitbox decal,broke driver gift,anti tailgating,new driver sign,miata accessories,jeep bumper sticker,road rage blocker,funny mechanic gift,bureaucratic humor,gifts for him",funny car magnet,slow car club,student driver meme,jdm shitbox decal,broke driver gift,anti tailgating,new driver sign,miata accessories,jeep bumper sticker,road rage blocker,funny mechanic gift,bureaucratic humor,gifts for him
STICKER Engineering Terms | Cute Water Bottle Laptop Kindle Sticker | Bullet Journal | Notebook Planner | Funny Engineer Sticker | Science,https://www.etsy.com/listing/4307363452/sticker-engineering-terms-cute-water,thePUNShopTeesNGifts,https://www.etsy.com/shop/thePUNShopTeesNGifts,4.00,0,0,0,17,7,12 Mo.,74,1,500,Paper & Party Supplies,28,0,3.4,289,"gift for friend,cute laptop sticker,tumbler cup mug,water bottle sticker,phone stickers,kindle stickers,die cut sticker,window sticker,science engineer pun,engineering student,jokes humor funny,mechanical engineers,vinyl weatherproof",gift for friend,cute laptop sticker,tumbler cup mug,water bottle sticker,phone stickers,kindle stickers,die cut sticker,window sticker,science engineer pun,engineering student,jokes humor funny,mechanical engineers,vinyl weatherproof
"Kortland Motor Werks Engine Vinyl Sticker, Automotive Decal",https://www.etsy.com/listing/1865401467/engine-vinyl-sticker-car-decal-mechanics,KortlandArtDesign,https://www.etsy.com/shop/KortlandArtDesign,4.99,0,0,0,0,0,16 Mo.,0,0,8,Paper & Party Supplies,16,0,0.0,3,"vinyl decals,car sticker,mechanic gift,automotive decor,gift for car lover,car enthusiast gift,garage decor,diy projects,toolbox sticker,man cave decor,unique design,custom decals,vehicle decoration",vinyl decals,car sticker,mechanic gift,automotive decor,gift for car lover,car enthusiast gift,garage decor,diy projects,toolbox sticker,man cave decor,unique design,custom decals,vehicle decoration
"Fixed Until Tomorrow Sticker, Mechanic Gift for Men, Car Guy Birthday Present, Water Bottle Sticker, Workbench Decor, Heavy Duty Industrial",https://www.etsy.com/listing/4503209136/fixed-until-tomorrow-sticker-mechanic,CheckOutMyEngine,https://www.etsy.com/shop/CheckOutMyEngine,7.99,0,0,0,0,0,1 Mo.,0,0,0,Paper & Party Supplies,84,0,0.0,8495,"car sticker,vinyl decal,auto accessory,jdm style,mechanic gift,toolbox decor,custom sticker",car sticker,vinyl decal,auto accessory,jdm style,mechanic gift,toolbox decor,custom sticker,--,--,--,--,--,--
"Half-Sanded Half-Assed Gearhead Sticker - wrench monkey energy | Birthday Gift for Car Guys, Car Culture, Made in USA, UV-Resistant",https://www.etsy.com/listing/4324530306/half-sanded-half-assed-gearhead-sticker,CheckOutMyEngine,https://www.etsy.com/shop/CheckOutMyEngine,9.99,0,0,0,0,0,11 Mo.,2,0,7,Electronics & Accessories,84,0,0.0,8495,"car guy gift,car humor decal,garage life sticker,gift for him,toolbox decal,funny car sticker,car enthusiast gift,mechanic humor decal,shop life decal,bumper sticker,mechanic gift,funny tool sticker,garage humor decal",car guy gift,car humor decal,garage life sticker,gift for him,toolbox decal,funny car sticker,car enthusiast gift,mechanic humor decal,shop life decal,bumper sticker,mechanic gift,funny tool sticker,garage humor decal
Funny Raccoon Dad Sticker – Hold Flashlight Steady Mechanic Humor Decal,https://www.etsy.com/listing/4488883705/funny-raccoon-dad-sticker-hold,Letzgitlit,https://www.etsy.com/shop/Letzgitlit,5.79,0,0,0,0,0,1 Mo.,0,0,3,Paper & Party Supplies,7,0,0.0,8,"trendy sticker 2026,funny laptop decal,humorous decal,duck lover gift,edgy humor,gen z humor,water bottle decal,coworker gift,quirky sticker,gift for dad,garage humor,mechanic sticker,blue collar humor",trendy sticker 2026,funny laptop decal,humorous decal,duck lover gift,edgy humor,gen z humor,water bottle decal,coworker gift,quirky sticker,gift for dad,garage humor,mechanic sticker,blue collar humor
"Square Sticker of Futuristic Car Engine; Gift for Car Lover; Laptop Sticker, Multiple Size Options, Car Photography, Garage Decor",https://www.etsy.com/listing/1156529402/square-sticker-of-futuristic-car-engine,ArtPlusbyLea,https://www.etsy.com/shop/ArtPlusbyLea,3.99,0,0,0,0,0,52 Mo.,0,0,5,Paper & Party Supplies,78,0,0.0,373,"garage decor,laptop sticker,man cave decor,gift for him,dad gift,fathers day gift,mechanic gift,auto mechanic gift,car lover gift,car enthusiast gift,car guy gift,car photography,unique gifts",garage decor,laptop sticker,man cave decor,gift for him,dad gift,fathers day gift,mechanic gift,auto mechanic gift,car lover gift,car enthusiast gift,car guy gift,car photography,unique gifts
"Ford Fuckin Ranger Sticker, Funny Truck Decal, Mechanic Toolbox Vinyl Graphic",https://www.etsy.com/listing/4474019428/ford-fuckin-ranger-sticker-funny-truck,NalaDigitalArt,https://www.etsy.com/shop/NalaDigitalArt,9.99,0,0,0,0,0,2 Mo.,1,0,25,Paper & Party Supplies,47,0,0.0,64,"kiss cut,vinyl sticker,truck sticker,ford ranger,car decal,laptop sticker,biker decal,offroad sticker,auto enthusiast,mechanic gift,ranger lover,gift for him,outdoor gear",kiss cut,vinyl sticker,truck sticker,ford ranger,car decal,laptop sticker,biker decal,offroad sticker,auto enthusiast,mechanic gift,ranger lover,gift for him,outdoor gear
"CH-53E Super Stallion, Funny Military Stickers, Aviation Mechanic Gift, Marine Corps Sticker, Gift for Pilot, Military Aviation Gift, CH-53E",https://www.etsy.com/listing/1815923106/ch-53e-super-stallion-funny-military,BarracksBoutiqueCo,https://www.etsy.com/shop/BarracksBoutiqueCo,5.99,0,0,0,0,1,18 Mo.,18,0,306,Paper & Party Supplies,19,0,0.0,22,"aviation mechanic,gift for pilot,marine corps,navy,military gift,military aviation,military pilot,flightline gift,ch53 super stallion,navy marines helo,military sticker,gift for military,military",aviation mechanic,gift for pilot,marine corps,navy,military gift,military aviation,military pilot,flightline gift,ch53 super stallion,navy marines helo,military sticker,gift for military,military
Engineering is for Everyone Laptop Sticker | Engineer Pride Notebook and Thermos Decoration | Diversity in STEM,https://www.etsy.com/listing/887621508/engineering-is-for-everyone-laptop,GeniusLabGear,https://www.etsy.com/shop/GeniusLabGear,4.50,0,0,0,12,3,66 Mo.,67,0,257,Electronics & Accessories,69,0,4.67,2817,"rainbow sticker,engineering sticker,engineer gift,cute engineering,women engineer,gift for engineer,engineering student,mechanical engineer,civil engineer,chemical engineer,diversity in stem,lgbtq engineer,laboratory decor",rainbow sticker,engineering sticker,engineer gift,cute engineering,women engineer,gift for engineer,engineering student,mechanical engineer,civil engineer,chemical engineer,diversity in stem,lgbtq engineer,laboratory decor
"Mechanic Sticker, Gift for Mechanic, Sticker for Mechanic, Mechanic Gift, Funny Mechanic Gift, Mechanic Birthday Gift, Mechanic Gifts",https://www.etsy.com/listing/1814880590/mechanic-sticker-gift-for-mechanic,Giftyeye,https://www.etsy.com/shop/Giftyeye,6.95,0,0,0,0,0,18 Mo.,0,0,5,Paper & Party Supplies,68,0,0.0,3004,"mechanic gift,gift for mechanic,mechanic sticker,mechanic birthday,mechanic christmas,mechanic holiday,custom mechanic,mechanic mug,mechanic shirt,mechanic candle,mechanic funny,funny mechanic gift,mechanic dad gift",mechanic gift,gift for mechanic,mechanic sticker,mechanic birthday,mechanic christmas,mechanic holiday,custom mechanic,mechanic mug,mechanic shirt,mechanic candle,mechanic funny,funny mechanic gift,mechanic dad gift
Princess Engineer Sticker,https://www.etsy.com/listing/1266767066/princess-engineer-sticker,TheConfidentEngineer,https://www.etsy.com/shop/TheConfidentEngineer,3.75,0,0,0,36,9,45 Mo.,74,0,602,Paper & Party Supplies,45,0,5.98,1551,"sticker,laptop sticker,princess engineer,gifts for engineers,engineering sticker,women in stem,stem girl,civil engineer,mechanical engineer,electrical engineer,cute sticker,waterproof sticker,stem sticker",sticker,laptop sticker,princess engineer,gifts for engineers,engineering sticker,women in stem,stem girl,civil engineer,mechanical engineer,electrical engineer,cute sticker,waterproof sticker,stem sticker
Garage Sign - BP Energol - Easy to Hang - Size 15.75&quot; - Décor Wall Art Auto Personal Mancave,https://www.etsy.com/listing/4347707452/garage-sign-bp-energol-easy-to-hang-size,EchoesOfThePastSigns,https://www.etsy.com/shop/EchoesOfThePastSigns,10.74,0,0,0,0,0,9 Mo.,0,0,7,Home & Living,62,0,0.0,2638,"sticker,gift for husband,gift car enthusiast,love italian cars,italian pride,car restoration,racing,affordable gift,ferrari,gasoline,petrol and oil,mechanic workshop,boys bedroom decor",sticker,gift for husband,gift car enthusiast,love italian cars,italian pride,car restoration,racing,affordable gift,ferrari,gasoline,petrol and oil,mechanic workshop,boys bedroom decor
1997 Dodge Viper GTS Sports Car Sticker | Red Vinyl Decal (Kiss-Cut),https://www.etsy.com/listing/4477187471/1997-dodge-viper-gts-sports-car-sticker,MonkeyWrenchPhotos,https://www.etsy.com/shop/MonkeyWrenchPhotos,3.75,0,0,0,0,0,2 Mo.,0,0,3,Paper & Party Supplies,38,0,0.0,27,"kiss cut,car sticker,sports car,red viper,dodge viper,vehicle decal,laptop sticker,auto enthusiast,car lover,racing decal,garage decor,gift for him,mechanic gift",kiss cut,car sticker,sports car,red viper,dodge viper,vehicle decal,laptop sticker,auto enthusiast,car lover,racing decal,garage decor,gift for him,mechanic gift
"Certified Shovel Operator Hard Hat Sticker 100% Vinyl Hardhat Stickers, Funny Work Stickers, Water Bottles, Clipboards, Gifts For Coworkers",https://www.etsy.com/listing/1857006355/certified-shovel-operator-hard-hat,HardHatLife,https://www.etsy.com/shop/HardHatLife,3.75,0,0,0,18,3,16 Mo.,28,0,227,"Books, Movies & Music",31,0,7.93,2244,"gift for boyfriend,hard hat sticker,hardhat sticker,hard hat stickers,hardhat stickers,mechanic sticker,construction,road work sticker,certified hardhat,hardhatsticker,union sticker,funny work stickers,shovel operator",gift for boyfriend,hard hat sticker,hardhat sticker,hard hat stickers,hardhat stickers,mechanic sticker,construction,road work sticker,certified hardhat,hardhatsticker,union sticker,funny work stickers,shovel operator
"Rustic Engineer Bumper Stickers - Ideal for DIY Enthusiasts, Gift for Handyman, Vintage Car Decor, Fun Home Accessories, Hilarious Car",https://www.etsy.com/listing/4300864775/rustic-engineer-bumper-stickers-ideal,N8TheGr8Designs,https://www.etsy.com/shop/N8TheGr8Designs,10.77,0,0,0,0,0,1 Mo.,0,0,0,Paper & Party Supplies,3,0,0.0,1,"car decor stickers,vintage caravan art,engineer humor gifts,road trip essentials,unique gift for him,trendy car stickers,diy crafts stickers,creative gift ideas,humorous car decals,retro vehicle art,gift for mechanics,funny quote stickers",car decor stickers,vintage caravan art,engineer humor gifts,road trip essentials,unique gift for him,trendy car stickers,diy crafts stickers,creative gift ideas,humorous car decals,retro vehicle art,gift for mechanics,funny quote stickers,--
"Mechanical engineer mug, mechanical engineer gifts, engineer gifts, mechanical engineering, mechanical engineer gifts for men",https://www.etsy.com/listing/1558815034/mechanical-engineer-mug-mechanical,MugFaceCo,https://www.etsy.com/shop/MugFaceCo,22.95,0,0,0,0,0,21 Mo.,1,0,3,Home & Living,44,0,0.0,672,"mechanical engineer,mechanical,engineering,tumbler wrap,engineering tools,stickers,shirt,gifts for men,gift for husband,son in law birthday,fathers day,christmas,graduation gift",mechanical engineer,mechanical,engineering,tumbler wrap,engineering tools,stickers,shirt,gifts for men,gift for husband,son in law birthday,fathers day,christmas,graduation gift
"Funny Hard Hat Sticker (3x3), Great Gift For Laptops & Coolers, For Mechanics; Electricians YU",https://www.etsy.com/listing/1567405255/funny-hard-hat-sticker-3x3-great-gift,LeadBellyBenny,https://www.etsy.com/shop/LeadBellyBenny,3.52,0,0,0,16,4,19 Mo.,14,0,54,Paper & Party Supplies,58,0,29.63,14753,"hardhat sticker,hard hat sticker,hardhat stickers,hard hat stickers,tool box stickers,lunchbox sticker,waterbottle sticker,laptop decal,laptop sticker,cooler sticker,tumbler sticker,funny stickers,funny decal",hardhat sticker,hard hat sticker,hardhat stickers,hard hat stickers,tool box stickers,lunchbox sticker,waterbottle sticker,laptop decal,laptop sticker,cooler sticker,tumbler sticker,funny stickers,funny decal
WARNING Rock And A Hard Place Just Ahead Bumper Sticker Vinyl Decal,https://www.etsy.com/listing/4382907368/warning-rock-and-a-hard-place-just-ahead,BighornGraphics,https://www.etsy.com/shop/BighornGraphics,6.50,0,0,0,0,0,7 Mo.,0,0,3,Paper & Party Supplies,10,0,0.0,15,"truck,gift for him,humor,mechanic,funny,builder,bumper sticker,vehicle,tool box sticker,warning,4 wheeling,vinyl decal,stocking stuffer",truck,gift for him,humor,mechanic,funny,builder,bumper sticker,vehicle,tool box sticker,warning,4 wheeling,vinyl decal,stocking stuffer
"Hands Of A Man Sticker, Mechanic Gift for Men, Car Guy Birthday Present, Garage Fridge Sticker, Truck Accessory, Heavy Duty Industrial Grade",https://www.etsy.com/listing/4503257793/hands-of-a-man-sticker-mechanic-gift-for,CheckOutMyEngine,https://www.etsy.com/shop/CheckOutMyEngine,7.99,0,0,0,0,0,1 Mo.,0,0,0,Paper & Party Supplies,84,0,0.0,8495,"car sticker,vinyl decal,auto accessory,jdm style,mechanic gift,toolbox decor,custom sticker",car sticker,vinyl decal,auto accessory,jdm style,mechanic gift,toolbox decor,custom sticker,--,--,--,--,--,--
"I Practice Safe Sets Sticker - gearhead culture | Funny Gift for Him or Dad, Weatherproof Vinyl, UV-Resistant, Car Culture, Made in USA",https://www.etsy.com/listing/4433732805/i-practice-safe-sets-sticker-fun-witty,CheckOutMyEngine,https://www.etsy.com/shop/CheckOutMyEngine,9.99,0,0,0,0,0,5 Mo.,1,0,6,Electronics & Accessories,84,0,0.0,8495,"car culture gift,car lover gift,vinyl car sticker,garage rat gift,mechanic gift,car humor sticker,toolbox decal,car dad gift,gift for him,car humor decal,funny car decal,car guy decal,car guy gift",car culture gift,car lover gift,vinyl car sticker,garage rat gift,mechanic gift,car humor sticker,toolbox decal,car dad gift,gift for him,car humor decal,funny car decal,car guy decal,car guy gift
"Oil Beats Soap Sticker - wrench monkey energy | Birthday Present for Car Guys, UV-Resistant, Outdoor Rated, Car Culture, Weatherproof Vinyl",https://www.etsy.com/listing/4453025770/oil-beats-soap-sticker-humorous-decal,CheckOutMyEngine,https://www.etsy.com/shop/CheckOutMyEngine,7.99,0,0,0,0,0,3 Mo.,0,0,1,Paper & Party Supplies,84,0,0.0,8495,"wrench monkey gift,gearhead gift,shop life decal,funny car sticker,toolbox sticker,vinyl car sticker,garage humor decal,gift for him,car humor decal,automotive humor,diy car builder gift,car enthusiast gift,mechanic humor decal",wrench monkey gift,gearhead gift,shop life decal,funny car sticker,toolbox sticker,vinyl car sticker,garage humor decal,gift for him,car humor decal,automotive humor,diy car builder gift,car enthusiast gift,mechanic humor decal
"Better Mistake Than College Sticker - car enthusiast energy | Birthday Present for Car Guys, Car Culture, Vinyl Decal, Made in USA",https://www.etsy.com/listing/4383287536/better-mistake-than-college-car-decal,CheckOutMyEngine,https://www.etsy.com/shop/CheckOutMyEngine,9.99,0,0,0,0,0,7 Mo.,1,0,1,Electronics & Accessories,84,0,0.0,8495,"car lover gift,car culture gift,gearhead gift,car humor decal,funny car decal,automotive humor,garage rat gift,mechanic gift,car enthusiast gift,gift for him,car guy decal,bumper sticker,project car sticker",car lover gift,car culture gift,gearhead gift,car humor decal,funny car decal,automotive humor,garage rat gift,mechanic gift,car enthusiast gift,gift for him,car guy decal,bumper sticker,project car sticker
"Hot Rod Heartache Sticker - mechanic culture | Birthday Gift for Car Guys, Vinyl Decal, Outdoor Rated, Weatherproof Vinyl, Made in USA",https://www.etsy.com/listing/4346874615/hot-rod-heartache-sticker-passion-and,CheckOutMyEngine,https://www.etsy.com/shop/CheckOutMyEngine,9.99,0,0,0,0,0,9 Mo.,0,0,1,Electronics & Accessories,84,0,0.0,8495,"garage humor decal,funny car sticker,automotive humor,mechanic humor decal,garage life sticker,bumper sticker,funny car decal,car guy gift,car humor decal,car dad gift,gearhead gift,mechanic gift,toolbox decal",garage humor decal,funny car sticker,automotive humor,mechanic humor decal,garage life sticker,bumper sticker,funny car decal,car guy gift,car humor decal,car dad gift,gearhead gift,mechanic gift,toolbox decal
"Engineer Car Sticker, Mechanical Engineer Car Decal, Bumper Sticker for Engineers, Vinyl Decal for a Mechanical Engineer on Toolboxes",https://www.etsy.com/listing/4357927902/engineer-car-sticker-mechanical-engineer,BadgeCloud,https://www.etsy.com/shop/BadgeCloud,7.04,0,0,0,0,0,1 Mo.,0,0,0,Paper & Party Supplies,14,0,0.0,37,"engineer,engineering,engineers,engineer gift,gift for engineers,engineering gift,mechanical engineer,civil engineer,gift for engineer,tech sticker,laptop decal,toolbox decal,science sticker",engineer,engineering,engineers,engineer gift,gift for engineers,engineering gift,mechanical engineer,civil engineer,gift for engineer,tech sticker,laptop decal,toolbox decal,science sticker
Tool Rules Sticker | Toolbox Sticker | Mechanic Sticker | Sticker For Mechanics | Glossy Sticker,https://www.etsy.com/listing/1755214797/tool-rules-sticker-toolbox-sticker,LazyPandaCreations,https://www.etsy.com/shop/LazyPandaCreations,3.00,0,0,0,0,0,9 Mo.,4,0,15,Paper & Party Supplies,66,0,0.0,284,"mechanic,mechanic sticker,glossy sticker,gift for mechanic,gift for him,toolbox",mechanic,mechanic sticker,glossy sticker,gift for mechanic,gift for him,toolbox,--,--,--,--,--,--,--
Engineer Definition Sticker - Funny Engineering Sticker & Gift for Engineers,https://www.etsy.com/listing/4352788913/engineer-definition-sticker-funny,MinnieMadeDesigns,https://www.etsy.com/shop/MinnieMadeDesigns,3.00,0,0,0,25,5,9 Mo.,72,1,451,Paper & Party Supplies,13,25,5.54,669,"laptop sticker,funny gift,funny sticker,engineering sticker,engineer sticker,engineer gift,women in stem,mechanical engineer,gifts for engineers,engineering memes,engineering jokes,civil engineering,electrical engineer",laptop sticker,funny gift,funny sticker,engineering sticker,engineer sticker,engineer gift,women in stem,mechanical engineer,gifts for engineers,engineering memes,engineering jokes,civil engineering,electrical engineer
Beard Skull Embroidered Patch Mechanic Trucker Hat - Fun Gift for Beard Enthusiasts - Gift for Beard Lovers -Comes With A Free Beard Sticker,https://www.etsy.com/listing/1817364814/beard-skull-embroidered-patch-mechanic,BeardGuyshatclub,https://www.etsy.com/shop/BeardGuyshatclub,29.99,0,0,0,0,0,18 Mo.,1,0,28,Accessories,20,0,0.0,70,"baseball cap,embroidered patch,funny hat,patch hat,baseball hat,dad hat,embroidered hat,custom trucker hat,gifts for dads,husband gift,trucker hats,skull hat,custom hat",baseball cap,embroidered patch,funny hat,patch hat,baseball hat,dad hat,embroidered hat,custom trucker hat,gifts for dads,husband gift,trucker hats,skull hat,custom hat
Mechanic AKA Family Title for Free Diagnostics Hotline | Funny Mechanic Sticker Gift,https://www.etsy.com/listing/4311743066/mechanic-aka-family-title-for-free,RosesAmongRatchets,https://www.etsy.com/shop/RosesAmongRatchets,3.99,0,0,0,0,0,12 Mo.,0,0,3,Paper & Party Supplies,12,0,0.0,2,"mechanic sticker,car guy gift,mechanic gift,funny car sticker,mechanic humor,auto repair sticker,garage toolbox decal,blue collar humor,gift for handyman,auto shop sticker,tool box sticker,trade worker gift,automotive mechanic",mechanic sticker,car guy gift,mechanic gift,funny car sticker,mechanic humor,auto repair sticker,garage toolbox decal,blue collar humor,gift for handyman,auto shop sticker,tool box sticker,trade worker gift,automotive mechanic
"Automotive Kiss-Cut Stickers - V8 Engine, Racing Car Decal, Vehicle Vinyl Sticker, Car Lover Gift, Auto Enthusiast Merch",https://www.etsy.com/listing/1872522706/automotive-kiss-cut-stickers-v8-engine,JoFoStickers,https://www.etsy.com/shop/JoFoStickers,4.54,0,0,0,2,1,11 Mo.,15,0,199,Paper & Party Supplies,17,0,1.01,149,"car stickers,v8 engine,automotive decals,car enthusiast,vinyl sticker,mechanic gift,vehicle decal,auto lover,custom stickers,classic car,retro design,gift for him,car accessories",car stickers,v8 engine,automotive decals,car enthusiast,vinyl sticker,mechanic gift,vehicle decal,auto lover,custom stickers,classic car,retro design,gift for him,car accessories
"1967 Shelby Mustang Sticker, Retro Muscle Car Decal",https://www.etsy.com/listing/1587249487/1967-shelby-mustang-sticker-retro-muscle,ZoomiesShop,https://www.etsy.com/shop/ZoomiesShop,8.99,0,0,0,0,0,31 Mo.,12,0,226,Paper & Party Supplies,100,0,0.0,11980,"gift for dad,gift for husband,gift for son,gift for him,mustang stickers,shelby gift,67 mustang gift,muscle car stickers,vintage car stickers,mechanic gift,stocking stuffers,stocking stuffer,car lover gift",gift for dad,gift for husband,gift for son,gift for him,mustang stickers,shelby gift,67 mustang gift,muscle car stickers,vintage car stickers,mechanic gift,stocking stuffers,stocking stuffer,car lover gift
Built Not Bought Sticker: Car Guy Vinyl Decal,https://www.etsy.com/listing/1447135995/built-not-bought-sticker-car-guy-vinyl,TheOldLadyZ,https://www.etsy.com/shop/TheOldLadyZ,5.25,0,0,0,4,1,38 Mo.,14,0,85,Paper & Party Supplies,51,0,4.71,1393,"funny sticker,stocking stuffer,water bottle decal,car guy sticker,funny car sticker,car guy gift,gift for car guy,mechanic sticker,modified car sticker,modified car decal,race car decal,mechanic gifts,built not bought",funny sticker,stocking stuffer,water bottle decal,car guy sticker,funny car sticker,car guy gift,gift for car guy,mechanic sticker,modified car sticker,modified car decal,race car decal,mechanic gifts,built not bought
"I Still Play With Blocks V8 Engine Vinyl Sticker, Mechanic Car Lover Decal",https://www.etsy.com/listing/1583812263/i-still-play-with-blocks-vinyl-sticker,HorribleDesigns,https://www.etsy.com/shop/HorribleDesigns,14.84,0,0,0,0,0,31 Mo.,0,0,40,Paper & Party Supplies,49,0,0.0,850,"christmas gift,gift for him,gift for mechanic,mechanic gift,waterproof sticker,white elephant gift,decal,decal window,die cut,gift for her,stocking stuffer,vinyl car decal,weatherproof sticker",christmas gift,gift for him,gift for mechanic,mechanic gift,waterproof sticker,white elephant gift,decal,decal window,die cut,gift for her,stocking stuffer,vinyl car decal,weatherproof sticker
Classic Performance Cars Illustration Die-Cut Magnet | Car Sticker,https://www.etsy.com/listing/4478042695/classic-performance-cars-illustration,IrishPatch,https://www.etsy.com/shop/IrishPatch,11.91,0,0,0,0,0,2 Mo.,0,0,0,Home & Living,30,0,0.0,141,"car magnets,vintage car,sports car,911 magnet,die cut magnet,car enthusiast,auto lover,gifts for him,fridge magnet,mechanic gift,racing sticker,father's day,office gift",car magnets,vintage car,sports car,911 magnet,die cut magnet,car enthusiast,auto lover,gifts for him,fridge magnet,mechanic gift,racing sticker,father's day,office gift
Engine Light Achievement &quot;I Know My Car&quot; Vinyl Sticker,https://www.etsy.com/listing/4437347082/engine-light-achievement-i-know-my-car,ApexArtandDesign,https://www.etsy.com/shop/ApexArtandDesign,3.50,0,0,0,0,0,4 Mo.,0,0,3,Paper & Party Supplies,50,0,0.0,375,"car guy gift,water bottle sticker,vinyl sticker,funny car gift,car video game,car game achievement,i know my car bro,engine light funny,meme sticker light,engine sticker funny,gift for mechanic,car enthusiast gift,garage sticker tools",car guy gift,water bottle sticker,vinyl sticker,funny car gift,car video game,car game achievement,i know my car bro,engine light funny,meme sticker light,engine sticker funny,gift for mechanic,car enthusiast gift,garage sticker tools
Measure Once Cut Twice Sticker - Funny Blue Collar Stickers - Die-Cut Sticker - Gift for Men - Tradesman - Construction Works,https://www.etsy.com/listing/4471085681/measure-once-cut-twice-sticker-funny,StanDotPrints,https://www.etsy.com/shop/StanDotPrints,5.99,0,0,0,0,0,2 Mo.,0,0,7,Paper & Party Supplies,18,0,0.0,46,"blue collar,hard hat,electrician,hvac,mechanic,construction,mechanic gifts,tradesman,vinyl stickers,funny stickers,gifts for him,gifts for men,appreciation gifts",blue collar,hard hat,electrician,hvac,mechanic,construction,mechanic gifts,tradesman,vinyl stickers,funny stickers,gifts for him,gifts for men,appreciation gifts
Trendy &quot;My blood? Type R&quot; drag racing png/race car svg/bumper sticker/window decal/printable sublimation png/unique gift/Race day sweatshirt,https://www.etsy.com/listing/1532714486/trendy-my-blood-type-r-drag-racing,VenzAvenue,https://www.etsy.com/shop/VenzAvenue,1.90,0,0,0,0,0,33 Mo.,0,0,3,Craft Supplies & Tools,76,0,0.0,7,"drag racing svg png,gift for car lovers,race car printable,race day sweatshirt,mechanic unique gift,car sticker images,type r car sticker,race car sublimation,dragrace vinyl decal,car window decal svg,trendy drag racing,trendy race car png,car show sticker",drag racing svg png,gift for car lovers,race car printable,race day sweatshirt,mechanic unique gift,car sticker images,type r car sticker,race car sublimation,dragrace vinyl decal,car window decal svg,trendy drag racing,trendy race car png,car show sticker
Garage Sign - Alfa Romeo Badge 1972-2015 - Easy to Hang - 16.5&quot; - Décor Wall Auto Personal Mancave,https://www.etsy.com/listing/1541334054/garage-sign-alfa-romeo-badge-1972-2015,EchoesOfThePastSigns,https://www.etsy.com/shop/EchoesOfThePastSigns,25.05,0,0,0,0,0,33 Mo.,0,0,99,Home & Living,62,0,0.0,2638,"for him,sticker,decal,personal mancave,gift for dad,gift for husband,gift car enthusiast,love italian cars,italian pride,snake,mechanic workshop,boys bedroom decor",for him,sticker,decal,personal mancave,gift for dad,gift for husband,gift car enthusiast,love italian cars,italian pride,snake,mechanic workshop,boys bedroom decor,--
Garage Sign - Abarth - Shield Shape 15.5&quot;x11.4&quot; - Easy to Hang | Personal Mancave,https://www.etsy.com/listing/1544199094/garage-sign-abarth-shield-shape-155x114,EchoesOfThePastSigns,https://www.etsy.com/shop/EchoesOfThePastSigns,35.79,0,0,0,0,0,32 Mo.,5,0,155,Home & Living,62,0,0.0,2638,"for him,fiat,sticker,decal,personal mancave,gift for dad,gift for husband,gift car enthusiast,love italian cars,italian pride,mechanic workshop,boy's bedroom decor",for him,fiat,sticker,decal,personal mancave,gift for dad,gift for husband,gift car enthusiast,love italian cars,italian pride,mechanic workshop,boy's bedroom decor,--
Garage Sign - Alfa Romeo - Easy to Hang - Size 16.5&quot; - Décor Wall Art Auto Personal Mancave,https://www.etsy.com/listing/1510703018/garage-sign-alfa-romeo-easy-to-hang-size,EchoesOfThePastSigns,https://www.etsy.com/shop/EchoesOfThePastSigns,10.74,0,0,0,0,0,34 Mo.,0,0,272,Home & Living,62,0,0.0,2638,"for him,sticker,decal,gift for dad,gift for husband,gift car enthusiast,love italian cars,italian pride,snake,mechanic workshop,boys bedroom decor,ferrari",for him,sticker,decal,gift for dad,gift for husband,gift car enthusiast,love italian cars,italian pride,snake,mechanic workshop,boys bedroom decor,ferrari,--
Garage Sign - Ford Muscle Power - Circle 15.5&quot; - Easy to Hang | Personal Mancave,https://www.etsy.com/listing/1511836273/garage-sign-ford-muscle-power-circle-155,EchoesOfThePastSigns,https://www.etsy.com/shop/EchoesOfThePastSigns,35.79,0,0,0,0,0,35 Mo.,2,0,67,Home & Living,62,0,0.0,2638,"sticker,decal,personal mancave,gift for dad,gift for husband,gift car enthusiast,love american cars,gift for him,ford pride,usa pride,1970s pop art,mechanic workshop,boys bedroom decor",sticker,decal,personal mancave,gift for dad,gift for husband,gift car enthusiast,love american cars,gift for him,ford pride,usa pride,1970s pop art,mechanic workshop,boys bedroom decor
Fueled By Hate Decal | Car Decal | Funny Bumper Sticker,https://www.etsy.com/listing/1380401961/fueled-by-hate-decal-car-decal-funny,DiamondDecalsRI,https://www.etsy.com/shop/DiamondDecalsRI,10.00,0,0,0,0,0,41 Mo.,3,0,45,Electronics & Accessories,157,0,0.0,594,"car decal,truck decal,gag gift,gift for him,gift for her,mechanic gift,car dude,sports car,luxury vehicle,car accessories,suv sticker,sarcastic,circle decal",car decal,truck decal,gag gift,gift for him,gift for her,mechanic gift,car dude,sports car,luxury vehicle,car accessories,suv sticker,sarcastic,circle decal
Sticker - &quot;Grounding: 5 Things You Can See...&quot;,https://www.etsy.com/listing/4333884276/sticker-grounding-5-things-you-can-see,ConnectionsForPsych,https://www.etsy.com/shop/ConnectionsForPsych,3.00,0,0,0,0,0,10 Mo.,11,0,61,Paper & Party Supplies,166,0,0.0,51,"grounding technique,sticker,mental health,anxiety relief,mindfulness tool,gift,gift for her,gift for them,gift for him,stress management,coping mechanism,self-care sticker,therapy",grounding technique,sticker,mental health,anxiety relief,mindfulness tool,gift,gift for her,gift for them,gift for him,stress management,coping mechanism,self-care sticker,therapy
LS9 Supercharged Corvette ZR1 Engine Sticker - C6 Blue Devil V8 Decal - Chevy Mechanic Gift - Waterproof Vinyl for Laptop & Toolbox,https://www.etsy.com/listing/4436925338/ls9-supercharged-corvette-zr1-engine,EliteStickerPros,https://www.etsy.com/shop/EliteStickerPros,8.99,0,0,0,0,0,4 Mo.,0,0,6,Paper & Party Supplies,9,0,0.0,15,"corvette zr1,c6 corvette,ls9 engine,blue devil,supercharged v8,chevy gift,mechanic gift,ls swap,engine art,car guy gift,toolbox sticker,laptop decals,gm performance",corvette zr1,c6 corvette,ls9 engine,blue devil,supercharged v8,chevy gift,mechanic gift,ls swap,engine art,car guy gift,toolbox sticker,laptop decals,gm performance
Car/Truck Battery Symbol - Car/Truck/Laptop/Computer/Phone/Home Decor/Bumper Sticker - Vinyl Decal,https://www.etsy.com/listing/275722966/cartruck-battery-symbol,DecalPhanatics,https://www.etsy.com/shop/DecalPhanatics,1.99,0,0,0,5,1,121 Mo.,15,0,598,Art & Collectibles,146,0,0.84,87597,"car decal,truck decal,bumper sticker,laptop decal,computer decal,macbook decal,car mechanic,mechanic gift,gift for dad,fathers day gift,battery,car battery,low battery symbol",car decal,truck decal,bumper sticker,laptop decal,computer decal,macbook decal,car mechanic,mechanic gift,gift for dad,fathers day gift,battery,car battery,low battery symbol
6 Speed Gear - Roll Back Zone - Stick Shift - Manual Shift Diagram - Car/Truck/Laptop/Computer/Phone/Home Decor/Bumper Sticker - Vinyl Decal,https://www.etsy.com/listing/693335716/6-speed-gear-roll-back-zone-stick-shift,DecalPhanatics,https://www.etsy.com/shop/DecalPhanatics,2.99,0,0,0,99,18,84 Mo.,82,0,1519,Art & Collectibles,146,0,6.52,87597,"car decal,bumper sticker,computer decal,mechanic gift,gift for dad,fathers day gift,gear shift,shift diagram,stick shift,manual car,6 speed,yeti decal,roll back zone",car decal,bumper sticker,computer decal,mechanic gift,gift for dad,fathers day gift,gear shift,shift diagram,stick shift,manual car,6 speed,yeti decal,roll back zone
"Classically Trained - Sticker | Driving Stick | Stick Shift | Funny, Manual Transmission, Cars, Trucks, Motor Heads | Mechanic Sticker",https://www.etsy.com/listing/4372799308/classically-trained-sticker-driving,TheeStickerShop,https://www.etsy.com/shop/TheeStickerShop,5.29,0,0,0,5,1,8 Mo.,90,0,424,Paper & Party Supplies,57,25,1.18,11240,"coworker gift,classically trained,stick shift,driving stick,car sticker,mechanic sticker,gift for him,retro sticker,old school sticker,vintage sticker,motor head sticker,manual sticker,truck sticker",coworker gift,classically trained,stick shift,driving stick,car sticker,mechanic sticker,gift for him,retro sticker,old school sticker,vintage sticker,motor head sticker,manual sticker,truck sticker
Gear Head Stickers or Magnets: Gift for mechanic,https://www.etsy.com/listing/4434683426/gear-head-stickers-or-magnets-gift-for,HarkGraphics,https://www.etsy.com/shop/HarkGraphics,3.99,0,0,0,0,0,5 Mo.,0,0,7,Home & Living,45,0,0.0,5812,"sarcastic stickers,saracastic magnets,funny gifts,funny stickers,funny magnets,gift for friend,birthday gift,gear head,mechanic,mechanic gift,car guy",sarcastic stickers,saracastic magnets,funny gifts,funny stickers,funny magnets,gift for friend,birthday gift,gear head,mechanic,mechanic gift,car guy,--,--
"Sticker for Air Force Veterans Pilots, A-37 Dragonfly Sticker, Military Aviation Warbird Decal, Vietnam Era Pilot Mechanic Gift",https://www.etsy.com/listing/4510078619/sticker-for-air-force-veterans-pilots-a,ModularRecreations,https://www.etsy.com/shop/ModularRecreations,4.64,0,0,0,0,0,1 Mo.,0,0,2,Paper & Party Supplies,37,0,0.0,3122,"a37 sticker,dragonfly veteran,usa veteran gift,warbird aircraft,pilot mechanic,aviation humor,vietnam era pilot,close air support,squadron reunion,plane spotter decal,flightline life,water bottle decal,laptop graphic",a37 sticker,dragonfly veteran,usa veteran gift,warbird aircraft,pilot mechanic,aviation humor,vietnam era pilot,close air support,squadron reunion,plane spotter decal,flightline life,water bottle decal,laptop graphic
Mechanic Decal | Skull Wrench Crossbones Decal for Car Window | Skull Sticker for Toolbox | Gift for Mechanic,https://www.etsy.com/listing/179548433/mechanic-decal-skull-wrench-crossbones,BluegrassDecals,https://www.etsy.com/shop/BluegrassDecals,4.95,0,0,0,21,4,148 Mo.,20,0,365,Home & Living,162,0,5.75,35832,"decal,sticker,military,skull,wrench,mechanic decal,mechanic sticker,toolbox decal,toolbox sticker,gift for mechanic,crossbones decal,welding decals,plumber decals",decal,sticker,military,skull,wrench,mechanic decal,mechanic sticker,toolbox decal,toolbox sticker,gift for mechanic,crossbones decal,welding decals,plumber decals
Cat Mechanic Sticker: Funny Glossy Vinyl Decal,https://www.etsy.com/listing/1875689982/mechanic-cat-sticker-funny-glossy-vinyl,BraveMoonman,https://www.etsy.com/shop/BraveMoonman,4.99,0,0,0,3,1,15 Mo.,15,0,33,Paper & Party Supplies,228,0,9.09,4571,"cute vinyl sticker,cat lover gift,laptop sticker,vinyl stickers,cute stickers,funny sticker,funny cat sticker,cat vinyl sticker,mechanic gift,cute kitty stickers,cute kitty sticker,kawaii kitty sticker,gift for cat person",cute vinyl sticker,cat lover gift,laptop sticker,vinyl stickers,cute stickers,funny sticker,funny cat sticker,cat vinyl sticker,mechanic gift,cute kitty stickers,cute kitty sticker,kawaii kitty sticker,gift for cat person
"Fuck your feelings sticker,obnoxious sticker,sarcastic sticker,rude sticker,profanity sticker,funny sticker,bunper sticker",https://www.etsy.com/listing/1424734259/fuck-your-feelings-stickerobnoxious,JayEllenCreations,https://www.etsy.com/shop/JayEllenCreations,3.49,0,0,0,0,0,25 Mo.,1,0,25,Paper & Party Supplies,30,0,0.0,65,"funny bumper sticker,sarcasm sticker,cute sticker,naughty sticker,bird finger sticker,gift for dad,gift for co worker,car sticker,mechanic sticker,truck sticker,gag gift,bad sticker,sarcastic sticker",funny bumper sticker,sarcasm sticker,cute sticker,naughty sticker,bird finger sticker,gift for dad,gift for co worker,car sticker,mechanic sticker,truck sticker,gag gift,bad sticker,sarcastic sticker
"Gear Wall Office Decor, Office Wall Decal, Teamwork Vinyl Wall Art Decal, Team Business Gear Wall Decal, Mechanism Sticker for Office 1133ES",https://www.etsy.com/listing/1144552537/gear-wall-office-decor-office-wall-decal,EnSuArtDecals,https://www.etsy.com/shop/EnSuArtDecals,38.72,0,0,0,0,0,40 Mo.,3,0,184,Home & Living,59,0,0.0,2948,"information decals,technology vinyl art,technology decals,office wall decor,mechanism gear decal,office wall art,gear wall art decal,gear wall sticker,decals for office,office decor,business wall art,team office decal,team gifts",information decals,technology vinyl art,technology decals,office wall decor,mechanism gear decal,office wall art,gear wall art decal,gear wall sticker,decals for office,office decor,business wall art,team office decal,team gifts
50Pc Car Stickers Racing Vinyls Racer Decals | Sticker Bomb | Sports Car Stickers | Cars Sticker | Fast and Furious Stickers | Cool Stickers,https://www.etsy.com/listing/1660549665/50pc-car-stickers-racing-vinyls-racer,PrintLoomDotCom,https://www.etsy.com/shop/PrintLoomDotCom,6.71,0,0,0,0,0,12 Mo.,4,0,99,Paper & Party Supplies,11,0,0.0,491,"fast and furious,car lover gift,car racer stickers,car racing decals,car brands stickers,gift for car lovers,formula one stickers,mechanic stickers,racing vinyl decals,motorsport stickers,racer sticker pack,car enthusiast gifts,racing decal set",fast and furious,car lover gift,car racer stickers,car racing decals,car brands stickers,gift for car lovers,formula one stickers,mechanic stickers,racing vinyl decals,motorsport stickers,racer sticker pack,car enthusiast gifts,racing decal set
Manual Transmission Gearshift Sticker | Round Vinyl Car Decal,https://www.etsy.com/listing/4408775413/manual-transmission-gearshift-sticker,JustHereDesigning,https://www.etsy.com/shop/JustHereDesigning,7.12,0,0,0,0,0,2 Mo.,0,0,3,Paper & Party Supplies,5,0,0.0,6,"vinyl stickers,round stickers,car decal,manual gearshift,gear shift decal,anti theft sticker,car humor gift,stickers for cars,auto enthusiast,shift pattern decal,funny car sticker,mechanic gift,car accessory",vinyl stickers,round stickers,car decal,manual gearshift,gear shift decal,anti theft sticker,car humor gift,stickers for cars,auto enthusiast,shift pattern decal,funny car sticker,mechanic gift,car accessory
Break Fix Repeat,https://www.etsy.com/listing/1701605028/break-fix-repeat,FlirtAndFiction,https://www.etsy.com/shop/FlirtAndFiction,3.50,0,0,0,0,0,17 Mo.,0,0,3,Electronics & Accessories,23,0,0.0,47,"mechanic,wrenches,tools,motorcycle,automotive,sticker,for him,fix it,garage,gifts,decal,masculine,gears",mechanic,wrenches,tools,motorcycle,automotive,sticker,for him,fix it,garage,gifts,decal,masculine,gears
Lady Aviators Logo Sticker - White,https://www.etsy.com/listing/890282956/lady-aviators-logo-sticker-white,LadyAviatorsInc,https://www.etsy.com/shop/LadyAviatorsInc,5.00,0,0,0,39,7,58 Mo.,74,0,680,Paper & Party Supplies,65,0,5.74,1488,"sticker,air traffic control,aviation mechanic,flight attendant,female pilot,future pilot,first solo,aviation gift,girls in aviation,aviation,gift for pilot,women in aviation,lady aviators",sticker,air traffic control,aviation mechanic,flight attendant,female pilot,future pilot,first solo,aviation gift,girls in aviation,aviation,gift for pilot,women in aviation,lady aviators
"Turbocharger Kiss-Cut Stickers | In Thrust We Trust | Car Enthusiast Gift, Laptop Decal, Automotive Decor, Engineering Nerd",https://www.etsy.com/listing/4375115852/turbocharger-kiss-cut-stickers-in-thrust,FuraveCo,https://www.etsy.com/shop/FuraveCo,3.87,0,0,0,0,0,3 Mo.,1,0,4,Paper & Party Supplies,3,0,0.0,0,"kiss cut stickers,car enthusiast,funny decals,thrust we trust,automotive stickers,gift for him,laptop stickers,mechanical design,car lover gift,stickers for guys,quirky wall art,gearhead accessories,engine stickers",kiss cut stickers,car enthusiast,funny decals,thrust we trust,automotive stickers,gift for him,laptop stickers,mechanical design,car lover gift,stickers for guys,quirky wall art,gearhead accessories,engine stickers
"A Mechanic Nuts stickers,funny stickers,sarcastic stickers,custom bumper stickers,obnoxious stickers,funny bumper stickers, truck stickers",https://www.etsy.com/listing/1310061732/a-mechanic-nuts-stickersfunny,JayEllenCreations,https://www.etsy.com/shop/JayEllenCreations,9.49,0,0,0,0,0,29 Mo.,1,0,26,Paper & Party Supplies,30,0,0.0,65,"bumper stickers,sarcastic sticker,truck bumper sticker,custom funny sticker,funny bumper sticker,mechanic stickers,oboxious sticker,naughty stickers,rude stickers,sarcastic gift,gift for dad,sarcastic stickers,funny sticker",bumper stickers,sarcastic sticker,truck bumper sticker,custom funny sticker,funny bumper sticker,mechanic stickers,oboxious sticker,naughty stickers,rude stickers,sarcastic gift,gift for dad,sarcastic stickers,funny sticker
"Adult Supervision Not Required Transparent Outdoor Stickers, Die-Cut, 1pcs",https://www.etsy.com/listing/1377886317/adult-supervision-not-required,MECHANICLIFE,https://www.etsy.com/shop/MECHANICLIFE,5.40,0,0,0,0,0,32 Mo.,0,0,13,Home & Living,32,0,0.0,11,"sticker,bumper sticker,vinyl,indoor,outdoor,custom,printed,mechanic,gift for him,gift for her",sticker,bumper sticker,vinyl,indoor,outdoor,custom,printed,mechanic,gift for him,gift for her,--,--,--
"Mechanic Shop Sign, Funny Mechanic Sign, We Cheat The Other Guy And Pass The Savings Onto You Sign",https://www.etsy.com/listing/1627266804/mechanic-shop-sign-funny-mechanic-sign,RealCoolStickers,https://www.etsy.com/shop/RealCoolStickers,27.99,0,0,0,0,0,29 Mo.,2,0,90,Home & Living,69,0,0.0,10584,"mechanic shop sign,funny mechanic sign,gift for dad,car repair shop sign,funny garage sign,car repair sign,mechanic sign,funny car repair,mechanic sticker,mechanic shop magnet,mechanic price sign,funny shop sign",mechanic shop sign,funny mechanic sign,gift for dad,car repair shop sign,funny garage sign,car repair sign,mechanic sign,funny car repair,mechanic sticker,mechanic shop magnet,mechanic price sign,funny shop sign,--
Skull Stickers for Hard Hat Skull  Mechanic Sticker Wrench for Car Window Toolbox Boxes Skull Vinyl Sticker for Him Gift for Dad,https://www.etsy.com/listing/1843821707/skull-stickers-for-hard-hat-skull,ArtCreatorsUSA,https://www.etsy.com/shop/ArtCreatorsUSA,9.96,0,0,0,2,1,14 Mo.,3,0,123,Paper & Party Supplies,61,0,1.63,125,"sticker,skull,skull sticker,shop sticker,hard hat sticker,mechanic sticker,tool sticker,gift for him,gift for dad,dad gifts,mens gifts,vinyl sticker,man sticker",sticker,skull,skull sticker,shop sticker,hard hat sticker,mechanic sticker,tool sticker,gift for him,gift for dad,dad gifts,mens gifts,vinyl sticker,man sticker
"Build your own Science Sticker pack - funny nerd stickers, physics humor, choose any 5, laptop decals, for STEM lovers, students, teachers",https://www.etsy.com/listing/4485812000/build-your-own-science-sticker-pack,TheFABulousStudio,https://www.etsy.com/shop/TheFABulousStudio,17.99,0,0,0,0,0,1 Mo.,2,0,23,Paper & Party Supplies,54,0,0.0,935,"build your own,choose any 5,science stickers,nerd humor,physics sticker,laptop decals,custom sticker pack,stem humor,quantum mechanics,schrödinger's cat,gift for nerd,science student,multiple stickers",build your own,choose any 5,science stickers,nerd humor,physics sticker,laptop decals,custom sticker pack,stem humor,quantum mechanics,schrödinger's cat,gift for nerd,science student,multiple stickers
"Waiting on Parts Sticker, Funny Skeleton Mechanic Construction Blue Collar Work Humor Sarcastic Sticker For Water Bottle Gift",https://www.etsy.com/listing/4466938051/waiting-on-parts-sticker-funny-skeleton,husiiiLLC,https://www.etsy.com/shop/husiiiLLC,3.99,0,0,0,0,0,2 Mo.,1,0,11,Paper & Party Supplies,35,0,0.0,30684,"waiting on parts,skeleton mechanic,blue collar humor,mechanic meme,shop humor sticker,construction humor,sarcastic work joke,garage life meme,tool box humor,funny skeleton decal,water bottle sticker,mechanic gift,mechanic life",waiting on parts,skeleton mechanic,blue collar humor,mechanic meme,shop humor sticker,construction humor,sarcastic work joke,garage life meme,tool box humor,funny skeleton decal,water bottle sticker,mechanic gift,mechanic life
Lady Aviators Favorites Sticker Bundle,https://www.etsy.com/listing/1726595798/lady-aviators-favorites-sticker-bundle,LadyAviatorsInc,https://www.etsy.com/shop/LadyAviatorsInc,20.00,0,0,0,17,3,15 Mo.,5,0,399,Paper & Party Supplies,65,0,4.26,1488,"sticker,first solo,aviation gift,girls in aviation,aviation,gift for pilot,women in aviation,lady aviators,future pilot,female pilot,flight attendant,aviation mechanic,air traffic control",sticker,first solo,aviation gift,girls in aviation,aviation,gift for pilot,women in aviation,lady aviators,future pilot,female pilot,flight attendant,aviation mechanic,air traffic control
"Dibs On The Mechanic Sticker, mechanic wife, mechanic husband, love for your mechanic,  sticker decal - SHIPS FREE to USA",https://www.etsy.com/listing/4334661466/dibs-on-the-mechanic-sticker-mechanic,chrisandcinstudio,https://www.etsy.com/shop/chrisandcinstudio,2.45,0,0,0,0,0,10 Mo.,3,0,46,Paper & Party Supplies,40,0,0.0,5431,"dibs on the mechanic,vinyl sticker,car guy gift,funny sticker,wife sticker,mechanic sticker,engaged sticker,girlfriend sticker,dibs sticker,auto mechanic decal,sticker for mechanic,mechanic dad gifts,gf sticker",dibs on the mechanic,vinyl sticker,car guy gift,funny sticker,wife sticker,mechanic sticker,engaged sticker,girlfriend sticker,dibs sticker,auto mechanic decal,sticker for mechanic,mechanic dad gifts,gf sticker
Official 10mm Search Team Vinyl Decal (Pair),https://www.etsy.com/listing/4385432291/official-10mm-search-team-vinyl-decal,FabfreakShop,https://www.etsy.com/shop/FabfreakShop,10.00,0,0,0,0,0,7 Mo.,0,0,1,Electronics & Accessories,95,0,0.0,335,"gift for her,gift for him,car vinyl,car sticker,car decal,car accessory,mechanic sticker,shop decal,racecar decal,racer sticker,toolbox decal,tumbler decal,10mm socket",gift for her,gift for him,car vinyl,car sticker,car decal,car accessory,mechanic sticker,shop decal,racecar decal,racer sticker,toolbox decal,tumbler decal,10mm socket
Car svg bundle/Drag Racing svg/Racecar png/bumper sticker/car window decal/unique gift printable/trendy racing/checkered flag png/Race day,https://www.etsy.com/listing/1533480862/car-svg-bundledrag-racing-svgracecar,VenzAvenue,https://www.etsy.com/shop/VenzAvenue,6.99,0,0,0,0,0,33 Mo.,4,0,80,Craft Supplies & Tools,76,0,0.0,7,"car racing bundle,drag racing svg png,gift for car lovers,checkered flag png,race car printable,race day sweatshirt,mechanic unique gift,car sticker images,race car sublimation,dragrace vinyl decal,car window decal svg,trendy drag racing,trendy race car png",car racing bundle,drag racing svg png,gift for car lovers,checkered flag png,race car printable,race day sweatshirt,mechanic unique gift,car sticker images,race car sublimation,dragrace vinyl decal,car window decal svg,trendy drag racing,trendy race car png
"I’m a Mechanic SVG PNG, The Person Your Girl Calls When You Can’t Bust a Nut, Adult Humor Garage/Shop Sign, Man Cave, Cricut xTool Glowforge",https://www.etsy.com/listing/4386083028/im-a-mechanic-svg-png-the-person-your,SunbeamPressStore,https://www.etsy.com/shop/SunbeamPressStore,4.50,0,0,0,0,0,7 Mo.,4,0,14,Craft Supplies & Tools,10,0,0.0,2721,"adult humor svg,mechanic joke svg,bust a nut funny svg,garage shop sign svg,mechanic humor png,gift for husband png,fathers day gift svg,man cave sign svg,toolbox sticker svg,cricut svg file,glowforge laser svg,xtool laser cut svg,hat patch svg",adult humor svg,mechanic joke svg,bust a nut funny svg,garage shop sign svg,mechanic humor png,gift for husband png,fathers day gift svg,man cave sign svg,toolbox sticker svg,cricut svg file,glowforge laser svg,xtool laser cut svg,hat patch svg
Mechanics Are Not Tired They Are Exhausted Wrench Sticker – Funny Mechanic Gift,https://www.etsy.com/listing/4505318111/mechanics-are-not-tired-they-are,ThirteenTheoryCo,https://www.etsy.com/shop/ThirteenTheoryCo,2.99,0,0,0,0,0,1 Mo.,0,0,0,Paper & Party Supplies,2,0,0.0,32,"mechanic sticker,car lover gift,auto repair gift,mechanic stickers,gifts for him,sticker,blue collar,daily grind,garage life,shop vibes,trade life,work humor,vinyl stickers",mechanic sticker,car lover gift,auto repair gift,mechanic stickers,gifts for him,sticker,blue collar,daily grind,garage life,shop vibes,trade life,work humor,vinyl stickers
"Buckle Up & Shut Up Sticker - gearhead culture | Funny Gift for Him or Dad, Car Culture, UV-Resistant, Weatherproof Vinyl, Vinyl Decal",https://www.etsy.com/listing/4346873374/buckle-up-shut-up-sticker-road-trip,CheckOutMyEngine,https://www.etsy.com/shop/CheckOutMyEngine,9.99,0,0,0,0,0,9 Mo.,0,0,3,Paper & Party Supplies,84,0,0.0,8495,"car guy decal,funny bumper sticker,car dad gift,vinyl car sticker,funny car sticker,gift for him,mechanic gift,car culture gift,gearhead gift,car humor sticker,funny car decal,car lover gift,car guy gift",car guy decal,funny bumper sticker,car dad gift,vinyl car sticker,funny car sticker,gift for him,mechanic gift,car culture gift,gearhead gift,car humor sticker,funny car decal,car lover gift,car guy gift
"Sponsoring My Mechanic&#39;s Vacation Sticker - mechanic culture | Funny Gift for Him or Dad, Weatherproof Vinyl, Vinyl Decal, Car Culture",https://www.etsy.com/listing/4377506420/sponsoring-my-mechanics-vacation,CheckOutMyEngine,https://www.etsy.com/shop/CheckOutMyEngine,9.99,0,0,0,0,0,8 Mo.,0,0,2,Electronics & Accessories,84,0,0.0,8495,"gift for him,bumper sticker,car humor decal,vinyl car sticker,funny tool sticker,toolbox sticker,gearhead gift,car guy gift,mechanic humor decal,toolbox decal,automotive humor,garage life sticker,garage humor decal",gift for him,bumper sticker,car humor decal,vinyl car sticker,funny tool sticker,toolbox sticker,gearhead gift,car guy gift,mechanic humor decal,toolbox decal,automotive humor,garage life sticker,garage humor decal
"F-Bomb Sticker - car enthusiast energy | Great gift for Car Guys Who Use Foul Language, Car Culture, Vinyl Decal, Weatherproof Vinyl",https://www.etsy.com/listing/4435023085/f-bomb-sticker-bold-design-for-humor,CheckOutMyEngine,https://www.etsy.com/shop/CheckOutMyEngine,7.99,0,0,0,0,0,4 Mo.,4,0,11,Paper & Party Supplies,84,0,0.0,8495,"car dad gift,gift for him,toolbox decal,bumper sticker,car lover gift,vinyl car sticker,gearhead gift,car guy decal,mechanic gift,project car sticker,car culture gift,car humor decal,automotive humor",car dad gift,gift for him,toolbox decal,bumper sticker,car lover gift,vinyl car sticker,gearhead gift,car guy decal,mechanic gift,project car sticker,car culture gift,car humor decal,automotive humor
"Classic Kustom Vintage Hot Rod Sticker - mechanic culture | Great Gift for Him, Dad or Boyfriend, Made in USA, Outdoor Rated, Car Culture",https://www.etsy.com/listing/4326217202/classic-kustom-vintage-hot-rod-sticker,CheckOutMyEngine,https://www.etsy.com/shop/CheckOutMyEngine,9.99,0,0,0,0,0,11 Mo.,4,0,66,Paper & Party Supplies,84,0,0.0,8495,"car dad gift,vinyl car sticker,funny car sticker,mechanic gift,mechanic humor decal,car enthusiast gift,garage life sticker,funny tool sticker,gearhead gift,toolbox sticker,car humor decal,funny car decal,automotive humor",car dad gift,vinyl car sticker,funny car sticker,mechanic gift,mechanic humor decal,car enthusiast gift,garage life sticker,funny tool sticker,gearhead gift,toolbox sticker,car humor decal,funny car decal,automotive humor
Every Scratch Tells A Story And I Wrote It Bumper Sticker Vinyl Decal,https://www.etsy.com/listing/4378732457/every-scratch-tells-a-story-and-i-wrote,BighornGraphics,https://www.etsy.com/shop/BighornGraphics,6.50,0,0,0,0,0,8 Mo.,0,0,7,Paper & Party Supplies,10,0,0.0,15,"truck,gift for him,black,humor,mechanic,funny,builder,bumper sticker,vehicle,tool box sticker,stocking stuffer,vinyl decal",truck,gift for him,black,humor,mechanic,funny,builder,bumper sticker,vehicle,tool box sticker,stocking stuffer,vinyl decal,--
"Mechanic American Flag decal, wrench Flag decal, waterproof vinyl sticker, car decal, laptop sticker, window vinyl sticker",https://www.etsy.com/listing/1826093775/mechanic-american-flag-decal-wrench-flag,GuilleDesign,https://www.etsy.com/shop/GuilleDesign,13.59,0,0,0,0,0,18 Mo.,3,0,72,Paper & Party Supplies,130,0,0.0,2446,"vinyl decal,permanent sticker,car decal,waterproof decal,outdoor sticker,laptop decal,graduation gift,mechanic decal,gift for him,gift for mechanic,gift for husband,wrenches decal",vinyl decal,permanent sticker,car decal,waterproof decal,outdoor sticker,laptop decal,graduation gift,mechanic decal,gift for him,gift for mechanic,gift for husband,wrenches decal,--
Funny Tool Stickers | Blue Collar Humor Decals (Waterproof Vinyl),https://www.etsy.com/listing/4458087031/tool-sticker-10-pack-3-inch-waterproof,StickerMyLifeAZ,https://www.etsy.com/shop/StickerMyLifeAZ,2.96,0,0,0,0,0,3 Mo.,0,0,30,Paper & Party Supplies,48,0,0.0,1809,"tool sticker,funny tool sticker,construction sticker,blue collar humor,mechanic sticker,funny decal,toolbox sticker,hard hat sticker,gift for him,inappropriate,contractor gift,vinyl sticker,men humor sticker",tool sticker,funny tool sticker,construction sticker,blue collar humor,mechanic sticker,funny decal,toolbox sticker,hard hat sticker,gift for him,inappropriate,contractor gift,vinyl sticker,men humor sticker
"I Fix Shit Sticker - Kiss-Cut Sticker, Hard Hat Sticker, Tool Box Sticker, Funny Laptop Decal, Car Bumper Sticker",https://www.etsy.com/listing/1881927596/i-fix-shit-sticker-kiss-cut-sticker-hard,ColleensHiddenCloset,https://www.etsy.com/shop/ColleensHiddenCloset,3.99,0,0,0,0,0,14 Mo.,3,0,27,Paper & Party Supplies,39,0,0.0,2601,"handyman stickers,toolbox decals,diy repair,funny decals,laptop stickers,vinyl stickers,gift for mechanic,workshop decor,garage organization,cool stickers,mancave accessories,craft room supplies,tool lover present",handyman stickers,toolbox decals,diy repair,funny decals,laptop stickers,vinyl stickers,gift for mechanic,workshop decor,garage organization,cool stickers,mancave accessories,craft room supplies,tool lover present
I&#39;m Fatigued Engineer Sticker - Funny Engineering Sticker & Gift for Engineers,https://www.etsy.com/listing/4338491492/im-fatigued-engineer-sticker-funny,MinnieMadeDesigns,https://www.etsy.com/shop/MinnieMadeDesigns,3.00,0,0,0,5,1,10 Mo.,39,0,176,Paper & Party Supplies,13,0,2.84,669,"laptop sticker,funny gift,funny sticker,mechanic sticker,engineering sticker,engineer sticker,shop sticker,engineer gift,women in stem,mechanical engineer,gifts for engineers,materials engineer,stress sticker",laptop sticker,funny gift,funny sticker,mechanic sticker,engineering sticker,engineer sticker,shop sticker,engineer gift,women in stem,mechanical engineer,gifts for engineers,materials engineer,stress sticker
Not Fully Constrained CAD Sticker - Funny Engineering Sticker & Gift for Engineers,https://www.etsy.com/listing/4338490931/not-fully-constrained-cad-sticker-funny,MinnieMadeDesigns,https://www.etsy.com/shop/MinnieMadeDesigns,3.00,0,0,0,5,1,10 Mo.,22,0,142,Paper & Party Supplies,13,0,3.52,669,"laptop sticker,funny gift,funny sticker,mechanic sticker,engineering sticker,engineer sticker,shop sticker,cad sticker,machinist sticker,engineer gift,women in stem,mechanical engineer,gifts for engineers",laptop sticker,funny gift,funny sticker,mechanic sticker,engineering sticker,engineer sticker,shop sticker,cad sticker,machinist sticker,engineer gift,women in stem,mechanical engineer,gifts for engineers
MMCo Savor The Manuals Sticker,https://www.etsy.com/listing/4413724902/mmco-savor-the-manuals-sticker,MotorcarMediaCo,https://www.etsy.com/shop/MotorcarMediaCo,4.00,0,0,0,8,1,6 Mo.,0,0,48,Paper & Party Supplies,69,0,16.67,69,"auto enthusiast,sticker,vinyl,unisex,car guy gift,car girl gift,manual car,gift for him,gift for her,green,gold,slap sticker,mechanic gift",auto enthusiast,sticker,vinyl,unisex,car guy gift,car girl gift,manual car,gift for him,gift for her,green,gold,slap sticker,mechanic gift
"Diesel Mechanic Stickers Pack | Funny Garage Vinyl Stickers for Toolbox, Car, Truck, Laptop | Mechanic Humor & Diesel Pride Gifts",https://www.etsy.com/listing/1658080563/diesel-mechanic-stickers-pack-funny,STARLStudio,https://www.etsy.com/shop/STARLStudio,4.50,0,0,0,19,4,28 Mo.,53,0,2131,Paper & Party Supplies,35,33,0.89,10602,"stickers,phone stickers,notebook,sticker for laptop,diesel mechanic,mechanic,tools,car,engine,garage humor,funny mechanic art,diesel life decal,auto repair gift",stickers,phone stickers,notebook,sticker for laptop,diesel mechanic,mechanic,tools,car,engine,garage humor,funny mechanic art,diesel life decal,auto repair gift
Void Warranties For Fun Sticker: Car/Laptop Decal Gift,https://www.etsy.com/listing/4348780966/void-warranties-for-fun-sticker,StanceCompany,https://www.etsy.com/shop/StanceCompany,3.00,0,0,0,0,0,3 Mo.,2,0,8,Paper & Party Supplies,23,0,0.0,1342,"car sticker,car stickers,die cut stickers,water resistant,car lover gift,mens gift,gift for guys,car accessories,cricut stickers,vinyl sticker,mechanic gift,modified car sticker,void warrenties",car sticker,car stickers,die cut stickers,water resistant,car lover gift,mens gift,gift for guys,car accessories,cricut stickers,vinyl sticker,mechanic gift,modified car sticker,void warrenties
Lady Aviators &quot;Do It All&quot; Sticker,https://www.etsy.com/listing/904455373/lady-aviators-do-it-all-sticker,LadyAviatorsInc,https://www.etsy.com/shop/LadyAviatorsInc,8.00,0,0,0,73,13,58 Mo.,161,0,2105,Paper & Party Supplies,65,0,3.47,1488,"lady aviators,women in aviation,female pilot,air traffic control,sticker,flight attendant,aviation mechanic,aviation gift,gift for pilot,future pilot,first solo,girls in aviation,aviation decal",lady aviators,women in aviation,female pilot,air traffic control,sticker,flight attendant,aviation mechanic,aviation gift,gift for pilot,future pilot,first solo,girls in aviation,aviation decal
"Mini Foil Planner Sticker 1 cm, 42 pcs Gears | Cogs | Mechanical Icon",https://www.etsy.com/listing/717224787/mini-foil-planner-sticker-1-cm-42-pcs,PaperAndPrintsAU,https://www.etsy.com/shop/PaperAndPrintsAU,3.62,0,0,0,58,9,83 Mo.,83,0,903,Paper & Party Supplies,97,0,6.42,36509,"mechanical sticker,cogs sticker,gears sticker,planner stickers,foil sticker,digital planner,gift for her,teacher planner,happy planner,stickers planner,weekly planner,daily planner,acedemic planner",mechanical sticker,cogs sticker,gears sticker,planner stickers,foil sticker,digital planner,gift for her,teacher planner,happy planner,stickers planner,weekly planner,daily planner,acedemic planner
"Funny WD-420 Sticker | Waterproof Vinyl Decal for Laptop | Water Bottle, Toolbox, or Notebook | Hilarious Gift for Mechanics & Engineers",https://www.etsy.com/listing/1762821914/funny-wd-420-sticker-waterproof-vinyl,SpicyBaboon,https://www.etsy.com/shop/SpicyBaboon,3.73,0,0,0,0,0,5 Mo.,0,0,10,Electronics & Accessories,36,0,0.0,1411,"funny sticker,wd-420 sticker,waterproof sticker,vinyl sticker,toolbox sticker,hilarious sticker,sticker display,sticker laptop,window sticker,reading sticker,paycheck sticker,laptop stickers,good notes stickers",funny sticker,wd-420 sticker,waterproof sticker,vinyl sticker,toolbox sticker,hilarious sticker,sticker display,sticker laptop,window sticker,reading sticker,paycheck sticker,laptop stickers,good notes stickers
Garage Sign - Martini Racing - Easy to Hang - Size 15.75&quot; - Décor Wall Art Auto Personal Mancave,https://www.etsy.com/listing/4349903884/garage-sign-martini-racing-easy-to-hang,EchoesOfThePastSigns,https://www.etsy.com/shop/EchoesOfThePastSigns,10.74,0,0,0,0,0,9 Mo.,1,0,189,Home & Living,62,0,0.0,2638,"for him,sticker,gift for dad,gift for husband,gift car enthusiast,car restoration,racing,affordable gift,italian pride,ferrari,cocktail,mechanic workshop,boys bedroom decor",for him,sticker,gift for dad,gift for husband,gift car enthusiast,car restoration,racing,affordable gift,italian pride,ferrari,cocktail,mechanic workshop,boys bedroom decor
Garage Sign - Weber Carburettors - Authorized Agent - Easy to Hang - 16&quot; - Décor Wall Auto Personal Mancave,https://www.etsy.com/listing/1803528059/garage-sign-weber-carburettors,EchoesOfThePastSigns,https://www.etsy.com/shop/EchoesOfThePastSigns,25.05,0,0,0,0,0,19 Mo.,0,0,102,Home & Living,62,0,0.0,2638,"for him,sticker,decal,personal mancave,gift for dad,gift for husband,gift car enthusiast,love italian cars,italian pride,mechanic workshop",for him,sticker,decal,personal mancave,gift for dad,gift for husband,gift car enthusiast,love italian cars,italian pride,mechanic workshop,--,--,--
Funny Mechanic Stickers: Sarcastic Toolbox Vinyl Decals,https://www.etsy.com/listing/1201153752/funny-mechanic-stickers-sarcastic,samantha716creations,https://www.etsy.com/shop/samantha716creations,3.00,0,0,0,16,4,49 Mo.,68,0,710,Paper & Party Supplies,160,0,2.25,6857,"mechanic stickers,vinyl stickers,for laptop,for waterbottle,gift for mechanic,mechanic boyfriend,mechanic husband,mechanic dad,diesel mechanic gift,tool box stickers,sarcasm stickers,hydroflask sticker,gift for men",mechanic stickers,vinyl stickers,for laptop,for waterbottle,gift for mechanic,mechanic boyfriend,mechanic husband,mechanic dad,diesel mechanic gift,tool box stickers,sarcasm stickers,hydroflask sticker,gift for men
Garage Sign - Enzo Ferrari in an Alfa - Easy to Hang - Size 16&quot; - Décor Wall Art Auto Personal Mancave,https://www.etsy.com/listing/1789324402/garage-sign-enzo-ferrari-in-an-alfa-easy,EchoesOfThePastSigns,https://www.etsy.com/shop/EchoesOfThePastSigns,25.05,0,0,0,0,0,19 Mo.,0,0,66,Home & Living,62,0,0.0,2638,"for him,sticker,decal,gift for dad,gift for husband,gift car enthusiast,love italian cars,italian pride,garage decor,mechanic workshop,boys bedroom decor,personal mancave,vintage car",for him,sticker,decal,gift for dad,gift for husband,gift car enthusiast,love italian cars,italian pride,garage decor,mechanic workshop,boys bedroom decor,personal mancave,vintage car
Garage Sign - Weber Carburetors - Size 16.5&quot; - Easy to Hang | Décor Wall Art Auto Personal Mancave,https://www.etsy.com/listing/4480460885/garage-sign-weber-carburetors-size-165,EchoesOfThePastSigns,https://www.etsy.com/shop/EchoesOfThePastSigns,10.74,0,0,0,0,0,2 Mo.,0,0,10,Home & Living,62,0,0.0,2638,"for him,sticker,decal,gift for dad,gift for husband,gift car enthusiast,love italian cars,italian pride,mechanic workshop,car engine parts,car performance",for him,sticker,decal,gift for dad,gift for husband,gift car enthusiast,love italian cars,italian pride,mechanic workshop,car engine parts,car performance,--,--
Sometimes the Best Man for the Job is a Woman Sticker | Engineering Empowerment Sticker,https://www.etsy.com/listing/1431422963/sometimes-the-best-man-for-the-job-is-a,TheConfidentEngineer,https://www.etsy.com/shop/TheConfidentEngineer,3.25,0,0,0,12,3,38 Mo.,86,0,383,Paper & Party Supplies,45,0,3.13,1551,"engineer sticker,gift for engineers,engineering,civil engineer,women in stem,steminist,engineering sticker,mechanical engineer,software engineer,computer engineer,laptop engineer,hardhat sticker,engineering gifts",engineer sticker,gift for engineers,engineering,civil engineer,women in stem,steminist,engineering sticker,mechanical engineer,software engineer,computer engineer,laptop engineer,hardhat sticker,engineering gifts
"I Void Warranties Transparent Outdoor Stickers, Die-Cut, 1pcs",https://www.etsy.com/listing/1363891838/i-void-warranties-transparent-outdoor,MECHANICLIFE,https://www.etsy.com/shop/MECHANICLIFE,5.40,0,0,0,0,0,32 Mo.,0,0,16,Home & Living,32,0,0.0,11,"sticker,bumper sticker,vinyl,indoor,outdoor,custom,printed,mechanic,gift for him,gift for her",sticker,bumper sticker,vinyl,indoor,outdoor,custom,printed,mechanic,gift for him,gift for her,--,--,--
"Speed Cures Everything Transparent Outdoor Stickers, Die-Cut, 1pcs",https://www.etsy.com/listing/1363891684/speed-cures-everything-transparent,MECHANICLIFE,https://www.etsy.com/shop/MECHANICLIFE,5.40,0,0,0,0,0,32 Mo.,2,0,29,Home & Living,32,0,0.0,11,"sticker,bumper sticker,vinyl,indoor,outdoor,custom,printed,mechanic,gift for him,gift for her",sticker,bumper sticker,vinyl,indoor,outdoor,custom,printed,mechanic,gift for him,gift for her,--,--,--
"Automotive Kiss-Cut Stickers - V8 Engine On Wheels, Racing Car Decal, Vehicle Vinyl Sticker, Car Lover Gift, Auto Enthusiast Merch",https://www.etsy.com/listing/1872513908/automotive-kiss-cut-stickers-v8-engine,JoFoStickers,https://www.etsy.com/shop/JoFoStickers,4.54,0,0,0,0,0,11 Mo.,0,0,22,Paper & Party Supplies,15,0,0.0,149,"car stickers,v8 engine,automotive decals,car enthusiast,vinyl sticker,mechanic gift,vehicle decal,auto lover,custom stickers,classic car,retro design,gift for him,car accessories",car stickers,v8 engine,automotive decals,car enthusiast,vinyl sticker,mechanic gift,vehicle decal,auto lover,custom stickers,classic car,retro design,gift for him,car accessories
"Bumper Sticker says I&#39;d Rather Be Welding. Gift for Welders, PipeFitters, Mechanics, Metal Workers, Sculptors and more. Works on Windows too",https://www.etsy.com/listing/1647794535/bumper-sticker-says-id-rather-be-welding,StickerPlayer,https://www.etsy.com/shop/StickerPlayer,7.55,0,0,0,0,0,29 Mo.,0,0,7,Paper & Party Supplies,29,0,0.0,2,"bumper sticker,car decal,transfer,social media sticker,welding metal,diamond plate",bumper sticker,car decal,transfer,social media sticker,welding metal,diamond plate,--,--,--,--,--,--,--
Mud Sweat Gears Off-Road Racing Tumbler Wrap PNG - Digital Sublimation Design Download,https://www.etsy.com/listing/4362695638/mud-sweat-gears-off-road-racing-tumbler,AramoraCreations,https://www.etsy.com/shop/AramoraCreations,1.99,0,0,0,0,0,8 Mo.,1,0,3,Art & Collectibles,27,0,0.0,236,"automotive checkered,motorsport offroad,custom theme track,racer tire flag gift,art for enthusiast,adventure mechanic,extreme graphic dirt,monster outdoor line,driver engine finish,grunge helmet rugged,sticker terrain jeep,vehicle sticky bumpy,competition truck",automotive checkered,motorsport offroad,custom theme track,racer tire flag gift,art for enthusiast,adventure mechanic,extreme graphic dirt,monster outdoor line,driver engine finish,grunge helmet rugged,sticker terrain jeep,vehicle sticky bumpy,competition truck
Aviator Kiss-Cut Stickers: Glossy Vinyl Decals for Travel Lovers,https://www.etsy.com/listing/4361246774/aviator-kiss-cut-stickers-glossy-vinyl,SantorellyAviation,https://www.etsy.com/shop/SantorellyAviation,2.00,0,0,0,0,0,9 Mo.,2,0,17,Paper & Party Supplies,132,0,0.0,31,"kiss-cut stickers,airplane sticker,travel lover,road trip gifts,adventure decor,aviation enthusiast,travel themed art,gift for travelers,inspirational quote,gifts for pilots,aviation mechanic,airline pilot,flight attendant",kiss-cut stickers,airplane sticker,travel lover,road trip gifts,adventure decor,aviation enthusiast,travel themed art,gift for travelers,inspirational quote,gifts for pilots,aviation mechanic,airline pilot,flight attendant
Car Decal - My Garage is My Happy Place - Mechanic Vinyl Sticker - Gift for Dad,https://www.etsy.com/listing/4406024159/car-decal-my-garage-is-my-happy-place,SarasMiniverse,https://www.etsy.com/shop/SarasMiniverse,7.15,0,0,0,0,0,1 Mo.,0,0,0,Paper & Party Supplies,1,0,0.0,0,"car decal,car sticker,truck decal,gift for dad,xmas gift for dad,dad christmas gift,fathers day gift,gift for grandpa,mancave decal,grandpa xmas gift,garage decal,carpenter decal,gift for carpenter",car decal,car sticker,truck decal,gift for dad,xmas gift for dad,dad christmas gift,fathers day gift,gift for grandpa,mancave decal,grandpa xmas gift,garage decal,carpenter decal,gift for carpenter
"Pipefitter Vinyl Decal: Steamfitter Car, Laptop, Tumbler Sticker",https://www.etsy.com/listing/4308097247/pipefitter-vinyl-decal-steamfitter-car,FlowerArtSVG,https://www.etsy.com/shop/FlowerArtSVG,4.01,0,0,0,0,0,10 Mo.,0,0,8,Paper & Party Supplies,18,0,0.0,582,"vinyl sticker,gift for,decal,vinyl decal,pipefitter,steamfitter,journeyman,pipefitting tech,mechanical systems,piping installer,pipe welder,hvac pipefitter,pipefitting",vinyl sticker,gift for,decal,vinyl decal,pipefitter,steamfitter,journeyman,pipefitting tech,mechanical systems,piping installer,pipe welder,hvac pipefitter,pipefitting
TDTM racing svg/Funny drag racing svg/trendy racing png/ printable sublimation image/Racecar bumper sticker/Car window decal/unique gift,https://www.etsy.com/listing/1533104234/tdtm-racing-svgfunny-drag-racing,VenzAvenue,https://www.etsy.com/shop/VenzAvenue,1.90,0,0,0,0,0,33 Mo.,0,0,6,Craft Supplies & Tools,76,0,0.0,7,"drag racing svg png,gift for car lovers,race car printable,race day sweatshirt,mechanic unique gift,car sticker images,race car sublimation,dragrace vinyl decal,car window decal svg,trendy drag racing,trendy race car png,funny bumper sticker,naughty acronym png",drag racing svg png,gift for car lovers,race car printable,race day sweatshirt,mechanic unique gift,car sticker images,race car sublimation,dragrace vinyl decal,car window decal svg,trendy drag racing,trendy race car png,funny bumper sticker,naughty acronym png
1973 Ford Bronco Sticker: Classic Automotive Art,https://www.etsy.com/listing/1562169142/1973-ford-bronco-sticker-classic,MyStickerHabit,https://www.etsy.com/shop/MyStickerHabit,3.45,0,0,0,29,10,32 Mo.,51,0,789,Paper & Party Supplies,193,0,3.68,1125,"waterproof stickers,vinyl stickers,sticker for iphone,summer stickers,classic car sticker,mechanic gifts,automotive art,ford bronco sticker,1973 ford bronco,classic car gifts,ford bronco gifts,off-roading sticker,ford stickers",waterproof stickers,vinyl stickers,sticker for iphone,summer stickers,classic car sticker,mechanic gifts,automotive art,ford bronco sticker,1973 ford bronco,classic car gifts,ford bronco gifts,off-roading sticker,ford stickers
"CH-46 Sea Knight, Funny Military Stickers, Funny Military Gift, Marine Corps Sticker, Military Aviation Gift, CH46 Phrog, Gift for Pilot",https://www.etsy.com/listing/1830117883/ch-46-sea-knight-funny-military-stickers,BarracksBoutiqueCo,https://www.etsy.com/shop/BarracksBoutiqueCo,5.99,0,0,0,0,0,18 Mo.,0,0,23,Paper & Party Supplies,19,0,0.0,22,"aviation mechanic,gift for pilot,ch46 phrog,phrog,marine corps,navy,military gift,military aviation,military pilot,flight line gift,ch53 super stallion,navy marines helo,military sticker",aviation mechanic,gift for pilot,ch46 phrog,phrog,marine corps,navy,military gift,military aviation,military pilot,flight line gift,ch53 super stallion,navy marines helo,military sticker
"Mechanic Travel Mug, Gift for Mechanic, Funny Gift for Mechanic, Mechanic Tumbler, Mechanic Gift, Custom Mechanic Gift, Mug for Mechanic",https://www.etsy.com/listing/4341621573/mechanic-travel-mug-gift-for-mechanic,Giftyeye,https://www.etsy.com/shop/Giftyeye,58.75,0,0,0,0,0,10 Mo.,0,0,3,Home & Living,68,0,0.0,3004,"mechanic,mechanic gift,gift for mechanic,mechanic mug,funny mechanic gift,mechanic funny gift,mechanic birthday,mechanic christmas,custom mechanic gift,mechanic hogwarts,mechanic sticker,mechanic tumbler,mechanic travel mug",mechanic,mechanic gift,gift for mechanic,mechanic mug,funny mechanic gift,mechanic funny gift,mechanic birthday,mechanic christmas,custom mechanic gift,mechanic hogwarts,mechanic sticker,mechanic tumbler,mechanic travel mug
"Check Engine Light Digital Download, This Little Light Light Of Mine I&#39;m Gonna Let It Shine Decal, Cricut, Silhouette, LXi, Flexi and More",https://www.etsy.com/listing/4485618080/check-engine-light-digital-download-this,PanoramicPrint,https://www.etsy.com/shop/PanoramicPrint,2.99,0,0,0,0,0,1 Mo.,0,0,2,Paper & Party Supplies,41,0,0.0,454,"gift for men,gift for dad,gift for mechanic,blue collar,check engine png,check engine pdf,check engine svg,mechanic stickers,gas light decal,high gas prices,gas prices sticker,dumpster fire,funny stickers",gift for men,gift for dad,gift for mechanic,blue collar,check engine png,check engine pdf,check engine svg,mechanic stickers,gas light decal,high gas prices,gas prices sticker,dumpster fire,funny stickers
"Devil&#39;s Garage Kiss-Cut Stickers, Car Decal, Satan Sticker, Laptop Decal, Bumper Sticker, Evil Sticker",https://www.etsy.com/listing/1829458183/devils-garage-kiss-cut-stickers-car,PsychobillyArts,https://www.etsy.com/shop/PsychobillyArts,3.50,0,0,0,0,0,18 Mo.,0,0,3,Paper & Party Supplies,18,0,0.0,119,"devil's garage,garage sticker,car,sticker pack,laptop decor,automotive theme,satanic art,cool stickers,vehicle enthusiast,gift for mechanic,demonic design,unique decals,auto decoration",devil's garage,garage sticker,car,sticker pack,laptop decor,automotive theme,satanic art,cool stickers,vehicle enthusiast,gift for mechanic,demonic design,unique decals,auto decoration
"Burning Out My Budget Sticker - garage rat humor | Unique Gift for Car Enthusiasts, UV-Resistant, Car Culture, Made in USA, Vinyl Decal",https://www.etsy.com/listing/4355468710/burning-out-my-budget-sticker-hand,CheckOutMyEngine,https://www.etsy.com/shop/CheckOutMyEngine,9.99,0,0,0,0,0,9 Mo.,0,0,2,Electronics & Accessories,84,0,0.0,8495,"car dad gift,funny car decal,car lover gift,automotive humor,car guy gift,garage rat gift,vinyl car sticker,car humor sticker,car guy decal,mechanic gift,project car sticker,car culture gift,gift for him",car dad gift,funny car decal,car lover gift,automotive humor,car guy gift,garage rat gift,vinyl car sticker,car humor sticker,car guy decal,mechanic gift,project car sticker,car culture gift,gift for him
"Route 66 Rockin&#39; Road Trip Sticker - car guy life | Birthday Present for Car Guys, Vinyl Decal, Car Culture, Made in USA, Outdoor Rated",https://www.etsy.com/listing/4346881164/route-66-rockin-road-trip-sticker-iconic,CheckOutMyEngine,https://www.etsy.com/shop/CheckOutMyEngine,9.99,0,0,0,0,0,9 Mo.,1,0,30,Paper & Party Supplies,84,0,0.0,8495,"funny car sticker,gearhead gift,car humor decal,vinyl car sticker,car enthusiast gift,funny car decal,gift for him,mechanic gift,toolbox decal,garage rat gift,car guy gift,car dad gift,car guy decal",funny car sticker,gearhead gift,car humor decal,vinyl car sticker,car enthusiast gift,funny car decal,gift for him,mechanic gift,toolbox decal,garage rat gift,car guy gift,car dad gift,car guy decal
"I AM CRINGE Sticker - car guy life | Birthday Present for Car Guys, Car Culture, Weatherproof Vinyl, UV-Resistant, Outdoor Rated",https://www.etsy.com/listing/4367125711/i-am-cringe-holographic-sticker-funny,CheckOutMyEngine,https://www.etsy.com/shop/CheckOutMyEngine,10.99,0,0,0,0,0,8 Mo.,1,0,9,Electronics & Accessories,84,0,0.0,8495,"vinyl car sticker,car culture gift,mechanic gift,car guy gift,car humor decal,gearhead gift,car guy decal,car enthusiast gift,funny car decal,gift for him,garage rat gift,car humor sticker,funny bumper sticker",vinyl car sticker,car culture gift,mechanic gift,car guy gift,car humor decal,gearhead gift,car guy decal,car enthusiast gift,funny car decal,gift for him,garage rat gift,car humor sticker,funny bumper sticker
DANGER Stand Back I&#39;m About To Do Some Stupid Sh*t Bumper Sticker Vinyl Decal,https://www.etsy.com/listing/4378249189/danger-stand-back-im-about-to-do-some,BighornGraphics,https://www.etsy.com/shop/BighornGraphics,6.50,0,0,0,0,0,8 Mo.,3,0,3,Paper & Party Supplies,10,0,0.0,15,"truck,decal,gift for him,black,humor,mechanic,funny,builder,bumper sticker,vehicle,tool box sticker,danger,stocking stuffer",truck,decal,gift for him,black,humor,mechanic,funny,builder,bumper sticker,vehicle,tool box sticker,danger,stocking stuffer
Mech Holographic Sticker | Area Control | Sci-Fi Gaming Decal | 3.7x5.5” | Glossy or Matte,https://www.etsy.com/listing/4360172558/mech-holographic-vinyl-sticker-area,vizerall,https://www.etsy.com/shop/vizerall,9.99,0,0,0,0,0,9 Mo.,11,0,109,Paper & Party Supplies,43,0,0.0,4969,"gaming sticker,sci-fi sticker,bottle sticker,laptop sticker,gift for boyfriend,gaming decor,cool sticker for men,gamer gear,geek gift,futuristic sticker,dystopian sticker,mech sticker,mechanical sticker",gaming sticker,sci-fi sticker,bottle sticker,laptop sticker,gift for boyfriend,gaming decor,cool sticker for men,gamer gear,geek gift,futuristic sticker,dystopian sticker,mech sticker,mechanical sticker
Challenger 350 Airplane Sticker: Aviation Gift for Pilot,https://www.etsy.com/listing/1760672427/challenger-350-airplane-sticker-aviation,KassiSkyeStudio,https://www.etsy.com/shop/KassiSkyeStudio,4.00,0,0,0,0,0,22 Mo.,5,0,72,Paper & Party Supplies,48,0,0.0,318,"challenger 350,aircraft sticker,airplane sticker,aviation enthusiast,pilot sticker,aircraft mechanic,gift for pilot,female pilot gift,women in aviation,aircraft technician,flight attendant,flight instructor,air travel sticker",challenger 350,aircraft sticker,airplane sticker,aviation enthusiast,pilot sticker,aircraft mechanic,gift for pilot,female pilot gift,women in aviation,aircraft technician,flight attendant,flight instructor,air travel sticker
Check Engine Light Vinyl Decal,https://www.etsy.com/listing/1365550320/check-engine-light-vinyl-decal,CDDGraffixDesign,https://www.etsy.com/shop/CDDGraffixDesign,8.99,0,0,0,2,0,41 Mo.,4,0,97,Electronics & Accessories,41,0,2.06,10421,"car meme sticker,broken vehicle decal,check engine meme,check engine decal,check engine sticker,funny car sticker,funny car decal,check engine light,gifts for mechanics,engine light decal,mechanic vinyl decal,mechanic sticker,mechanic gifts",car meme sticker,broken vehicle decal,check engine meme,check engine decal,check engine sticker,funny car sticker,funny car decal,check engine light,gifts for mechanics,engine light decal,mechanic vinyl decal,mechanic sticker,mechanic gifts
"Funny Safety Warning Bundle | 4 Stickers + 1 Magnet | Water-Resistant Vinyl Decals for Garage, Man Cave, Workshop | Caution Signs Handmade",https://www.etsy.com/listing/1902812083/funny-safety-warning-bundle-4-stickers-1,Zinitra,https://www.etsy.com/shop/Zinitra,9.99,0,0,0,0,0,13 Mo.,2,0,49,Paper & Party Supplies,124,0,0.0,28,"funny warning,garage decor,mancave decal,safety bundle,workplace humor,caution sign,vinyl sticker,tool box sticker,workshop decal,funny gift for men,water-resistant,mechanic gift,gag gift",funny warning,garage decor,mancave decal,safety bundle,workplace humor,caution sign,vinyl sticker,tool box sticker,workshop decal,funny gift for men,water-resistant,mechanic gift,gag gift
"Funny Diesel Pole Dance Vinyl Decal, Trucker Gift",https://www.etsy.com/listing/4312771419/funny-diesel-decal-will-dance-for-diesel,DBsTreasureShop,https://www.etsy.com/shop/DBsTreasureShop,7.25,0,0,0,0,0,12 Mo.,4,0,59,Electronics & Accessories,41,0,0.0,280,"diesel decal,funny truck decal,mechanic gift,pole dance sticker,diesel sticker,truck window decal,shop humor decal,toolbox decal,dance for diesel,vinyl truck decal,hilarious,diesel community,gift",diesel decal,funny truck decal,mechanic gift,pole dance sticker,diesel sticker,truck window decal,shop humor decal,toolbox decal,dance for diesel,vinyl truck decal,hilarious,diesel community,gift
Sniff My Diff Land Rover Vinyl Decal,https://www.etsy.com/listing/1706661744/sniff-my-diff-land-rover-vinyl-decal,ApocalypseArtifacts,https://www.etsy.com/shop/ApocalypseArtifacts,2.35,0,0,0,0,0,25 Mo.,27,0,642,Paper & Party Supplies,70,0,0.0,2673,"vinyl sticker,car sticker,farmers,gift for farmer,land rover,land rover gifts,landrover,4x4,off road,mechanic,british,defender,sniff my diff",vinyl sticker,car sticker,farmers,gift for farmer,land rover,land rover gifts,landrover,4x4,off road,mechanic,british,defender,sniff my diff
"Mechanic Pin-Up Sticker - Carmen, Grease & Glam",https://www.etsy.com/listing/4357975823/mechanic-pin-up-sticker-carmen-grease,CherryNekoTokyo,https://www.etsy.com/shop/CherryNekoTokyo,4.99,0,0,0,0,0,3 Mo.,9,0,71,Paper & Party Supplies,3,0,0.0,16,"mechanic pinup,garage girl,grease monkey,toolbox beauty,retro mechanic,vintage pinup,pinup sticker,sexy sticker,vinyl decal,laptop sticker,gift for her,career pinup,profession pinup",mechanic pinup,garage girl,grease monkey,toolbox beauty,retro mechanic,vintage pinup,pinup sticker,sexy sticker,vinyl decal,laptop sticker,gift for her,career pinup,profession pinup
I Void Warranties Bumper Stickers,https://www.etsy.com/listing/1380861799/i-void-warranties-bumper-stickers,MECHANICLIFE,https://www.etsy.com/shop/MECHANICLIFE,6.74,0,0,0,0,0,32 Mo.,54,0,740,Paper & Party Supplies,32,0,0.0,11,"sticker,bumper sticker,viny,indoor,outdoor,custom,printed,mechanic,gift for him,gift for her",sticker,bumper sticker,viny,indoor,outdoor,custom,printed,mechanic,gift for him,gift for her,--,--,--
"I Void Warranties Transparent Outdoor Stickers, Die-Cut, 1pcs",https://www.etsy.com/listing/1377886789/i-void-warranties-transparent-outdoor,MECHANICLIFE,https://www.etsy.com/shop/MECHANICLIFE,5.40,0,0,0,0,0,32 Mo.,0,0,16,Home & Living,32,0,0.0,11,"sticker,bumper sticker,vinyl,indoor,outdoor,custom,printed,mechanic,gift for him,gift for her",sticker,bumper sticker,vinyl,indoor,outdoor,custom,printed,mechanic,gift for him,gift for her,--,--,--
747 CO. | Support Blue Collar | Window Decal | Diecut | Skilled Trades | Window Sticker | Work Wear,https://www.etsy.com/listing/1794877538/747-co-support-blue-collar-window-decal,747CreationsShop,https://www.etsy.com/shop/747CreationsShop,9.10,0,0,0,0,0,9 Mo.,2,0,67,Electronics & Accessories,75,0,0.0,1167,"blue collar,support the trades,dirty hands,skilled trades,gifts for him,work wear,electrician,mechanic,hvac,plumber,blue collar decal,blue collar sticker,support blue collar",blue collar,support the trades,dirty hands,skilled trades,gifts for him,work wear,electrician,mechanic,hvac,plumber,blue collar decal,blue collar sticker,support blue collar
"Engine Car Sticker, Pistons Decal for Car, Bumper Sticker for a Mechanical Engineer, Car Parts Vinyl",https://www.etsy.com/listing/4357940369/engine-car-sticker-pistons-decal-for-car,BadgeCloud,https://www.etsy.com/shop/BadgeCloud,7.04,0,0,0,0,0,1 Mo.,0,0,0,Paper & Party Supplies,14,0,0.0,37,"engine,pistons,engineer,engineering,engine sticker,car sticker,mechanic gift,automotive decal,diy project,toolbox decor,laptop decal,car parts,gift for engineer",engine,pistons,engineer,engineering,engine sticker,car sticker,mechanic gift,automotive decal,diy project,toolbox decor,laptop decal,car parts,gift for engineer
Angry Monkey Mechanic Sticker: Quirky Vintage Art Decor,https://www.etsy.com/listing/4354783903/angry-monkey-mechanic-sticker-quirky,ClickClickCluck,https://www.etsy.com/shop/ClickClickCluck,5.88,0,0,0,0,0,4 Mo.,0,0,0,Paper & Party Supplies,70,0,0.0,0,"funny stickers,funny monkey sticker,gears art sticker,quirky stickers,gear art stickers,wrench sticker,creative stickers,mechanical stickers,whimsical stickers,engineering stickers,humorous decor,gift for mechanic,gear head sticker",funny stickers,funny monkey sticker,gears art sticker,quirky stickers,gear art stickers,wrench sticker,creative stickers,mechanical stickers,whimsical stickers,engineering stickers,humorous decor,gift for mechanic,gear head sticker
"Jet Ski Mechanic Vinyl Decal: PWC Tech Car, Laptop, Tumbler Sticker",https://www.etsy.com/listing/4309057449/jet-ski-mechanic-vinyl-decal-pwc-tech,FlowerArtSVG,https://www.etsy.com/shop/FlowerArtSVG,4.01,0,0,0,0,0,10 Mo.,2,0,11,Paper & Party Supplies,18,0,0.0,582,"vinyl sticker,gift for,decal,vinyl decal,jet ski mechanic,jet ski technician,jet ski tech,watercraft tech,jet ski repair,jet ski repairer,marine service tech,powercraft mechanic,marine mechanic",vinyl sticker,gift for,decal,vinyl decal,jet ski mechanic,jet ski technician,jet ski tech,watercraft tech,jet ski repair,jet ski repairer,marine service tech,powercraft mechanic,marine mechanic
It&#39;s Boost O&#39;clock Vinyl Sticker: Funny Turbo Car Decal,https://www.etsy.com/listing/1443145167/its-boost-oclock-vinyl-sticker-funny,TheOldLadyZ,https://www.etsy.com/shop/TheOldLadyZ,5.25,0,0,0,0,0,38 Mo.,13,0,79,Paper & Party Supplies,51,0,0.0,1393,"funny sticker,stocking stuffer,water bottle decal,car guy sticker,funny car sticker,car guy gift,gift for car guy,funny race sticker,gift for men,boost o'clock,funny mechanic decal,mechanic gifts,turbocharger sticker",funny sticker,stocking stuffer,water bottle decal,car guy sticker,funny car sticker,car guy gift,gift for car guy,funny race sticker,gift for men,boost o'clock,funny mechanic decal,mechanic gifts,turbocharger sticker
"Safety Third Sticker – Construction Worker Decal, Hard Hat Humor Vinyl",https://www.etsy.com/listing/4465734347/safety-third-sticker-construction-worker,ThirteenTheoryCo,https://www.etsy.com/shop/ThirteenTheoryCo,3.49,0,0,0,10,1,2 Mo.,4,1,37,Paper & Party Supplies,2,0,27.03,32,"hard hat sticker,blue collar decal,tradesman gift,mechanic sticker,forklift operator,fathers day gift,bottle sticker,hard hat stickers,vinyl sticker,gifts for him,blue collar sticker,waterproof stickers,holographic stickers",hard hat sticker,blue collar decal,tradesman gift,mechanic sticker,forklift operator,fathers day gift,bottle sticker,hard hat stickers,vinyl sticker,gifts for him,blue collar sticker,waterproof stickers,holographic stickers
Auto Maintenance Planner Stickers: Car Care Checklist,https://www.etsy.com/listing/706877271/auto-maintenance-planner-stickers-car,UpwardJournals,https://www.etsy.com/shop/UpwardJournals,5.00,0,0,0,43,9,84 Mo.,135,0,2357,Paper & Party Supplies,124,0,1.82,15116,"planner stickers,auto maintenance,car maintenance,auto repair stickers,car inspection,oil change stickers,car repair stickers,rotate tires,mechanic stickers,new car stickers,new drivers gifts,gifts for drivers,new car owner gifts",planner stickers,auto maintenance,car maintenance,auto repair stickers,car inspection,oil change stickers,car repair stickers,rotate tires,mechanic stickers,new car stickers,new drivers gifts,gifts for drivers,new car owner gifts
"Funny Safety Warning Sticker | Toxic Hazard | Water-Resistant Vinyl Decal for Tool Box, Workshop, Garage, Man Cave | Humorous Caution Label",https://www.etsy.com/listing/1886875312/funny-safety-warning-sticker-toxic,Zinitra,https://www.etsy.com/shop/Zinitra,3.25,0,0,0,0,0,13 Mo.,1,0,9,Electronics & Accessories,124,0,0.0,28,"funny sticker,safety decal,workshop decor,garage sticker,toolbox decal,mancave decor,caution label,vinyl sticker,waterproof decal,workplace humor,mechanic gift,handmade sticker,gift for him",funny sticker,safety decal,workshop decor,garage sticker,toolbox decal,mancave decor,caution label,vinyl sticker,waterproof decal,workplace humor,mechanic gift,handmade sticker,gift for him
I&#39;m Stressed Engineer Sticker - Funny Engineering Sticker & Gift for Engineers,https://www.etsy.com/listing/4345938621/im-stressed-engineer-sticker-funny,MinnieMadeDesigns,https://www.etsy.com/shop/MinnieMadeDesigns,3.00,0,0,0,5,1,9 Mo.,55,0,292,Paper & Party Supplies,13,0,1.71,669,"laptop sticker,funny gift,funny sticker,mechanic sticker,engineering sticker,engineer sticker,shop sticker,engineer gift,women in stem,mechanical engineer,gifts for engineers,materials engineer,stress sticker",laptop sticker,funny gift,funny sticker,mechanic sticker,engineering sticker,engineer sticker,shop sticker,engineer gift,women in stem,mechanical engineer,gifts for engineers,materials engineer,stress sticker
"Automotive Kiss-Cut Stickers - V8 Car burnout, Racing Car Decal, Vehicle Vinyl Sticker, Car Lover Gift, Auto Enthusiast Merch",https://www.etsy.com/listing/1886715689/automotive-kiss-cut-stickers-v8-car,JoFoStickers,https://www.etsy.com/shop/JoFoStickers,4.54,0,0,0,0,0,11 Mo.,1,0,17,Paper & Party Supplies,15,0,0.0,149,"car stickers,v8 engine,automotive decals,car enthusiast,vinyl sticker,mechanic gift,vehicle decal,auto lover,custom stickers,classic car,retro design,gift for him,car accessories",car stickers,v8 engine,automotive decals,car enthusiast,vinyl sticker,mechanic gift,vehicle decal,auto lover,custom stickers,classic car,retro design,gift for him,car accessories
"Don&#39;t Touch My Tools svg, Mechanic svg, Funny Toolbox Vinyl Decal Design Files For Cricut, Silhouette, Laser cut, CNC, png, vector file",https://www.etsy.com/listing/1709830143/dont-touch-my-tools-svg-mechanic-svg,VDMShop,https://www.etsy.com/shop/VDMShop,6.90,0,0,0,0,0,16 Mo.,9,0,179,Craft Supplies & Tools,58,0,0.0,7927,"funny quotes svg,toolbox sticker,mechanic shirt,dad mechanic svg,mechanic american,happy labor day svg,do not touch svg,gifts for him,tools clipart,garage svg,mechanic tools svg,repair tools svg,handyman svg",funny quotes svg,toolbox sticker,mechanic shirt,dad mechanic svg,mechanic american,happy labor day svg,do not touch svg,gifts for him,tools clipart,garage svg,mechanic tools svg,repair tools svg,handyman svg
"Lowlife Car Sticker: Water Resistant Decal for Laptop, Tumbler",https://www.etsy.com/listing/4348779958/lowlife-car-sticker-water-resistant,StanceCompany,https://www.etsy.com/shop/StanceCompany,3.00,0,0,0,0,0,3 Mo.,0,0,4,Paper & Party Supplies,23,0,0.0,1342,"car sticker,car stickers,die cut stickers,water resistant,car lover gift,mens gift,gift for guys,car accessories,cricut stickers,vinyl sticker,mechanic gift,car spoiler sticker,modified car sticker",car sticker,car stickers,die cut stickers,water resistant,car lover gift,mens gift,gift for guys,car accessories,cricut stickers,vinyl sticker,mechanic gift,car spoiler sticker,modified car sticker
"Combustion Engine Rule #1 stickers, mechanic stickers,car enthusiasts stickers,custom car stickers,racing stickers,funny stickers,gift",https://www.etsy.com/listing/1312366454/combustion-engine-rule-1-stickers,JayEllenCreations,https://www.etsy.com/shop/JayEllenCreations,8.00,0,0,0,0,0,29 Mo.,0,0,26,Paper & Party Supplies,30,0,0.0,65,"ford car,chevy car,trendy stickers,mechanic stickers,custom mechanic t,sarcastic gift,naughty stickers,sarcastic stickers,gift for dad,truck,4x4,electric car,combustion engine",ford car,chevy car,trendy stickers,mechanic stickers,custom mechanic t,sarcastic gift,naughty stickers,sarcastic stickers,gift for dad,truck,4x4,electric car,combustion engine
Funny Horsepower Pun Bumper Sticker: Car/Laptop Vinyl Decal,https://www.etsy.com/listing/4301656755/funny-horsepower-pun-bumper-sticker,Koellite,https://www.etsy.com/shop/Koellite,17.80,0,0,0,0,0,12 Mo.,7,0,50,Paper & Party Supplies,21,0,0.0,58,"funny car sticker,horsepower sticker,horse lover gift,silly car decal,car guy humor,mechanic gift idea,sarcastic car decal,gag gift for him,equestrian humor,dad humor gift,horse girl energy,can enthusiast gift,absurd humor sticker",funny car sticker,horsepower sticker,horse lover gift,silly car decal,car guy humor,mechanic gift idea,sarcastic car decal,gag gift for him,equestrian humor,dad humor gift,horse girl energy,can enthusiast gift,absurd humor sticker
"Built After Bedtime Sticker - garage life humor | Funny Gift for Him or Dad, Vinyl Decal, Car Culture, UV-Resistant, Outdoor Rated",https://www.etsy.com/listing/4450408732/built-after-bedtime-sticker-fun-and,CheckOutMyEngine,https://www.etsy.com/shop/CheckOutMyEngine,7.99,0,0,0,0,0,4 Mo.,0,0,3,Paper & Party Supplies,84,0,0.0,8495,"diy car builder gift,car humor decal,mechanic gift,bumper sticker,mechanic humor decal,toolbox sticker,funny car decal,wrench monkey gift,garage humor decal,automotive humor,garage life sticker,gift for him,toolbox decal",diy car builder gift,car humor decal,mechanic gift,bumper sticker,mechanic humor decal,toolbox sticker,funny car decal,wrench monkey gift,garage humor decal,automotive humor,garage life sticker,gift for him,toolbox decal
"WTF Sticker - car enthusiast energy | Birthday Gift for Him or Dad, Outdoor Rated, Weatherproof Vinyl, Car Culture, Made in USA, Vinyl Decal",https://www.etsy.com/listing/4432287209/wtf-was-that-a-fart-humorous-sticker,CheckOutMyEngine,https://www.etsy.com/shop/CheckOutMyEngine,9.99,0,0,0,0,0,5 Mo.,1,0,3,Paper & Party Supplies,84,0,0.0,8495,"car dad gift,funny bumper sticker,vinyl car sticker,mechanic gift,car lover gift,garage rat gift,car culture gift,car guy gift,car humor sticker,toolbox decal,gift for him,gearhead gift,bumper sticker",car dad gift,funny bumper sticker,vinyl car sticker,mechanic gift,car lover gift,garage rat gift,car culture gift,car guy gift,car humor sticker,toolbox decal,gift for him,gearhead gift,bumper sticker
"Misfires on Expired Tires Sticker - car enthusiast energy | Birthday Gift for Car Guys, Car Culture, Vinyl Decal, Made in USA, Outdoor Rated",https://www.etsy.com/listing/4346877081/misfires-on-expired-tires-sticker-quirky,CheckOutMyEngine,https://www.etsy.com/shop/CheckOutMyEngine,9.99,0,0,0,0,0,9 Mo.,0,0,6,Electronics & Accessories,84,0,0.0,8495,"car guy gift,automotive humor,gearhead gift,car enthusiast gift,gift for him,car culture gift,car dad gift,car lover gift,funny bumper sticker,bumper sticker,vinyl car sticker,funny car sticker,mechanic gift",car guy gift,automotive humor,gearhead gift,car enthusiast gift,gift for him,car culture gift,car dad gift,car lover gift,funny bumper sticker,bumper sticker,vinyl car sticker,funny car sticker,mechanic gift
"Funny Lunch Box Sticker (3x3), Great Gift For Laptops & Coolers, Decal For Mechanics; Hardhats YV",https://www.etsy.com/listing/1568076149/funny-lunch-box-sticker-3x3-great-gift,LeadBellyBenny,https://www.etsy.com/shop/LeadBellyBenny,3.52,0,0,0,4,1,19 Mo.,12,0,56,Paper & Party Supplies,58,0,7.14,14753,"hardhat sticker,hard hat sticker,hardhat stickers,hard hat stickers,tool box stickers,lunchbox sticker,waterbottle sticker,laptop decal,laptop sticker,cooler sticker,tumbler sticker,funny sticker,funny decal",hardhat sticker,hard hat sticker,hardhat stickers,hard hat stickers,tool box stickers,lunchbox sticker,waterbottle sticker,laptop decal,laptop sticker,cooler sticker,tumbler sticker,funny sticker,funny decal
"Mechanic PNG, Auto Repair Garage Art, Diesel Mechanic Gift, Crossed Wrenches Piston Gear Design",https://www.etsy.com/listing/4437202479/mechanic-png-auto-repair-garage-art,GuggadyDigitalArt,https://www.etsy.com/shop/GuggadyDigitalArt,4.99,0,0,0,0,0,3 Mo.,4,0,32,Craft Supplies & Tools,23,0,0.0,4685,"mechanic png,auto repair gift,diesel mechanic,car guy art,wrench gear logo,piston graphic,garage decor,grease monkey,automotive tech,mechanic dad,tool box sticker,mechanic gifts,gifts for mechanics",mechanic png,auto repair gift,diesel mechanic,car guy art,wrench gear logo,piston graphic,garage decor,grease monkey,automotive tech,mechanic dad,tool box sticker,mechanic gifts,gifts for mechanics
Mechanic Tool American Flag Vinyl Decal,https://www.etsy.com/listing/1030757403/mechanic-tool-american-flag-vinyl-decal,five45creations,https://www.etsy.com/shop/five45creations,8.50,0,0,0,24,6,59 Mo.,70,0,1373,Home & Living,64,0,1.75,1118,"american flag,gift for mechanic,tool decal,mechanic decal,car decal,truck decal,tumbler decal,gift for dad,gift for husband,car sticker",american flag,gift for mechanic,tool decal,mechanic decal,car decal,truck decal,tumbler decal,gift for dad,gift for husband,car sticker,--,--,--
57 Chevy Bel Air Sticker: Classic Car Automotive Art,https://www.etsy.com/listing/1530209687/57-chevy-bel-air-sticker-classic-car,MyStickerHabit,https://www.etsy.com/shop/MyStickerHabit,3.45,0,0,0,38,13,34 Mo.,74,0,1556,Paper & Party Supplies,193,25,2.44,1125,"waterproof stickers,vinyl stickers,sticker for iphone,summer stickers,57 chevy sticker,classic car sticker,mechanic gifts,1957 chevy bel air,automotive art,57 chevy gifts,muscle car stickers,1957 chevy art,chevy bel air gifts",waterproof stickers,vinyl stickers,sticker for iphone,summer stickers,57 chevy sticker,classic car sticker,mechanic gifts,1957 chevy bel air,automotive art,57 chevy gifts,muscle car stickers,1957 chevy art,chevy bel air gifts
"Funny 10mm Socket Sticker for Mechanics, Car Guys, Tool Lovers, Garage Decor, Auto Tech Gift, Missing Socket Joke Decal",https://www.etsy.com/listing/4347916417/funny-10mm-socket-sticker-for-mechanics,ModularRecreations,https://www.etsy.com/shop/ModularRecreations,4.68,0,0,0,27,4,9 Mo.,86,0,491,Paper & Party Supplies,36,25,5.5,2959,"funny mechanic truck,missing socket decal,car guy gift idea,garage tool sticker,tool box humor,auto tech joke,mechanic life gift,10mm socket joke,wrenching sticker,diy car decal,shop tool decor,grease monkey gift,sarcastic sticker",funny mechanic truck,missing socket decal,car guy gift idea,garage tool sticker,tool box humor,auto tech joke,mechanic life gift,10mm socket joke,wrenching sticker,diy car decal,shop tool decor,grease monkey gift,sarcastic sticker
MapleStory NX Emote Keycaps for MX Switches,https://www.etsy.com/listing/1546116559/maplestory-nx-emote-keycaps-for-mx,Deez3Ds,https://www.etsy.com/shop/Deez3Ds,5.99,0,0,0,13,4,33 Mo.,77,0,1356,Electronics & Accessories,34,0,0.96,405,"maplestory keycaps,og maplestory keycap,cute custom keycaps,gifts for gamers,oldschool maplestory,personalized keycaps,artisan game keycaps,cute pokemon keycaps,cherry mx keycaps,mechanical keycaps,cute anime keycaps,maplestory nx items,maplestory stickers",maplestory keycaps,og maplestory keycap,cute custom keycaps,gifts for gamers,oldschool maplestory,personalized keycaps,artisan game keycaps,cute pokemon keycaps,cherry mx keycaps,mechanical keycaps,cute anime keycaps,maplestory nx items,maplestory stickers
6 Speed Gear - Car Gear Shift Diagram - Car/Truck/Laptop/Computer/Phone/Home Decor/Bumper Sticker - Vinyl Decal,https://www.etsy.com/listing/494096672/6-speed-gear-car-gear-shift-diagram,DecalPhanatics,https://www.etsy.com/shop/DecalPhanatics,1.99,0,0,0,16,3,112 Mo.,32,0,2400,Art & Collectibles,146,0,0.67,87597,"car decal,bumper sticker,computer decal,macbook decal,mechanic gift,gift for dad,fathers day gift,gear shift,shift diagram,stick shift,manual car,6 speed,yeti decal",car decal,bumper sticker,computer decal,macbook decal,mechanic gift,gift for dad,fathers day gift,gear shift,shift diagram,stick shift,manual car,6 speed,yeti decal
"Mechanic American Flag decal, Wrench flag decal, waterproof vinyl sticker, car decal, laptop sticker, bottle or tumbler vinyl decal",https://www.etsy.com/listing/1796933551/mechanic-american-flag-decal-wrench-flag,GuilleDesign,https://www.etsy.com/shop/GuilleDesign,13.59,0,0,0,0,0,20 Mo.,7,0,71,Paper & Party Supplies,130,0,0.0,2446,"permanent sticker,car decal,waterproof decal,outdoor sticker,laptop decal,graduation gift,mechanic flag,mechanic decal,wrenches flag,gift for a mechanic,gift for him,bumper decal",permanent sticker,car decal,waterproof decal,outdoor sticker,laptop decal,graduation gift,mechanic flag,mechanic decal,wrenches flag,gift for a mechanic,gift for him,bumper decal,--
"Dirty Hands Clean Money Decal, Blue Collar Sticker, Work Hard Decal, Sticker, Truck Decal, Gift for Him",https://www.etsy.com/listing/4488012749/dirty-hands-clean-money-decal-blue,VinylVibes9,https://www.etsy.com/shop/VinylVibes9,7.50,0,0,0,0,0,1 Mo.,1,0,38,Paper & Party Supplies,9,0,0.0,587,"blue collar decal,blue collar sticker,dirty hands decal,clean money decal,gift for him,waterproof vinyl,mechanic decal,rugged sticker,welder decal,tough guy decal,mens gift sticker,worker decal,diesel truck decal",blue collar decal,blue collar sticker,dirty hands decal,clean money decal,gift for him,waterproof vinyl,mechanic decal,rugged sticker,welder decal,tough guy decal,mens gift sticker,worker decal,diesel truck decal
Diamond Plate MacBook Air Skin 13 13.3 13.6 &quot; Pro 14 15 16 inch Neo M3 Apple Vinyl Trackpad Decal Cover 2024 2023 A3449 A2780 Metal Texture,https://www.etsy.com/listing/4493897059/diamond-plate-macbook-air-skin-13-133,StickerDecalSkins,https://www.etsy.com/shop/StickerDecalSkins,21.90,0,0,0,0,0,1 Mo.,0,0,2,Electronics & Accessories,103,0,0.0,2335,"engineer gifts,gift for him,silver macbook air,mechanic sticker,industrial macbook,macbook air 13 m5,grunge macbook air,macbook m2 wrap skin,laptop cover 16 inch,macbook a2681 cover,macbook a3404,macbook pro 2026,macbook air 2022 m2",engineer gifts,gift for him,silver macbook air,mechanic sticker,industrial macbook,macbook air 13 m5,grunge macbook air,macbook m2 wrap skin,laptop cover 16 inch,macbook a2681 cover,macbook a3404,macbook pro 2026,macbook air 2022 m2
Poppin Ride – Whimsical Surreal Classic Car Popcorn Vinyl Sticker,https://www.etsy.com/listing/4504991404/poppin-ride-whimsical-surreal-classic,GollyWillikers,https://www.etsy.com/shop/GollyWillikers,3.50,0,0,0,0,0,1 Mo.,0,0,0,Paper & Party Supplies,154,0,0.0,115,"classic car sticker,dad gift idea,father's day for him,car enthusiast gift,vintage car art,funny car retro,popcorn lover gift,food humor art,mechanic humor,quirky vinyl sticker,road trip vibes,surreal collage art,show driver license",classic car sticker,dad gift idea,father's day for him,car enthusiast gift,vintage car art,funny car retro,popcorn lover gift,food humor art,mechanic humor,quirky vinyl sticker,road trip vibes,surreal collage art,show driver license
"Funny Missing 10mm Socket Kiss-Cut Stickers, Perfect for Mechanics, Gearhead Gifts, Car Enthusiasts, Workshop Decor, Toolbox Decals",https://www.etsy.com/listing/4319197118/funny-missing-10mm-socket-kiss-cut,DeezFreshFinds,https://www.etsy.com/shop/DeezFreshFinds,2.99,0,0,0,0,0,11 Mo.,27,0,173,Paper & Party Supplies,11,0,0.0,76,"funny stickers,missing socket,tool lover gift,home improvement,laptop decal,automotive sticker,diy crafts,workplace decor,gift for dad,humorous decor,car enthusiast,mechanic sticker,mechanics humor",funny stickers,missing socket,tool lover gift,home improvement,laptop decal,automotive sticker,diy crafts,workplace decor,gift for dad,humorous decor,car enthusiast,mechanic sticker,mechanics humor
I&#39;m A Mechanic SVG | I Can&#39;t Fix Stupid But I Can Fix What Stupid Does SVG | Mechanic T-Shirt Decals | Clipart Vector Digital Dxf Png Eps Ai,https://www.etsy.com/listing/1569580400/im-a-mechanic-svg-i-cant-fix-stupid-but,ButterStarDigital,https://www.etsy.com/shop/ButterStarDigital,2.50,0,0,0,33,3,31 Mo.,45,0,440,Art & Collectibles,69,0,7.5,131851,"mechanic sticker svg,badass mechanic svg,mechanic shirt svg,car mechanic svg,gift for mechanic,funny mechanic tee,mechanic printable,mechanic cricut,silhouette cameo,motorcycle mechanic,mechanic cut files,automotive repair,automobile svg",mechanic sticker svg,badass mechanic svg,mechanic shirt svg,car mechanic svg,gift for mechanic,funny mechanic tee,mechanic printable,mechanic cricut,silhouette cameo,motorcycle mechanic,mechanic cut files,automotive repair,automobile svg
"Funny Garage Stickers – Missing Socket, Tool Rules, Flashlight Trauma (Digital Download)",https://www.etsy.com/listing/4464178638/funny-garage-stickers-missing-socket,OrionMachina,https://www.etsy.com/shop/OrionMachina,5.00,0,0,0,0,0,3 Mo.,0,0,11,Art & Collectibles,37,0,0.0,282,"gift for boyfriend,garage organization,toolbox accessories,handyman gift,tool organizer decal,workshop decor,funny mechanic gift,garage wall art,father's day garage,sticker,workshop sticker,garage rules,workshop rules",gift for boyfriend,garage organization,toolbox accessories,handyman gift,tool organizer decal,workshop decor,funny mechanic gift,garage wall art,father's day garage,sticker,workshop sticker,garage rules,workshop rules
Make it Work Sticker - Milwuakee Tools Style Funny Blue Collar Stickers - Toolbox Sticker - Die-Cut Sticker - Gift for Men - Tradesman,https://www.etsy.com/listing/4471077201/make-it-work-sticker-milwuakee-tools,StanDotPrints,https://www.etsy.com/shop/StanDotPrints,5.99,0,0,0,0,0,2 Mo.,2,0,13,Paper & Party Supplies,18,0,0.0,46,"blue collar,hard hat,electrician,hvac,construction,mechanic gifts,tradesman,vinyl stickers,funny stickers,gifts for him,gifts for men,appreciation gifts,milwuakee tools",blue collar,hard hat,electrician,hvac,construction,mechanic gifts,tradesman,vinyl stickers,funny stickers,gifts for him,gifts for men,appreciation gifts,milwuakee tools
"Mechanical Engineer Engineering Sticker, Laptop Sticker, Funny Vinyl Sticker, Birthday Gifts for Men and Women",https://www.etsy.com/listing/994011463/mechanical-engineer-engineering-sticker,22ndOfOctober,https://www.etsy.com/shop/22ndOfOctober,6.21,0,0,0,38,7,61 Mo.,110,0,1145,Paper & Party Supplies,102,0,3.32,56955,"laptop sticker,funny vinyl sticker,birthday gifts,for men and women,mechanical engineer,engineering sticker",laptop sticker,funny vinyl sticker,birthday gifts,for men and women,mechanical engineer,engineering sticker,--,--,--,--,--,--,--
Garage Sign - Alfa Romeo Badge - Easy to Hang - Circle 15.5&quot; Personal Mancave,https://www.etsy.com/listing/1511099423/garage-sign-alfa-romeo-badge-easy-to,EchoesOfThePastSigns,https://www.etsy.com/shop/EchoesOfThePastSigns,35.79,0,0,0,9,1,35 Mo.,5,0,1632,Home & Living,62,25,0.55,2638,"for him,sticker,decal,personal mancave,gift for dad,gift for husband,gift car enthusiast,love italian cars,italian pride,oldtimer,snake,mechanic workshop,boys bedroom decor",for him,sticker,decal,personal mancave,gift for dad,gift for husband,gift car enthusiast,love italian cars,italian pride,oldtimer,snake,mechanic workshop,boys bedroom decor
Garage Sign - Castrol - Easy to Hang - Circle 15.5&quot; Personal Mancave,https://www.etsy.com/listing/1522202121/garage-sign-castrol-easy-to-hang-circle,EchoesOfThePastSigns,https://www.etsy.com/shop/EchoesOfThePastSigns,35.79,0,0,0,0,0,34 Mo.,1,0,526,Home & Living,62,0,0.0,2638,"for him,sticker,decal,personal mancave,gift for dad,gift for husband,gift car enthusiast,gasoline or petrol,italian pride,mechanic workshop,oil and lubricant",for him,sticker,decal,personal mancave,gift for dad,gift for husband,gift car enthusiast,gasoline or petrol,italian pride,mechanic workshop,oil and lubricant,--,--
"Sticker for Mechanics, Hide and Seek Champion 10mm Socket Funny Tool Humor Decal, Garage Workshop Meme Gift for Car Guys",https://www.etsy.com/listing/4441810175/sticker-for-mechanics-hide-and-seek,ModularRecreations,https://www.etsy.com/shop/ModularRecreations,5.58,0,0,0,0,0,5 Mo.,2,0,16,Paper & Party Supplies,37,0,0.0,3122,"10mm socket,mechanic meme,garage laughs,wrench lover,ratchet joke,lost tool,auto repair,diy dad,handyman decal,workshop banter,bolt hunt,car guy gift,stocking stuffer",10mm socket,mechanic meme,garage laughs,wrench lover,ratchet joke,lost tool,auto repair,diy dad,handyman decal,workshop banter,bolt hunt,car guy gift,stocking stuffer
"Funny Car Magnet, Check engine light gag gift, funny gift for wife, birthday gift for best friend, gift for mechanic",https://www.etsy.com/listing/1761586610/funny-car-magnet-check-engine-light-gag,SnarkyAndSweetShop,https://www.etsy.com/shop/SnarkyAndSweetShop,8.99,0,0,0,0,0,8 Mo.,1,0,14,Paper & Party Supplies,54,0,0.0,711,"car magnet,funny magnet,bumper sticker,mechanics gift,birthday gift,christmas gift,for best friend,for boyfriend,for brother,for mom,for dad",car magnet,funny magnet,bumper sticker,mechanics gift,birthday gift,christmas gift,for best friend,for boyfriend,for brother,for mom,for dad,--,--
Blue Collar Trades Sticker Sheet: Construction & Handyman Decor,https://www.etsy.com/listing/4336212695/blue-collar-trades-sticker-sheet,LimitlessCreativeArt,https://www.etsy.com/shop/LimitlessCreativeArt,13.49,0,0,0,0,0,2 Mo.,0,0,10,Paper & Party Supplies,38,0,0.0,9,"blue collar,trades stickers,sticker sheets,toolbox decor,workshop organizer,craftsman gift,diy projects,industrial design,gifts for handymen,tool shed decor,mechanic stickers,construction workers,welder gifts",blue collar,trades stickers,sticker sheets,toolbox decor,workshop organizer,craftsman gift,diy projects,industrial design,gifts for handymen,tool shed decor,mechanic stickers,construction workers,welder gifts
Drop It Like Its Hot Sticker: Funny Car Jack Decal,https://www.etsy.com/listing/4348780327/drop-it-like-its-hot-sticker-funny-car,StanceCompany,https://www.etsy.com/shop/StanceCompany,3.00,0,0,0,0,0,3 Mo.,0,0,2,Paper & Party Supplies,23,0,0.0,1342,"car sticker,car stickers,die cut stickers,water resistant,car lover gift,mens gift,gift for guys,car accessories,cricut stickers,vinyl sticker,mechanic gift,modified car sticker,suspension sticker",car sticker,car stickers,die cut stickers,water resistant,car lover gift,mens gift,gift for guys,car accessories,cricut stickers,vinyl sticker,mechanic gift,modified car sticker,suspension sticker
"Eyeballed It All... Workshop-approved Sticker - garage life humor | Affordable Gift for Him or Dad, Made in USA, Outdoor Rated, Vinyl Decal",https://www.etsy.com/listing/4326219442/eyeballed-it-all-sticker-funny-diy,CheckOutMyEngine,https://www.etsy.com/shop/CheckOutMyEngine,9.99,0,0,0,0,0,11 Mo.,2,0,13,Paper & Party Supplies,84,0,0.0,8495,"vinyl car sticker,car guy gift,shop life decal,mechanic humor decal,gearhead gift,wrench monkey gift,toolbox decal,funny tool sticker,garage life sticker,automotive humor,car dad gift,gift for him,bumper sticker",vinyl car sticker,car guy gift,shop life decal,mechanic humor decal,gearhead gift,wrench monkey gift,toolbox decal,funny tool sticker,garage life sticker,automotive humor,car dad gift,gift for him,bumper sticker
"This Vehicle is protected by 357 magnum sticker, sarcastic stickers,funny stickers,cute stickers, obnoxious stickers, bumper sticker",https://www.etsy.com/listing/1324096945/this-vehicle-is-protected-by-357-magnum,JayEllenCreations,https://www.etsy.com/shop/JayEllenCreations,9.50,0,0,0,0,0,29 Mo.,0,0,23,Paper & Party Supplies,30,0,0.0,65,"car lover,car enthusiasts,trump 2024,sarcastic sticker,gun stickers,gift for dad,custom stickers,mechanic stickers,automotive stickers,rude stickers,naughty stickers,profanity stickers,funny stickers",car lover,car enthusiasts,trump 2024,sarcastic sticker,gun stickers,gift for dad,custom stickers,mechanic stickers,automotive stickers,rude stickers,naughty stickers,profanity stickers,funny stickers
"Just Use a Bigger Hammer Transparent Outdoor Stickers, Die-Cut, 1pcs",https://www.etsy.com/listing/1363892454/just-use-a-bigger-hammer-transparent,MECHANICLIFE,https://www.etsy.com/shop/MECHANICLIFE,5.40,0,0,0,0,0,32 Mo.,11,0,143,Home & Living,32,0,0.0,11,"sticker,bumper sticker,vinyl,indoor,outdoor,custom,printed,mechanic,gift for him,gift for her",sticker,bumper sticker,vinyl,indoor,outdoor,custom,printed,mechanic,gift for him,gift for her,--,--,--
"Gift For Pilot Hat, Do I look Like I Fly Economy, Aviation Gift, Aircraft Mechanic Humor",https://www.etsy.com/listing/1591757294/gift-for-pilot-hat-do-i-look-like-i-fly,PerfectParcelStudio,https://www.etsy.com/shop/PerfectParcelStudio,28.95,0,0,0,0,0,27 Mo.,0,0,18,Accessories,34,0,0.0,216,"travel present,him,aviation,sarcastic,do i look like,i fly economy,first class,pilot sticker,gift for pilot,naval aviator,aviation hat,aircraft mechanic,air traffic control",travel present,him,aviation,sarcastic,do i look like,i fly economy,first class,pilot sticker,gift for pilot,naval aviator,aviation hat,aircraft mechanic,air traffic control
Mechanic Sticker Bundle Part 2,https://www.etsy.com/listing/1742842963/mechanic-sticker-bundle-part-2,CreationByStephB,https://www.etsy.com/shop/CreationByStephB,10.00,0,0,0,2,0,13 Mo.,15,0,177,Paper & Party Supplies,78,0,1.13,279,"mechanic,mechanic jokes,gifts for him,gifts for dad,funny stickers,toolbox stickers,mechanic stickers",mechanic,mechanic jokes,gifts for him,gifts for dad,funny stickers,toolbox stickers,mechanic stickers,--,--,--,--,--,--
"CH-53E Super Stallion, Funny Military Stickers, Aviation Mechanic Gift, Marine Corps Sticker, CH53E Super Stallion, Military Aviation, CH53E",https://www.etsy.com/listing/1815923134/ch-53e-super-stallion-funny-military,BarracksBoutiqueCo,https://www.etsy.com/shop/BarracksBoutiqueCo,5.99,0,0,0,0,0,18 Mo.,1,0,27,Paper & Party Supplies,19,0,0.0,22,"aviation mechanic,gift for military,marine corps,navy,military gift,military aviation,military pilot,flight line gift,ch53e super stallion,ch53 super stallion,navy marines helo,military sticker,military",aviation mechanic,gift for military,marine corps,navy,military gift,military aviation,military pilot,flight line gift,ch53e super stallion,ch53 super stallion,navy marines helo,military sticker,military
Purple and Black Retro Exhaust Vinyl Decal,https://www.etsy.com/listing/4435276283/purple-and-black-retro-exhaust-vinyl,HempinMayhemCo,https://www.etsy.com/shop/HempinMayhemCo,7.50,0,0,0,0,0,4 Mo.,0,0,2,Paper & Party Supplies,6,0,0.0,10,"purple and black,vinyl decal,vinyl sticker,custom sticker,personalized sticker,gift for him,gift for her,gift for mechanics,gift for besties,birthday gift,car lovers gift,hot rod gift,car lovers",purple and black,vinyl decal,vinyl sticker,custom sticker,personalized sticker,gift for him,gift for her,gift for mechanics,gift for besties,birthday gift,car lovers gift,hot rod gift,car lovers
"4x4 sticker x2, off road sticker, vinyl decal",https://www.etsy.com/listing/1725270457/4x4-sticker-x2-off-road-sticker-vinyl,ApocalypseArtifacts,https://www.etsy.com/shop/ApocalypseArtifacts,2.35,0,0,0,0,0,24 Mo.,0,0,57,Paper & Party Supplies,70,0,0.0,2673,"vinyl sticker,car sticker,farmers,gift for farmer,4x4,off road,mechanic,4x4 decal,offroad decal,jeep decal",vinyl sticker,car sticker,farmers,gift for farmer,4x4,off road,mechanic,4x4 decal,offroad decal,jeep decal,--,--,--
"WD-40 Humor Sticker, Funny Tool Lover Gift, DIY Decal",https://www.etsy.com/listing/4393805696/wd-40-humor-sticker-funny-tool-lover,TheArcanumEmporium,https://www.etsy.com/shop/TheArcanumEmporium,9.58,0,0,0,0,0,7 Mo.,6,0,312,Paper & Party Supplies,8,0,0.0,29,"funny stickers,tool humor,gifts for him,man cave decor,laptop stickers,quirky wall art,retro sticker,car maintenance,wd40 jokes,diy tool gifts,mechanic humor,office decor,gift for handyman",funny stickers,tool humor,gifts for him,man cave decor,laptop stickers,quirky wall art,retro sticker,car maintenance,wd40 jokes,diy tool gifts,mechanic humor,office decor,gift for handyman
Warning Driver No Longer Gives A Shit Decal | Car Decal | Funny Bumper Sticker,https://www.etsy.com/listing/1380400343/warning-driver-no-longer-gives-a-shit,DiamondDecalsRI,https://www.etsy.com/shop/DiamondDecalsRI,10.00,0,0,0,0,0,41 Mo.,8,0,36,Electronics & Accessories,157,0,0.0,594,"car decal,truck decal,gag gift,gift for him,gift for her,mechanic gift,car dude,sports car,luxury vehicle,car accessories,suv sticker,sarcastic,circle decal",car decal,truck decal,gag gift,gift for him,gift for her,mechanic gift,car dude,sports car,luxury vehicle,car accessories,suv sticker,sarcastic,circle decal
Garage Sign - Fiat w Blue/Gold Wreath - Circle 15.5&quot; - Easy to Hang | Personal Mancave,https://www.etsy.com/listing/1572001096/garage-sign-fiat-w-bluegold-wreath,EchoesOfThePastSigns,https://www.etsy.com/shop/EchoesOfThePastSigns,35.79,0,0,0,0,0,31 Mo.,3,0,354,Home & Living,62,0,0.0,2638,"for him,sticker,decal,personal mancave,gift for dad,gift for husband,gift car enthusiast,love italian cars,italian pride,mechanic workshop,ferrari f1,retro",for him,sticker,decal,personal mancave,gift for dad,gift for husband,gift car enthusiast,love italian cars,italian pride,mechanic workshop,ferrari f1,retro,--
Fuck Up Finder toolbox desktop figure statue plaque,https://www.etsy.com/listing/1836266089/fuck-up-finder-toolbox-desktop-figure,SJHomemadeLLC,https://www.etsy.com/shop/SJHomemadeLLC,15.99,0,0,0,0,0,17 Mo.,4,0,51,Home & Living,20,0,0.0,886,"desktop,statue,figure,card holder,white elephant,black friday,cyber monday,mechanic,office,desk toy,gift for mom,gifts for her,motivational sticker",desktop,statue,figure,card holder,white elephant,black friday,cyber monday,mechanic,office,desk toy,gift for mom,gifts for her,motivational sticker
"Dibs On The Mechanic Sticker, Funny Mechanic Sticker, Dating A Mechanic, Mechanic&#39;s Girlfriend Sticker, Mechanic Gifts, Mechanic Wife Decal",https://www.etsy.com/listing/1458541479/dibs-on-the-mechanic-sticker-funny,StickerHorse,https://www.etsy.com/shop/StickerHorse,5.84,0,0,0,68,13,37 Mo.,102,0,618,Paper & Party Supplies,41,0,11.0,89816,"funny sticker,dibs on the mechanic,dibs sticker,mechanic sticker,auto mechanic decal,sticker for mechanic,car guy gift,mechanic dad gifts,wife sticker,girlfriend sticker,gf sticker,engaged sticker,vinyl sticker",funny sticker,dibs on the mechanic,dibs sticker,mechanic sticker,auto mechanic decal,sticker for mechanic,car guy gift,mechanic dad gifts,wife sticker,girlfriend sticker,gf sticker,engaged sticker,vinyl sticker
Honk If Parts Fall Off | Funny Car Magnetic Bumper Sticker | Sarcastic Auto Humor | Mechanic Joke | Old Cars and Trucks,https://www.etsy.com/listing/4457874633/honk-if-parts-fall-off-funny-car,GreenGableArt,https://www.etsy.com/shop/GreenGableArt,9.49,0,0,0,1,0,3 Mo.,2,0,19,Paper & Party Supplies,197,0,5.26,126,"gen z bumper sticker,meme bumper stickers,gifts for-new driver,newdriver,funny car magnet,winter cars,old car stickers,humor bumper sticker,bumper sticker joke,junk car,genz new driver,car mechanics humor,gag gifted",gen z bumper sticker,meme bumper stickers,gifts for-new driver,newdriver,funny car magnet,winter cars,old car stickers,humor bumper sticker,bumper sticker joke,junk car,genz new driver,car mechanics humor,gag gifted
Mechanic Bear Vinyl Sticker | Auto Repair Decal | Chubby Buddy Crew Art,https://www.etsy.com/listing/4456530691/mechanic-buddy-vinyl-sticker-cute-bear,DaddyBaz,https://www.etsy.com/shop/DaddyBaz,4.75,0,0,0,0,0,3 Mo.,0,0,8,Paper & Party Supplies,14,0,0.0,63,"bear sticker,gay bear art,cute vinyl sticker,lgbtq sticker,laptop sticker,water bottle decal,planner sticker,vinyl decal,pride gift,queer artist,chubby buddy,gift for him,mechanic sticker",bear sticker,gay bear art,cute vinyl sticker,lgbtq sticker,laptop sticker,water bottle decal,planner sticker,vinyl decal,pride gift,queer artist,chubby buddy,gift for him,mechanic sticker
"Waiting On Parts Sticker, Funny Blue Collar Sticker Truck Mechanic Skeleton Sticker for Water Bottle Car Gift Laptop Helmet",https://www.etsy.com/listing/4432961614/waiting-on-parts-sticker-funny-blue,husiiiLLC,https://www.etsy.com/shop/husiiiLLC,3.99,0,0,0,8,1,5 Mo.,11,0,129,Paper & Party Supplies,35,0,6.2,30684,"waiting on parts,mechanic humor,blue collar joke,funny mechanic,truck mechanic,skeleton mechanic,shop humor sticker,auto repair joke,grease monkey,mechanic gift,work humor decal,laptop sticker,bottle decal",waiting on parts,mechanic humor,blue collar joke,funny mechanic,truck mechanic,skeleton mechanic,shop humor sticker,auto repair joke,grease monkey,mechanic gift,work humor decal,laptop sticker,bottle decal
"Custom Mechanic Name Sticker, Personalized Engineer Tool Auto Repair Name Sticker for Laptop Water Bottle Tumbler Gift",https://www.etsy.com/listing/4444131270/custom-mechanic-name-sticker,husiiiLLC,https://www.etsy.com/shop/husiiiLLC,3.99,0,0,0,0,0,4 Mo.,1,0,53,Paper & Party Supplies,35,0,0.0,30684,"custom name sticker,mechanic name,engineer gift,auto repair,tool sticker,personalized name,garage style,car lover gift,trade worker,vinyl sticker,laptop sticker,water bottle,tumbler sticker",custom name sticker,mechanic name,engineer gift,auto repair,tool sticker,personalized name,garage style,car lover gift,trade worker,vinyl sticker,laptop sticker,water bottle,tumbler sticker
"50PCS Steampunk Stickers Pack, Vintage Mechanical Vinyl Stickers, Aesthetic Gear Art Stickers for Laptop, Water Bottle, Scrapbook Gift",https://www.etsy.com/listing/4473773384/50pcs-steampunk-stickers-pack-vintage,HoneyLeafStudioVN,https://www.etsy.com/shop/HoneyLeafStudioVN,11.01,0,0,0,0,0,2 Mo.,4,0,19,Paper & Party Supplies,2,0,0.0,231,"steampunk stickers,vintage stickers,gear stickers,mechanical stickers,aesthetic stickers,retro stickers,vinyl stickers,art stickers,laptop stickers,water bottle sticker,scrapbook stickers,gothic stickers,sticker pack",steampunk stickers,vintage stickers,gear stickers,mechanical stickers,aesthetic stickers,retro stickers,vinyl stickers,art stickers,laptop stickers,water bottle sticker,scrapbook stickers,gothic stickers,sticker pack
"Funny Mechanic Wife Definition Mug Sticker for Laptop, Mechanic Wife Definition Mug Gift for Animal Lover, Cartoon Mechanic Wife Definiti...",https://www.etsy.com/listing/4468302671/funny-mechanic-wife-definition-mug,LowkeyPress,https://www.etsy.com/shop/LowkeyPress,12.99,0,0,0,0,0,2 Mo.,0,0,0,Home & Living,3,0,0.0,73,"funny sticker,humor gift,cartoon sticker,funny animal sticker,cute gift,laptop sticker,water bottle sticker,vinyl sticker,sticker gift idea,die cut sticker",funny sticker,humor gift,cartoon sticker,funny animal sticker,cute gift,laptop sticker,water bottle sticker,vinyl sticker,sticker gift idea,die cut sticker,--,--,--
"Distressed American Flag Peace Sign Sticker, Patriotic Vinyl Decal, USA Peace Hand Graphic",https://www.etsy.com/listing/4486805022/distressed-american-flag-peace-sign,ThirteenTheoryCo,https://www.etsy.com/shop/ThirteenTheoryCo,3.49,0,0,0,0,0,1 Mo.,1,0,15,Paper & Party Supplies,2,0,0.0,32,"hard hat sticker,blue collar decal,mechanic sticker,forklift operator,fathers day gift,bottle sticker,vinyl sticker,gifts for him,blue collar sticker,waterproof stickers,holographic stickers,usa flag sticker,usa sticker",hard hat sticker,blue collar decal,mechanic sticker,forklift operator,fathers day gift,bottle sticker,vinyl sticker,gifts for him,blue collar sticker,waterproof stickers,holographic stickers,usa flag sticker,usa sticker
"Oil Label Stickers, Gift Set of 4 , Colorful Car Enthusiast Decals, Vintage Oil Can Labels, Car Journals, Tool Boxes, Garages and More, S47",https://www.etsy.com/listing/762608193/oil-label-stickers-gift-set-of-4,RarePaperDetective,https://www.etsy.com/shop/RarePaperDetective,11.95,0,0,0,0,0,77 Mo.,10,0,423,Craft Supplies & Tools,195,0,0.0,20936,"oil can labels,gas can labels,motor oil can,oil stickers,car stickers,holiday gift set,gift for men,car party sticker,car journal sticker,garage sticker,tool box sticker,mechanic's sticker,automotive decor",oil can labels,gas can labels,motor oil can,oil stickers,car stickers,holiday gift set,gift for men,car party sticker,car journal sticker,garage sticker,tool box sticker,mechanic's sticker,automotive decor
"Funny Mechanics Are Like Toilets Die-Cut Sticker, Car Auto Mechanic Humor",https://www.etsy.com/listing/4399001197/humorous-mechanics-die-cut-sticker-car,BackyardCreators,https://www.etsy.com/shop/BackyardCreators,9.61,0,0,0,0,0,6 Mo.,4,0,74,Paper & Party Supplies,40,0,0.0,48,"funny die cut,mechanic stickers,car enthusiast,humorous decals,auto repair gift,quirky office decor,vehicle enthusiast,toilet humor,gifts for him,mechanic life,unique wall art,workshop decor,funny gifts",funny die cut,mechanic stickers,car enthusiast,humorous decals,auto repair gift,quirky office decor,vehicle enthusiast,toilet humor,gifts for him,mechanic life,unique wall art,workshop decor,funny gifts
"Funny Mechanic Stickers – Labor Rates, Holy Trinity, Warning Signs (Digital Download)",https://www.etsy.com/listing/4464178395/funny-mechanic-stickers-labor-rates-holy,OrionMachina,https://www.etsy.com/shop/OrionMachina,5.00,0,0,0,0,0,3 Mo.,0,0,14,Art & Collectibles,37,0,0.0,282,"mechanic humor,garage sign png,tool budget,funny diy gift,anniversary gift,man cave decor,workshop art,digital download,cricut files,tool box stickers,garage organization,gift for him,husband birthday",mechanic humor,garage sign png,tool budget,funny diy gift,anniversary gift,man cave decor,workshop art,digital download,cricut files,tool box stickers,garage organization,gift for him,husband birthday
Menhera Vinyl Sticker - Coping Mechanism,https://www.etsy.com/listing/1807789952/menhera-vinyl-sticker-coping-mechanism,MilkyHeaven,https://www.etsy.com/shop/MilkyHeaven,3.51,0,0,0,6,2,18 Mo.,26,0,64,Paper & Party Supplies,85,0,9.38,5146,"coping mechanism sticker,funny drama vinyl sticker,gift idea for drama lovers,gift for best friends,gift for women,small gift idea for besties,funny sticker for water bottle,waterproof sticker funny,sticker for laptop,sticker for sketchbook,retro pop funny sticker,coping mechanism art,internet drama funny sticker",coping mechanism sticker,funny drama vinyl sticker,gift idea for drama lovers,gift for best friends,gift for women,small gift idea for besties,funny sticker for water bottle,waterproof sticker funny,sticker for laptop,sticker for sketchbook,retro pop funny sticker,coping mechanism art,internet drama funny sticker
"Big Wing Gang Sticker: Car Spoiler Decal for Laptops, Tumblers",https://www.etsy.com/listing/4348771442/big-wing-gang-sticker-car-spoiler-decal,StanceCompany,https://www.etsy.com/shop/StanceCompany,3.00,0,0,0,0,0,3 Mo.,0,0,1,Paper & Party Supplies,23,0,0.0,1342,"car sticker,car stickers,die cut stickers,water resistant,car lover gift,mens gift,gift for guys,car accessories,cricut stickers,vinyl sticker,mechanic gift,car spoiler sticker,modified car sticker",car sticker,car stickers,die cut stickers,water resistant,car lover gift,mens gift,gift for guys,car accessories,cricut stickers,vinyl sticker,mechanic gift,car spoiler sticker,modified car sticker
Funny Middle Finger Mechanic Sticker - Car/Laptop Decal,https://www.etsy.com/listing/4336201744/funny-middle-finger-mechanic-sticker,LimitlessCreativeArt,https://www.etsy.com/shop/LimitlessCreativeArt,3.77,0,0,0,0,0,2 Mo.,1,0,2,Paper & Party Supplies,38,0,0.0,9,"vinyl decals,car sticker,funny decal,mechanic gift,middle finger,trade sticker,sarcastic decal,toolbox decal,rude sticker,automotive decal,gift for mechanic,shop decor,workshop sticker",vinyl decals,car sticker,funny decal,mechanic gift,middle finger,trade sticker,sarcastic decal,toolbox decal,rude sticker,automotive decal,gift for mechanic,shop decor,workshop sticker
"Sexy CAT Logo Sticker, Funny Construction Pin Up Girl Vinyl Decal, Heavy Equipment Humor for Toolbox Hard Hat Cooler,Sarcastic Mechanic Gift",https://www.etsy.com/listing/4429550867/sexy-cat-logo-sticker-funny-construction,JitrapornKongsom,https://www.etsy.com/shop/JitrapornKongsom,5.99,0,0,0,0,0,2 Mo.,0,0,4,Paper & Party Supplies,5,0,0.0,922,"sexy cat sticker,funny construction,pin up girl decal,mechanic humor,toolbox sticker,hard hat decal,heavy equipment art,sarcastic vinyl,trucker gift,garage decor,diesel life,construction worker,welding sticker",sexy cat sticker,funny construction,pin up girl decal,mechanic humor,toolbox sticker,hard hat decal,heavy equipment art,sarcastic vinyl,trucker gift,garage decor,diesel life,construction worker,welding sticker
"Heeler Mechanics Sticker, Bluey Cartoon sticker, Bluey gift for friend, stocking stuffer Bluey and bingo, Gift for Dad, Father&#39;s Day Gift",https://www.etsy.com/listing/1612931520/heeler-mechanics-sticker-bluey-cartoon,CatBoneDesign,https://www.etsy.com/shop/CatBoneDesign,2.75,0,0,0,0,0,15 Mo.,1,0,2,Electronics & Accessories,79,0,0.0,18013,"stocking stuffer,gift for friend,funny magnet,fridge magnet,bluey gift,bluey christmas,janet and rita,bluey magnet,bluey sticker,gift for dad,dad bluey sticker,heeler mechanics,father's day sticker",stocking stuffer,gift for friend,funny magnet,fridge magnet,bluey gift,bluey christmas,janet and rita,bluey magnet,bluey sticker,gift for dad,dad bluey sticker,heeler mechanics,father's day sticker
"MV-22 Osprey Sticker, Funny Military Stickers,  Aviation Mechanic Gift, Marine Corps Sticker, MV-22 Osprey, Gift for Pilot, Military Gift",https://www.etsy.com/listing/1815923078/mv-22-osprey-sticker-funny-military,BarracksBoutiqueCo,https://www.etsy.com/shop/BarracksBoutiqueCo,5.99,0,0,0,0,1,18 Mo.,2,0,51,Paper & Party Supplies,19,0,0.0,22,"aviation mechanic,gift for pilot,marine corps,navy,military gift,military aviation,military pilot,flight line gift,ch53 super stallion,navy marines helo,military sticker,mv-22 osprey,osprey",aviation mechanic,gift for pilot,marine corps,navy,military gift,military aviation,military pilot,flight line gift,ch53 super stallion,navy marines helo,military sticker,mv-22 osprey,osprey
"Go Forth and Win Transparent Outdoor Stickers, Die-Cut, 1pcs",https://www.etsy.com/listing/1379538131/go-forth-and-win-transparent-outdoor,MECHANICLIFE,https://www.etsy.com/shop/MECHANICLIFE,5.40,0,0,0,0,0,32 Mo.,0,0,6,Home & Living,32,0,0.0,11,"sticker,bumper sticker,vinyl,indoor,outdoor,custom,printed,mechanic,gift for him,gift for her",sticker,bumper sticker,vinyl,indoor,outdoor,custom,printed,mechanic,gift for him,gift for her,--,--,--
Hand Holding Piston Biker Fix Repair Service Shop Mechanic Auto Car Part Garage Design Element Logo Svg Png,https://www.etsy.com/listing/921990439/hand-holding-piston-biker-fix-repair,HoxtonCreative,https://www.etsy.com/shop/HoxtonCreative,2.99,0,0,0,0,0,62 Mo.,7,0,224,Art & Collectibles,69,0,0.0,20166,"piston svg,car piston svg,mechanic svg,mechanic dad svg,gift for husband,gift for dad,mechanic shop svg,car mechanic svg,piston logo svg,mechanic logo,car logo svg,piston biker svg,car sticker svg",piston svg,car piston svg,mechanic svg,mechanic dad svg,gift for husband,gift for dad,mechanic shop svg,car mechanic svg,piston logo svg,mechanic logo,car logo svg,piston biker svg,car sticker svg
"I&#39;m A Mechanic I Can&#39;t Fix Stupid Sticker, Funny Mechanic For Men Women Waterproof Die-Cut Vinyl Sticker for Hard Hat, Helmet Laptop Tumbler",https://www.etsy.com/listing/1821396003/im-a-mechanic-i-cant-fix-stupid-sticker,signunique,https://www.etsy.com/shop/signunique,3.99,0,0,0,139,20,8 Mo.,11,3,191,Paper & Party Supplies,22,0,72.77,21228,"even duct tape,cant fix stupid,but it can,muffle sound,sarcastic sticker,water bottle sticker,blue collar sticker,hard hat sticker,working sticker,labor day sticker,gifts for dad,mechanic sticke,worker mechanic",even duct tape,cant fix stupid,but it can,muffle sound,sarcastic sticker,water bottle sticker,blue collar sticker,hard hat sticker,working sticker,labor day sticker,gifts for dad,mechanic sticke,worker mechanic
Saint Albert Einstein Prayer Candle - Funny Albert Einstein Gift - Gift for Physics Students - Gift for Engineers - Nerd Gift,https://www.etsy.com/listing/1184489173/saint-albert-einstein-prayer-candle,NorthernFlameCandles,https://www.etsy.com/shop/NorthernFlameCandles,10.98,0,0,0,5,1,51 Mo.,9,0,207,Home & Living,66,0,2.42,4410,"albert einstein gift,funny einstein gift,saint einstein gift,einstein candle,gift for engineers,physics student gift,nerd gift,albert einstein fan,einstein sticker,funny candle gift,theory of relativity,quantum mechanics,nikola tesla",albert einstein gift,funny einstein gift,saint einstein gift,einstein candle,gift for engineers,physics student gift,nerd gift,albert einstein fan,einstein sticker,funny candle gift,theory of relativity,quantum mechanics,nikola tesla
"Classic Automobile Racing Sticker, Vintage Muscle Car Decal, Ford Mustang, Automotive Art, Enthusiast Gift,",https://www.etsy.com/listing/4435221637/drift-racer-with-checkered-flags-kiss,SurfaceSociety,https://www.etsy.com/shop/SurfaceSociety,4.15,0,0,0,0,0,3 Mo.,0,0,0,Paper & Party Supplies,4,0,0.0,3,"muscle car,mustang sticker,racing sticker,automotive art,presents for men,computer sticker,classic automobile,car guy gift,kiss cut sticker,ford mustang,mechanic sticker,car enthusiast,cartoon sticker",muscle car,mustang sticker,racing sticker,automotive art,presents for men,computer sticker,classic automobile,car guy gift,kiss cut sticker,ford mustang,mechanic sticker,car enthusiast,cartoon sticker
Lady Aviators Logo Sticker Bundle,https://www.etsy.com/listing/890285308/lady-aviators-logo-sticker-bundle,LadyAviatorsInc,https://www.etsy.com/shop/LadyAviatorsInc,10.00,0,0,0,90,16,58 Mo.,97,0,1666,Paper & Party Supplies,65,0,5.4,1488,"sticker,first solo,aviation gift,girls in aviation,aviation,gift for pilot,women in aviation,lady aviators,future pilot,female pilot,flight attendant,aviation mechanic,air traffic control",sticker,first solo,aviation gift,girls in aviation,aviation,gift for pilot,women in aviation,lady aviators,future pilot,female pilot,flight attendant,aviation mechanic,air traffic control
"Goth Mommies Ride Free Sticker - gearhead culture | Birthday Present for Car Guys, UV-Resistant, Made in USA, Weatherproof Vinyl",https://www.etsy.com/listing/4404471739/goth-mommies-ride-free-sticker-embrace,CheckOutMyEngine,https://www.etsy.com/shop/CheckOutMyEngine,9.99,0,0,0,11,1,6 Mo.,4,0,32,Paper & Party Supplies,84,0,34.38,8495,"mechanic gift,car guy decal,car culture gift,automotive humor,gearhead gift,bumper sticker,car humor decal,project car sticker,funny car sticker,car lover gift,gift for him,car humor sticker,funny bumper sticker",mechanic gift,car guy decal,car culture gift,automotive humor,gearhead gift,bumper sticker,car humor decal,project car sticker,funny car sticker,car lover gift,gift for him,car humor sticker,funny bumper sticker
"Torqued and Snapped Sticker - mechanic culture | Great Gift for Him, Dad or Boyfriend, Weatherproof Vinyl, Outdoor Rated, UV-Resistant",https://www.etsy.com/listing/4346885593/torqued-and-snapped-sticker-gearheads,CheckOutMyEngine,https://www.etsy.com/shop/CheckOutMyEngine,9.99,0,0,0,0,0,9 Mo.,2,0,10,Paper & Party Supplies,84,0,0.0,8495,"car humor decal,wrench monkey gift,mechanic humor decal,funny car sticker,garage humor decal,bumper sticker,toolbox sticker,car enthusiast gift,vinyl car sticker,funny car decal,car dad gift,gearhead gift,toolbox decal",car humor decal,wrench monkey gift,mechanic humor decal,funny car sticker,garage humor decal,bumper sticker,toolbox sticker,car enthusiast gift,vinyl car sticker,funny car decal,car dad gift,gearhead gift,toolbox decal
"This Should Help Spark Plugs Racing-Themed Die-Cut Stickers, Vintage Car Decor, Auto Enthusiast Gift, Laptop Stickers, Unique Party Favors",https://www.etsy.com/listing/4356859143/this-should-help-spark-plugs-racing,RipitnStickit,https://www.etsy.com/shop/RipitnStickit,6.99,0,0,0,0,0,9 Mo.,5,0,28,Paper & Party Supplies,12,0,0.0,32,"automotive themed,car lover gifts,gift for mechanics,funny car decals,unique sticker art,whimsical wall decor,casual home decor,stickers for teens,fun gifts for guys,car guy,for him,spark plugs,man cave",automotive themed,car lover gifts,gift for mechanics,funny car decals,unique sticker art,whimsical wall decor,casual home decor,stickers for teens,fun gifts for guys,car guy,for him,spark plugs,man cave
Garage Sign - Alfa Romeo Servizio - Easy to Hang - 16.5&quot; - Décor Wall Auto Personal Mancave,https://www.etsy.com/listing/1551919452/garage-sign-alfa-romeo-servizio-easy-to,EchoesOfThePastSigns,https://www.etsy.com/shop/EchoesOfThePastSigns,25.05,0,0,0,9,1,32 Mo.,2,0,143,Home & Living,62,0,6.29,2638,"for him,sticker,decal,personal mancave,gift for dad,gift for husband,gift car enthusiast,love italian cars,italian pride,snake,mechanic workshop,boys bedroom decor",for him,sticker,decal,personal mancave,gift for dad,gift for husband,gift car enthusiast,love italian cars,italian pride,snake,mechanic workshop,boys bedroom decor,--
Garage Sign - Shell - Easy to Hang - Size 15.75&quot; - Décor Wall Art Auto Personal Mancave,https://www.etsy.com/listing/4351676061/garage-sign-shell-easy-to-hang-size-1575,EchoesOfThePastSigns,https://www.etsy.com/shop/EchoesOfThePastSigns,10.74,0,0,0,0,0,9 Mo.,1,0,13,Home & Living,62,0,0.0,2638,"sticker,gift for dad,gift for husband,gift car enthusiast,love italian cars,car restoration,racing,ferrari,gasoline,petrol and oil,sea side,mechanic workshop,boys bedroom decor",sticker,gift for dad,gift for husband,gift car enthusiast,love italian cars,car restoration,racing,ferrari,gasoline,petrol and oil,sea side,mechanic workshop,boys bedroom decor
Garage Sign - Holden Commodore - Easy to Hang - Size 15.75&quot; - Décor Wall Art Auto Personal Mancave,https://www.etsy.com/listing/4349327724/garage-sign-holden-commodore-easy-to,EchoesOfThePastSigns,https://www.etsy.com/shop/EchoesOfThePastSigns,10.74,0,0,0,9,1,9 Mo.,0,0,28,Home & Living,62,0,32.14,2638,"sticker,gift for dad,gift for husband,gift car enthusiast,car restoration,racing,affordable gift,australian pride,love aussie cars,lion,big cat,mechanic workshop,boys bedroom decor",sticker,gift for dad,gift for husband,gift car enthusiast,car restoration,racing,affordable gift,australian pride,love aussie cars,lion,big cat,mechanic workshop,boys bedroom decor
Garage Sign - Abarth Scorpion - 15.5&quot; OR 23.5&quot; | Easy to Hang,https://www.etsy.com/listing/1735821922/garage-sign-abarth-scorpion-155-or-235,EchoesOfThePastSigns,https://www.etsy.com/shop/EchoesOfThePastSigns,32.21,0,0,0,0,0,23 Mo.,0,0,40,Home & Living,62,0,0.0,2638,"gift car enthusiast,love italian cars,italian pride,mancave decor,personal mancave,hang in garage,dad birthday,husband anniversary,for him brother son,fiat lovers,scorpion design,available as sticker,mechanic workshop",gift car enthusiast,love italian cars,italian pride,mancave decor,personal mancave,hang in garage,dad birthday,husband anniversary,for him brother son,fiat lovers,scorpion design,available as sticker,mechanic workshop
Vintage Engineer Mechanic Png Eps Design Printing T-shirt Digital File Download Clipart,https://www.etsy.com/listing/1768020358/vintage-engineer-mechanic-png-eps-design,DoodlepipsStudio,https://www.etsy.com/shop/DoodlepipsStudio,2.50,0,0,0,0,0,21 Mo.,9,0,22,Art & Collectibles,67,0,0.0,11315,"gift for dad,best dad ever,tshirt design,auto repair png,echanic logo,diesel mechanic,mechanic stickers",gift for dad,best dad ever,tshirt design,auto repair png,echanic logo,diesel mechanic,mechanic stickers,--,--,--,--,--,--
"Honda B16A DOHC VTEC Engine Sticker, B Series Decal, JDM Car Sticker, Honda Gift, Waterproof Vinyl Laptop Sticker, Civic SiR Gift for Him",https://www.etsy.com/listing/4496424832/honda-b16a-dohc-vtec-engine-sticker-b,EliteStickerPros,https://www.etsy.com/shop/EliteStickerPros,8.99,0,0,0,0,0,1 Mo.,1,0,7,Paper & Party Supplies,9,0,0.0,15,"mechanic gift,gearhead gift,car enthusiast,toolbox sticker,laptop sticker,vinyl decal,car guy gift,honda sticker,b16a sticker,b series decal,b16 engine sticker,honda gift for him,vtec sticker",mechanic gift,gearhead gift,car enthusiast,toolbox sticker,laptop sticker,vinyl decal,car guy gift,honda sticker,b16a sticker,b series decal,b16 engine sticker,honda gift for him,vtec sticker
Happy Hound Garage vinyl sticker- gift for car lovers or mechanics,https://www.etsy.com/listing/1711375764/happy-hound-garage-vinyl-sticker-gift,RosewinKoi,https://www.etsy.com/shop/RosewinKoi,3.50,0,0,0,8,3,24 Mo.,28,0,111,Paper & Party Supplies,81,0,7.21,1397,"furry sticker,garage sticker,car lover,autobody shop,golden retriever,dog lover,mechanic sticker,dog sticker,cute car sticker,car furry,car enthusiasts,gifts for car lovers,cute pun",furry sticker,garage sticker,car lover,autobody shop,golden retriever,dog lover,mechanic sticker,dog sticker,cute car sticker,car furry,car enthusiasts,gifts for car lovers,cute pun
"Blue Collar Skull with Tools Round Vinyl Sticker | American Flag, Built Tough",https://www.etsy.com/listing/4482185380/blue-collar-skull-with-tools-round-vinyl,DustyByKatie,https://www.etsy.com/shop/DustyByKatie,6.49,0,0,0,0,0,1 Mo.,0,0,50,Paper & Party Supplies,5,0,0.0,3,"vinyl stickers,round stickers,blue collar,built tough,skull sticker,mechanic gift,workman decal,hard work decal,tool stickers,american flag,garage decor,truck sticker,gifts for him",vinyl stickers,round stickers,blue collar,built tough,skull sticker,mechanic gift,workman decal,hard work decal,tool stickers,american flag,garage decor,truck sticker,gifts for him
Street Legal Vinyl Sticker: Funny Car Guy Gift,https://www.etsy.com/listing/1443132497/street-legal-vinyl-sticker-funny-car-guy,TheOldLadyZ,https://www.etsy.com/shop/TheOldLadyZ,5.25,0,0,0,0,0,38 Mo.,14,0,47,Paper & Party Supplies,51,0,0.0,1393,"funny sticker,stocking stuffer,water bottle decal,car guy sticker,funny car sticker,car guy gift,gift for car guy,mechanic sticker,modified car sticker,modified car decal,race car helmet,race car decal,mechanic gifts",funny sticker,stocking stuffer,water bottle decal,car guy sticker,funny car sticker,car guy gift,gift for car guy,mechanic sticker,modified car sticker,modified car decal,race car helmet,race car decal,mechanic gifts
Bulldog as a Mechanic Dog wall decal Dog decor Dog Music Dog wall art Decal Dog Lover Animals Dog Wall Bathroom Stickers Vinyl 123DE,https://www.etsy.com/listing/4340511487/bulldog-as-a-mechanic-dog-wall-decal-dog,BestColorDecals,https://www.etsy.com/shop/BestColorDecals,43.19,0,0,0,0,0,10 Mo.,0,0,10,Home & Living,112,0,0.0,4102,"decals for kids,home decor ideas,animal wall decal,dog room decor,dog wall decal,dog wall decor,dog wall art,dog wall vinyl,dog wall stickers,dog lover,dog lover gifts,bulldog mechanic,mechanic wall decal",decals for kids,home decor ideas,animal wall decal,dog room decor,dog wall decal,dog wall decor,dog wall art,dog wall vinyl,dog wall stickers,dog lover,dog lover gifts,bulldog mechanic,mechanic wall decal
"Loud Exhaust Funny Car Sticker, Gift for Car Guys",https://www.etsy.com/listing/1431273916/loud-exhaust-funny-car-sticker-gift-for,TheOldLadyZ,https://www.etsy.com/shop/TheOldLadyZ,5.25,0,0,0,0,0,38 Mo.,7,0,76,Paper & Party Supplies,51,0,0.0,1393,"funny sticker,stocking stuffer,water bottle decal,car guy sticker,funny car sticker,car guy gift,gift for car guy,mechanic sticker,modified car sticker,modified car decal,race car helmet,race car decal,mechanic gifts",funny sticker,stocking stuffer,water bottle decal,car guy sticker,funny car sticker,car guy gift,gift for car guy,mechanic sticker,modified car sticker,modified car decal,race car helmet,race car decal,mechanic gifts
Funny Bigfoot 10Mm Socket Mechanic Garage Mens Gift Png Instant Download,https://www.etsy.com/listing/4442738242/funny-bigfoot-10mm-socket-mechanic,GR84RTStudio,https://www.etsy.com/shop/GR84RTStudio,3.50,0,0,0,0,0,4 Mo.,1,0,1,Art & Collectibles,73,0,0.0,5503,"funny bigfoot,auto repair shirt,10mm socket gift,automotive humor,10mm socket mechanic,lost tool,automotive sticker,auto repair humor,auto shop shirt,10mm socket shirt,looking for this,10mm socket joke,auto repair png",funny bigfoot,auto repair shirt,10mm socket gift,automotive humor,10mm socket mechanic,lost tool,automotive sticker,auto repair humor,auto shop shirt,10mm socket shirt,looking for this,10mm socket joke,auto repair png
Funny &quot;Shaggin wagon&quot; Race car  svg/drag racing png/trendy racing svg/ printable sublimation/ window decal/ bumper sticker/unique auto gift,https://www.etsy.com/listing/1532719786/funny-shaggin-wagon-race-car-svgdrag,VenzAvenue,https://www.etsy.com/shop/VenzAvenue,1.90,0,0,0,0,0,33 Mo.,0,0,28,Craft Supplies & Tools,76,0,0.0,7,"drag racing svg png,gift for car lovers,race car printable,race day sweatshirt,mechanic unique gift,car sticker images,race car sublimation,dragrace vinyl decal,car window decal svg,trendy drag racing,trendy race car png,funny drag race png,bumper sticker png",drag racing svg png,gift for car lovers,race car printable,race day sweatshirt,mechanic unique gift,car sticker images,race car sublimation,dragrace vinyl decal,car window decal svg,trendy drag racing,trendy race car png,funny drag race png,bumper sticker png
"200pcs Hot Rod Sticker Pack, Vintage Car Stickers, Retro Rockabilly Garage Decals for Toolbox Helmet Motorcycle Laptop, Gift for HimTrendy",https://www.etsy.com/listing/4497551032/200pcs-hot-rod-sticker-pack-vintage-car,HeartBloomm,https://www.etsy.com/shop/HeartBloomm,10.00,0,0,0,11,1,1 Mo.,0,1,32,Paper & Party Supplies,4,0,34.38,35,"hot rod stickers,vintage car decal,rockabilly,garage decor,motorcycle decal,toolbox stickers,retro car stickers,helmet stickers,gift for him,mechanic gift,drag racing decal,car enthusiast,pin up sticker",hot rod stickers,vintage car decal,rockabilly,garage decor,motorcycle decal,toolbox stickers,retro car stickers,helmet stickers,gift for him,mechanic gift,drag racing decal,car enthusiast,pin up sticker
"Sticker for Diesel Mechanics Techs, Diesel Mechanic Sticker, Blue Collar Shop Decal, Toolbox Hardhat Laptop Gift, Grease Monkey Garage Gift",https://www.etsy.com/listing/4507425193/sticker-for-diesel-mechanics-techs,ModularRecreations,https://www.etsy.com/shop/ModularRecreations,4.64,0,0,0,0,0,1 Mo.,1,0,5,Paper & Party Supplies,37,0,0.0,3122,"diesel mechanic,heavy duty tech,truck shop toolbox,fleet service gift,wrench skull graphic,blue collar pride,equipment repair bad,hardhat laptop label,garage apprentice sw,maintenance humor,welder fabricator pr,grease monkey vibe,trucking dad idea",diesel mechanic,heavy duty tech,truck shop toolbox,fleet service gift,wrench skull graphic,blue collar pride,equipment repair bad,hardhat laptop label,garage apprentice sw,maintenance humor,welder fabricator pr,grease monkey vibe,trucking dad idea
"Sticker for Mechanic Dad, Funny Mechanic Sticker, Garage Humor, Toolbox Decoration, Witty Gift for Auto Enthusiasts",https://www.etsy.com/listing/4502655791/sticker-for-mechanic-dad-funny-mechanic,ModularRecreations,https://www.etsy.com/shop/ModularRecreations,4.64,0,0,0,0,0,1 Mo.,1,0,3,Paper & Party Supplies,37,0,0.0,3122,"funny mechanic gift,mechanic humor decal,garage pride sticker,gearhead sticker,repair shop decor,mechanic dad gift,toolbox decoration,sarcastic auto decal,wrench tool sticker,funny garage sticker,mechanic pride decal,humor car decal,auto enthusiasts",funny mechanic gift,mechanic humor decal,garage pride sticker,gearhead sticker,repair shop decor,mechanic dad gift,toolbox decoration,sarcastic auto decal,wrench tool sticker,funny garage sticker,mechanic pride decal,humor car decal,auto enthusiasts
"100pcs Blue Collar Stickers, Dirty Hands Clean Money Decals, Waterproof Vinyl For Hard Hat Toolbox Cooler, Mechanic Welder Gag Gift",https://www.etsy.com/listing/4480653722/100pcs-blue-collar-stickers-dirty-hands,YumeStickerStudio,https://www.etsy.com/shop/YumeStickerStudio,30.98,0,0,0,0,0,2 Mo.,12,0,552,Electronics & Accessories,3,57,0.0,146,"toolbox accessories,lunchbox decal,stanley cup sticker,blue collar boy,tradesman aesthetic,grunge aesthetic,hard worker energy,funny gag gift,gift for mechanic,welder gift,union stickers,construction worker,waterproof vinyl",toolbox accessories,lunchbox decal,stanley cup sticker,blue collar boy,tradesman aesthetic,grunge aesthetic,hard worker energy,funny gag gift,gift for mechanic,welder gift,union stickers,construction worker,waterproof vinyl
"Still waiting for parts skeleton sticker, funny trades & maker decal, waterproof vinyl  84 x 97 mm (3.4 x 3.9 inch)",https://www.etsy.com/listing/4332483531/still-waiting-for-parts-skeleton-sticker,possumsprintshop,https://www.etsy.com/shop/possumsprintshop,4.22,0,0,0,6,1,10 Mo.,36,0,385,Paper & Party Supplies,153,0,1.56,8390,"laptop sticker,water bottle sticker,car sticker,waterproof vinyl,possums print shop,bumper sticker,toolbox sticker,tradie sticker,mechanic gift,mechanic plumber,still waiting,waiting for parts,funny skeleton",laptop sticker,water bottle sticker,car sticker,waterproof vinyl,possums print shop,bumper sticker,toolbox sticker,tradie sticker,mechanic gift,mechanic plumber,still waiting,waiting for parts,funny skeleton
"Funny Hard Hat Sticker (3x3), Great Gift For Mechanics & Electricians , For Laptops; Coolers YP",https://www.etsy.com/listing/1553217448/funny-hard-hat-sticker-3x3-great-gift,LeadBellyBenny,https://www.etsy.com/shop/LeadBellyBenny,3.52,0,0,0,4,1,19 Mo.,10,0,30,Paper & Party Supplies,58,0,13.33,14753,"hardhat sticker,hard hat sticker,hardhat stickers,hard hat stickers,tool box stickers,lunchbox sticker,waterbottle sticker,laptop decal,laptop sticker,cooler sticker,tumbler sticker,funny sticker,funny decal",hardhat sticker,hard hat sticker,hardhat stickers,hard hat stickers,tool box stickers,lunchbox sticker,waterbottle sticker,laptop decal,laptop sticker,cooler sticker,tumbler sticker,funny sticker,funny decal
"Mechanic Hourly Rate Sticker Funny, Auto Mechanic Humor Decal, Car Guy Gift, Garage Toolbox Vinyl Sticker for Truck Laptop",https://www.etsy.com/listing/4495994489/mechanic-hourly-rate-sticker-funny-auto,Lularee,https://www.etsy.com/shop/Lularee,7.00,0,0,0,0,0,1 Mo.,0,0,0,Paper & Party Supplies,6,0,0.0,425,"mechanic sticker,mechanic humor,hourly rate sticker,car guy sticker,garage sticker,toolbox sticker,auto mechanic gift,truck sticker,funny decal,vinyl sticker,car lover gift,automotive sticker",mechanic sticker,mechanic humor,hourly rate sticker,car guy sticker,garage sticker,toolbox sticker,auto mechanic gift,truck sticker,funny decal,vinyl sticker,car lover gift,automotive sticker,--
"Trump Red Toolbox File, Trump Instant Download",https://www.etsy.com/listing/1863710628/trump-red-toolbox-file-trump-instant,ScullyCreations5,https://www.etsy.com/shop/ScullyCreations5,3.00,0,0,0,0,0,1 Mo.,1,0,11,Art & Collectibles,29,0,0.0,2448,"trump,political stickers,maga,trump toolbox,red toolbox,trump with dog,mechanic trump,donald trump,gifts for men,fathers day,dad birthday,happy fathers day,tool hoodie",trump,political stickers,maga,trump toolbox,red toolbox,trump with dog,mechanic trump,donald trump,gifts for men,fathers day,dad birthday,happy fathers day,tool hoodie
LT4 Supercharged 6.2L V8 Engine Sticker - Corvette C7 Z06 & Camaro ZL1 Decal - Chevy Mechanic Gift - Waterproof Vinyl for Laptop,https://www.etsy.com/listing/4436909489/lt4-supercharged-62l-v8-engine-sticker,EliteStickerPros,https://www.etsy.com/shop/EliteStickerPros,8.99,0,0,0,0,0,4 Mo.,1,0,29,Paper & Party Supplies,9,0,0.0,15,"corvette z06,camaro zl1,chevy lt4,supercharged v8,c7 corvette,mechanic gift,horsepower art,muscle car gift,cadillac ctsv,engine decal,laptop sticker,toolbox sticker,gm performance",corvette z06,camaro zl1,chevy lt4,supercharged v8,c7 corvette,mechanic gift,horsepower art,muscle car gift,cadillac ctsv,engine decal,laptop sticker,toolbox sticker,gm performance
"I&#39;ve Made It Worse Sticker - garage life humor | Perfect Gift for Him or Dad, Vinyl Decal, Made in USA, Outdoor Rated, Weatherproof Vinyl",https://www.etsy.com/listing/4435631877/ive-made-it-worse-sticker-humorous,CheckOutMyEngine,https://www.etsy.com/shop/CheckOutMyEngine,7.99,0,0,0,0,0,4 Mo.,0,0,8,Paper & Party Supplies,84,0,0.0,8495,"mechanic humor decal,garage life sticker,bumper sticker,funny tool sticker,wrench monkey gift,automotive humor,shop life decal,toolbox sticker,gearhead gift,gift for him,car guy gift,vinyl car sticker,car humor decal",mechanic humor decal,garage life sticker,bumper sticker,funny tool sticker,wrench monkey gift,automotive humor,shop life decal,toolbox sticker,gearhead gift,gift for him,car guy gift,vinyl car sticker,car humor decal
"Vinyl Decals for Dads, Garage Wall Decals, Gift Ideas for Mechanics, Decals for Tumblers, Mugs,Wall Art, Tool Shed Decorations, Father&#39;s Day",https://www.etsy.com/listing/770519391/vinyl-decals-for-dads-garage-wall-decals,Etchwards,https://www.etsy.com/shop/Etchwards,4.00,0,0,0,0,0,76 Mo.,1,0,25,Paper & Party Supplies,76,0,0.0,1024,"custom writing,custom bumper decal,bumper stickers,mug decals,personalized gifts,decals for tumblers,father's day gift,dad's garage,mechanics,garage art,garage decorations,dad gift ideas,vinyl decals",custom writing,custom bumper decal,bumper stickers,mug decals,personalized gifts,decals for tumblers,father's day gift,dad's garage,mechanics,garage art,garage decorations,dad gift ideas,vinyl decals
AFR Heads Hot Rod Sticker: Performance Vinyl Decal,https://www.etsy.com/listing/4434835770/blue-and-white-afr-heads-hotrod-sticker,HempinMayhemCo,https://www.etsy.com/shop/HempinMayhemCo,7.50,0,0,0,0,0,4 Mo.,0,0,8,Paper & Party Supplies,6,0,0.0,10,"blue and white,hotrod sticker,gift for her,gift for him,gift for friend,valentines day gift,christmas gift,toolbox sticker,garage decor,laptop sticker,waterproof sticker,mechanic gift,car enthusiast",blue and white,hotrod sticker,gift for her,gift for him,gift for friend,valentines day gift,christmas gift,toolbox sticker,garage decor,laptop sticker,waterproof sticker,mechanic gift,car enthusiast
"Car Enthusiast Sticker Pack: Corvette, Camaro, Mustang - 3&quot; Vinyl",https://www.etsy.com/listing/4377676416/car-enthusiast-sticker-pack-corvette,TTopVibes,https://www.etsy.com/shop/TTopVibes,5.25,0,0,0,14,4,8 Mo.,3,1,64,Paper & Party Supplies,8,0,21.88,179,"car enthusiast gift,car guy stuffer,car girl gift,corvette stickers,christmas car gift,bumper sticker,dad gift,gift for him,gift for her,garage decor,man cave decor,mechanic gift,vinyl sticker",car enthusiast gift,car guy stuffer,car girl gift,corvette stickers,christmas car gift,bumper sticker,dad gift,gift for him,gift for her,garage decor,man cave decor,mechanic gift,vinyl sticker
"If It Ain’t Broke, I Probably Didn’t Touch It Sticker | Blue Collar Humor | Funny Mechanic or Shop Vinyl Decal | Toolbox Sticker",https://www.etsy.com/listing/4331213366/if-it-aint-broke-i-probably-didnt-touch,ArtsynotCraftsy,https://www.etsy.com/shop/ArtsynotCraftsy,2.50,0,0,0,0,0,10 Mo.,43,0,162,Paper & Party Supplies,64,0,0.0,2850,"funny blue collar,trade shop decal,hard hat sticker,mechanic humor,hard hat decal,sticker for trades,lunchbox sticker,waterproof vinyl,toolbox sticker,sarcasm vinyl,blue collar gift,funny sticker,laptop sticker",funny blue collar,trade shop decal,hard hat sticker,mechanic humor,hard hat decal,sticker for trades,lunchbox sticker,waterproof vinyl,toolbox sticker,sarcasm vinyl,blue collar gift,funny sticker,laptop sticker
Nope Not Happening Decal | Car Decal | Funny Bumper Sticker,https://www.etsy.com/listing/1477205087/nope-not-happening-decal-car-decal-funny,DiamondDecalsRI,https://www.etsy.com/shop/DiamondDecalsRI,10.00,0,0,0,0,0,36 Mo.,1,0,5,Electronics & Accessories,157,0,0.0,594,"car decal,truck decal,gag gift,gift for him,gift for her,mechanic gift,car dude,sports car,luxury vehicle,car accessories,suv sticker,sarcastic,circle decal",car decal,truck decal,gag gift,gift for him,gift for her,mechanic gift,car dude,sports car,luxury vehicle,car accessories,suv sticker,sarcastic,circle decal
"Missing 10mm Socket Milk Carton Vinyl Decal, Tool Box Sticker",https://www.etsy.com/listing/4440138099/missing-10mm-socket-milk-carton-vinyl,ThePatienceProject,https://www.etsy.com/shop/ThePatienceProject,5.00,0,0,0,0,0,4 Mo.,2,0,25,Electronics & Accessories,4,0,0.0,0,"mechanic sticker,tool box decal,funny car guy,10mm socket,garage humor,laptop sticker,water bottle decal,diy gift,handyman humor,stocking stuffer,gift for him,hard hat sticker",mechanic sticker,tool box decal,funny car guy,10mm socket,garage humor,laptop sticker,water bottle decal,diy gift,handyman humor,stocking stuffer,gift for him,hard hat sticker,--
Attention Out of Order Wolf Design (Digital Download),https://www.etsy.com/listing/4462212478/attention-out-of-order-wolf-design,ToxicFonts,https://www.etsy.com/shop/ToxicFonts,2.99,0,0,0,0,0,3 Mo.,0,0,1,Art & Collectibles,13,0,0.0,3476,"out of order quote,stupid people filter,give a damn batterie,funny office decor,sarcastic work gift,funny mechanic gift,adult humor sticker,witty coworker joke,gift for introvert,no patience left svg,give a damn gone png,printable design,attitude quote svg",out of order quote,stupid people filter,give a damn batterie,funny office decor,sarcastic work gift,funny mechanic gift,adult humor sticker,witty coworker joke,gift for introvert,no patience left svg,give a damn gone png,printable design,attitude quote svg
"Sticker for Mechanic, Gift for Mechanic, Mechanic Sticker, Funny Gift for Mechanic, Gift Ideas for Mechanic, Mechanic Funny Gift",https://www.etsy.com/listing/4360121788/sticker-for-mechanic-gift-for-mechanic,Giftyeye,https://www.etsy.com/shop/Giftyeye,6.95,0,0,0,0,0,9 Mo.,0,0,2,Paper & Party Supplies,68,0,0.0,3004,"mechanic gift,gift for mechanic,mechanic sticker,sticker for mechanic,mechanic mug,mechanic candle,mechanic tshirt,custom mechanic gift,unique mechanic gift,mechanic gift ideas,mechanic birthday,funny mechanic gift,mechanic funny gift",mechanic gift,gift for mechanic,mechanic sticker,sticker for mechanic,mechanic mug,mechanic candle,mechanic tshirt,custom mechanic gift,unique mechanic gift,mechanic gift ideas,mechanic birthday,funny mechanic gift,mechanic funny gift
"Funny 10mm Socket Sticker, Mechanic Meme Decal, Car Guy Humor, Toolbox Sticker, Lost Socket Joke, Gift for Mechanic",https://www.etsy.com/listing/4479351466/funny-10mm-socket-sticker-mechanic-meme,ElevateAndFlowFR,https://www.etsy.com/shop/ElevateAndFlowFR,4.50,0,0,0,0,0,2 Mo.,1,0,15,Paper & Party Supplies,9,0,0.0,16,"10mm socket lost,mechanic humor,car guy sticker,garage humor sticker,tool meme sticker,mechanic gift idea,auto repair sticker,funny car decal,toolbox sticker,car enthusiast gift,mechanic meme decal,garage gift idea",10mm socket lost,mechanic humor,car guy sticker,garage humor sticker,tool meme sticker,mechanic gift idea,auto repair sticker,funny car decal,toolbox sticker,car enthusiast gift,mechanic meme decal,garage gift idea,--
In Thrust We Trust Vinyl Sticker: Funny Car/Laptop Decal,https://www.etsy.com/listing/1428913242/in-thrust-we-trust-vinyl-sticker-funny,TheOldLadyZ,https://www.etsy.com/shop/TheOldLadyZ,5.25,0,0,0,4,1,38 Mo.,7,0,84,Paper & Party Supplies,51,0,4.76,1393,"funny sticker,stocking stuffer,water bottle decal,car guy sticker,funny car sticker,car guy gift,gift for car guy,sticker for pilots,in thrust we trust,pilot sticker,mechanic sticker,airplane sticker,sticker for planes",funny sticker,stocking stuffer,water bottle decal,car guy sticker,funny car sticker,car guy gift,gift for car guy,sticker for pilots,in thrust we trust,pilot sticker,mechanic sticker,airplane sticker,sticker for planes
"Marine Equipment Mechanic, MOS 1340, USMC, Marines, Marine Corp, Car Sticker,  Car Decal,   Decal, Gift for Marines and Veterans",https://www.etsy.com/listing/4325699988/marine-equipment-mechanic-mos-1340-usmc,AnnieAndMeDesignsCo,https://www.etsy.com/shop/AnnieAndMeDesignsCo,7.92,0,0,0,0,0,11 Mo.,0,0,23,Paper & Party Supplies,83,0,0.0,8849,"car decal,decal,sticker,laptop sticker,decals,militaty,marine,marines,marine corp,equipment mach 1341,veteran gift,military gift,mos",car decal,decal,sticker,laptop sticker,decals,militaty,marine,marines,marine corp,equipment mach 1341,veteran gift,military gift,mos
Can’t See It From My House Sticker - Funny Blue Collar Stickers - Die-Cut Sticker - Gift for Men - Tradesman - Construction Works,https://www.etsy.com/listing/4471311060/cant-see-it-from-my-house-sticker-funny,StanDotPrints,https://www.etsy.com/shop/StanDotPrints,5.99,0,0,0,0,0,2 Mo.,2,0,6,Paper & Party Supplies,18,0,0.0,46,"blue collar,hard hat,electrician,hvac,mechanic,construction,mechanic gifts,tradesman,vinyl stickers,funny stickers,gifts for him,gifts for men,appreciation gifts",blue collar,hard hat,electrician,hvac,mechanic,construction,mechanic gifts,tradesman,vinyl stickers,funny stickers,gifts for him,gifts for men,appreciation gifts
Dell 15Inch Laptop Skin Personalized Decal Custom Art Gift Mechanical Style Design Vinyl Sticker for Xps Latitude Inspiron Vostro Precision,https://www.etsy.com/listing/1761133155/dell-15inch-laptop-skin-personalized,MEIDEAHAN,https://www.etsy.com/shop/MEIDEAHAN,25.52,0,0,0,0,0,22 Mo.,3,0,73,Electronics & Accessories,40,0,0.0,17489,"computer skin for,cool dell laptop,custom dell laptop,custom skins for,xps 9530,unique gift,laptop skin,gift for mom,gift for friend,protectant laptop,laptop accessories,5540,5550 sticker",computer skin for,cool dell laptop,custom dell laptop,custom skins for,xps 9530,unique gift,laptop skin,gift for mom,gift for friend,protectant laptop,laptop accessories,5540,5550 sticker
Mechanical Engineer Sticker | Mechanical Engineering | Gift for Engineers | Engineering Stickers,https://www.etsy.com/listing/1587811986/mechanical-engineer-sticker-mechanical,TheConfidentEngineer,https://www.etsy.com/shop/TheConfidentEngineer,3.25,0,0,0,40,10,30 Mo.,28,0,348,Paper & Party Supplies,45,0,11.49,1551,"sticker,laptop sticker,princess engineer,gifts for engineers,engineering sticker,women in stem,stem girl,mechanical engineer,cute sticker,waterproof sticker,stem sticker,mechanical eng,engineering",sticker,laptop sticker,princess engineer,gifts for engineers,engineering sticker,women in stem,stem girl,mechanical engineer,cute sticker,waterproof sticker,stem sticker,mechanical eng,engineering
Biker Skull SVG Bundle: Motorcycle Club Vector (Digital Download),https://www.etsy.com/listing/1742152360/biker-skull-svg-bundle-motorcycle-club,BaronMortis,https://www.etsy.com/shop/BaronMortis,2.84,0,0,0,18,2,22 Mo.,27,0,394,Art & Collectibles,38,0,4.57,2736,"biker skull bundle,winged skull svg,halloween clipart,png for jacket,motorcyclist skull,garage mechanic,wings and bullets,biker t-shirt gift,cool gothic mug idea,american biker club,classic bike sticker,motorhead husband,road devil brother",biker skull bundle,winged skull svg,halloween clipart,png for jacket,motorcyclist skull,garage mechanic,wings and bullets,biker t-shirt gift,cool gothic mug idea,american biker club,classic bike sticker,motorhead husband,road devil brother
Turbo Sticker Multiple Color Options,https://www.etsy.com/listing/1654371811/turbo-sticker-multiple-color-options,EmeraldTrailDesigns,https://www.etsy.com/shop/EmeraldTrailDesigns,2.00,0,0,0,2,1,28 Mo.,8,0,107,Paper & Party Supplies,41,0,1.87,670,"turbo,tool box,garage decor,man cave,trucks,hot rod,vinyl stickers,gift for dad,twin turbo,diesel,rolling coal,hard hat,mechanic sticker",turbo,tool box,garage decor,man cave,trucks,hot rod,vinyl stickers,gift for dad,twin turbo,diesel,rolling coal,hard hat,mechanic sticker
Theory and Practice Sticker | Funny STEM Science Engineer Sticker,https://www.etsy.com/listing/4434213567/theory-and-practice-sticker-funny-stem,MinnieMadeDesigns,https://www.etsy.com/shop/MinnieMadeDesigns,3.00,0,0,0,5,1,4 Mo.,32,0,79,Paper & Party Supplies,13,0,6.33,669,"laptop sticker,funny gift,funny sticker,mechanic sticker,engineering sticker,engineer sticker,shop sticker,engineer gift,women in stem,mechanical engineer,gifts for engineers,physics sticker,programmer sticker",laptop sticker,funny gift,funny sticker,mechanic sticker,engineering sticker,engineer sticker,shop sticker,engineer gift,women in stem,mechanical engineer,gifts for engineers,physics sticker,programmer sticker
Not a Mistake Engineer Sticker - Funny Engineering Sticker & Gift for Engineers,https://www.etsy.com/listing/4352783808/not-a-mistake-engineer-sticker-funny,MinnieMadeDesigns,https://www.etsy.com/shop/MinnieMadeDesigns,3.00,0,0,0,10,2,9 Mo.,31,0,89,Paper & Party Supplies,13,0,11.24,669,"laptop sticker,funny gift,funny sticker,engineering sticker,engineer sticker,engineer gift,women in stem,mechanical engineer,gifts for engineers,engineering memes,engineering jokes,civil engineering,electrical engineer",laptop sticker,funny gift,funny sticker,engineering sticker,engineer sticker,engineer gift,women in stem,mechanical engineer,gifts for engineers,engineering memes,engineering jokes,civil engineering,electrical engineer
"Sticker for Handymen, Mechanics & DIYers - Jack of All Trades Handyman Gear Logo Decal, Blue Collar Workshop Tool Badge, Contractor Gift",https://www.etsy.com/listing/4429588929/sticker-for-handymen-mechanics-diyers,ModularRecreations,https://www.etsy.com/shop/ModularRecreations,4.67,0,0,0,0,0,6 Mo.,3,0,88,Paper & Party Supplies,37,0,0.0,3122,"handyman decal,jack of all trades,toolbox vibes,blue collar pride,mechanic humor,fixer emblem,workshop badge,contractor swag,garage graphic,hardhat icon,multitool art,tradecraft logo,renovation mood",handyman decal,jack of all trades,toolbox vibes,blue collar pride,mechanic humor,fixer emblem,workshop badge,contractor swag,garage graphic,hardhat icon,multitool art,tradecraft logo,renovation mood
"Mechanic Stickers, Gifts for Mechanics, Holographic Girly Stickers, Holographic Car Lover Stickers",https://www.etsy.com/listing/4489845563/mechanic-stickers-gifts-for-mechanics,TheProgressiveBaddie,https://www.etsy.com/shop/TheProgressiveBaddie,4.49,0,0,0,0,0,2 Mo.,0,0,1,Paper & Party Supplies,79,0,0.0,3672,"holographic sticker,girly stickers",holographic sticker,girly stickers,--,--,--,--,--,--,--,--,--,--,--
Funny Vinyl Toolbox Sticker: &quot;Touch Tools and Die&quot; - Garage Humor Decal,https://www.etsy.com/listing/1374588664/funny-vinyl-toolbox-sticker-touch-tools,SavageUnikorn,https://www.etsy.com/shop/SavageUnikorn,2.75,0,0,0,23,5,41 Mo.,73,0,401,Paper & Party Supplies,54,0,5.74,22851,"toolbox stickers,funny stickers,laptop sticker,mechanic sticker,welder stickers,vinyl stickers,hard hat,stickers for guys,bumper stickers,tool stickers,fathers day,gift for him,funny stocking",toolbox stickers,funny stickers,laptop sticker,mechanic sticker,welder stickers,vinyl stickers,hard hat,stickers for guys,bumper stickers,tool stickers,fathers day,gift for him,funny stocking
Speed Cures Everything Bumper Stickers,https://www.etsy.com/listing/1380861683/speed-cures-everything-bumper-stickers,MECHANICLIFE,https://www.etsy.com/shop/MECHANICLIFE,6.74,0,0,0,0,0,32 Mo.,2,0,8,Paper & Party Supplies,32,0,0.0,11,"sticker,bumper sticker,viny,indoor,outdoor,custom,printed,mechanic,gift for him,gift for her",sticker,bumper sticker,viny,indoor,outdoor,custom,printed,mechanic,gift for him,gift for her,--,--,--
"I Void Warranties Transparent Outdoor Stickers, Die-Cut, 1pcs",https://www.etsy.com/listing/1377886333/i-void-warranties-transparent-outdoor,MECHANICLIFE,https://www.etsy.com/shop/MECHANICLIFE,5.40,0,0,0,0,0,32 Mo.,0,0,5,Home & Living,32,0,0.0,11,"sticker,bumper sticker,vinyl,indoor,outdoor,custom,printed,mechanic,gift for him,gift for her",sticker,bumper sticker,vinyl,indoor,outdoor,custom,printed,mechanic,gift for him,gift for her,--,--,--
Trendy funny &quot;Bounce dat ass&quot; race car drag racing png/bumper sticker/racing png printable sublimation/unique gift for car lovers/auto decal,https://www.etsy.com/listing/1532072178/trendy-funny-bounce-dat-ass-race-car,VenzAvenue,https://www.etsy.com/shop/VenzAvenue,1.90,0,0,0,0,0,33 Mo.,0,0,5,Craft Supplies & Tools,76,0,0.0,7,"drag racing png,gift for car lovers,race car printable,race day sweatshirt,funny race day png,mechanic unique gift,car sticker images,race car sublimation,dragrace sublimation,car window decal png,trendy drag racing,trendy race car png,bumper sticker png",drag racing png,gift for car lovers,race car printable,race day sweatshirt,funny race day png,mechanic unique gift,car sticker images,race car sublimation,dragrace sublimation,car window decal png,trendy drag racing,trendy race car png,bumper sticker png
Trendy &quot;Born to race&quot; car svg/checkered flag png/drag racing printable sublimation /bumper sticker/race car unique gift/race day sweatshirt,https://www.etsy.com/listing/1546885387/trendy-born-to-race-car-svgcheckered,VenzAvenue,https://www.etsy.com/shop/VenzAvenue,1.90,0,0,0,0,0,33 Mo.,0,0,10,Craft Supplies & Tools,76,0,0.0,7,"drag racing svg png,gift for car lovers,checkered flag png,race car printable,race day sweatshirt,mechanic unique gift,car sticker images,race car sublimation,dragrace vinyl decal,car window decal svg,trendy drag racing,trendy race car png,auto racing png svg",drag racing svg png,gift for car lovers,checkered flag png,race car printable,race day sweatshirt,mechanic unique gift,car sticker images,race car sublimation,dragrace vinyl decal,car window decal svg,trendy drag racing,trendy race car png,auto racing png svg
"Fixed It With A Hammer Sticker - mechanic culture | Affordable Gift for Him or Dad, Weatherproof Vinyl, Made in USA, UV-Resistant",https://www.etsy.com/listing/4346878882/fixed-it-with-a-hammer-sticker-diy,CheckOutMyEngine,https://www.etsy.com/shop/CheckOutMyEngine,9.99,0,0,0,0,0,9 Mo.,8,0,27,Paper & Party Supplies,84,0,0.0,8495,"car humor decal,vinyl car sticker,garage humor decal,mechanic gift,bumper sticker,car dad gift,car enthusiast gift,funny car decal,gearhead gift,garage life sticker,funny tool sticker,toolbox sticker,wrench monkey gift",car humor decal,vinyl car sticker,garage humor decal,mechanic gift,bumper sticker,car dad gift,car enthusiast gift,funny car decal,gearhead gift,garage life sticker,funny tool sticker,toolbox sticker,wrench monkey gift
"Missing My 10mm Again Mechanic Sticker - wrench monkey energy | Great Gift for Him, Dad or Boyfriend, Vinyl Decal, Car Culture, Made in USA",https://www.etsy.com/listing/4324517731/missing-my-10mm-again-mechanic-sticker,CheckOutMyEngine,https://www.etsy.com/shop/CheckOutMyEngine,9.99,0,0,0,0,0,11 Mo.,2,0,23,Electronics & Accessories,84,0,0.0,8495,"car humor decal,garage life sticker,bumper sticker,shop life decal,wrench monkey gift,diy car builder gift,funny car decal,toolbox sticker,toolbox decal,funny tool sticker,car guy gift,car dad gift,automotive humor",car humor decal,garage life sticker,bumper sticker,shop life decal,wrench monkey gift,diy car builder gift,funny car decal,toolbox sticker,toolbox decal,funny tool sticker,car guy gift,car dad gift,automotive humor
"Control Yourself Sticker - car enthusiast energy | Affordable Gift for Him or Dad, Weatherproof Vinyl, Outdoor Rated, UV-Resistant",https://www.etsy.com/listing/4432553847/control-yourself-sticker-unique-video,CheckOutMyEngine,https://www.etsy.com/shop/CheckOutMyEngine,9.99,0,0,0,0,0,5 Mo.,0,0,2,Paper & Party Supplies,84,0,0.0,8495,"funny car decal,vinyl car sticker,gift for him,car guy decal,car culture gift,mechanic gift,project car sticker,toolbox decal,car lover gift,gearhead gift,automotive humor,funny bumper sticker,car dad gift",funny car decal,vinyl car sticker,gift for him,car guy decal,car culture gift,mechanic gift,project car sticker,toolbox decal,car lover gift,gearhead gift,automotive humor,funny bumper sticker,car dad gift
"Certified Garage Mechanic Sticker, Funny Car Guy Decal, Automotive Humor Sticker, Waterproof Vinyl Sticker, Gift for Car Lovers",https://www.etsy.com/listing/4487522522/certified-garage-mechanic-sticker-funny,ElevateAndFlowFR,https://www.etsy.com/shop/ElevateAndFlowFR,4.50,0,0,0,0,0,1 Mo.,0,0,2,Paper & Party Supplies,9,0,0.0,16,"mechanic sticker,car guy sticker,garage sticker,funny sticker,mechanic humor,car decal,automotive sticker,funny car sticker,vinyl sticker,laptop sticker,car lover gift,waterproof sticker,garage life",mechanic sticker,car guy sticker,garage sticker,funny sticker,mechanic humor,car decal,automotive sticker,funny car sticker,vinyl sticker,laptop sticker,car lover gift,waterproof sticker,garage life
I’m a mechanic sticker decal,https://www.etsy.com/listing/1906437913/im-a-mechanic-sticker-decal,StricklandDesignTees,https://www.etsy.com/shop/StricklandDesignTees,3.75,0,0,0,0,0,5 Mo.,5,0,32,Paper & Party Supplies,28,0,0.0,935,"funny sticker,mechanic sticker,gift for mechanic,blue collar sticker,gift for him",funny sticker,mechanic sticker,gift for mechanic,blue collar sticker,gift for him,--,--,--,--,--,--,--,--
Lady Aviators Logo Sticker - Black,https://www.etsy.com/listing/890284418/lady-aviators-logo-sticker-black,LadyAviatorsInc,https://www.etsy.com/shop/LadyAviatorsInc,5.00,0,0,0,45,8,58 Mo.,61,0,757,Paper & Party Supplies,65,0,5.94,1488,"sticker,future pilot,female pilot,flight attendant,aviation mechanic,air traffic control,first solo,aviation gift,girls in aviation,gift for pilot,aviation,women in aviation,lady aviators",sticker,future pilot,female pilot,flight attendant,aviation mechanic,air traffic control,first solo,aviation gift,girls in aviation,gift for pilot,aviation,women in aviation,lady aviators
Reserved Logo Decal,https://www.etsy.com/listing/1823812246/reserved-logo-decal,StickerFanShop,https://www.etsy.com/shop/StickerFanShop,64.97,0,0,0,5,1,5 Mo.,0,0,2,Home & Living,117,0,250.0,7592,"vinyl wall decal,matte wall decal,die cut vinyl decal,wall stickers,decals for father,decals for dad,grandfather gifts,gifts for dads,gifts for fathers,gifts for men,car lover decals,mechanic decals,father's day gifts",vinyl wall decal,matte wall decal,die cut vinyl decal,wall stickers,decals for father,decals for dad,grandfather gifts,gifts for dads,gifts for fathers,gifts for men,car lover decals,mechanic decals,father's day gifts
"15T Sticker for Black Hawk Mechanic, 15 Tango Army MOS, UH-60 Crew Chief, Military Helicopter Maintenance and Repairer Gift, Army Aviation",https://www.etsy.com/listing/4328358345/15t-sticker-15-tango-sticker-black-hawk,23StickerStreet,https://www.etsy.com/shop/23StickerStreet,5.67,0,0,0,0,0,11 Mo.,4,0,49,Electronics & Accessories,17,0,0.0,440,"army sticker,army strong,aviation support,military aviation,army aviation,av geek,crewchief,flight line gear,aviation maint,uh60 mechanic,rotorhead life,blackhawk crew,army helicopter",army sticker,army strong,aviation support,military aviation,army aviation,av geek,crewchief,flight line gear,aviation maint,uh60 mechanic,rotorhead life,blackhawk crew,army helicopter
Funny Car Guy Sticker: Potholes Hungry For Oil Pans - Water Resistant,https://www.etsy.com/listing/4325515306/funny-car-guy-sticker-potholes-hungry,StanceCompany,https://www.etsy.com/shop/StanceCompany,3.00,0,0,0,0,0,5 Mo.,1,0,0,Paper & Party Supplies,23,0,0.0,1342,"car sticker,car stickers,car lover gift,mens gift,gift for guys,car accessories,mechanic gift,snap on tools,pot hole sticker,oil pan sticker,caution sticker,funny tech sticker,car oil pan",car sticker,car stickers,car lover gift,mens gift,gift for guys,car accessories,mechanic gift,snap on tools,pot hole sticker,oil pan sticker,caution sticker,funny tech sticker,car oil pan
"Handyman Sticker, Home Repair Decor, DIY Fixologist Gift, I Fix Stuff & Know Things Decal, Tool Enthusiast Label, Mechanic Laptop Adhesive",https://www.etsy.com/listing/1880147786/handyman-sticker-home-repair-decor-diy,ColleensHiddenCloset,https://www.etsy.com/shop/ColleensHiddenCloset,3.99,0,0,0,22,1,14 Mo.,6,0,134,Paper & Party Supplies,39,0,16.42,2572,"fix stuff sticker,know things sticker,handyman gift,diy enthusiast,mechanic sticker,tool lover,funny sticker,gift for him,gift for her,repairman gift,geeky sticker,computer technician,crafter sticker",fix stuff sticker,know things sticker,handyman gift,diy enthusiast,mechanic sticker,tool lover,funny sticker,gift for him,gift for her,repairman gift,geeky sticker,computer technician,crafter sticker
"I&#39;m Silently Judging Your Wiring, Hard Hat, Tool Box Funny Work Stickers, Mechanics, Electricians, Dad Gift, Funny Gift For Her or Him",https://www.etsy.com/listing/1802938333/im-silently-judging-your-wiring-hard-hat,HardHatLife,https://www.etsy.com/shop/HardHatLife,3.80,0,0,0,42,7,19 Mo.,56,0,508,Paper & Party Supplies,31,0,8.27,2244,"construction,heavy equipment,stickers for men,funny stickers,hardhatsticker,work stickers funny,hard hat stickers,gifts for him,birthday gifts,tool box stickers,gifts for men,judging your wiring,electrician stickers",construction,heavy equipment,stickers for men,funny stickers,hardhatsticker,work stickers funny,hard hat stickers,gifts for him,birthday gifts,tool box stickers,gifts for men,judging your wiring,electrician stickers
Lady Aviators Oshkosh 2024 Sticker,https://www.etsy.com/listing/1758704991/lady-aviators-oshkosh-2024-sticker,LadyAviatorsInc,https://www.etsy.com/shop/LadyAviatorsInc,2.00,0,0,0,39,7,14 Mo.,18,1,545,Paper & Party Supplies,65,0,7.16,1488,"sticker,air traffic control,aviation mechanic,flight attendant,female pilot,future pilot,first solo,aviation gift,girls in aviation,aviation,gift for pilot,women in aviation,lady aviators",sticker,air traffic control,aviation mechanic,flight attendant,female pilot,future pilot,first solo,aviation gift,girls in aviation,aviation,gift for pilot,women in aviation,lady aviators
"Guess I&#39;ll Dissociate Waterproof Vinyl Sticker | Mental Health, Disassociation",https://www.etsy.com/listing/1696671072/guess-ill-dissociate-waterproof-vinyl,ThanksCapitalism,https://www.etsy.com/shop/ThanksCapitalism,4.15,0,0,0,48,8,25 Mo.,462,0,1364,Paper & Party Supplies,153,25,3.52,9568,"waterproof sticker,vinyl sticker,water bottle sticker,tumbler sticker,kindle sticker,gifts for her,laptop sticker,mental health,dissociate sticker,therapy sticker,coping mechanism,disassociation,trauma sticker",waterproof sticker,vinyl sticker,water bottle sticker,tumbler sticker,kindle sticker,gifts for her,laptop sticker,mental health,dissociate sticker,therapy sticker,coping mechanism,disassociation,trauma sticker
"Honda K20C1 Type R Engine Sticker, Civic Type R Decal, JDM Car Sticker, Honda Gift, Waterproof Vinyl Laptop Sticker, VTEC Gift for Him",https://www.etsy.com/listing/4496407323/honda-k20c1-type-r-engine-sticker-civic,EliteStickerPros,https://www.etsy.com/shop/EliteStickerPros,8.99,0,0,0,0,0,1 Mo.,0,0,7,Paper & Party Supplies,9,0,0.0,15,"mechanic gift,gearhead gift,car enthusiast,toolbox sticker,laptop sticker,vinyl decal,car guy gift,honda sticker,k20c1 sticker,type r decal,civic type r gift,vtec sticker,honda gift for him",mechanic gift,gearhead gift,car enthusiast,toolbox sticker,laptop sticker,vinyl decal,car guy gift,honda sticker,k20c1 sticker,type r decal,civic type r gift,vtec sticker,honda gift for him
6 Speed Gear - Stay Clear - Stick Shift - Manual Car Shift Diagram - Car/Truck/Laptop/Computer/Phone/Home Decor/Bumper Sticker - Vinyl Decal,https://www.etsy.com/listing/693335604/6-speed-gear-stay-clear-stick-shift,DecalPhanatics,https://www.etsy.com/shop/DecalPhanatics,2.99,0,0,0,0,0,84 Mo.,12,0,348,Art & Collectibles,146,0,0.0,87597,"car decal,bumper sticker,computer decal,mechanic gift,gift for dad,fathers day gift,gear shift,shift diagram,stick shift,manual car,6 speed,yeti decal,stay clear",car decal,bumper sticker,computer decal,mechanic gift,gift for dad,fathers day gift,gear shift,shift diagram,stick shift,manual car,6 speed,yeti decal,stay clear
In Loving Memory Car Decal Piston Memorial Sticker Mechanic Memorial Decal Automotive Tribute Window Sticker Car Enthusiast Memorial,https://www.etsy.com/listing/4467077355/in-loving-memory-car-decal-piston,SmoreDesignsLLC,https://www.etsy.com/shop/SmoreDesignsLLC,8.00,0,0,0,0,0,2 Mo.,0,0,8,Paper & Party Supplies,32,0,0.0,368,"vinyl sticker,car window decal,laptop sticker,gift for,custom decals,car accessories,personalized decal,car decor,vinyl decal,decal sticker,car sticker,mechanic tribute,memorial car decal",vinyl sticker,car window decal,laptop sticker,gift for,custom decals,car accessories,personalized decal,car decor,vinyl decal,decal sticker,car sticker,mechanic tribute,memorial car decal
"Toolbox Organisation Vinyl Decal Stickers | Tools Icons, Mechanic Gift",https://www.etsy.com/listing/1670998048/toolbox-organisation-vinyl-decal,CostaHOLA,https://www.etsy.com/shop/CostaHOLA,1.92,0,0,0,0,0,27 Mo.,18,0,1035,Craft Supplies & Tools,63,0,0.0,251,"toolbox,custom,tool,stickers,vinyl decal,mechanic,label,gifts for him,fathers day,storage,organisation,decal stickers,icon",toolbox,custom,tool,stickers,vinyl decal,mechanic,label,gifts for him,fathers day,storage,organisation,decal stickers,icon
Funny Tool Lover Sticker | You Can&#39;t Buy Happiness,https://www.etsy.com/listing/4443850628/you-cant-buy-happiness-but-you-can-buy,SydsShpDesigns,https://www.etsy.com/shop/SydsShpDesigns,3.63,0,0,0,0,0,4 Mo.,0,0,10,Paper & Party Supplies,5,0,0.0,45,"kiss cut,tool sticker,funny tools,mechanic gift,handyman gift,diy sticker,workshop decor,gift for him,construction art,tool lover,laptop sticker,garage sticker,craftsman gift",kiss cut,tool sticker,funny tools,mechanic gift,handyman gift,diy sticker,workshop decor,gift for him,construction art,tool lover,laptop sticker,garage sticker,craftsman gift
"Decal, YouTube Mechanic Vinyl, Car Window Sticker (PAIR)",https://www.etsy.com/listing/4385675806/decal-youtube-mechanic-vinyl-car-window,FabfreakShop,https://www.etsy.com/shop/FabfreakShop,10.00,0,0,0,0,0,7 Mo.,0,0,1,Electronics & Accessories,95,0,0.0,335,"gift for her,gift for him,car vinyl,car sticker,car decal,car accessory,mechanic sticker,shop decal,racecar decal,racer sticker,toolbox decal,tumbler decal,youtube decal",gift for her,gift for him,car vinyl,car sticker,car decal,car accessory,mechanic sticker,shop decal,racecar decal,racer sticker,toolbox decal,tumbler decal,youtube decal
"Little Tike’s Kids Toy Inspired - I’m Just a Car Guy Vinyl Sticker, Waterproof, Hydroflask, Laptop Sticker",https://www.etsy.com/listing/4332847995/little-tikes-kids-toy-inspired-im-just-a,thenamnamco,https://www.etsy.com/shop/thenamnamco,4.00,0,0,0,9,2,10 Mo.,46,0,414,Paper & Party Supplies,46,0,2.17,3410,"waterproof,laptop,kawaii stickers,vinyl,gifts for her,gifts for teens,pop culture,gift for foodies,gift under 10,little tikes,car guy,mechanic,car hobby",waterproof,laptop,kawaii stickers,vinyl,gifts for her,gifts for teens,pop culture,gift for foodies,gift under 10,little tikes,car guy,mechanic,car hobby
Built for the Trades Sticker | Kiss-Cut Tradesman Tools Decal,https://www.etsy.com/listing/4500437563/built-for-the-trades-sticker-kiss-cut,ForemanSupplyCo,https://www.etsy.com/shop/ForemanSupplyCo,8.55,0,0,0,0,0,1 Mo.,0,0,0,Paper & Party Supplies,64,0,0.0,26,"kiss cut,trade sticker,built for,tools decal,tradesman gift,worker laptop,construction tag,mechanic sticker,plumber decal,electrician gift,tool lover,workshop decor,manual labor",kiss cut,trade sticker,built for,tools decal,tradesman gift,worker laptop,construction tag,mechanic sticker,plumber decal,electrician gift,tool lover,workshop decor,manual labor
Garage Sign - Veglia Borletti Speedometer with Ferrari Logo- Easy to Hang - Circle 15.5&quot; Personal Mancave,https://www.etsy.com/listing/1678163900/garage-sign-veglia-borletti-speedometer,EchoesOfThePastSigns,https://www.etsy.com/shop/EchoesOfThePastSigns,35.79,0,0,0,9,1,26 Mo.,9,0,732,Home & Living,62,0,1.23,2638,"for him,sticker,decal,personal mancave,gift for dad,gift for husband,gift car enthusiast,love italian cars,italian pride,gift ferrari lover,prancing horse,mechanic workshop",for him,sticker,decal,personal mancave,gift for dad,gift for husband,gift car enthusiast,love italian cars,italian pride,gift ferrari lover,prancing horse,mechanic workshop,--
Garage Sign - Ford Cobra - 16.5&quot; x 10.6&quot; - Easy to Hang | Décor Wall Auto Personal Mancave,https://www.etsy.com/listing/1579900795/garage-sign-ford-cobra-165-x-106-easy-to,EchoesOfThePastSigns,https://www.etsy.com/shop/EchoesOfThePastSigns,25.05,0,0,0,0,0,31 Mo.,2,0,42,Home & Living,62,0,0.0,2638,"sticker,personal mancave,gift for dad,gift for husband,gift car enthusiast,love american cars,gift for him,old ford,ford pride,usa pride,snake,mechanic workshop,1970s vintage car",sticker,personal mancave,gift for dad,gift for husband,gift car enthusiast,love american cars,gift for him,old ford,ford pride,usa pride,snake,mechanic workshop,1970s vintage car
Garage Sign - Alfa Romeo - Easy to Hang - Size 15.75&quot; - Décor Wall Art Auto Personal Mancave,https://www.etsy.com/listing/4347113164/garage-sign-alfa-romeo-easy-to-hang-size,EchoesOfThePastSigns,https://www.etsy.com/shop/EchoesOfThePastSigns,10.74,0,0,0,0,0,9 Mo.,0,0,22,Home & Living,62,0,0.0,2638,"for him,sticker,gift for dad,gift for husband,gift car enthusiast,love italian cars,italian pride,car restoration,racing,affordable gift,ferrari,mechanic workshop,boys bedroom decor",for him,sticker,gift for dad,gift for husband,gift car enthusiast,love italian cars,italian pride,car restoration,racing,affordable gift,ferrari,mechanic workshop,boys bedroom decor
Garage Sign - Alfa Romeo Milano - Shield 15.5&quot; - Easy to Hang - Personal Mancave,https://www.etsy.com/listing/4401971447/garage-sign-alfa-romeo-milano-shield-155,EchoesOfThePastSigns,https://www.etsy.com/shop/EchoesOfThePastSigns,35.79,0,0,0,0,0,6 Mo.,1,0,54,Home & Living,62,0,0.0,2638,"for him,sticker,decal,personal mancave,gift for dad,gift for husband,gift car enthusiast,love italian cars,italian pride,mechanic workshop,ferrari f1,boy's bedroom decor",for him,sticker,decal,personal mancave,gift for dad,gift for husband,gift car enthusiast,love italian cars,italian pride,mechanic workshop,ferrari f1,boy's bedroom decor,--
Garage Sign - Weber Carburatori - Easy to Hang - 16.5&quot; - Décor Wall Auto Personal Mancave,https://www.etsy.com/listing/1799413545/garage-sign-weber-carburatori-easy-to,EchoesOfThePastSigns,https://www.etsy.com/shop/EchoesOfThePastSigns,25.05,0,0,0,0,0,20 Mo.,0,0,25,Home & Living,62,0,0.0,2638,"for him,sticker,decal,personal mancave,gift for dad,gift for husband,gift car enthusiast,love italian cars,italian pride,mechanic workshop,boys bedroom decor,performance car,car parts",for him,sticker,decal,personal mancave,gift for dad,gift for husband,gift car enthusiast,love italian cars,italian pride,mechanic workshop,boys bedroom decor,performance car,car parts
Garage Sign - Lancia - Size 16.5&quot; - Easy to Hang | Décor Wall Art Auto Personal Mancave,https://www.etsy.com/listing/1524878487/garage-sign-lancia-size-165-easy-to-hang,EchoesOfThePastSigns,https://www.etsy.com/shop/EchoesOfThePastSigns,10.74,0,0,0,9,1,34 Mo.,10,0,463,Home & Living,62,0,1.94,2638,"for him,sticker,decal,gift for dad,gift for husband,gift car enthusiast,love italian cars,italian pride,mechanic workshop",for him,sticker,decal,gift for dad,gift for husband,gift car enthusiast,love italian cars,italian pride,mechanic workshop,--,--,--,--
Lady Aviators Oshkosh 2025 Sticker,https://www.etsy.com/listing/4329808317/lady-aviators-oshkosh-2025-sticker,LadyAviatorsInc,https://www.etsy.com/shop/LadyAviatorsInc,5.00,0,0,0,51,9,2 Mo.,8,5,348,Paper & Party Supplies,65,51,14.66,1488,"sticker,air traffic control,aviation mechanic,flight attendant,female pilot,future pilot,first solo,aviation gift,girls in aviation,aviation,gift for pilot,women in aviation,lady aviators",sticker,air traffic control,aviation mechanic,flight attendant,female pilot,future pilot,first solo,aviation gift,girls in aviation,aviation,gift for pilot,women in aviation,lady aviators
I Void Warranties Vinyl Sticker | Mechanic Decal | Tool Box & Laptop Sticker,https://www.etsy.com/listing/4301225269/i-void-warranties-vinyl-sticker-mechanic,TradesmanGospel,https://www.etsy.com/shop/TradesmanGospel,3.99,0,0,0,0,0,4 Mo.,4,0,37,Paper & Party Supplies,4,0,0.0,3,"hard hat sticker,gift for mechanic,gearhead gift,workshop humor,laptop decal,industrial decal,garage sticker,toolbox decal,funny work sticker,diy vinyl sticker,mechanic decal,i void warranties",hard hat sticker,gift for mechanic,gearhead gift,workshop humor,laptop decal,industrial decal,garage sticker,toolbox decal,funny work sticker,diy vinyl sticker,mechanic decal,i void warranties,--
"Funny HVAC Technician Gift – Personalized Custom Shirt, Mug & Sticker for Heating and Cooling Techs, Engineers and Mechanics",https://www.etsy.com/listing/4312053994/funny-hvac-technician-gift-personalized,Americanpeoplecrafts,https://www.etsy.com/shop/Americanpeoplecrafts,25.41,0,0,0,0,0,2 Mo.,0,0,0,Clothing,35,0,0.0,1056,"hvac tech gift,hvac shirt,hvac mug,engineer humor,funny hvac gift,hvac life,custom hvac gift,heating tech,cooling tech,hvac joke,technician shirt,custom engineer,hvac mechanic",hvac tech gift,hvac shirt,hvac mug,engineer humor,funny hvac gift,hvac life,custom hvac gift,heating tech,cooling tech,hvac joke,technician shirt,custom engineer,hvac mechanic
"If You Can&#39;t Fix It With Zip Ties Patch, Zip Tie Certified Sarcastic Snarky Work Humor Quote Patches Applique for Clothes Hats Backpacks",https://www.etsy.com/listing/4312335852/if-you-cant-fix-it-with-zip-ties-patch,Fivetify,https://www.etsy.com/shop/Fivetify,12.50,0,0,0,0,0,1 Mo.,3,0,1,Accessories,7,0,0.0,2851,"funny sticker,funny patch,gifts for her,gifts for him,mechanic patch,tool humor,blue collar funny,welding humor,toolbox patch,tradesman gift,sarcastic,ziptie",funny sticker,funny patch,gifts for her,gifts for him,mechanic patch,tool humor,blue collar funny,welding humor,toolbox patch,tradesman gift,sarcastic,ziptie,--
"I&#39;m On Yo Bumper - Round Stickers, Fun Car Enthusiast Gift, Skateboard Decal, Indoor/Outdoor Use, Race Fan Decor",https://www.etsy.com/listing/1887484247/im-on-yo-bumper-round-stickers-fun-car,HeavyOnTheCulture,https://www.etsy.com/shop/HeavyOnTheCulture,13.50,0,0,0,0,0,4 Mo.,0,0,9,Paper & Party Supplies,5,0,0.0,0,"funny car stickers,gift for drivers,outdoor car decor,auto lover gift,car enthusiast decor,playful car gift,unique car stickers,sticker for bumper,motor vehicle decor,car owner gift,funny outdoor decor,gift for mechanics,car decal",funny car stickers,gift for drivers,outdoor car decor,auto lover gift,car enthusiast decor,playful car gift,unique car stickers,sticker for bumper,motor vehicle decor,car owner gift,funny outdoor decor,gift for mechanics,car decal
"Will Strip for Money Vinyl Sticker, Funny Auto Body Painter Decal, Woodworking Humor Gift, Mechanic Tool Box Decor, Sassy Waterproof Decal",https://www.etsy.com/listing/4492693921/will-strip-for-money-vinyl-sticker-funny,MbrByKayle,https://www.etsy.com/shop/MbrByKayle,6.00,0,0,0,0,0,1 Mo.,0,0,0,Paper & Party Supplies,3,0,0.0,8,"funny sticker,will strip for money,vinyl decal,painter gift,mechanic sticker,tool box decal,woodworking gift,funny car decal,sarcasm sticker,sassy decal,laptop sticker,waterproof sticker,husband gift",funny sticker,will strip for money,vinyl decal,painter gift,mechanic sticker,tool box decal,woodworking gift,funny car decal,sarcasm sticker,sassy decal,laptop sticker,waterproof sticker,husband gift
Built Not Bought Car Sticker|vinyl decal| cars| gift for him| gift for her| mechanic| spanner|,https://www.etsy.com/listing/1171254480/built-not-bought-car-stickervinyl-decal,MoosAlternativeGifts,https://www.etsy.com/shop/MoosAlternativeGifts,5.22,0,0,0,0,0,33 Mo.,2,0,49,Paper & Party Supplies,31,0,0.0,43,"car,car sticker,funny car sticker,vinyl,self adhesive vinyl,small business,cars,jdm,funny,decal,missymoovinyls",car,car sticker,funny car sticker,vinyl,self adhesive vinyl,small business,cars,jdm,funny,decal,missymoovinyls,--,--
"Vintage Muscle Car Sticker | Mustangs, Racing , Laptop, Toolbox, Journal, Window Decor",https://www.etsy.com/listing/4435223126/vintage-muscle-car-sticker-classic,SurfaceSociety,https://www.etsy.com/shop/SurfaceSociety,4.15,0,0,0,0,0,3 Mo.,2,0,10,Paper & Party Supplies,4,0,0.0,3,"muscle car,mustang sticker,racing sticker,automotive art,presents for men,computer sticker,classic automobile,car guy gift,kiss cut sticker,ford mustang,mechanic sticker,car enthusiast,cartoon sticker",muscle car,mustang sticker,racing sticker,automotive art,presents for men,computer sticker,classic automobile,car guy gift,kiss cut sticker,ford mustang,mechanic sticker,car enthusiast,cartoon sticker
"Garage-themed Kiss-Cut Stickers for Auto Enthusiasts | Sticker Pack, Car Decor, Garage Accessories, Gifts for Mechanics, Custom Stickers",https://www.etsy.com/listing/4349294169/garage-themed-kiss-cut-stickers-for-auto,ClutchUpGarage,https://www.etsy.com/shop/ClutchUpGarage,4.75,0,0,0,0,0,9 Mo.,1,0,6,Paper & Party Supplies,10,0,0.0,5,"kiss cut stickers,car enthusiast gift,garage decor sticker,vehicle lovers gift,cool laptop sticker,funny garage decor,unique car stickers,sticker for gift,vinyl stickers car,mechanic gift ideas,trendy auto stickers,stylish auto decor,garage wall decor",kiss cut stickers,car enthusiast gift,garage decor sticker,vehicle lovers gift,cool laptop sticker,funny garage decor,unique car stickers,sticker for gift,vinyl stickers car,mechanic gift ideas,trendy auto stickers,stylish auto decor,garage wall decor
"I love lipstick on my dipstick sticker, blue collar trades hardhat mechanics toolbox funny sarcastic joke gift for men garage humor sticker",https://www.etsy.com/listing/4411251639/i-love-lipstick-on-my-dipstick-sticker,SweetNSaltyDesignss,https://www.etsy.com/shop/SweetNSaltyDesignss,2.99,0,0,0,0,0,6 Mo.,1,0,5,Paper & Party Supplies,32,0,0.0,147,"jobsite,trades,sticker,funny,unique,silly,garage,sarcastic,handmade,water bottle,laptop,oil,shop",jobsite,trades,sticker,funny,unique,silly,garage,sarcastic,handmade,water bottle,laptop,oil,shop
"Mechanic Stickers, Waterproof Gearhead Car Garage, Automotive Tool Shop Bumper Gift for Car Lovers",https://www.etsy.com/listing/4488213684/mechanic-stickers-waterproof-gearhead,BuckleUpBetsy,https://www.etsy.com/shop/BuckleUpBetsy,5.00,0,0,0,0,0,1 Mo.,3,0,15,Electronics & Accessories,38,0,0.0,1218,"cute dad funny,luggage dorm decor,unique gift ideas,water bottle laptop,snarky sassy sarcasm,irreverent funny,mechanic tool box,garage car guy gal,automotive repair,gearhead 10 mm,wrench socket,waterproof stickers,car bumper vinyl",cute dad funny,luggage dorm decor,unique gift ideas,water bottle laptop,snarky sassy sarcasm,irreverent funny,mechanic tool box,garage car guy gal,automotive repair,gearhead 10 mm,wrench socket,waterproof stickers,car bumper vinyl
"Mechanic Car Sticker, Gear Car Decal, Mechanic Bumper Sticker, Vinyl Decal for a Mechanical Engineer on Toolboxes",https://www.etsy.com/listing/4357889893/mechanic-car-sticker-gear-car-decal,BadgeCloud,https://www.etsy.com/shop/BadgeCloud,7.04,0,0,0,0,0,1 Mo.,0,0,0,Paper & Party Supplies,14,0,0.0,37,"mechanic,mechanic gifted,car mechanic gifted,mechanical keyboard,gift for mechanic,dad mechanic gifted,mechanics gift,tool sticker,gear decal,engineer gift,car repair,diy mechanic",mechanic,mechanic gifted,car mechanic gifted,mechanical keyboard,gift for mechanic,dad mechanic gifted,mechanics gift,tool sticker,gear decal,engineer gift,car repair,diy mechanic,--
caution-septic tank funny sticker-political bull s...-laptops-tool box -vinyl 4 inch,https://www.etsy.com/listing/1790531551/caution-septic-tank-funny-sticker,AzkerArt,https://www.etsy.com/shop/AzkerArt,4.00,0,0,0,0,0,8 Mo.,0,0,2,Paper & Party Supplies,23,0,0.0,1902,"funny stickers,trump,kamala stickers,political sticker,funny decals,vinyl sticker,gift sticker,decals,bumper sticker,windows,gift for him,tol box,mechanic decal",funny stickers,trump,kamala stickers,political sticker,funny decals,vinyl sticker,gift sticker,decals,bumper sticker,windows,gift for him,tol box,mechanic decal
Play With Blocks Sticker | Engine Block Sticker | Big/Small Engine Block Sticker | Mechanic Sticker | Sticker For Mechanics | Glossy Sticker,https://www.etsy.com/listing/1755216295/play-with-blocks-sticker-engine-block,LazyPandaCreations,https://www.etsy.com/shop/LazyPandaCreations,3.00,0,0,0,2,1,9 Mo.,14,0,54,Paper & Party Supplies,78,0,3.7,284,"mechanic,mechanic sticker,glossy sticker,gift for mechanic,gift for him,engine block,big block,small block,play with blocks",mechanic,mechanic sticker,glossy sticker,gift for mechanic,gift for him,engine block,big block,small block,play with blocks,--,--,--,--
Garage Sign - Esso - Easy to Hang - Oval 15&quot; - Décor Wall Auto Personal Mancave,https://www.etsy.com/listing/1566104657/garage-sign-esso-easy-to-hang-oval-15,EchoesOfThePastSigns,https://www.etsy.com/shop/EchoesOfThePastSigns,25.05,0,0,0,0,0,32 Mo.,3,0,586,Home & Living,62,0,0.0,2638,"for him,sticker,decal,personal mancave,gift for dad,gift for husband,gift car enthusiast,mechanic workshop,petrol and oil,gasoline,fuel and lubricant,vintage garage sign,motor racing sign",for him,sticker,decal,personal mancave,gift for dad,gift for husband,gift car enthusiast,mechanic workshop,petrol and oil,gasoline,fuel and lubricant,vintage garage sign,motor racing sign
Super Size Sticker - Ford Cobra - 600mm x 200mm - Pack of 2 - Outdoor Vehicle Garage,https://www.etsy.com/listing/4377321269/super-size-sticker-ford-cobra-600mm-x,EchoesOfThePastSigns,https://www.etsy.com/shop/EchoesOfThePastSigns,35.79,0,0,0,0,0,8 Mo.,0,0,3,Electronics & Accessories,62,0,0.0,2638,"decal,gift for husband,waterproof vinyl,racing car owner,boat owner,truck owner,van owner,caravan owner,american car lover,american pride,usa pride,mechanic workshop,trailer sticker",decal,gift for husband,waterproof vinyl,racing car owner,boat owner,truck owner,van owner,caravan owner,american car lover,american pride,usa pride,mechanic workshop,trailer sticker
"Can&#39;t Fix Stupid Sign, Mechanic Shop Sign, Funny Mechanic Sign",https://www.etsy.com/listing/1641381253/cant-fix-stupid-sign-mechanic-shop-sign,RealCoolStickers,https://www.etsy.com/shop/RealCoolStickers,27.99,0,0,0,0,0,29 Mo.,9,0,244,Home & Living,69,0,0.0,10584,"mechanic shop sign,funny mechanic sign,gift for dad,car repair shop sign,funny garage sign,car repair sign,mechanic sign,funny car repair,mechanic sticker,mechanic shop magnet,mechanic price sign,funny shop sign,can't fix stupid",mechanic shop sign,funny mechanic sign,gift for dad,car repair shop sign,funny garage sign,car repair sign,mechanic sign,funny car repair,mechanic sticker,mechanic shop magnet,mechanic price sign,funny shop sign,can't fix stupid
Under construction car svg/cute drag racing png/race car png/bumper sticker/race car window decal/trendy racing png/drag racing unique gift,https://www.etsy.com/listing/1546953915/under-construction-car-svgcute-drag,VenzAvenue,https://www.etsy.com/shop/VenzAvenue,1.90,0,0,0,0,0,33 Mo.,2,0,24,Craft Supplies & Tools,76,0,0.0,7,"drag racing svg png,gift for car lovers,race car printable,race day sweatshirt,mechanic unique gift,car sticker images,race car sublimation,dragrace vinyl decal,car window decal svg,trendy drag racing,trendy race car png,cute bumper sticker,trendy auto png svg",drag racing svg png,gift for car lovers,race car printable,race day sweatshirt,mechanic unique gift,car sticker images,race car sublimation,dragrace vinyl decal,car window decal svg,trendy drag racing,trendy race car png,cute bumper sticker,trendy auto png svg
Off Road Racing Decal Set - 4x4 Monster Truck Rally Decor -USA Baja Truggy Crew - Toolbox Art - Dirtbike Buggy Sponsor Logos - Free Shipping,https://www.etsy.com/listing/1873739766/off-road-racing-decal-set-4x4-monster,SignLizard,https://www.etsy.com/shop/SignLizard,39.95,0,0,0,19,4,14 Mo.,53,0,2016,Art & Collectibles,201,45,0.94,5213,"motorsport stickers,race sponsor logos,4wd trophy trucks,score members,off-road track race,baja 1000 course,norra drivers tires,rzr go cart dirtbike,dessert motorcycle,mint 400 auto parts,gifts for mancave,grandpa dad mechanic,jeep raptor honda",motorsport stickers,race sponsor logos,4wd trophy trucks,score members,off-road track race,baja 1000 course,norra drivers tires,rzr go cart dirtbike,dessert motorcycle,mint 400 auto parts,gifts for mancave,grandpa dad mechanic,jeep raptor honda
"Float&#39;s Stuck Luck&#39;s Up Sticker - DIY builder pride | Gift for Dad, Husband or Boyfriend, Weatherproof Vinyl, Outdoor Rated, Made in USA",https://www.etsy.com/listing/4346884519/floats-stuck-lucks-up-sticker-classic,CheckOutMyEngine,https://www.etsy.com/shop/CheckOutMyEngine,9.99,0,0,0,0,0,9 Mo.,0,0,7,Electronics & Accessories,84,0,0.0,8495,"garage life sticker,funny car decal,car humor decal,mechanic gift,car guy gift,funny car sticker,gearhead gift,gift for him,car enthusiast gift,garage humor decal,shop life decal,wrench monkey gift,automotive humor",garage life sticker,funny car decal,car humor decal,mechanic gift,car guy gift,funny car sticker,gearhead gift,gift for him,car enthusiast gift,garage humor decal,shop life decal,wrench monkey gift,automotive humor
"I&#39;m Being Performative Sticker - gearhead culture | Perfect Gift for Him or Dad, Made in USA, Car Culture, Weatherproof Vinyl, Outdoor Rated",https://www.etsy.com/listing/4432240907/im-being-performative-holographic,CheckOutMyEngine,https://www.etsy.com/shop/CheckOutMyEngine,10.99,0,0,0,0,0,5 Mo.,0,0,0,Paper & Party Supplies,84,0,0.0,8495,"car humor sticker,funny bumper sticker,vinyl car sticker,funny car decal,bumper sticker,toolbox decal,funny car sticker,gift for him,car lover gift,car guy decal,mechanic gift,car enthusiast gift,gearhead gift",car humor sticker,funny bumper sticker,vinyl car sticker,funny car decal,bumper sticker,toolbox decal,funny car sticker,gift for him,car lover gift,car guy decal,mechanic gift,car enthusiast gift,gearhead gift
"Turkish Coffee Addict Sticker - car guy life | Birthday Gift for Him or Dad, UV-Resistant, Weatherproof Vinyl, Outdoor Rated, Made in USA",https://www.etsy.com/listing/4433361198/turkish-coffee-addict-sticker-charming,CheckOutMyEngine,https://www.etsy.com/shop/CheckOutMyEngine,9.99,0,0,0,0,0,5 Mo.,0,0,6,Paper & Party Supplies,84,0,0.0,8495,"car lover gift,funny car decal,car dad gift,car humor sticker,funny car sticker,garage rat gift,car guy gift,gift for him,bumper sticker,gearhead gift,toolbox decal,vinyl car sticker,mechanic gift",car lover gift,funny car decal,car dad gift,car humor sticker,funny car sticker,garage rat gift,car guy gift,gift for him,bumper sticker,gearhead gift,toolbox decal,vinyl car sticker,mechanic gift
Zero Ducks Given Bumper Sticker Vinyl Decal,https://www.etsy.com/listing/4462608572/zero-ducks-given-bumper-sticker-vinyl,BighornGraphics,https://www.etsy.com/shop/BighornGraphics,6.50,0,0,0,0,0,3 Mo.,0,0,5,Paper & Party Supplies,10,0,0.0,15,"gift for him,mechanic,builder,bumper sticker,vehicle,tool box sticker,4 wheeling,vinyl decal,monster truck,gearhead,tumbler sticker,jeep,ducks",gift for him,mechanic,builder,bumper sticker,vehicle,tool box sticker,4 wheeling,vinyl decal,monster truck,gearhead,tumbler sticker,jeep,ducks
Funny Retirement Vinyl Sticker: Office Humor Decal,https://www.etsy.com/listing/1501928348/funny-retirement-vinyl-sticker-office,TheOldLadyZ,https://www.etsy.com/shop/TheOldLadyZ,5.25,0,0,0,0,0,34 Mo.,10,0,31,Paper & Party Supplies,51,0,0.0,1393,"funny sticker,stocking stuffer,water bottle decal,funny sticker women,laptop sticker,gift for her,gift for him,retirement sticker,funny office job,office job sticker,nurse sticker,mechanic sticker,construction sticker",funny sticker,stocking stuffer,water bottle decal,funny sticker women,laptop sticker,gift for her,gift for him,retirement sticker,funny office job,office job sticker,nurse sticker,mechanic sticker,construction sticker
Vintage Red Chevelle Style Car Sticker - Retro American Muscle Car Design,https://www.etsy.com/listing/1457261694/vintage-red-chevelle-style-car-sticker,IAmSkyeWithAnE,https://www.etsy.com/shop/IAmSkyeWithAnE,12.36,0,0,0,0,0,37 Mo.,10,0,171,Paper & Party Supplies,120,0,0.0,304,"vintage car,classic car,muscle car,car sticker,laptop decal,red car decal,automotive art,car lover,retro vehicle,gift for him,mechanic gift,car enthusiast,gift for car guy",vintage car,classic car,muscle car,car sticker,laptop decal,red car decal,automotive art,car lover,retro vehicle,gift for him,mechanic gift,car enthusiast,gift for car guy
"Funny Truck Bumper Sticker | “Certified Shit Box” | Permanent Vinyl Decal | Car Windows, Cups, Laptops",https://www.etsy.com/listing/4418102412/funny-truck-bumper-sticker-o-certified,CarrierOfChaos,https://www.etsy.com/shop/CarrierOfChaos,4.99,0,0,0,0,0,5 Mo.,1,0,2,Paper & Party Supplies,6,0,0.0,31,"sarcastic car decal,funny car decal,car bumper sticker,permanent vinyl art,waterproof sticker,laptop cup sticker,sarcastic sticker,funny gift for him,funny christmas gift,truck window sticker,mechanic joke gift,shitty truck decal,jdm funny decal",sarcastic car decal,funny car decal,car bumper sticker,permanent vinyl art,waterproof sticker,laptop cup sticker,sarcastic sticker,funny gift for him,funny christmas gift,truck window sticker,mechanic joke gift,shitty truck decal,jdm funny decal
Funny Jumper Cables Sticker Call Me A Pair Of Jumper Cables Car Decal Mechanic Humor Sticker Truck Toolbox Gift For Him Fathers Day Gift,https://www.etsy.com/listing/4499426339/funny-jumper-cables-sticker-call-me-a,CarolinaMarketShop,https://www.etsy.com/shop/CarolinaMarketShop,3.95,0,0,0,0,0,1 Mo.,0,0,2,Paper & Party Supplies,4,0,0.0,17,"sticker,bumper sticker,stanley sticker,stickers for men,car decal,laptop sticker,water bottle decal,funny sticker,naught sticker,mechanics gift,fathers day,fathers day gift,toolbox sticker",sticker,bumper sticker,stanley sticker,stickers for men,car decal,laptop sticker,water bottle decal,funny sticker,naught sticker,mechanics gift,fathers day,fathers day gift,toolbox sticker
"It Worked Yesterday Sticker, Funny Engineer Gift",https://www.etsy.com/listing/4352793023/it-worked-yesterday-sticker-funny,MinnieMadeDesigns,https://www.etsy.com/shop/MinnieMadeDesigns,3.00,0,0,0,5,1,9 Mo.,19,0,51,Paper & Party Supplies,13,0,9.8,669,"laptop sticker,funny gift,funny sticker,engineering sticker,engineer sticker,engineer gift,women in stem,mechanical engineer,gifts for engineers,engineering memes,engineering jokes,electrical engineer,aerospace engineer",laptop sticker,funny gift,funny sticker,engineering sticker,engineer sticker,engineer gift,women in stem,mechanical engineer,gifts for engineers,engineering memes,engineering jokes,electrical engineer,aerospace engineer
"Kawaii Keycap Character Sticker: Mechanical Keyboard Enthusiast Decor, Cute Gamer Gift for Desk Setup, Pastel Gaming Accessories",https://www.etsy.com/listing/4483633947/kawaii-keycap-character-sticker,PulseHouse,https://www.etsy.com/shop/PulseHouse,8.99,0,0,0,0,0,1 Mo.,0,0,5,Paper & Party Supplies,22,0,0.0,10,"mechanical keyboard,kawaii desk decor,gamer girl gift,custom keycap art,cute gaming sticker,streamer aesthetic,keyboard enthusiast,pastel room decor,pc gamer gift,funny laptop decal,unique desk setup,birthday gift idea,vinyl sticker art",mechanical keyboard,kawaii desk decor,gamer girl gift,custom keycap art,cute gaming sticker,streamer aesthetic,keyboard enthusiast,pastel room decor,pc gamer gift,funny laptop decal,unique desk setup,birthday gift idea,vinyl sticker art
"BMW M140I Sticker | Kiss-Cut Car Decal, Gold Wheels",https://www.etsy.com/listing/4453445777/black-bmw-hatchback-sticker-kiss-cut-car,GameshiftGarage,https://www.etsy.com/shop/GameshiftGarage,5.37,0,0,0,0,0,3 Mo.,0,0,5,Paper & Party Supplies,3,0,0.0,0,"car stickers,bmw sticker,kiss cut,car decal,laptop sticker,auto enthusiast,car lover,black car decal,gold wheel decal,sports hatch sticker,vehicle accessory,gift for him,mechanic gift",car stickers,bmw sticker,kiss cut,car decal,laptop sticker,auto enthusiast,car lover,black car decal,gold wheel decal,sports hatch sticker,vehicle accessory,gift for him,mechanic gift
"Diesel Only Skeleton Sticker, Garage Mechanic Ripping Diesel Truck Car Sticker for Water Bottle Car Gift Laptop Helmet",https://www.etsy.com/listing/4436489015/diesel-only-skeleton-sticker-garage,husiiiLLC,https://www.etsy.com/shop/husiiiLLC,3.99,0,0,0,0,0,4 Mo.,2,0,89,Paper & Party Supplies,35,0,0.0,30684,"diesel only,diesel skeleton,mechanic humor,garage sticker,diesel truck,car guy sticker,wrench life,dark humor,skull mechanic,gearhead gift,auto shop,laptop sticker,water bottle",diesel only,diesel skeleton,mechanic humor,garage sticker,diesel truck,car guy sticker,wrench life,dark humor,skull mechanic,gearhead gift,auto shop,laptop sticker,water bottle
"Mechanic Life Fire Logo Transparent Outdoor Stickers, Die-Cut, 1pcs",https://www.etsy.com/listing/1377886493/mechanic-life-fire-logo-transparent,MECHANICLIFE,https://www.etsy.com/shop/MECHANICLIFE,5.40,0,0,0,0,0,32 Mo.,0,0,8,Home & Living,32,0,0.0,11,"sticker,bumper sticker,vinyl,indoor,outdoor,custom,printed,mechanic,gift for him,gift for her",sticker,bumper sticker,vinyl,indoor,outdoor,custom,printed,mechanic,gift for him,gift for her,--,--,--
"Mechanic Mafia Transparent Outdoor Stickers, Die-Cut, 1pcs",https://www.etsy.com/listing/1410875403/mechanic-mafia-transparent-outdoor,MECHANICLIFE,https://www.etsy.com/shop/MECHANICLIFE,5.40,0,0,0,0,0,30 Mo.,0,0,9,Home & Living,32,0,0.0,11,"sticker,bumper sticker,vinyl,indoor,outdoor,custom,printed,mechanic,gift for him,gift for her",sticker,bumper sticker,vinyl,indoor,outdoor,custom,printed,mechanic,gift for him,gift for her,--,--,--
"Shitbox Edition stickers, Rude stickers, funny stickers, custom stickers,custom bumper stickers,obnoxious stickers,sarcastic stickers,",https://www.etsy.com/listing/1331052347/shitbox-edition-stickers-rude-stickers,JayEllenCreations,https://www.etsy.com/shop/JayEllenCreations,8.95,0,0,0,0,0,29 Mo.,0,0,29,Paper & Party Supplies,30,0,0.0,65,"mechanic stickers,trendy stickers,gag stickers,obnoxious stickers,sarcastic stickers,custom funny sticker,truck bumper sticker,bumper stickers,funny bumper sticker,gift for dad,gag gift,funny stickers,naughty stickers",mechanic stickers,trendy stickers,gag stickers,obnoxious stickers,sarcastic stickers,custom funny sticker,truck bumper sticker,bumper stickers,funny bumper sticker,gift for dad,gag gift,funny stickers,naughty stickers
"Motorsport Cigarette Pack Kiss-Cut Vinyl Decals | Car Enthusiast Stickers, Auto Racing Decor, Garage Wall Art, Gift for Him, Car Accessories",https://www.etsy.com/listing/1868867147/motorsport-cigarette-pack-kiss-cut-vinyl,CrownOfThornsStudio,https://www.etsy.com/shop/CrownOfThornsStudio,4.00,0,0,0,0,0,1 Mo.,0,0,0,Paper & Party Supplies,2,0,0.0,2,"automotive art decor,cool car stickers,unique vinyl decals,gift for mechanic,garage decor ideas,vinyl sticker set,vinyl decals for car,car lover gifts,adhesive car graphix,unique gift ideas,vinyl car graphics,sporty car decal",automotive art decor,cool car stickers,unique vinyl decals,gift for mechanic,garage decor ideas,vinyl sticker set,vinyl decals for car,car lover gifts,adhesive car graphix,unique gift ideas,vinyl car graphics,sporty car decal,--
I Just Laugh Stuff Off Sticker - BOGO - 2 For The Price of 1!,https://www.etsy.com/listing/1505793354/i-just-laugh-stuff-off-sticker-bogo-2,SaintMarlo,https://www.etsy.com/shop/SaintMarlo,3.99,0,0,0,0,0,24 Mo.,5,0,9,Electronics & Accessories,31,0,0.0,3545,"funny sticker,hydroflask sticker,computer sticker,yeti sticker,laptop sticker,laptop decal,my wife says,husband sticker,gift for husband,mechanic sticker,tool box sticker,helmet sticker,shopping sticker",funny sticker,hydroflask sticker,computer sticker,yeti sticker,laptop sticker,laptop decal,my wife says,husband sticker,gift for husband,mechanic sticker,tool box sticker,helmet sticker,shopping sticker
"No Replacement for Displacement Sticker, Car Guy Gift, Vehicle Enthusiast Decal, Automotive Decor, Mechanic Sticker Pack, Auto",https://www.etsy.com/listing/1832763412/no-replacement-for-displacement-sticker,IndustrialPalletWorx,https://www.etsy.com/shop/IndustrialPalletWorx,5.36,0,0,0,0,0,17 Mo.,1,0,25,Paper & Party Supplies,104,0,0.0,51,"car stickers,vehicle decals,mechanic gift,car lover gift,custom sticker,toolbox sticker,vinyl sticker,jdm sticker,car enthusiast gift,bumper sticker,gift for gearheads,big block chevy,big block ford",car stickers,vehicle decals,mechanic gift,car lover gift,custom sticker,toolbox sticker,vinyl sticker,jdm sticker,car enthusiast gift,bumper sticker,gift for gearheads,big block chevy,big block ford
Gear Heads Don&#39;t Die Legends Skull Piston Car or Truck Vinyl Window Decal Sticker,https://www.etsy.com/listing/4448640937/gear-heads-dont-die-legends-skull-piston,RadDezigns,https://www.etsy.com/shop/RadDezigns,7.49,0,0,0,0,0,4 Mo.,0,0,6,Electronics & Accessories,199,0,0.0,2776,"gear head decal,skull piston,car sticker,truck decal,window vinyl,auto legend,mechanic gift,engine lover,racing decal,automotive art,vehicle decal,custom sticker,gift for him",gear head decal,skull piston,car sticker,truck decal,window vinyl,auto legend,mechanic gift,engine lover,racing decal,automotive art,vehicle decal,custom sticker,gift for him
"Mechanical Butterfly Vinyl Decal: Colorful Art Sticker, Home & Car Decor",https://www.etsy.com/listing/4329890855/mechanical-butterfly-vinyl-decal,DansDZigns,https://www.etsy.com/shop/DansDZigns,10.11,0,0,0,0,0,3 Mo.,0,0,3,Paper & Party Supplies,7,0,0.0,88,"vinyl decals,butterfly stickers,mechanical decal,home decor,floral art,car accessories,nature gifts,school supplies,cute decal,colorful sticker,artistic decoration,gifts for her,unique decals",vinyl decals,butterfly stickers,mechanical decal,home decor,floral art,car accessories,nature gifts,school supplies,cute decal,colorful sticker,artistic decoration,gifts for her,unique decals
blue collar dollars sticker decal,https://www.etsy.com/listing/1848153256/blue-collar-dollars-sticker-decal,StricklandDesignTees,https://www.etsy.com/shop/StricklandDesignTees,3.75,0,0,0,0,0,8 Mo.,1,0,18,Paper & Party Supplies,28,0,0.0,935,"gift for cowowrker,hard hat sticker,toolbox sticker,lineman sticker,mechanic sticker,osha sticker",gift for cowowrker,hard hat sticker,toolbox sticker,lineman sticker,mechanic sticker,osha sticker,--,--,--,--,--,--,--
Iconic Pink Hardhat Sticker | Female Engineer | Engineering Empowerment Sticker,https://www.etsy.com/listing/1737561010/iconic-pink-hardhat-sticker-female,TheConfidentEngineer,https://www.etsy.com/shop/TheConfidentEngineer,3.00,0,0,0,0,0,23 Mo.,23,0,155,Paper & Party Supplies,45,0,0.0,1551,"engineer sticker,gift for engineers,engineering,civil engineer,women in stem,steminist,engineering sticker,mechanical engineer,software engineer,computer engineer,laptop engineer,hardhat sticker,engineering gifts",engineer sticker,gift for engineers,engineering,civil engineer,women in stem,steminist,engineering sticker,mechanical engineer,software engineer,computer engineer,laptop engineer,hardhat sticker,engineering gifts
"Funny Plumber Mechanic Sticker: I Fix Stuff and I Know Things (4PCS), Gift for Husband, Family and friend",https://www.etsy.com/listing/4307034956/funny-plumber-mechanic-sticker-i-fix,Stickbae,https://www.etsy.com/shop/Stickbae,6.99,0,0,0,15,3,12 Mo.,4,0,61,Paper & Party Supplies,17,0,24.59,3418,"waterproof sticker,bottle sticker,laptop sticker,hat sticker,personalized sticker,car sticker,toolbox sticker,die-cut sticker,chibi sticker,plumber sticker,job sticker",waterproof sticker,bottle sticker,laptop sticker,hat sticker,personalized sticker,car sticker,toolbox sticker,die-cut sticker,chibi sticker,plumber sticker,job sticker,--,--
"Restored by Rattle Cans Sticker - garage life humor | Perfect Gift for Him or Dad, Vinyl Decal, Car Culture, UV-Resistant, Outdoor Rated",https://www.etsy.com/listing/4324517013/restored-by-rattle-cans-funny-mechanic,CheckOutMyEngine,https://www.etsy.com/shop/CheckOutMyEngine,9.99,0,0,0,0,0,11 Mo.,1,0,28,Electronics & Accessories,84,0,0.0,8495,"funny tool sticker,wrench monkey gift,toolbox sticker,gift for him,bumper sticker,automotive humor,diy car builder gift,car humor decal,car guy gift,garage humor decal,mechanic gift,funny car decal,gearhead gift",funny tool sticker,wrench monkey gift,toolbox sticker,gift for him,bumper sticker,automotive humor,diy car builder gift,car humor decal,car guy gift,garage humor decal,mechanic gift,funny car decal,gearhead gift
"Welded & Well-Did Sticker - mechanic culture | Affordable Gift for Him or Dad, Vinyl Decal, Car Culture, Weatherproof Vinyl, UV-Resistant",https://www.etsy.com/listing/4346886615/welded-well-did-sticker-hot-rod-style,CheckOutMyEngine,https://www.etsy.com/shop/CheckOutMyEngine,9.99,0,0,0,0,0,9 Mo.,6,0,27,Paper & Party Supplies,84,0,0.0,8495,"funny car decal,car humor decal,car guy gift,car dad gift,diy car builder gift,garage humor decal,shop life decal,wrench monkey gift,garage life sticker,gearhead gift,mechanic gift,gift for him,vinyl car sticker",funny car decal,car humor decal,car guy gift,car dad gift,diy car builder gift,garage humor decal,shop life decal,wrench monkey gift,garage life sticker,gearhead gift,mechanic gift,gift for him,vinyl car sticker
I Void Warranties Indoor Use Vinyl Sticker,https://www.etsy.com/listing/4405732919/i-void-warranties-indoor-use-vinyl,ZestyPineappleShop,https://www.etsy.com/shop/ZestyPineappleShop,3.27,0,0,0,0,0,6 Mo.,0,0,7,Electronics & Accessories,25,0,0.0,49,"gifts for him,gifts under 5,dirty hands,blue collar,mechanic,driveway mechanic,reckless,funny sayings,funny sayings men,one liner shirt,one liner sticker,laptop sticker,water bottle sticker",gifts for him,gifts under 5,dirty hands,blue collar,mechanic,driveway mechanic,reckless,funny sayings,funny sayings men,one liner shirt,one liner sticker,laptop sticker,water bottle sticker
"Motorcycle Skull Vinyl Decal, Mechanic Bumper Sticker, for Tumblers, Laptops, Car Windows, Great Gear Head Gifts",https://www.etsy.com/listing/723321089/motorcycle-skull-vinyl-decal-mechanic,FlaDecals,https://www.etsy.com/shop/FlaDecals,5.99,0,0,0,0,0,79 Mo.,9,0,259,Paper & Party Supplies,114,0,0.0,8773,"custom decal,custom sticker,bumper sticker,window decal,window sticker,car decal,tumbler decal,handmade sticker,vinyl decal,mechanic decal,motorcycle decal,mechanic gift,gear head decal",custom decal,custom sticker,bumper sticker,window decal,window sticker,car decal,tumbler decal,handmade sticker,vinyl decal,mechanic decal,motorcycle decal,mechanic gift,gear head decal
"Automotive Kiss-Cut Stickers - V8 Car burnout, Racing Car Decal, Vehicle Vinyl Sticker, Car Lover Gift, Auto Enthusiast Merch",https://www.etsy.com/listing/1872523982/automotive-kiss-cut-stickers-v8-car,JoFoStickers,https://www.etsy.com/shop/JoFoStickers,4.54,0,0,0,0,0,11 Mo.,0,0,4,Paper & Party Supplies,15,0,0.0,149,"car stickers,v8 engine,automotive decals,car enthusiast,vinyl sticker,mechanic gift,vehicle decal,auto lover,custom stickers,classic car,retro design,gift for him,car accessories",car stickers,v8 engine,automotive decals,car enthusiast,vinyl sticker,mechanic gift,vehicle decal,auto lover,custom stickers,classic car,retro design,gift for him,car accessories
Physicist Holographic Script Sticker // 2.6&quot; x 1.3&quot; // Science Sticker // Science Laptop Decal,https://www.etsy.com/listing/1710948590/physicist-holographic-script-sticker-26,scisketches,https://www.etsy.com/shop/scisketches,3.59,0,0,0,2,1,24 Mo.,2,0,35,Electronics & Accessories,95,0,5.71,242,"lgbtq science,women in stem,science stickers,gift for scientist,science laptop decal,lab notebook,chemistry gift,physicist gift,laboratory,engineer gift,science art,quantum mechanics,string theory",lgbtq science,women in stem,science stickers,gift for scientist,science laptop decal,lab notebook,chemistry gift,physicist gift,laboratory,engineer gift,science art,quantum mechanics,string theory
"Every Tool is a Hammer Car Guy Sticker, Mechanic Gift",https://www.etsy.com/listing/1287385137/every-tool-is-a-hammer-car-guy-sticker,TheOldLadyZ,https://www.etsy.com/shop/TheOldLadyZ,5.25,0,0,0,4,1,45 Mo.,37,0,104,Electronics & Accessories,51,0,3.85,1393,"car guy gifts,car guy,mechanic gifts,gifts for car guys,the old lady z,drag racing,drag racing gift,race car tshirt,funny car sticker,water bottle decal,car guy decals,car guy sticker,laptop stickers",car guy gifts,car guy,mechanic gifts,gifts for car guys,the old lady z,drag racing,drag racing gift,race car tshirt,funny car sticker,water bottle decal,car guy decals,car guy sticker,laptop stickers
"Black BMW E30 Car Sticker | Kiss-Cut Vinyl Decal, JDM Classic Coupe",https://www.etsy.com/listing/4464435042/black-bmw-e30-car-sticker-kiss-cut-vinyl,Bridgegaleria,https://www.etsy.com/shop/Bridgegaleria,4.99,0,0,0,0,0,3 Mo.,0,0,13,Paper & Party Supplies,12,0,0.0,19,"kiss cut,car sticker,bmw decal,vinyl sticker,laptop decal,car lover,stance car,e30 sticker,auto enthusiast,race car art,car accessories,gifts for him,mechanic gift",kiss cut,car sticker,bmw decal,vinyl sticker,laptop decal,car lover,stance car,e30 sticker,auto enthusiast,race car art,car accessories,gifts for him,mechanic gift
7 Speed Gear - Happiness is not Automatic - Crawler Stick Shift - Manual Gear Shift Diagram - Car/Truck/Laptop/Bumper Sticker - Vinyl Decal,https://www.etsy.com/listing/1132343254/7-speed-gear-happiness-is-not-automatic,DecalPhanatics,https://www.etsy.com/shop/DecalPhanatics,2.99,0,0,0,11,2,53 Mo.,8,0,327,Art & Collectibles,146,0,3.36,87553,"car decal,bumper sticker,computer decal,macbook decal,mechanic gift,gift for dad,fathers day gift,gear shift,shift diagram,stick shift,yeti decal,7 speed,crawler",car decal,bumper sticker,computer decal,macbook decal,mechanic gift,gift for dad,fathers day gift,gear shift,shift diagram,stick shift,yeti decal,7 speed,crawler
"Funny Mechanic Definition Mug Sticker for Laptop, Mechanic Definition Mug Gift for Animal Lover, Cartoon Mechanic Definition Mug Vinyl Decal",https://www.etsy.com/listing/4468237797/funny-mechanic-definition-mug-sticker,LowkeyPress,https://www.etsy.com/shop/LowkeyPress,12.99,0,0,0,0,0,2 Mo.,0,0,1,Home & Living,3,0,0.0,73,"funny sticker,humor gift,cartoon sticker,funny animal sticker,cute gift,laptop sticker,water bottle sticker,vinyl sticker,sticker gift idea,die cut sticker",funny sticker,humor gift,cartoon sticker,funny animal sticker,cute gift,laptop sticker,water bottle sticker,vinyl sticker,sticker gift idea,die cut sticker,--,--,--
"Funny Mechanic Nutrition Facts Mug Sticker for Laptop, Mechanic Nutrition Facts Mug Gift for Animal Lover, Cartoon Mechanic Nutrition Fac...",https://www.etsy.com/listing/4478768596/funny-mechanic-nutrition-facts-mug,LowkeyPress,https://www.etsy.com/shop/LowkeyPress,12.99,0,0,0,0,0,2 Mo.,0,0,0,Home & Living,3,0,0.0,73,"funny sticker,humor gift,cartoon sticker,funny animal sticker,cute gift,laptop sticker,water bottle sticker,vinyl sticker,sticker gift idea,die cut sticker",funny sticker,humor gift,cartoon sticker,funny animal sticker,cute gift,laptop sticker,water bottle sticker,vinyl sticker,sticker gift idea,die cut sticker,--,--,--
T-Top Vibes Vinyl Sticker | Car Culture Bumper Sticker,https://www.etsy.com/listing/4377739037/t-top-vibes-vinyl-car-sticker-car,TTopVibes,https://www.etsy.com/shop/TTopVibes,2.99,0,0,0,0,0,8 Mo.,0,0,12,Paper & Party Supplies,8,0,0.0,179,"car guy gift,car enthusiast gift,stocking stuffer,car humor,christmas gift,mechanic gift,bumper sticker,car culture sticker,man cave decor,dad gift,gift for her,gift for him,corvette",car guy gift,car enthusiast gift,stocking stuffer,car humor,christmas gift,mechanic gift,bumper sticker,car culture sticker,man cave decor,dad gift,gift for her,gift for him,corvette
"10pcs Engineer Sticker Pack – Mechanical Engineer, Electrician And Science Stickers, Engineer Life Decals, Gifts for Grads And Interns",https://www.etsy.com/listing/1849041951/10pcs-engineer-sticker-pack-mechanical,SAGOCEN,https://www.etsy.com/shop/SAGOCEN,9.99,0,0,0,11,2,17 Mo.,43,0,742,Electronics & Accessories,51,0,1.48,22701,"engineer sticker,engineer proud decal,engineering science,electrician mechanic,civil engineer,engineer hard hat,electrical engineer,engineer quotes,engineer gift,stem engineer,laptop sticker,water bottle sticker,engineer life decal",engineer sticker,engineer proud decal,engineering science,electrician mechanic,civil engineer,engineer hard hat,electrical engineer,engineer quotes,engineer gift,stem engineer,laptop sticker,water bottle sticker,engineer life decal
Panty Dropper Decal | Car Decal | Funny Bumper Sticker,https://www.etsy.com/listing/1477206569/panty-dropper-decal-car-decal-funny,DiamondDecalsRI,https://www.etsy.com/shop/DiamondDecalsRI,10.00,0,0,0,0,0,36 Mo.,0,0,32,Electronics & Accessories,157,0,0.0,594,"car decal,truck decal,gag gift,gift for him,gift for her,mechanic gift,car dude,sports car,luxury vehicle,car accessories,suv sticker,sarcastic,circle decal",car decal,truck decal,gag gift,gift for him,gift for her,mechanic gift,car dude,sports car,luxury vehicle,car accessories,suv sticker,sarcastic,circle decal
"Mechanic Wrench American Flag Vinyl Decal | Patriotic USA Sticker for Toolbox, Car, Laptop, Garage, Tumbler | Gift for Auto Techs",https://www.etsy.com/listing/1365492910/mechanic-wrench-american-flag-vinyl,CDDGraffixDesign,https://www.etsy.com/shop/CDDGraffixDesign,8.99,0,0,0,2,1,41 Mo.,5,0,76,Electronics & Accessories,41,0,2.63,10421,"wrench american flag,american flag decal,gift for mechanics,wrench flag decal,usa flag decal,wrench flag sticker,us flag sticker,wrench decal,wrench flag,mechanic flag,mechanic gift,mechanic gifts,grease monkey",wrench american flag,american flag decal,gift for mechanics,wrench flag decal,usa flag decal,wrench flag sticker,us flag sticker,wrench decal,wrench flag,mechanic flag,mechanic gift,mechanic gifts,grease monkey
Garage Sign - General Motors Dealer - Easy to Hang - Circle 15.5&quot; Personal Mancave,https://www.etsy.com/listing/1511838343/garage-sign-general-motors-dealer-easy,EchoesOfThePastSigns,https://www.etsy.com/shop/EchoesOfThePastSigns,35.79,0,0,0,0,0,35 Mo.,0,0,42,Home & Living,62,0,0.0,2638,"personal mancave,gift for husband,gift car enthusiast,love american cars,gift for him,car sticker,outdoor decal,usa pride,vintage car lover,car restorer,mechanic workshop,boys bedroom decor,1930s art deco",personal mancave,gift for husband,gift car enthusiast,love american cars,gift for him,car sticker,outdoor decal,usa pride,vintage car lover,car restorer,mechanic workshop,boys bedroom decor,1930s art deco
Garage Sign - Vespa - Shield 15.5&quot; - Easy to Hang - Personal Mancave,https://www.etsy.com/listing/4403353026/garage-sign-vespa-shield-155-easy-to,EchoesOfThePastSigns,https://www.etsy.com/shop/EchoesOfThePastSigns,35.79,0,0,0,0,0,6 Mo.,2,0,93,Home & Living,62,0,0.0,2638,"for him,sticker,decal,personal mancave,gift for dad,gift for husband,gift car enthusiast,love italian cars,italian pride,mechanic workshop,ferrari f1,boy's bedroom decor,scooter",for him,sticker,decal,personal mancave,gift for dad,gift for husband,gift car enthusiast,love italian cars,italian pride,mechanic workshop,ferrari f1,boy's bedroom decor,scooter
Mechanic Stickers - Funny Car Repair - Decals - Gift For Mechanics Garage Lovers -Vinyl Water Resistant,https://www.etsy.com/listing/4317232660/funny-mechanic-stickers-auto-repair,NerdFad,https://www.etsy.com/shop/NerdFad,6.99,0,0,0,4,1,11 Mo.,19,0,751,Paper & Party Supplies,28,30,0.53,2382,"auto mechanic decal,car guy sticker,garage humor decal,mechanic gift idea,nerdfad gift,unique merch gifts,wrench life lover,grease monkey vibes,shop humor vinyl,engine joke decal,toolbox swag style,auto tech humor,garage humor",auto mechanic decal,car guy sticker,garage humor decal,mechanic gift idea,nerdfad gift,unique merch gifts,wrench life lover,grease monkey vibes,shop humor vinyl,engine joke decal,toolbox swag style,auto tech humor,garage humor
Funny Car Bumper Sticker: &quot;Your Mom Has A Full Service History&quot;,https://www.etsy.com/listing/4499220007/funny-car-bumper-sticker-your-mom-has-a,AddedHumor,https://www.etsy.com/shop/AddedHumor,10.95,0,0,0,0,0,1 Mo.,0,0,0,Paper & Party Supplies,26,0,0.0,89,"funny bumper sticker,mechanic humor,car guy gift,your mom joke,automotive decal,service history,funny car decal,gearhead sticker,mechanic gift,sarcastic sticker,tool box decal,gag gift for him,car accessories",funny bumper sticker,mechanic humor,car guy gift,your mom joke,automotive decal,service history,funny car decal,gearhead sticker,mechanic gift,sarcastic sticker,tool box decal,gag gift for him,car accessories
"Sticker for Women in Trades, Blue Collar Woman Sticker, Union Pride Toolbox Decal, Construction Mechanic Gift for Hard Hat or Water Bottle",https://www.etsy.com/listing/4510075345/sticker-for-women-in-trades-blue-collar,ModularRecreations,https://www.etsy.com/shop/ModularRecreations,4.64,0,0,0,0,0,1 Mo.,0,0,3,Paper & Party Supplies,37,0,0.0,3122,"blue collar woman,tradeswoman decal,union pride gift,hard hat label,toolbox sticker,construction gal,mechanic daughter,welder girlfriend,electrician wife,plumber present,hvac tech,pipefitter swag,diesel queen",blue collar woman,tradeswoman decal,union pride gift,hard hat label,toolbox sticker,construction gal,mechanic daughter,welder girlfriend,electrician wife,plumber present,hvac tech,pipefitter swag,diesel queen
"Funny Organic Mechanic Sticker, Medic Humor Decal for Doctors Nurses Paramedics EMTs Combat Medics, Medical Gift Idea",https://www.etsy.com/listing/4383233684/funny-organic-mechanic-sticker-medic,ModularRecreations,https://www.etsy.com/shop/ModularRecreations,4.68,0,0,0,7,1,8 Mo.,16,0,64,Paper & Party Supplies,37,0,10.94,3122,"organic mechanic,funny decal,doctor nurse humor,emt sticker,paramedic gift,combat medic,medical joke,healthcare worker,nurse life humor,first responder,hospital staff gift,red cross,medic appreciation",organic mechanic,funny decal,doctor nurse humor,emt sticker,paramedic gift,combat medic,medical joke,healthcare worker,nurse life humor,first responder,hospital staff gift,red cross,medic appreciation
"Funny Meat Mechanic Sticker, Medic Humor Decal for Doctors Nurses EMTs Paramedics Combat Medics, Medical Gift Idea",https://www.etsy.com/listing/4382392176/funny-meat-mechanic-sticker-medic-humor,ModularRecreations,https://www.etsy.com/shop/ModularRecreations,4.68,0,0,0,7,1,8 Mo.,20,0,89,Paper & Party Supplies,37,0,7.87,3122,"meat mechanic,funny medic gift,doctor joke,nurse humor,emt humor gift,paramedic joke,combat humor,medical decal,healthcare funny,surgeon humor,anatomy joke,first responder,medic sticker",meat mechanic,funny medic gift,doctor joke,nurse humor,emt humor gift,paramedic joke,combat humor,medical decal,healthcare funny,surgeon humor,anatomy joke,first responder,medic sticker
Diesel Truck Sticker Set of 3/5/10 Mechanic Vinyl Stickers Turbo Charged Decal Garage Gift Water Bottle Laptop Aesthetic Cool Car Decor,https://www.etsy.com/listing/4514416497/diesel-truck-sticker-set-of-3510,StickerSnuggle369,https://www.etsy.com/shop/StickerSnuggle369,3.98,0,0,0,0,0,1 Mo.,0,0,0,Paper & Party Supplies,6,0,0.0,138,"diesel sticker,truck stickers,mechanic decal,turbo charged,garage stickers,cool vinyl decals,laptop stickers,waterbottle decal,aesthetic stickers,tool sticker set,gift for truck guy,high torque decal,vinyl sticker pack",diesel sticker,truck stickers,mechanic decal,turbo charged,garage stickers,cool vinyl decals,laptop stickers,waterbottle decal,aesthetic stickers,tool sticker set,gift for truck guy,high torque decal,vinyl sticker pack
"Hard Hat Sticker (3x3), Great Gift For Husband, Decal For Mechanics & Electricians,  Toolbox; Lunchbox Stickers ZX",https://www.etsy.com/listing/1553907472/hard-hat-sticker-3x3-great-gift-for,LeadBellyBenny,https://www.etsy.com/shop/LeadBellyBenny,3.52,0,0,0,0,0,19 Mo.,13,0,42,Paper & Party Supplies,46,0,0.0,14710,"hardhat sticker,hard hat sticker,hardhat stickers,hard hat stickers,tool box stickers,hard hat decal,laptop sticker,laptop decal,tumbler sticker,mechanic sticker,gift for guy,man stickers,manly stickers",hardhat sticker,hard hat sticker,hardhat stickers,hard hat stickers,tool box stickers,hard hat decal,laptop sticker,laptop decal,tumbler sticker,mechanic sticker,gift for guy,man stickers,manly stickers
"Walking HR Violation, Funny Work Stickers, Electricians, Mechanics, Gifts, Funny Hard Hat Stickers, Gifts For Him Gifts For Her Boss Gifts",https://www.etsy.com/listing/1857006529/walking-hr-violation-funny-work-stickers,HardHatLife,https://www.etsy.com/shop/HardHatLife,4.00,0,0,0,18,3,16 Mo.,35,0,247,Paper & Party Supplies,31,0,7.29,2244,"construction,heavy equipment,stickers for men,funny stickers,hardhatsticker,mybackhurts sticker,work stickers funny,sticker mybackhurts,hard hat stickers,lifelaughtoasterbath,gifts for him,birthday gifts,hr violator sticker",construction,heavy equipment,stickers for men,funny stickers,hardhatsticker,mybackhurts sticker,work stickers funny,sticker mybackhurts,hard hat stickers,lifelaughtoasterbath,gifts for him,birthday gifts,hr violator sticker
"Maintenance - We Do Precision Guess Work, Hard Hat, Tool Box Funny Work Stickers, Mechanics, Welders, Gifts For Him, Dad Gift, Funny Gift",https://www.etsy.com/listing/1796739607/maintenance-we-do-precision-guess-work,HardHatLife,https://www.etsy.com/shop/HardHatLife,4.00,0,0,0,54,9,20 Mo.,85,0,837,Paper & Party Supplies,31,0,6.45,2244,"construction,heavy equipment,stickers for men,funny stickers,hardhatsticker,work stickers funny,hard hat stickers,gifts for him,tool box stickers,gifts for men,maintenance sticker,maintenance funny,maintenence sticker",construction,heavy equipment,stickers for men,funny stickers,hardhatsticker,work stickers funny,hard hat stickers,gifts for him,tool box stickers,gifts for men,maintenance sticker,maintenance funny,maintenence sticker
"Sorry I Don&#39;t Speak Moron Hard Hat Sticker 100% Vinyl Hardhats, Toolbox",https://www.etsy.com/listing/1857005419/sorry-i-dont-speak-moron-hard-hat,HardHatLife,https://www.etsy.com/shop/HardHatLife,5.00,0,0,0,0,0,16 Mo.,9,0,32,"Books, Movies & Music",31,0,0.0,2244,"funny sticker,gift for boyfriend,hard hat sticker,hardhat sticker,hard hat stickers,hardhat stickers,mechanic sticker,joke hardhat sticker,construction,road work sticker,certified hardhat,hardhatsticker",funny sticker,gift for boyfriend,hard hat sticker,hardhat sticker,hard hat stickers,hardhat stickers,mechanic sticker,joke hardhat sticker,construction,road work sticker,certified hardhat,hardhatsticker,--
Funny &quot;Zero Traction&quot; Car Sticker - Gift for Car Lovers,https://www.etsy.com/listing/4348784916/funny-zero-traction-car-sticker-gift-for,StanceCompany,https://www.etsy.com/shop/StanceCompany,3.00,0,0,0,0,0,3 Mo.,0,0,3,Paper & Party Supplies,23,0,0.0,1342,"car sticker,car stickers,die cut stickers,water resistant,car lover gift,mens gift,gift for guys,car accessories,cricut stickers,vinyl sticker,mechanic gift,car spoiler sticker,modified car sticker",car sticker,car stickers,die cut stickers,water resistant,car lover gift,mens gift,gift for guys,car accessories,cricut stickers,vinyl sticker,mechanic gift,car spoiler sticker,modified car sticker
"Automotive Kiss-Cut Stickers - V8 Car burnout, Racing Car Decal, Vehicle Vinyl Sticker, Car Lover Gift, Auto Enthusiast Merch",https://www.etsy.com/listing/1886715165/automotive-kiss-cut-stickers-v8-car,JoFoStickers,https://www.etsy.com/shop/JoFoStickers,4.54,0,0,0,0,0,11 Mo.,0,0,12,Paper & Party Supplies,15,0,0.0,149,"car stickers,v8 engine,automotive decals,car enthusiast,vinyl sticker,mechanic gift,vehicle decal,auto lover,custom stickers,classic car,retro design,gift for him,car accessories",car stickers,v8 engine,automotive decals,car enthusiast,vinyl sticker,mechanic gift,vehicle decal,auto lover,custom stickers,classic car,retro design,gift for him,car accessories
"Automotive Kiss-Cut Stickers - V8 Car burnout, Racing Car Decal, Vehicle Vinyl Sticker, Car Lover Gift, Auto Enthusiast Merch",https://www.etsy.com/listing/1886716063/automotive-kiss-cut-stickers-v8-car,JoFoStickers,https://www.etsy.com/shop/JoFoStickers,4.54,0,0,0,0,0,11 Mo.,1,0,10,Paper & Party Supplies,15,0,0.0,149,"car stickers,v8 engine,automotive decals,car enthusiast,vinyl sticker,mechanic gift,vehicle decal,auto lover,custom stickers,classic car,retro design,gift for him,car accessories",car stickers,v8 engine,automotive decals,car enthusiast,vinyl sticker,mechanic gift,vehicle decal,auto lover,custom stickers,classic car,retro design,gift for him,car accessories
"Dibs on the Mechanic Sticker, Mechanic Wife Gift",https://www.etsy.com/listing/1102835845/mechanic-wife-sticker-mechanic-sticker,SincerelyPoetry,https://www.etsy.com/shop/SincerelyPoetry,3.50,0,0,0,5,2,55 Mo.,80,0,415,Electronics & Accessories,64,0,1.2,2090,"mechanic sticker,gift for mechanic,mechanic t shirt,mechanic gifts,mechanic tumbler,gift for wife,mechanic wife,mechanic wife stick,mechanic accessories,mechanic shop,mechanic svg,mechanic patch,mechanic mug",mechanic sticker,gift for mechanic,mechanic t shirt,mechanic gifts,mechanic tumbler,gift for wife,mechanic wife,mechanic wife stick,mechanic accessories,mechanic shop,mechanic svg,mechanic patch,mechanic mug
"50 Retro Car Stickers, Assorted Self Adhesive Waterproof Stickers, Hot Rod Wheels Stickers, Skateboards, Laptops, Die Cut Decals E34",https://www.etsy.com/listing/1890351082/50-retro-car-stickers-assorted-self,StickerStudioStoreUK,https://www.etsy.com/shop/StickerStudioStoreUK,4.42,0,0,0,0,0,2 Mo.,3,0,65,Electronics & Accessories,4,0,0.0,635,"stocking fillers,fridge stickers,teen spirit stickers,mechanic stickers,garage stickers,stickers for men,drag racing stickers,car enthusiast gift,gift for dad,present for brother,grandad present,secret santa man car,sticker bomb pack",stocking fillers,fridge stickers,teen spirit stickers,mechanic stickers,garage stickers,stickers for men,drag racing stickers,car enthusiast gift,gift for dad,present for brother,grandad present,secret santa man car,sticker bomb pack
ATV Technician Vinyl Decal: All-Terrain Vehicle Mechanic Sticker,https://www.etsy.com/listing/4309063751/atv-technician-vinyl-decal-all-terrain,FlowerArtSVG,https://www.etsy.com/shop/FlowerArtSVG,4.01,0,0,0,0,0,10 Mo.,0,0,4,Paper & Party Supplies,18,0,0.0,582,"vinyl sticker,gift for,decal,vinyl decal,atv technician,atv repair tech,atv repair master,atv mechanic,all terrain vehicle,powersposts tech,off road tech,4 wheeler tech,four wheeler tech",vinyl sticker,gift for,decal,vinyl decal,atv technician,atv repair tech,atv repair master,atv mechanic,all terrain vehicle,powersposts tech,off road tech,4 wheeler tech,four wheeler tech
Personalized Wall Decal ~ custom garage workshop mechanic vinyl decals stickers,https://www.etsy.com/listing/739133542/personalized-wall-decal-custom-garage,StickerFanShop,https://www.etsy.com/shop/StickerFanShop,10.47,0,0,0,31,6,67 Mo.,32,0,724,Home & Living,117,0,4.28,7592,"vinyl wall decal,matte wall decal,die cut vinyl decal,wall stickers,decals for father,decals for dad,grandfather gifts,gifts for dads,gifts for fathers,gifts for men,car lover decals,mechanic decals,father's day gifts",vinyl wall decal,matte wall decal,die cut vinyl decal,wall stickers,decals for father,decals for dad,grandfather gifts,gifts for dads,gifts for fathers,gifts for men,car lover decals,mechanic decals,father's day gifts
"Funny Toolbox Sticker, Can We Fix It? No, It s Fked, Sarcastic Gift for Mechanic, Builder, DIYer, or Handyman",https://www.etsy.com/listing/4425861752/funny-toolbox-sticker-can-we-fix-it-no,NorthKers,https://www.etsy.com/shop/NorthKers,5.14,0,0,0,1,1,5 Mo.,1,0,24,Paper & Party Supplies,7,0,4.17,57,"bob the builder,can we fix it,sticker,gifts,nickelodeon stickers,funny stickers,millennial stickers,hard hat stickers,2000s stickers,millennial gifts,90s kid,funny humor,90s tv",bob the builder,can we fix it,sticker,gifts,nickelodeon stickers,funny stickers,millennial stickers,hard hat stickers,2000s stickers,millennial gifts,90s kid,funny humor,90s tv
Certified Bolt Stripper Funny Mechanic Sticker | Garage Humor Decal | ShopBuiltGarageCo,https://www.etsy.com/listing/4432823454/certified-bolt-stripper-funny-mechanic,ShopBuiltGarageCo,https://www.etsy.com/shop/ShopBuiltGarageCo,5.99,0,0,0,0,0,4 Mo.,0,0,3,Paper & Party Supplies,30,0,0.0,6,"kiss cut,bolt sticker,mechanic gift,funny sticker,tool decal,wrench sticker,workshop gift,auto repair,laptop decal,tech sticker,garage decor,car mechanic,gift for him",kiss cut,bolt sticker,mechanic gift,funny sticker,tool decal,wrench sticker,workshop gift,auto repair,laptop decal,tech sticker,garage decor,car mechanic,gift for him
Im Not The Foreman Because My Ideas Make Sense bumper sticker | Funny Blue Collar,https://www.etsy.com/listing/4459794519/im-not-the-foreman-because-my-ideas-make,BigRandsDesigns,https://www.etsy.com/shop/BigRandsDesigns,8.99,0,0,0,0,0,3 Mo.,1,0,4,Paper & Party Supplies,3,0,0.0,1,"bumper sticker,funny bumper,blue collar sticker,work humor sticker,foreman joke,mechanic bumper,trucker bumper,construction sticker,shop humor decal,workplace joke,sarcastic bumper,gift for coworker,blue collar gift",bumper sticker,funny bumper,blue collar sticker,work humor sticker,foreman joke,mechanic bumper,trucker bumper,construction sticker,shop humor decal,workplace joke,sarcastic bumper,gift for coworker,blue collar gift
Unscheduled Rapid Disassembly Sticker: Funny Construction Laptop Decal,https://www.etsy.com/listing/1445481799/unscheduled-rapid-disassembly-sticker,TheOldLadyZ,https://www.etsy.com/shop/TheOldLadyZ,5.25,0,0,0,23,5,38 Mo.,48,0,288,Paper & Party Supplies,51,0,7.99,1393,"funny sticker,stocking stuffer,water bottle decal,car guy sticker,race car sticker,gift for car guys,caution sticker,funny mechanic decal,caution explosive,stickers for men,stickers for boys,this may blow up,welder gifts",funny sticker,stocking stuffer,water bottle decal,car guy sticker,race car sticker,gift for car guys,caution sticker,funny mechanic decal,caution explosive,stickers for men,stickers for boys,this may blow up,welder gifts
"Mechanic Fortune Cookie Decal, Funny Car Sticker, Laptop Decal (Removable Vinyl)",https://www.etsy.com/listing/1622972510/funny-mechanic-fortune-cookie-vinyl,WaterLyliStore,https://www.etsy.com/shop/WaterLyliStore,8.00,0,0,0,0,0,29 Mo.,1,0,9,Paper & Party Supplies,30,0,0.0,3,"funny mechanic,vinyl stickers,fortune cookie,decal quote,car mechanic,garage decor,gift for him,mechanic gift,funny car decal,car lover gift,toolbox sticker,mechanic humor,auto repair",funny mechanic,vinyl stickers,fortune cookie,decal quote,car mechanic,garage decor,gift for him,mechanic gift,funny car decal,car lover gift,toolbox sticker,mechanic humor,auto repair
"Army 15N Sticker for Avionics Mechanic, 15 November MOS Gift, Military Aviation Maintenance, Helicopter Electronics Tech",https://www.etsy.com/listing/4462551461/army-15n-sticker-for-avionics-mechanic,23StickerStreet,https://www.etsy.com/shop/23StickerStreet,5.67,0,0,0,0,0,3 Mo.,0,0,1,Electronics & Accessories,17,0,0.0,440,"15n mos,fort campbell,avionics repair,aircraft electrician,flight systems tech,army aviation life,helicopter avionics,avionics maint,military aircraft,aviation support,15n veteran gift,electronics mechanic,blackhawk maint",15n mos,fort campbell,avionics repair,aircraft electrician,flight systems tech,army aviation life,helicopter avionics,avionics maint,military aircraft,aviation support,15n veteran gift,electronics mechanic,blackhawk maint
Devilco Blinker Fluid Bumper Sticker Car Window Vinyl Decal 5&quot;,https://www.etsy.com/listing/1680511610/devilco-blinker-fluid-bumper-sticker-car,SweetHammy,https://www.etsy.com/shop/SweetHammy,5.95,0,0,0,9,2,26 Mo.,12,0,139,Paper & Party Supplies,71,0,6.47,2537,"car decals,bumper stickers,cute stickers,laptop sticker,cute sticker,cute decals,funny stickers,blinker fluid decal,devil co sticker,retro sticker,mechanic decals,body shop sticker,gift for mechanic",car decals,bumper stickers,cute stickers,laptop sticker,cute sticker,cute decals,funny stickers,blinker fluid decal,devil co sticker,retro sticker,mechanic decals,body shop sticker,gift for mechanic
"Tailgating Me Wont Fix Your Manhood Sticker - Mechanic Gift for Men, Car Guy Birthday Present, Rear Window Decal, Garage Workbench Sticker",https://www.etsy.com/listing/4504379608/tailgating-me-wont-fix-your-manhood,CheckOutMyEngine,https://www.etsy.com/shop/CheckOutMyEngine,7.99,0,0,0,0,0,1 Mo.,0,0,0,Paper & Party Supplies,84,0,0.0,8495,"car sticker,vinyl decal,auto accessory,jdm style,mechanic gift,toolbox decor,custom sticker",car sticker,vinyl decal,auto accessory,jdm style,mechanic gift,toolbox decor,custom sticker,--,--,--,--,--,--
"Control Yourself Sticker - car enthusiast energy | Birthday Gift for Car Guys, Weatherproof Vinyl, Vinyl Decal, Car Culture, Outdoor Rated",https://www.etsy.com/listing/4432554129/control-yourself-sticker-pixel-art-video,CheckOutMyEngine,https://www.etsy.com/shop/CheckOutMyEngine,9.99,0,0,0,0,0,5 Mo.,0,0,1,Paper & Party Supplies,84,0,0.0,8495,"car guy gift,car enthusiast gift,car humor decal,car humor sticker,car lover gift,mechanic gift,funny bumper sticker,gift for him,funny car decal,bumper sticker,toolbox decal,project car sticker,automotive humor",car guy gift,car enthusiast gift,car humor decal,car humor sticker,car lover gift,mechanic gift,funny bumper sticker,gift for him,funny car decal,bumper sticker,toolbox decal,project car sticker,automotive humor
"I Love My Girlfriend More Than My Magnet - car enthusiast energy | Great Gift for Him, Dad or Boyfriend, Weatherproof Vinyl, UV-Resistant",https://www.etsy.com/listing/4375352075/i-love-my-girlfriend-more-than-my-car,CheckOutMyEngine,https://www.etsy.com/shop/CheckOutMyEngine,9.67,0,0,0,0,0,8 Mo.,2,0,27,Home & Living,84,0,0.0,8495,"funny car sticker,bumper sticker,car guy gift,vinyl car sticker,car enthusiast gift,car humor decal,funny car decal,automotive humor,gift for him,mechanic gift,garage rat gift,car culture gift,car lover gift",funny car sticker,bumper sticker,car guy gift,vinyl car sticker,car enthusiast gift,car humor decal,funny car decal,automotive humor,gift for him,mechanic gift,garage rat gift,car culture gift,car lover gift
"Rocket Surgeon Sticker | Kiss-Cut Vinyl Decal, Retro Space Mechanic Design",https://www.etsy.com/listing/4418662774/rocket-surgeon-sticker-kiss-cut-vinyl,LlewynnDesign,https://www.etsy.com/shop/LlewynnDesign,4.75,0,0,0,0,0,5 Mo.,4,0,4,Paper & Party Supplies,40,0,0.0,4,"rocket surgeon,kiss cut sticker,space humor,funny sticker,nerd gift,space decal,laptop sticker,science gift,engineer gift,retro illustration,mechanic joke,gift for him,space lover",rocket surgeon,kiss cut sticker,space humor,funny sticker,nerd gift,space decal,laptop sticker,science gift,engineer gift,retro illustration,mechanic joke,gift for him,space lover
"Missing Tools Ruin Lives Sticker for Mechanics, Funny Tool Decal, Shop Toolbox Sticker Gift for HVAC Techs Welders Plumbers Electricians",https://www.etsy.com/listing/4420004086/missing-tools-ruin-lives-sticker-for,PunIntendedTee,https://www.etsy.com/shop/PunIntendedTee,3.65,0,0,0,0,0,5 Mo.,6,0,4,Paper & Party Supplies,6,0,0.0,81,"mechanic sticker,tool decal,shop sticker,toolbox sticker,funny tool gift,hvac tech gift,welder sticker,plumber sticker,electrician decal,tradesman gift,garage sticker,tool humor,missing tools",mechanic sticker,tool decal,shop sticker,toolbox sticker,funny tool gift,hvac tech gift,welder sticker,plumber sticker,electrician decal,tradesman gift,garage sticker,tool humor,missing tools
Custom Blue Collar Name Sticker Personalized Text Lineman Engineer Welder Mechanic Worker Ice Cream Drip Decal for Laptop Water Bottle Gift,https://www.etsy.com/listing/4500781174/custom-blue-collar-name-sticker,Stitchescenter,https://www.etsy.com/shop/Stitchescenter,3.99,0,0,0,0,0,1 Mo.,0,0,0,Electronics & Accessories,4,0,0.0,1160,"blue collar,custom name,lineman gift,welder life,mechanic gift,engineer art,worker decal,ice cream drip,trade worker,personalized,custom text,vinyl decal,laptop sticker",blue collar,custom name,lineman gift,welder life,mechanic gift,engineer art,worker decal,ice cream drip,trade worker,personalized,custom text,vinyl decal,laptop sticker
"Waiting On Parts Sticker, Funny Humor Mechanic Skeleton Sarcastic Quotes ID Holder Badge Clip for ID Card, Gift for Adult, Her, Him",https://www.etsy.com/listing/4512555271/waiting-on-parts-sticker-funny-humor,StickHabitsStore,https://www.etsy.com/shop/StickHabitsStore,9.99,0,0,0,0,0,1 Mo.,0,0,4,,4,0,0.0,1531,"mechanic badge,waiting on parts,skeleton humor,automotive tech,retractable reel,funny badge clip,diesel mechanic,garage humor,coworker gift,mechanic gift,employee badge,shop technician,skull badge reel",mechanic badge,waiting on parts,skeleton humor,automotive tech,retractable reel,funny badge clip,diesel mechanic,garage humor,coworker gift,mechanic gift,employee badge,shop technician,skull badge reel
"Boat Mechanic Vinyl Decal: Marine Technician Car, Laptop Sticker",https://www.etsy.com/listing/4308091398/boat-mechanic-vinyl-decal-marine,FlowerArtSVG,https://www.etsy.com/shop/FlowerArtSVG,4.01,0,0,0,0,0,10 Mo.,0,0,8,Paper & Party Supplies,18,0,0.0,582,"vinyl sticker,gift for,decal,vinyl decal,boat mechanic,boat technician,boat tech,marine mechanic,boat engine tech,outboard motor tech,yacht mechanic,small craft mechanic,motor doc",vinyl sticker,gift for,decal,vinyl decal,boat mechanic,boat technician,boat tech,marine mechanic,boat engine tech,outboard motor tech,yacht mechanic,small craft mechanic,motor doc
"Funny HVAC Technician Gift – Personalized Custom Shirt, Mug & Sticker for Heating and Cooling Techs, Engineers and Mechanics",https://www.etsy.com/listing/4312054034/funny-hvac-technician-gift-personalized,Americanpeoplecrafts,https://www.etsy.com/shop/Americanpeoplecrafts,25.41,0,0,0,0,0,2 Mo.,0,0,0,Clothing,35,0,0.0,1056,"hvac tech gift,hvac shirt,hvac mug,engineer humor,funny hvac gift,hvac life,custom hvac gift,heating tech,cooling tech,hvac joke,technician shirt,custom engineer,hvac mechanic",hvac tech gift,hvac shirt,hvac mug,engineer humor,funny hvac gift,hvac life,custom hvac gift,heating tech,cooling tech,hvac joke,technician shirt,custom engineer,hvac mechanic
Clockwork Raven Badge: Steampunk Gear Bird Vinyl Sticker,https://www.etsy.com/listing/4373698810/clockwork-raven-badge-steampunk-gear,BlepsUDesigns,https://www.etsy.com/shop/BlepsUDesigns,3.63,0,0,0,1,1,6 Mo.,2,0,28,Paper & Party Supplies,7,0,3.57,51,"steampunk raven,vinyl sticker,clockwork bird,gear badge,kiss-cut stickers,laptop decal,punk style,unique design,gothic decor,gift for him,retro tech,industrial chic,mechanical bird",steampunk raven,vinyl sticker,clockwork bird,gear badge,kiss-cut stickers,laptop decal,punk style,unique design,gothic decor,gift for him,retro tech,industrial chic,mechanical bird
"Hard Hat Sticker (3x3), Great Gift For Mechanics & Electricians, Laptop Decal, Waterbottle Tumbler Sticker  ZY",https://www.etsy.com/listing/1568094387/hard-hat-sticker-3x3-great-gift-for,LeadBellyBenny,https://www.etsy.com/shop/LeadBellyBenny,3.50,0,0,0,109,26,19 Mo.,353,1,2067,Paper & Party Supplies,58,39,5.27,14753,"hardhat sticker,hard hat sticker,hardhat stickers,hard hat stickers,tool box stickers,hard hat decal,laptop decal,waterbottle sticker,waterbottle decal,tumbler sticker,guitar case sticker,decal electricians,funny magnet",hardhat sticker,hard hat sticker,hardhat stickers,hard hat stickers,tool box stickers,hard hat decal,laptop decal,waterbottle sticker,waterbottle decal,tumbler sticker,guitar case sticker,decal electricians,funny magnet
Lady Aviators Pride Sticker,https://www.etsy.com/listing/1726591246/lady-aviators-pride-sticker,LadyAviatorsInc,https://www.etsy.com/shop/LadyAviatorsInc,5.00,0,0,0,79,14,15 Mo.,29,1,683,Paper & Party Supplies,65,25,11.57,1488,"sticker,air traffic control,aviation mechanic,flight attendant,female pilot,future pilot,first solo,aviation gift,girls in aviation,aviation,gift for pilot,women in aviation,lady aviators",sticker,air traffic control,aviation mechanic,flight attendant,female pilot,future pilot,first solo,aviation gift,girls in aviation,aviation,gift for pilot,women in aviation,lady aviators
sticker | missing 10mm socket | tradesman | funny stickers | sticker lovers,https://www.etsy.com/listing/1868630680/sticker-missing-10mm-socket-tradesman,PeppinsStudio,https://www.etsy.com/shop/PeppinsStudio,4.33,0,0,0,0,0,6 Mo.,5,0,27,Paper & Party Supplies,25,0,0.0,872,"water bottle laptop,ipad journal case,sticker vinyl decal,funny swearing,profanity nsfw laugh,gift occasion,stickers for,hard hat,tradesman mechanic,tool and die welder,millwright electric,missing poster 10mm,socket milk carton",water bottle laptop,ipad journal case,sticker vinyl decal,funny swearing,profanity nsfw laugh,gift occasion,stickers for,hard hat,tradesman mechanic,tool and die welder,millwright electric,missing poster 10mm,socket milk carton
Automotive Engineer definition sticker,https://www.etsy.com/listing/4486542696/automotive-engineer-definition-sticker,SparklingLivas,https://www.etsy.com/shop/SparklingLivas,6.99,0,0,0,0,0,1 Mo.,0,0,0,Paper & Party Supplies,65,0,0.0,5923,"automotive sticker,engineer gift,car lover decal,mechanical humor,workshop sticker,laptop decal,engineering pride,auto engineer,car enthusiast,gifts for him,profession sticker,nerd decor,techie sticker",automotive sticker,engineer gift,car lover decal,mechanical humor,workshop sticker,laptop decal,engineering pride,auto engineer,car enthusiast,gifts for him,profession sticker,nerd decor,techie sticker
Code like a Girl | Software Engineer | Engineering Empowerment Sticker,https://www.etsy.com/listing/1737563204/code-like-a-girl-software-engineer,TheConfidentEngineer,https://www.etsy.com/shop/TheConfidentEngineer,3.00,0,0,0,8,2,23 Mo.,6,0,49,Paper & Party Supplies,45,0,16.33,1551,"engineer sticker,gift for engineers,engineering,civil engineer,women in stem,steminist,engineering sticker,mechanical engineer,software engineer,computer engineer,laptop engineer,hardhat sticker,engineering gifts",engineer sticker,gift for engineers,engineering,civil engineer,women in stem,steminist,engineering sticker,mechanical engineer,software engineer,computer engineer,laptop engineer,hardhat sticker,engineering gifts
"Chopper Motorcycle SVG | Biker Dad Gift, Cricut Decal (PNG File)",https://www.etsy.com/listing/4458989013/chopper-motorcycle-svg-biker-clipart-cut,CozyXCanvas,https://www.etsy.com/shop/CozyXCanvas,4.00,0,0,0,0,0,3 Mo.,0,0,5,Art & Collectibles,7,0,0.0,83,"motorcycle cut file,biker svg for cricut,chopper silhouette,motorbike vector art,rider vinyl decal,dad motorcycle gift,harley style design,transport clipart,biker gang graphic,helmet sticker art,road trip cut file,mechanic shirt svg,easy cut vector art",motorcycle cut file,biker svg for cricut,chopper silhouette,motorbike vector art,rider vinyl decal,dad motorcycle gift,harley style design,transport clipart,biker gang graphic,helmet sticker art,road trip cut file,mechanic shirt svg,easy cut vector art
Certified Shitbox Car Decal | Bumper Sticker,https://www.etsy.com/listing/1380396257/certified-shitbox-car-decal-vehicle,DiamondDecalsRI,https://www.etsy.com/shop/DiamondDecalsRI,10.00,0,0,0,0,0,41 Mo.,1,0,8,Electronics & Accessories,157,0,0.0,594,"funny sticker,crappy car,gifts for him,dad gift,gag gift,car sticker,notebook sticker,laptop decal,vintage car,sports car,luxury car,horizon,mechanic",funny sticker,crappy car,gifts for him,dad gift,gag gift,car sticker,notebook sticker,laptop decal,vintage car,sports car,luxury car,horizon,mechanic
"As Far as I Know, I&#39;m Delightful, 4&quot; Tool Box, Water Bottle, Car Window, Funny Work Stickers, Mechanics, Welders, Gifts For Him Work Gifts",https://www.etsy.com/listing/1830022552/as-far-as-i-know-im-delightful-4-tool,HardHatLife,https://www.etsy.com/shop/HardHatLife,4.75,0,0,0,12,2,17 Mo.,19,0,117,Paper & Party Supplies,31,0,10.26,2244,"anxiety relief,everything is fine,fire safety,meme sticker,mental health,mental health art,mental health gift,this is fine,vinyl sticker,im delightful,funny work sticker,funny hard hat,as far as i know",anxiety relief,everything is fine,fire safety,meme sticker,mental health,mental health art,mental health gift,this is fine,vinyl sticker,im delightful,funny work sticker,funny hard hat,as far as i know
"Work Ethic Takes No Talent, Its a Choice, Hard Hat, Tool Box Funny Work Stickers, Mechanics,, Gifts For Him, Dads Gift, Funny Work Gifts",https://www.etsy.com/listing/1817506486/work-ethic-takes-no-talent-its-a-choice,HardHatLife,https://www.etsy.com/shop/HardHatLife,4.00,0,0,0,12,2,18 Mo.,13,0,250,Paper & Party Supplies,31,0,4.8,2244,"construction,heavy equipment,stickers for men,funny stickers,hardhatsticker,work stickers funny,hard hat stickers,gifts for him,birthday gifts,dont be a cocksucker,dont be cock sucker,tool box stickers,gifts for men",construction,heavy equipment,stickers for men,funny stickers,hardhatsticker,work stickers funny,hard hat stickers,gifts for him,birthday gifts,dont be a cocksucker,dont be cock sucker,tool box stickers,gifts for men
Car Sticker - Holden Lion on Burgundy - Set of 2 - 100mm Square - Outdoor,https://www.etsy.com/listing/1554689807/car-sticker-holden-lion-on-burgundy-set,EchoesOfThePastSigns,https://www.etsy.com/shop/EchoesOfThePastSigns,2.15,0,0,0,9,1,33 Mo.,4,0,71,Electronics & Accessories,62,0,12.68,2638,"garage,decal,school book labels,toolbox decal,bar fridge decal,gift for dad,gift for husband,waterproof vinyl,gmh lover,holden sticker,vintage holden lion,big cat,mechanic workshop",garage,decal,school book labels,toolbox decal,bar fridge decal,gift for dad,gift for husband,waterproof vinyl,gmh lover,holden sticker,vintage holden lion,big cat,mechanic workshop
"One Mental Breakdown Later Hard Hat Tool Box Funny Work Sticker, Mechanics, Welders, Gifts For Him, Dads Christmas Gift, Funny Work Gifts",https://www.etsy.com/listing/1814610751/one-mental-breakdown-later-hard-hat-tool,HardHatLife,https://www.etsy.com/shop/HardHatLife,4.00,0,0,0,24,4,19 Mo.,40,0,258,Paper & Party Supplies,31,0,9.3,2244,"work stickers funny,gifts for him,cute stickers,funny stickers,hard hat stickers,hydro flask stickers,laptop stickers,sarcastic stickers,water bottle sticker,mental health day,one eternity later,one hour later,one mental breakdown",work stickers funny,gifts for him,cute stickers,funny stickers,hard hat stickers,hydro flask stickers,laptop stickers,sarcastic stickers,water bottle sticker,mental health day,one eternity later,one hour later,one mental breakdown
"Mechanics Humor Kiss-Cut Stickers, Car Enthusiast Decor, Gift for Mechanics, Auto Shop Accessories, Laptop Stickers, ToolBox Decal",https://www.etsy.com/listing/4375046083/mechanics-humor-kiss-cut-stickers-car,DeezFreshFinds,https://www.etsy.com/shop/DeezFreshFinds,3.49,0,0,0,0,0,8 Mo.,3,0,34,Paper & Party Supplies,11,0,0.0,76,"mechanic stickers,funny car stickers,engineer gifts,auto repair gifts,laptop decals,creative stickers,hero engineer theme,faith based stickers,car enthusiast gifts,gift for mechanics,funny work stickers,inspirational decals,mechanics humor",mechanic stickers,funny car stickers,engineer gifts,auto repair gifts,laptop decals,creative stickers,hero engineer theme,faith based stickers,car enthusiast gifts,gift for mechanics,funny work stickers,inspirational decals,mechanics humor
"Toolbox Tools Custom Name Decal, Handmade Vinyl Bumper Sticker, Garage Organization, Toy Bin Labels, Laptop Decal, Tumbler Sticker",https://www.etsy.com/listing/1508026578/toolbox-tools-custom-name-decal-handmade,TheBadNeighborDecals,https://www.etsy.com/shop/TheBadNeighborDecals,8.00,0,0,0,52,17,34 Mo.,55,1,1449,Paper & Party Supplies,51,0,3.59,945,"car decal,bumper sticker,vinyl laptop sticker,vehicle accessories,gift ideas for,car window decal,garage tools label,shop organization,personalized shop,mechanic tradesman,blue collar gifts,children kids gift",car decal,bumper sticker,vinyl laptop sticker,vehicle accessories,gift ideas for,car window decal,garage tools label,shop organization,personalized shop,mechanic tradesman,blue collar gifts,children kids gift,--
"I am Compensating for Something Vinyl Sticker, Funny Car Guy Gift",https://www.etsy.com/listing/1445474677/i-am-compensating-for-something-vinyl,TheOldLadyZ,https://www.etsy.com/shop/TheOldLadyZ,5.25,0,0,0,0,0,38 Mo.,27,0,432,Paper & Party Supplies,51,0,0.0,1393,"funny sticker,stocking stuffer,water bottle decal,car guy sticker,funny car sticker,car guy gift,gift for car guy,mechanic sticker,modified car sticker,race car decal,mechanic gifts,funny car guy gift,funny gift for cars",funny sticker,stocking stuffer,water bottle decal,car guy sticker,funny car sticker,car guy gift,gift for car guy,mechanic sticker,modified car sticker,race car decal,mechanic gifts,funny car guy gift,funny gift for cars
Trendy &quot;Racing makes me happy &quot; Race car svg/drag racing png/racing svg/printable sublimation/bumper sticker/unique auto gift/race day shirt,https://www.etsy.com/listing/1532057254/trendy-racing-makes-me-happy-race-car,VenzAvenue,https://www.etsy.com/shop/VenzAvenue,1.90,0,0,0,0,0,33 Mo.,0,0,8,Craft Supplies & Tools,76,0,0.0,7,"drag racing svg png,gift for car lovers,car sticker images,race car printable,race day sweatshirt,mechanic unique gift,race car sublimation,dragrace vinyl decal,car window decal svg,trendy drag racing,trendy race car png,auto bumper sticker,retro racing sticker",drag racing svg png,gift for car lovers,car sticker images,race car printable,race day sweatshirt,mechanic unique gift,race car sublimation,dragrace vinyl decal,car window decal svg,trendy drag racing,trendy race car png,auto bumper sticker,retro racing sticker
Funny race car svg/eat shit profane image/drag racing svg/Race day printable sublimation image/bumper sticker/trendy racing png/unique gift,https://www.etsy.com/listing/1546996077/funny-race-car-svgeat-shit-profane,VenzAvenue,https://www.etsy.com/shop/VenzAvenue,1.90,0,0,0,0,0,33 Mo.,0,0,24,Craft Supplies & Tools,76,0,0.0,7,"drag racing svg png,gift for car lovers,race car printable,race day sweatshirt,mechanic unique gift,car sticker images,race car sublimation,dragrace vinyl decal,car window decal svg,trendy drag racing,trendy race car png,funny naughty svg,bumper sticker svg",drag racing svg png,gift for car lovers,race car printable,race day sweatshirt,mechanic unique gift,car sticker images,race car sublimation,dragrace vinyl decal,car window decal svg,trendy drag racing,trendy race car png,funny naughty svg,bumper sticker svg
"I Am Extremely Ravilonely Sticker - gearhead culture | Birthday Gift for Him or Dad, UV-Resistant, Weatherproof Vinyl, Outdoor Rated",https://www.etsy.com/listing/4448346645/i-am-extremely-ravilonely-sticker,CheckOutMyEngine,https://www.etsy.com/shop/CheckOutMyEngine,7.99,0,0,0,0,0,4 Mo.,1,0,15,Electronics & Accessories,84,0,0.0,8495,"car culture gift,gift for him,toolbox decal,vinyl car sticker,funny car decal,project car sticker,car dad gift,mechanic gift,car humor decal,gearhead gift,automotive humor,garage rat gift,car lover gift",car culture gift,gift for him,toolbox decal,vinyl car sticker,funny car decal,project car sticker,car dad gift,mechanic gift,car humor decal,gearhead gift,automotive humor,garage rat gift,car lover gift
"Now, I Know Better Sticker - wrench monkey energy | Unique Gift for Car Enthusiasts, Weatherproof Vinyl, Outdoor Rated, UV-Resistant",https://www.etsy.com/listing/4432762057/now-i-know-better-sticker-hand-lettered,CheckOutMyEngine,https://www.etsy.com/shop/CheckOutMyEngine,7.99,0,0,0,0,0,5 Mo.,0,0,5,Paper & Party Supplies,84,0,0.0,8495,"wrench monkey gift,car humor decal,car enthusiast gift,gearhead gift,car guy gift,garage humor decal,vinyl car sticker,funny tool sticker,automotive humor,gift for him,mechanic gift,bumper sticker,mechanic humor decal",wrench monkey gift,car humor decal,car enthusiast gift,gearhead gift,car guy gift,garage humor decal,vinyl car sticker,funny tool sticker,automotive humor,gift for him,mechanic gift,bumper sticker,mechanic humor decal
YouTube Certified Sticker - Funny Blue Collar Stickers - Toolbox Sticker - Die-Cut Sticker - Gift for Men - Tradesman - Mechanic Gifts,https://www.etsy.com/listing/4471098372/youtube-certified-sticker-funny-blue,StanDotPrints,https://www.etsy.com/shop/StanDotPrints,5.99,0,0,0,0,0,2 Mo.,0,0,5,Paper & Party Supplies,18,0,0.0,46,"blue collar,hard hat,electrician,hvac,construction,mechanic gifts,tradesman,vinyl stickers,funny stickers,gifts for him,gifts for men,appreciation gifts,mechanic",blue collar,hard hat,electrician,hvac,construction,mechanic gifts,tradesman,vinyl stickers,funny stickers,gifts for him,gifts for men,appreciation gifts,mechanic
Built Not Bought Sticker - Funny Blue Collar Stickers - Toolbox Sticker - Die-Cut Sticker - Gift for Men - Tradesman - Mechanic Gifts,https://www.etsy.com/listing/4471308405/built-not-bought-sticker-funny-blue,StanDotPrints,https://www.etsy.com/shop/StanDotPrints,5.99,0,0,0,0,0,2 Mo.,0,0,1,Paper & Party Supplies,18,0,0.0,46,"blue collar,hard hat,electrician,hvac,construction,mechanic gifts,tradesman,vinyl stickers,funny stickers,gifts for him,gifts for men,appreciation gifts,mechanic",blue collar,hard hat,electrician,hvac,construction,mechanic gifts,tradesman,vinyl stickers,funny stickers,gifts for him,gifts for men,appreciation gifts,mechanic
Custom Sticker Decals Kiss-Cut Stickers | Custom Waterproof Decal Sticker,https://www.etsy.com/listing/4452247154/asphalt-is-life-decal-sticker-kiss-cut,KPTrucking,https://www.etsy.com/shop/KPTrucking,4.99,0,0,0,0,0,3 Mo.,0,0,3,Paper & Party Supplies,3,0,0.0,3,"asphalt sticker,car lover gift,racing decal,bike sticker,laptop sticker,road trip decal,auto enthusiast,skateboard sticker,outdoor sticker,small kisscut,vinyl sticker,gift for him,mechanic gift",asphalt sticker,car lover gift,racing decal,bike sticker,laptop sticker,road trip decal,auto enthusiast,skateboard sticker,outdoor sticker,small kisscut,vinyl sticker,gift for him,mechanic gift
"I got you some jumper cables funny mechanic builder sticker,  holographic stars sticker for laptop, house, office - give as gift/ present.",https://www.etsy.com/listing/4390036512/i-got-you-some-jumper-cables-funny,StudioShopUK,https://www.etsy.com/shop/StudioShopUK,3.32,0,0,0,0,0,7 Mo.,9,0,34,Paper & Party Supplies,24,0,0.0,1347,"iconic,sticker,cute,stickers,holographic,gift,present,mechanic,builder,jumper cables,shit,battery pack,car",iconic,sticker,cute,stickers,holographic,gift,present,mechanic,builder,jumper cables,shit,battery pack,car
"MV-22 Osprey Sticker, Funny Military Stickers,  Aviation Mechanic Gift, Marine Corps Sticker, MV-22 Osprey, Gift for Pilot, Military Gift",https://www.etsy.com/listing/1815923042/mv-22-osprey-sticker-funny-military,BarracksBoutiqueCo,https://www.etsy.com/shop/BarracksBoutiqueCo,5.99,0,0,0,0,0,18 Mo.,1,0,24,Paper & Party Supplies,19,0,0.0,22,"aviation mechanic,gift fot pilot,ch46 phrog,phrog,marine corps,navy,military gift,military aviation,military pilot,flightline gift,ch53 super stallion,navy marines helo,military sticker",aviation mechanic,gift fot pilot,ch46 phrog,phrog,marine corps,navy,military gift,military aviation,military pilot,flightline gift,ch53 super stallion,navy marines helo,military sticker
"Funny Electrician Sticker – Wire Stripper Decal, Electrical Humor Tool (Vinyl Sticker)",https://www.etsy.com/listing/4469991491/funny-electrician-sticker-wire-stripper,ThirteenTheoryCo,https://www.etsy.com/shop/ThirteenTheoryCo,3.49,0,0,0,0,0,2 Mo.,0,0,23,Paper & Party Supplies,2,0,0.0,32,"hard hat sticker,blue collar decal,mechanic sticker,forklift operator,fathers day gift,bottle sticker,hard hat stickers,vinyl sticker,gifts for him,blue collar sticker,waterproof stickers,holographic stickers,manly stickers",hard hat sticker,blue collar decal,mechanic sticker,forklift operator,fathers day gift,bottle sticker,hard hat stickers,vinyl sticker,gifts for him,blue collar sticker,waterproof stickers,holographic stickers,manly stickers
"Engineer Gift Idea, Funny Engineer Mug, Engineer Graduation Gift, Civil Engineer Mug, Gift for Engineer, Engineer Office Decor",https://www.etsy.com/listing/4488474997/engineer-gift-idea-funny-engineer-mug,NorthStarHouseGifts,https://www.etsy.com/shop/NorthStarHouseGifts,17.45,0,0,0,0,0,1 Mo.,0,0,2,Home & Living,7,0,0.0,6,"engineer mug,engineer graduation,engineer sticker,engineer gift,software engineer,gift for engineer,engineer gift idea,civil engineer gift,engineer decor,mechanical engineer,future engineer,problem solver gift,engineer office",engineer mug,engineer graduation,engineer sticker,engineer gift,software engineer,gift for engineer,engineer gift idea,civil engineer gift,engineer decor,mechanical engineer,future engineer,problem solver gift,engineer office
"Caution Apprentice at Work Sticker, Funny Electrical Warning Skeleton Electrician Mechanic Sticker for Water Bottle Car Gift Laptop",https://www.etsy.com/listing/4433497219/caution-apprentice-at-work-sticker-funny,husiiiLLC,https://www.etsy.com/shop/husiiiLLC,3.99,0,0,0,8,1,5 Mo.,2,0,46,Paper & Party Supplies,35,0,17.39,30684,"apprentice sticker,caution at work,electrician humor,mechanic humor,skeleton worker,trade humor,blue collar joke,work warning sign,funny job sticker,shop humor decal,laptop work sticker,bottle work decal,tradesman gift",apprentice sticker,caution at work,electrician humor,mechanic humor,skeleton worker,trade humor,blue collar joke,work warning sign,funny job sticker,shop humor decal,laptop work sticker,bottle work decal,tradesman gift
"Color Coding Vinyl Decal: Funny Stationery Gift for Laptop, Notebook",https://www.etsy.com/listing/4313497409/color-coding-vinyl-decal-funny,nine2divine,https://www.etsy.com/shop/nine2divine,3.99,0,0,0,0,0,4 Mo.,0,0,1,Paper & Party Supplies,5,0,0.0,0,"vinyl decals,color coding,funny stickers,coping mechanism,office decor,home office,educational stickers,creative vibes,gift for teachers,meme stickers,personalized decor,motivational quotes,wall art",vinyl decals,color coding,funny stickers,coping mechanism,office decor,home office,educational stickers,creative vibes,gift for teachers,meme stickers,personalized decor,motivational quotes,wall art
Pit Crew Racing Checkered Flags Digital Download Design For T-Shirts Mugs Posters Wall Art Stickers Mechanic Gifts Crafts,https://www.etsy.com/listing/1890316740/pit-crew-racing-checkered-flags-digital,Hollywoodsvg,https://www.etsy.com/shop/Hollywoodsvg,5.00,0,0,0,0,0,6 Mo.,12,0,203,Art & Collectibles,7,0,0.0,390,"pit crew svg,racing flags design,checkered flag svg,race team logo,nascar pit crew art,mechanic shirt svg,racing theme clipart,cricut race svg,race event printable,garage team svg,motorsport design,custom race shirt,pit crew decal",pit crew svg,racing flags design,checkered flag svg,race team logo,nascar pit crew art,mechanic shirt svg,racing theme clipart,cricut race svg,race event printable,garage team svg,motorsport design,custom race shirt,pit crew decal
"Toolbox organization label stickers, US general harbor freight tool cart decals",https://www.etsy.com/listing/4356575492/toolbox-organization-label-stickers-us,PodiumPerspective,https://www.etsy.com/shop/PodiumPerspective,5.00,0,0,0,0,0,2 Mo.,0,0,50,Paper & Party Supplies,42,0,0.0,1521,"car decal,track day decal,racing stickers,sim racing decal,gift for dad,fathers day gift,toolbox organization,toolbox decal label,us general labels,harbor freight label,garage organization,mechanic labels,toolbox label",car decal,track day decal,racing stickers,sim racing decal,gift for dad,fathers day gift,toolbox organization,toolbox decal label,us general labels,harbor freight label,garage organization,mechanic labels,toolbox label
"Knower of Stuff Fixer of Things PNG, Mechanic Gift for Dad, Funny Handyman Quote, Tool Sublimation, Shirt Mug Sticker",https://www.etsy.com/listing/4433076157/knower-of-stuff-fixer-of-things-png,Tee6ix,https://www.etsy.com/shop/Tee6ix,2.58,0,0,0,0,0,5 Mo.,0,0,15,Art & Collectibles,8,0,0.0,394,"handyman dad,funny dad,fathers day,dad gift,tool png,sublimation file,mug png,comfort colors shirt,funny handyman tee,handyman dad shirt,husband gift tee,mechanic gift tee,gift for dad",handyman dad,funny dad,fathers day,dad gift,tool png,sublimation file,mug png,comfort colors shirt,funny handyman tee,handyman dad shirt,husband gift tee,mechanic gift tee,gift for dad
Vintage Chang Jiang CJ750 Motorcycle Sticker | Sidecar Retro Bike Kiss-Cut,https://www.etsy.com/listing/4477732407/vintage-chang-jiang-cj750-motorcycle,MonkeyWrenchPhotos,https://www.etsy.com/shop/MonkeyWrenchPhotos,3.75,0,0,0,0,0,2 Mo.,0,0,1,Paper & Party Supplies,38,0,0.0,27,"kiss cut,vintage bike,motorcycle art,sidecar decal,retro sticker,classic moto,biker gift,laptop sticker,mechanic decor,vehicle nostalgia,motorbike love,gifts for him,mens decor",kiss cut,vintage bike,motorcycle art,sidecar decal,retro sticker,classic moto,biker gift,laptop sticker,mechanic decor,vehicle nostalgia,motorbike love,gifts for him,mens decor
Funny Data Engineer Sticker - Funny Engineering Sticker & Gift for Engineers,https://www.etsy.com/listing/4352778250/funny-data-engineer-sticker-funny,MinnieMadeDesigns,https://www.etsy.com/shop/MinnieMadeDesigns,3.00,0,0,0,10,2,9 Mo.,137,0,501,Paper & Party Supplies,13,25,2.0,669,"laptop sticker,funny gift,funny sticker,engineering sticker,engineer sticker,engineer gift,women in stem,mechanical engineer,gifts for engineers,engineering memes,engineering jokes,civil engineering,electrical engineer",laptop sticker,funny gift,funny sticker,engineering sticker,engineer sticker,engineer gift,women in stem,mechanical engineer,gifts for engineers,engineering memes,engineering jokes,civil engineering,electrical engineer
"Custom Vinyl Mechanic Skull Spark Plug Decal, Skull Bumper Sticker, for Tumblers, Laptops, Car Windows, Gear Head Sticker, Tradesmen Gift",https://www.etsy.com/listing/703684972/custom-vinyl-mechanic-skull-spark-plug,FlaDecals,https://www.etsy.com/shop/FlaDecals,9.99,0,0,0,5,1,80 Mo.,7,0,232,Paper & Party Supplies,116,0,2.16,8773,"custom decal,custom sticker,bumper sticker,window decal,window sticker,car decal,tumbler decal,handmade sticker,vinyl decal,skull sticker,skull decal,gear head,mechanic decal",custom decal,custom sticker,bumper sticker,window decal,window sticker,car decal,tumbler decal,handmade sticker,vinyl decal,skull sticker,skull decal,gear head,mechanic decal
"Funny &quot;Not sponsored by mom, dad&quot; race car drag racing svg/racing png printable sublimation/ bumper sticker/unique gift/trendy drag racing",https://www.etsy.com/listing/1546813767/funny-not-sponsored-by-mom-dad-race-car,VenzAvenue,https://www.etsy.com/shop/VenzAvenue,1.90,0,0,0,0,0,33 Mo.,2,0,12,Craft Supplies & Tools,76,0,0.0,7,"drag racing svg png,gift for car lovers,race car printable,race day sweatshirt,mechanic unique gift,car sticker images,race car sublimation,dragrace vinyl decal,car window decal svg,trendy drag racing,trendy race car png,funny car show svg,funny bumper sticker",drag racing svg png,gift for car lovers,race car printable,race day sweatshirt,mechanic unique gift,car sticker images,race car sublimation,dragrace vinyl decal,car window decal svg,trendy drag racing,trendy race car png,funny car show svg,funny bumper sticker
Certified Youtube Mechanic Indoor Use Vinyl Sticker,https://www.etsy.com/listing/4405726036/certified-youtube-mechanic-indoor-use,ZestyPineappleShop,https://www.etsy.com/shop/ZestyPineappleShop,3.27,0,0,0,0,0,6 Mo.,1,0,21,Electronics & Accessories,25,0,0.0,49,"gifts for him,gifts under 5,dirty hands,blue collar,mechanic,driveway mechanic,reckless,funny sayings,funny sayings men,one liner shirt,one liner sticker,laptop sticker,water bottle sticker",gifts for him,gifts under 5,dirty hands,blue collar,mechanic,driveway mechanic,reckless,funny sayings,funny sayings men,one liner shirt,one liner sticker,laptop sticker,water bottle sticker
"Shift Happens Sticker: Gearbox Decal for Laptop, Tumbler, Toolbox",https://www.etsy.com/listing/4348779375/shift-happens-sticker-gearbox-decal-for,StanceCompany,https://www.etsy.com/shop/StanceCompany,3.00,0,0,0,0,0,3 Mo.,0,0,10,Paper & Party Supplies,23,0,0.0,1342,"car sticker,car stickers,die cut stickers,water resistant,car lover gift,mens gift,gift for guys,car accessories,cricut stickers,vinyl sticker,mechanic gift,modified car sticker",car sticker,car stickers,die cut stickers,water resistant,car lover gift,mens gift,gift for guys,car accessories,cricut stickers,vinyl sticker,mechanic gift,modified car sticker,--
"Funny &quot;Hitting Curbs&quot; Car Sticker: Water Resistant Laptop, Tumbler Decal",https://www.etsy.com/listing/4348786971/funny-hitting-curbs-car-sticker-water,StanceCompany,https://www.etsy.com/shop/StanceCompany,3.00,0,0,0,0,0,3 Mo.,1,0,3,Paper & Party Supplies,23,0,0.0,1342,"car sticker,car stickers,die cut stickers,water resistant,car lover gift,mens gift,gift for guys,car accessories,cricut stickers,vinyl sticker,mechanic gift,car spoiler sticker,modified car sticker",car sticker,car stickers,die cut stickers,water resistant,car lover gift,mens gift,gift for guys,car accessories,cricut stickers,vinyl sticker,mechanic gift,car spoiler sticker,modified car sticker
"Muscle Car Sticker, Mustang Racing Vinyl Decal, Automotive Art  , Glossy Finish, Classic Automobile,",https://www.etsy.com/listing/4435218327/kiss-cut-stickers,SurfaceSociety,https://www.etsy.com/shop/SurfaceSociety,4.15,0,0,0,0,0,3 Mo.,0,0,0,Paper & Party Supplies,4,0,0.0,3,"muscle car,mustang sticker,racing sticker,automotive art,presents for men,computer sticker,classic automobile,car guy gift,kiss cut sticker,ford mustang,mechanic sticker,car enthusiast,cartoon sticker",muscle car,mustang sticker,racing sticker,automotive art,presents for men,computer sticker,classic automobile,car guy gift,kiss cut sticker,ford mustang,mechanic sticker,car enthusiast,cartoon sticker
A Wise Woman Once Said Fuck This Shit Sticker - BOGO - 2 For The Price of 1!,https://www.etsy.com/listing/1505790262/a-wise-woman-once-said-fuck-this-shit,SaintMarlo,https://www.etsy.com/shop/SaintMarlo,3.99,0,0,0,0,0,24 Mo.,2,0,14,Electronics & Accessories,31,0,0.0,3545,"funny sticker,hydroflask sticker,computer sticker,yeti sticker,laptop sticker,laptop decal,my wife says,husband sticker,gift for husband,dad sticker,mechanic sticker,tool box sticker,helmet sticker",funny sticker,hydroflask sticker,computer sticker,yeti sticker,laptop sticker,laptop decal,my wife says,husband sticker,gift for husband,dad sticker,mechanic sticker,tool box sticker,helmet sticker
"Need Money for Porsche sticker - Funny Car Decal for Laptop, Water Bottle, Bumper - Motivational Vinyl Cut - Out for Car Lovers",https://www.etsy.com/listing/4303502187/need-money-for-porsche-sticker-funny-car,HustlePlayBook,https://www.etsy.com/shop/HustlePlayBook,8.72,0,0,0,0,0,4 Mo.,2,0,41,Paper & Party Supplies,9,0,0.0,1,"car lover sticker,funny car art,auto enthusiast gift,porsche sticker,vehicle passion art,gift for car guys,quirky car sticker,car culture gift,sportscar lover,automotive decals,gift for mechanics,vinyl cut-out,dream big sticker",car lover sticker,funny car art,auto enthusiast gift,porsche sticker,vehicle passion art,gift for car guys,quirky car sticker,car culture gift,sportscar lover,automotive decals,gift for mechanics,vinyl cut-out,dream big sticker
"Steampunk Corgi Kiss-Cut Stickers, Cute Puppy with Goggles and Gears, White Background, Whimsical Illustration",https://www.etsy.com/listing/4299532891/steampunk-corgi-kiss-cut-stickers-cute,PhilosophyDesignsSS,https://www.etsy.com/shop/PhilosophyDesignsSS,3.62,0,0,0,0,0,2 Mo.,0,0,0,Paper & Party Supplies,17,0,0.0,4,"cute corgi,steampunk puppy,kiss cut stickers,mechanical dog,whimsical design,animal lover gift,unique stickers,gift for her,small business,decorative decals,vintage style,puppy artwork",cute corgi,steampunk puppy,kiss cut stickers,mechanical dog,whimsical design,animal lover gift,unique stickers,gift for her,small business,decorative decals,vintage style,puppy artwork,--
"Funny Diesel Mechanic Definition Mug Sticker for Laptop, Diesel Mechanic Definition Mug Gift for Animal Lover, Cartoon Diesel Mechanic De...",https://www.etsy.com/listing/4468276691/funny-diesel-mechanic-definition-mug,LowkeyPress,https://www.etsy.com/shop/LowkeyPress,12.99,0,0,0,0,0,2 Mo.,0,0,4,Home & Living,3,0,0.0,73,"funny sticker,humor gift,cartoon sticker,funny animal sticker,cute gift,laptop sticker,water bottle sticker,vinyl sticker,sticker gift idea,die cut sticker",funny sticker,humor gift,cartoon sticker,funny animal sticker,cute gift,laptop sticker,water bottle sticker,vinyl sticker,sticker gift idea,die cut sticker,--,--,--
"6 Oil & Gas Can Label Stickers, Gift Set, Colorful Car Enthusiast Decals for Party Decor, Car Journals, Tool Boxes, Garages and More, S24",https://www.etsy.com/listing/645994946/6-oil-gas-can-label-stickers-gift-set,RarePaperDetective,https://www.etsy.com/shop/RarePaperDetective,12.95,0,0,0,5,1,90 Mo.,25,0,670,Craft Supplies & Tools,195,0,0.75,20936,"oil can labels,gas can labels,motor oil can,oil stickers,car stickers,holiday gift set,gift for men,car party sticker,car journal sticker,garage sticker,tool box sticker,mechanic's sticker,automotive decor",oil can labels,gas can labels,motor oil can,oil stickers,car stickers,holiday gift set,gift for men,car party sticker,car journal sticker,garage sticker,tool box sticker,mechanic's sticker,automotive decor
"Crossed Pistons and Wrenches Vinyl Decal - For Cars, Laptops, Sticker, Mirrors, etc. | Engine | Mechanic | Auto | Car | Tools",https://www.etsy.com/listing/4508497690/crossed-pistons-and-wrenches-vinyl-decal,TerrcorpCreations,https://www.etsy.com/shop/TerrcorpCreations,6.00,0,0,0,0,0,1 Mo.,0,0,0,Electronics & Accessories,124,0,0.0,3647,"skull and crossbones,vinyl decal,auto sticker,laptop decal,mechanic gift,auto mechanic,car window decal,wrenches crossed,crossed pistons,race pistons,engine parts,mechanics decals,gifts for him",skull and crossbones,vinyl decal,auto sticker,laptop decal,mechanic gift,auto mechanic,car window decal,wrenches crossed,crossed pistons,race pistons,engine parts,mechanics decals,gifts for him
"Laughs to Keep From Crying Sticker, Funny Floral Vinyl Decal",https://www.etsy.com/listing/1498594756/laughs-to-keep-from-crying-sticker-funny,SiyoBoutique,https://www.etsy.com/shop/SiyoBoutique,4.00,0,0,0,0,0,35 Mo.,11,0,44,Paper & Party Supplies,112,0,0.0,5926,"funny vinyl sticker,water bottle sticker,millennial sticker,y2k nostalgia vinyl,y2k millennial vinyl,y2k nostalgia,gemini sign,gemini sign gift,gift for gemini,gemini sticker,coping mechanism,comedian sticker,comedy sticker",funny vinyl sticker,water bottle sticker,millennial sticker,y2k nostalgia vinyl,y2k millennial vinyl,y2k nostalgia,gemini sign,gemini sign gift,gift for gemini,gemini sticker,coping mechanism,comedian sticker,comedy sticker
"LS3 6.2L V8 Engine Sticker - Chevy Corvette C6 & Camaro SS Decal - LS Swap Mechanic Gift - Waterproof Vinyl for Laptop, Toolbox",https://www.etsy.com/listing/4436923857/ls3-62l-v8-engine-sticker-chevy-corvette,EliteStickerPros,https://www.etsy.com/shop/EliteStickerPros,8.99,0,0,0,0,0,4 Mo.,3,0,35,Paper & Party Supplies,9,0,0.0,15,"corvette z06,ls3 engine,camaro ss,ls swap,chevy v8,mechanic gift,project car,drift car,engine art,laptop sticker,toolbox decal,gm performance,ls3 sticker",corvette z06,ls3 engine,camaro ss,ls swap,chevy v8,mechanic gift,project car,drift car,engine art,laptop sticker,toolbox decal,gm performance,ls3 sticker
50 pcs &quot;Diesel Mechanic&quot; Sticker Pack | Truck Car Decals | Garage Decor | Diesel Power | Toolbox Stickers | Handyman Gift | Mechanic Gifts,https://www.etsy.com/listing/1287284070/50-pcs-diesel-mechanic-sticker-pack,ToySushi,https://www.etsy.com/shop/ToySushi,10.90,0,0,0,69,11,44 Mo.,187,0,5888,Electronics & Accessories,56,42,1.17,7117,"diesel mechanic,truck decals,cummins,garage decor,handyman gifts,mechanic gifts,toolbox stickers,custom decals,window stickers,mechanic mug,locomotive,fathers day,gift for him",diesel mechanic,truck decals,cummins,garage decor,handyman gifts,mechanic gifts,toolbox stickers,custom decals,window stickers,mechanic mug,locomotive,fathers day,gift for him
2JZ-Gte Engine | Cartoon Car Engine Print | Mechanic Logo | Fun and Colorful Wall Art | Svg Png Aı Dxf Eps,https://www.etsy.com/listing/1652501667/2jz-gte-engine-o-cartoon-car-engine,LilithDesignCrafts,https://www.etsy.com/shop/LilithDesignCrafts,3.25,0,0,0,0,0,28 Mo.,3,0,97,Art & Collectibles,37,0,0.0,451,"mechanic shirt,mechanic svg,car mechanic svg,2jz,rb26,wankel,repair logo,svg files for cricut,heat transfer file,tshirt stickers,gift for car lover,car svg,car engine print",mechanic shirt,mechanic svg,car mechanic svg,2jz,rb26,wankel,repair logo,svg files for cricut,heat transfer file,tshirt stickers,gift for car lover,car svg,car engine print
Engineer Holographic Script Sticker // 2.7&quot; x 1.3&quot; // Science Sticker // Science Laptop Decal,https://www.etsy.com/listing/1710950518/engineer-holographic-script-sticker-27-x,scisketches,https://www.etsy.com/shop/scisketches,3.59,0,0,0,0,0,24 Mo.,32,0,119,Electronics & Accessories,95,0,0.0,242,"lgbtq science,women in stem,science stickers,gift for scientist,laboratory,lab notebook,engineer gift,women in engineering,chemical engineer,mechanical engineer,electrical engineer,comptuer engineer,gifts for nerds",lgbtq science,women in stem,science stickers,gift for scientist,laboratory,lab notebook,engineer gift,women in engineering,chemical engineer,mechanical engineer,electrical engineer,comptuer engineer,gifts for nerds
"Biker Skull Motorcycle SVG: Cricut Decal File (PDF, Dxf)",https://www.etsy.com/listing/1269174145/biker-skull-motorcycle-svg-cricut-decal,SeynDigital,https://www.etsy.com/shop/SeynDigital,6.00,0,0,0,39,4,46 Mo.,35,0,363,Home & Living,46,0,10.74,2402,"motorcycle,skull rider,custom,classic,race,motorcycle vector,motorcycle gifts,motorcycle dxf svg,mechanic,skull sticker,3d printed skull,skull home decor,files for cricut",motorcycle,skull rider,custom,classic,race,motorcycle vector,motorcycle gifts,motorcycle dxf svg,mechanic,skull sticker,3d printed skull,skull home decor,files for cricut
World&#39;s Sexiest Engineer Sticker - Funny Vinyl Decal,https://www.etsy.com/listing/1689356759/worlds-sexiest-engineer-sticker-funny,StarLittDesigns,https://www.etsy.com/shop/StarLittDesigns,4.99,0,0,0,1,1,26 Mo.,3,0,63,Paper & Party Supplies,27,0,1.59,136,"engineer sticker,funny decal,engineering humor,vinyl sticker,engineer gift,engineering student,sexy engineer,laptop decal,engineer joke,gift for engineers,engineering grad,engineering office,mechanical computer",engineer sticker,funny decal,engineering humor,vinyl sticker,engineer gift,engineering student,sexy engineer,laptop decal,engineer joke,gift for engineers,engineering grad,engineering office,mechanical computer
Dont Touch My Nuts SVG Funny Squirrel PNG for Adult Humor Quote Sarcastic Gag Gift Man Cave Sign Cricut File Laser Art Glowforge Design,https://www.etsy.com/listing/4387257798/dont-touch-my-nuts-svg-funny-squirrel,SunbeamPressStore,https://www.etsy.com/shop/SunbeamPressStore,4.50,0,0,0,0,0,7 Mo.,12,0,60,Craft Supplies & Tools,10,0,0.0,2721,"funny squirrel png,adult humor quote,sarcastic gag gift,inappropriate joke,gift for mechanic,blue collar humor,toolbox sticker file,funny work shirt svg,laser engraved gift,glowforge xtool art,sublimation design,dont touch nuts svg,man cave garage",funny squirrel png,adult humor quote,sarcastic gag gift,inappropriate joke,gift for mechanic,blue collar humor,toolbox sticker file,funny work shirt svg,laser engraved gift,glowforge xtool art,sublimation design,dont touch nuts svg,man cave garage
"12 Pcs Sticker for Aircraft Mechanics Plane Doctor Aviation Maintenance Tech Gift, Funny Jet Airplane A&P Toolbox Laptop Decal",https://www.etsy.com/listing/4493355082/12-pcs-sticker-for-aircraft-mechanics,Ramenwashabi,https://www.etsy.com/shop/Ramenwashabi,3.76,0,0,0,0,0,1 Mo.,0,0,31,Paper & Party Supplies,11,0,0.0,2285,"plane doctor decal,aircraft mechanic,aviation maintenance,jet repair tech,hangar toolbox art,flightline sticker,ramp rat humor,ap license pride,runway crew life,avionics engineer,airport worker gift,pilot toolkit flair,aviator partner",plane doctor decal,aircraft mechanic,aviation maintenance,jet repair tech,hangar toolbox art,flightline sticker,ramp rat humor,ap license pride,runway crew life,avionics engineer,airport worker gift,pilot toolkit flair,aviator partner
"Decal, Dirty Hands Make Clean Money, Vinyl PAIR (2.75x6.5&quot;)",https://www.etsy.com/listing/4385143254/decal-dirty-hands-make-clean-money-vinyl,FabfreakShop,https://www.etsy.com/shop/FabfreakShop,10.00,0,0,0,0,0,7 Mo.,0,0,4,Electronics & Accessories,95,0,0.0,335,"gift for her,gift for him,car vinyl,car sticker,car decal,car accessory,drag racing decal,mechanic sticker,shop decal,racecar decal,racer sticker,toolbox decal,tumbler decal",gift for her,gift for him,car vinyl,car sticker,car decal,car accessory,drag racing decal,mechanic sticker,shop decal,racecar decal,racer sticker,toolbox decal,tumbler decal
X50 Tig Welding Sticker / Decal set - Stickerbombing Helmet / tig welder gift / vinyl / die cut / slap,https://www.etsy.com/listing/1155731428/x50-tig-welding-sticker-decal-set,JustAmazingCute,https://www.etsy.com/shop/JustAmazingCute,14.58,0,0,0,0,0,52 Mo.,54,0,5598,Paper & Party Supplies,71,39,0.0,8879,"welding helmet,window decal,car decal,mans gift welder,engineer gift,artificer gift,welder sticker,tungsten inert gas,mechanic gifts,gift for mechanic,tig weld,tig welder gift,tig welding",welding helmet,window decal,car decal,mans gift welder,engineer gift,artificer gift,welder sticker,tungsten inert gas,mechanic gifts,gift for mechanic,tig weld,tig welder gift,tig welding
"Parallel Parking Is For Cowards Sticker, Funny Mechanic Sticker, Husband Anniversary Gift, Rear Window Decal, Welding Hood Sticker,",https://www.etsy.com/listing/4505328845/parallel-parking-is-for-cowards-sticker,CheckOutMyEngine,https://www.etsy.com/shop/CheckOutMyEngine,7.99,0,0,0,0,0,1 Mo.,0,0,0,Paper & Party Supplies,84,0,0.0,8495,"car sticker,vinyl decal,auto accessory,jdm style,mechanic gift,toolbox decor,custom sticker",car sticker,vinyl decal,auto accessory,jdm style,mechanic gift,toolbox decor,custom sticker,--,--,--,--,--,--
Tire Service Repair Vinyl Wall Decal: Car Shop Garage Decor 7502dg,https://www.etsy.com/listing/1808739897/tire-service-repair-vinyl-wall-decal-car,BoldArtsy,https://www.etsy.com/shop/BoldArtsy,35.00,0,0,0,0,0,19 Mo.,1,0,58,Home & Living,130,0,0.0,9241,"tire service decal,tire service sticker,tire service decor,tire service mural,tire fitting decal,tire fitting decor,tire fitting sticker,tire fitting mural,window decal,peel and stick,garage decor,fix car,gift for mechanic",tire service decal,tire service sticker,tire service decor,tire service mural,tire fitting decal,tire fitting decor,tire fitting sticker,tire fitting mural,window decal,peel and stick,garage decor,fix car,gift for mechanic
"Welding Monkey &#39;Sizzle&#39; Magnet | Die-Cut Magnet, Industrial Cartoon",https://www.etsy.com/listing/4479432020/welding-monkey-sizzle-magnet-die-cut,KaosCreationsDesign,https://www.etsy.com/shop/KaosCreationsDesign,9.99,0,0,0,0,0,2 Mo.,0,0,3,Home & Living,8,0,0.0,1,"die cut,magnet sticker,funny magnet,monkey welding,industrial art,toolshop decor,fridge magnet,sizzle sticker,gift for maker,steelworker gift,mechanic gift,workshop decor,geeky magnet",die cut,magnet sticker,funny magnet,monkey welding,industrial art,toolshop decor,fridge magnet,sizzle sticker,gift for maker,steelworker gift,mechanic gift,workshop decor,geeky magnet
"51 Sportcars PNG Bundle, Gift for Mechanic, Custom Invitaions, Car Logo Deisgn, Supercar Graphics",https://www.etsy.com/listing/4512932772/51-sportcars-png-bundle-gift-for,StudioDaniDigital,https://www.etsy.com/shop/StudioDaniDigital,8.82,0,0,0,0,0,1 Mo.,0,0,5,Craft Supplies & Tools,72,0,0.0,10,"car png,transparent png,car stickers,car graphics,automotive art,car decals design,car illustration,luxury cars,gift for mechanic,auto mechanic gift,car logo design,custom invitations,sportcars png",car png,transparent png,car stickers,car graphics,automotive art,car decals design,car illustration,luxury cars,gift for mechanic,auto mechanic gift,car logo design,custom invitations,sportcars png
Hand Drawn 1965 Mustang Vinyl Sticker | Classic Car Decal,https://www.etsy.com/listing/4377320854/hand-drawn-1965-mustang-vinyl-sticker,LenaDrawsArt,https://www.etsy.com/shop/LenaDrawsArt,3.50,0,0,0,0,0,9 Mo.,7,0,45,Paper & Party Supplies,12,0,0.0,973,"car sticker,driving sticker,gift for grandpa,retro sticker,kindle sticker,mustang,classic car,antique car,vintage car,route 66,fathers day,mechanic,vintage mustang",car sticker,driving sticker,gift for grandpa,retro sticker,kindle sticker,mustang,classic car,antique car,vintage car,route 66,fathers day,mechanic,vintage mustang
